{"events":[{"eventname":"TYPE_VIEW_SCROLLED","source":{"Bounds":{"bottom":1184,"left":0,"right":720,"top":48},"Classname":"android.support.v7.widget.RecyclerView","Packagename":"com.tmall.wireless","Text":""}}],"height":1920,"hovertime":3013,"nodes":[{"Bounds":{"bottom":39,"left":312,"right":408,"top":48},"Classname":"android.widget.TextView","Packagename":"com.tmall.wireless","Text":"下拉刷新"},{"Bounds":{"bottom":261,"left":46,"right":105,"top":234},"Classname":"android.widget.TextView","Packagename":"com.tmall.wireless","Text":"库·曼"},{"Bounds":{"bottom":359,"left":40,"right":330,"top":280},"Classname":"android.widget.TextView","Packagename":"com.tmall.wireless","Text":"魔音男女生入耳式电脑手机金属耳塞"},{"Bounds":{"bottom":417,"left":40,"right":201,"top":376},"Classname":"android.widget.TextView","Packagename":"com.tmall.wireless","Text":"¥29"},{"Bounds":{"bottom":477,"left":201,"right":349,"top":398},"Classname":"android.widget.ImageView","Packagename":"com.tmall.wireless","Text":""},{"Bounds":{"bottom":261,"left":442,"right":545,"top":234},"Classname":"android.widget.TextView","Packagename":"com.tmall.wireless","Text":"Braun/博朗"},{"Bounds":{"bottom":359,"left":390,"right":680,"top":280},"Classname":"android.widget.TextView","Packagename":"com.tmall.wireless","Text":"23d123689000电动配件美白牙线牙刷"},{"Bounds":{"bottom":417,"left":390,"right":551,"top":376},"Classname":"android.widget.TextView","Packagename":"com.tmall.wireless","Text":"¥86.42"},{"Bounds":{"bottom":477,"left":551,"right":699,"top":398},"Classname":"android.widget.ImageView","Packagename":"com.tmall.wireless","Text":""},{"Bounds":{"bottom":833,"left":46,"right":106,"top":806},"Classname":"android.widget.TextView","Packagename":"com.tmall.wireless","Text":"达尔优"},{"Bounds":{"bottom":931,"left":40,"right":330,"top":852},"Classname":"android.widget.TextView","Packagename":"com.tmall.wireless","Text":"达尔优v350头戴式电竞话筒lol耳麦"},{"Bounds":{"bottom":989,"left":40,"right":201,"top":948},"Classname":"android.widget.TextView","Packagename":"com.tmall.wireless","Text":"¥89"},{"Bounds":{"bottom":1049,"left":201,"right":349,"top":970},"Classname":"android.widget.ImageView","Packagename":"com.tmall.wireless","Text":""},{"Bounds":{"bottom":833,"left":396,"right":508,"top":806},"Classname":"android.widget.TextView","Packagename":"com.tmall.wireless","Text":"Remax/睿量"},{"Bounds":{"bottom":931,"left":390,"right":680,"top":852},"Classname":"android.widget.TextView","Packagename":"com.tmall.wireless","Text":"remax\u001d/睿量苹果t7无线耳塞式耳机"},{"Bounds":{"bottom":989,"left":390,"right":551,"top":948},"Classname":"android.widget.TextView","Packagename":"com.tmall.wireless","Text":"¥69"},{"Bounds":{"bottom":1049,"left":551,"right":699,"top":970},"Classname":"android.widget.ImageView","Packagename":"com.tmall.wireless","Text":""},{"Bounds":{"bottom":1184,"left":46,"right":155,"top":1378},"Classname":"android.widget.TextView","Packagename":"com.tmall.wireless","Text":"AUX/奥克斯"},{"Bounds":{"bottom":1184,"left":40,"right":330,"top":1424},"Classname":"android.widget.TextView","Packagename":"com.tmall.wireless","Text":"奥克斯多功能迷你分体宿舍锅电煮锅"},{"Bounds":{"bottom":1184,"left":40,"right":201,"top":1520},"Classname":"android.widget.TextView","Packagename":"com.tmall.wireless","Text":"¥79"},{"Bounds":{"bottom":1184,"left":201,"right":349,"top":1542},"Classname":"android.widget.ImageView","Packagename":"com.tmall.wireless","Text":""},{"Bounds":{"bottom":1184,"left":396,"right":436,"top":1378},"Classname":"android.widget.TextView","Packagename":"com.tmall.wireless","Text":"闽宝"},{"Bounds":{"bottom":1184,"left":390,"right":680,"top":1424},"Classname":"android.widget.TextView","Packagename":"com.tmall.wireless","Text":"闽宝位笔敲胆经通淋巴拔筋棒按摩棒"},{"Bounds":{"bottom":1184,"left":390,"right":551,"top":1520},"Classname":"android.widget.TextView","Packagename":"com.tmall.wireless","Text":"¥39"},{"Bounds":{"bottom":1184,"left":551,"right":699,"top":1542},"Classname":"android.widget.ImageView","Packagename":"com.tmall.wireless","Text":""},{"Bounds":{"bottom":44,"left":20,"right":700,"top":48},"Classname":"android.widget.ImageView","Packagename":"com.tmall.wireless","Text":""},{"Bounds":{"bottom":120,"left":20,"right":62,"top":78},"Classname":"android.widget.TextView","Packagename":"com.tmall.wireless","Text":""},{"Bounds":{"bottom":138,"left":84,"right":636,"top":68},"Classname":"android.widget.TextView","Packagename":"com.tmall.wireless","Text":""},{"Bounds":{"bottom":119,"left":104,"right":136,"top":87},"Classname":"android.widget.TextView","Packagename":"com.tmall.wireless","Text":""},{"Bounds":{"bottom":122,"left":146,"right":314,"top":84},"Classname":"android.widget.TextView","Packagename":"com.tmall.wireless","Text":"宝宝出行必备"},{"Bounds":{"bottom":119,"left":584,"right":616,"top":87},"Classname":"android.widget.TextView","Packagename":"com.tmall.wireless","Text":""},{"Bounds":{"bottom":120,"left":658,"right":700,"top":78},"Classname":"android.widget.TextView","Packagename":"com.tmall.wireless","Text":""},{"Bounds":{"bottom":1174,"left":602,"right":694,"top":1082},"Classname":"android.widget.ImageView","Packagename":"com.tmall.wireless","Text":""},{"Bounds":{"bottom":1280,"left":0,"right":144,"top":1184},"Classname":"android.view.View","Packagename":"com.tmall.wireless","Text":""},{"Bounds":{"bottom":1243,"left":45,"right":99,"top":1189},"Classname":"android.widget.TextView","Packagename":"com.tmall.wireless","Text":""},{"Bounds":{"bottom":1270,"left":52,"right":92,"top":1243},"Classname":"android.widget.TextView","Packagename":"com.tmall.wireless","Text":"精选"},{"Bounds":{"bottom":1280,"left":144,"right":288,"top":1184},"Classname":"android.view.View","Packagename":"com.tmall.wireless","Text":""},{"Bounds":{"bottom":1243,"left":189,"right":243,"top":1189},"Classname":"android.widget.TextView","Packagename":"com.tmall.wireless","Text":""},{"Bounds":{"bottom":1270,"left":196,"right":236,"top":1243},"Classname":"android.widget.TextView","Packagename":"com.tmall.wireless","Text":"品牌"},{"Bounds":{"bottom":1280,"left":288,"right":432,"top":1184},"Classname":"android.view.View","Packagename":"com.tmall.wireless","Text":""},{"Bounds":{"bottom":1243,"left":333,"right":387,"top":1189},"Classname":"android.widget.TextView","Packagename":"com.tmall.wireless","Text":""},{"Bounds":{"bottom":1270,"left":340,"right":380,"top":1243},"Classname":"android.widget.TextView","Packagename":"com.tmall.wireless","Text":"会员"},{"Bounds":{"bottom":1280,"left":432,"right":576,"top":1184},"Classname":"android.view.View","Packagename":"com.tmall.wireless","Text":""},{"Bounds":{"bottom":1243,"left":477,"right":531,"top":1189},"Classname":"android.widget.TextView","Packagename":"com.tmall.wireless","Text":""},{"Bounds":{"bottom":1270,"left":474,"right":534,"top":1243},"Classname":"android.widget.TextView","Packagename":"com.tmall.wireless","Text":"购物车"},{"Bounds":{"bottom":1280,"left":576,"right":720,"top":1184},"Classname":"android.view.View","Packagename":"com.tmall.wireless","Text":""},{"Bounds":{"bottom":1243,"left":621,"right":675,"top":1189},"Classname":"android.widget.TextView","Packagename":"com.tmall.wireless","Text":""},{"Bounds":{"bottom":1270,"left":638,"right":658,"top":1243},"Classname":"android.widget.TextView","Packagename":"com.tmall.wireless","Text":"我"}],"packagename":"com.example.a10628.myapplication","width":1080}