{"events":[{"eventname":"TYPE_VIEW_SCROLLED","source":{"Bounds":{"bottom":1280,"left":0,"right":720,"top":160},"Classname":"android.webkit.WebView","Packagename":"com.zhihu.android","Text":""}}],"height":1920,"hovertime":6527,"nodes":[{"Bounds":{"bottom":160,"left":0,"right":112,"top":48},"Classname":"android.widget.ImageButton","Packagename":"com.zhihu.android","Text":""},{"Bounds":{"bottom":131,"left":128,"right":536,"top":77},"Classname":"android.widget.TextView","Packagename":"com.zhihu.android","Text":"欧文对凯尔特人的重要作用体现在哪？"},{"Bounds":{"bottom":152,"left":544,"right":640,"top":56},"Classname":"android.widget.TextView","Packagename":"com.zhihu.android","Text":""},{"Bounds":{"bottom":152,"left":640,"right":720,"top":56},"Classname":"android.widget.ImageView","Packagename":"com.zhihu.android","Text":""},{"Bounds":{"bottom":162,"left":-687,"right":-27,"top":160},"Classname":"android.view.View","Packagename":"com.zhihu.android","Text":""},{"Bounds":{"bottom":162,"left":-687,"right":-27,"top":160},"Classname":"android.view.View","Packagename":"com.zhihu.android","Text":"好了，好了，我来认错了。"},{"Bounds":{"bottom":162,"left":-687,"right":-27,"top":160},"Classname":"android.view.View","Packagename":"com.zhihu.android","Text":"我真的有认真查数据嘛，只是一不小心没排好，又懒得改。"},{"Bounds":{"bottom":162,"left":-687,"right":-27,"top":160},"Classname":"android.view.View","Packagename":"com.zhihu.android","Text":"我知道肖恩·拉金是后卫。"},{"Bounds":{"bottom":162,"left":-687,"right":-27,"top":160},"Classname":"android.view.View","Packagename":"com.zhihu.android","Text":"我当时只是想要强调波士顿凯尔特人的锋线球员很多，我把阿隆贝恩斯和门罗都归类到4号位了，所以说了都大量的201-208的锋线。"},{"Bounds":{"bottom":162,"left":-687,"right":-27,"top":160},"Classname":"android.view.View","Packagename":"com.zhihu.android","Text":"其实的确没错啊，波士顿凯尔特人有大量的出色的锋线球员，其实大家只要理解到我的意思就好了啊。当然我狠感谢大家能心平气和的指出我的错误。"},{"Bounds":{"bottom":162,"left":-597,"right":-117,"top":160},"Classname":"android.view.View","Packagename":"com.zhihu.android","Text":""},{"Bounds":{"bottom":162,"left":-687,"right":-27,"top":160},"Classname":"android.view.View","Packagename":"com.zhihu.android","Text":"不请自来呀，写写自己的个人想法吧。"},{"Bounds":{"bottom":162,"left":-687,"right":-27,"top":160},"Classname":"android.view.View","Packagename":"com.zhihu.android","Text":"首先，先看看波士顿凯尔特人这支球队现如今的配置（主要轮换）好了。"},{"Bounds":{"bottom":162,"left":-687,"right":-27,"top":160},"Classname":"android.view.View","Packagename":"com.zhihu.android","Text":"后卫线："},{"Bounds":{"bottom":162,"left":-687,"right":-27,"top":160},"Classname":"android.view.View","Packagename":"com.zhihu.android","Text":"凯里·欧文、马库斯·斯玛特、特里·罗齐尔"},{"Bounds":{"bottom":214,"left":-687,"right":-27,"top":160},"Classname":"android.view.View","Packagename":"com.zhihu.android","Text":"锋线："},{"Bounds":{"bottom":342,"left":-687,"right":-27,"top":234},"Classname":"android.view.View","Packagename":"com.zhihu.android","Text":"杰伦·布朗、杰森·塔图姆、马库斯·莫里斯、阿隆·贝恩斯、戈登·海沃德（受伤）"},{"Bounds":{"bottom":416,"left":-687,"right":-27,"top":362},"Classname":"android.view.View","Packagename":"com.zhihu.android","Text":"内线："},{"Bounds":{"bottom":490,"left":-687,"right":-27,"top":436},"Classname":"android.view.View","Packagename":"com.zhihu.android","Text":"艾尔·霍福德"},{"Bounds":{"bottom":834,"left":-687,"right":-27,"top":510},"Classname":"android.view.View","Packagename":"com.zhihu.android","Text":"除去受伤了的戈登·海沃德，剩余的8名球员占据了绝大多数的时间，而诸如丹尼尔·泰斯，格雷格·门罗，肖恩·拉金，阿卜杜尔·纳迪尔都是可以作为常规替补轮换的球员。这些球员基本都很相似，是身高201cm-208cm之间的锋线球员，攻防两端均衡，没有明显的优缺点。"},{"Bounds":{"bottom":1280,"left":-687,"right":-27,"top":854},"Classname":"android.view.View","Packagename":"com.zhihu.android","Text":"而波士顿凯尔特人的后卫线上，特里·罗齐尔，刚刚打出来的效率不错的年轻球员，而马库斯·斯玛特一直是神奇的后卫球员，他防守优秀，进攻很差，但效率值很高，你无法判断他究竟如何单单利用防守将自己的球场正负值提高到了一个极高的程度，这里是一个很有趣的点。你要知道他甚至不是神经刀，10场比赛中他大概有8场估计会以3成的命中率投进2-5个球，得到8分上下，助攻数4-6个，这可不仅是数据不好看的问题，我真的没怎么见过这样差劲进攻效率，然而也还是有很高球场正负值的球员，哪怕我知道他防守很好。"},{"Bounds":{"bottom":1280,"left":-687,"right":-27,"top":1278},"Classname":"android.view.View","Packagename":"com.zhihu.android","Text":"那么是为什么呢？"},{"Bounds":{"bottom":1280,"left":-687,"right":-27,"top":1278},"Classname":"android.view.View","Packagename":"com.zhihu.android","Text":"这不仅和马库斯·斯玛特相关，这与波士顿凯尔特人这支球队密切相关。"},{"Bounds":{"bottom":1280,"left":-687,"right":-27,"top":1278},"Classname":"android.view.View","Packagename":"com.zhihu.android","Text":"波士顿凯尔特人是一只怎样的球队？"},{"Bounds":{"bottom":1280,"left":-687,"right":-27,"top":1278},"Classname":"android.view.View","Packagename":"com.zhihu.android","Text":"相信只要看球的人，大概都有一个印象，铁血，防守，这是近10年来绿军的本质，哪怕在球队最不堪的那段时间，大概球队的球员也如此相信着。"},{"Bounds":{"bottom":1280,"left":-687,"right":-27,"top":1278},"Classname":"android.view.View","Packagename":"com.zhihu.android","Text":"而现如今，波士顿凯尔特人也仍然是这样一只球队，他们是靠防守与专注，去撕咬对手赢得比赛。"},{"Bounds":{"bottom":1280,"left":-687,"right":-27,"top":1278},"Classname":"android.view.View","Packagename":"com.zhihu.android","Text":"那么球队的打法呢？"},{"Bounds":{"bottom":1280,"left":-687,"right":-27,"top":1278},"Classname":"android.view.View","Packagename":"com.zhihu.android","Text":"进攻端除了我说不出名，讲不清楚的成百上千套局部技战术，他们的主要打法，是挡拆和突分。而且，波士顿凯尔特人，打的是注重挡拆与突分的阵地战。虽然与圣安东尼马刺和休斯顿火箭不尽相同，但骨子里是相似的。"},{"Bounds":{"bottom":1280,"left":-687,"right":-27,"top":1278},"Classname":"android.view.View","Packagename":"com.zhihu.android","Text":"持球人与锋线挡拆，射手之间绕掩护找空位，加上一个有持球能力，既能够自己背身单打，也能够接球投篮，甚至还有传球的大个儿。说实话，我真的觉得现在的这支波士顿凯尔特人无疑和圣安东尼奥马刺是模子里翻刻出来的。"},{"Bounds":{"bottom":1280,"left":-687,"right":-27,"top":1278},"Classname":"android.view.View","Packagename":"com.zhihu.android","Text":"唯一不同的是，后者的锋线球员在低位的能力更强，而前者的核心后卫对于内线的冲击力和投射能力都更加出色。除此之外，复杂的技战术，多层次的人员轮换配合相同的阵地进攻风格，这两只球队几乎完全相似。"},{"Bounds":{"bottom":1280,"left":-687,"right":-27,"top":1278},"Classname":"android.view.View","Packagename":"com.zhihu.android","Text":"那么想想看，这样一只球队里，最合适的后卫球员，如果我提出是巅峰期的托尼·帕克，我想也不会有人反对。流畅的推进与分享球，顶尖的速度造就的进攻内线的能力配合一定的投射，这是托尼·帕克。我想虽然凯里·欧文与托尼·帕克的风格相差甚远，但他俩的战术地位是一脉相承的，就如同，2004-2005赛季的那个圣安东尼奥马刺。"},{"Bounds":{"bottom":1280,"left":-687,"right":-27,"top":1278},"Classname":"android.view.View","Packagename":"com.zhihu.android","Text":"尽管，现如今这支波士顿凯尔特人，没有蒂姆·邓肯那样伟大的内线，但在现如今这个强调速度与投射的NBA，波士顿凯尔特人凭借良好的防守体系，以及多达6名以上优质的能守擅射的锋线球员，可以说既保持了队伍的防守韧度，也保证了球队的进攻选择以及流畅性。"},{"Bounds":{"bottom":1280,"left":-687,"right":-27,"top":1278},"Classname":"android.view.View","Packagename":"com.zhihu.android","Text":"但即便如此，波士顿凯尔特人仍然不是一只进攻很流畅的球队，他们的进攻实在不能称得上是一支强队。我们对此需要理解。"},{"Bounds":{"bottom":1280,"left":-687,"right":-27,"top":1278},"Classname":"android.view.View","Packagename":"com.zhihu.android","Text":"首先本赛季波士顿凯尔特人的伤病很多，其次他们的核心锋线球员，杰森·塔图姆和杰伦·布朗都是新秀球员，你很难要求两名新秀在长达82场比赛的漫长赛季中保持稳定，尽管他们已经做得很好了。"},{"Bounds":{"bottom":1280,"left":-687,"right":-27,"top":1278},"Classname":"android.view.View","Packagename":"com.zhihu.android","Text":"其次，波士顿凯尔特人的替补阵容虽然用人很多，但其实庸人很多，天赋不足。"},{"Bounds":{"bottom":1280,"left":-687,"right":-27,"top":1278},"Classname":"android.view.View","Packagename":"com.zhihu.android","Text":"试想象，如果戈登·海沃德回归，那么按照我的想法，较杰森·塔图姆拥有更强运动能力和个人进攻能力的杰伦·布朗应该会回归替补席，届时，这支球队想必会更上一个台阶。"},{"Bounds":{"bottom":1280,"left":-687,"right":-27,"top":1278},"Classname":"android.view.View","Packagename":"com.zhihu.android","Text":"我觉得可能说的有点多了，做一个总结吧，你问的问题，凯里·欧文对于波士顿凯尔特人的重要作用体现在哪？等同于2004-2005赛季的托尼·帕克对于圣安东尼奥马刺的作用。"},{"Bounds":{"bottom":1280,"left":-687,"right":-27,"top":1278},"Classname":"android.view.View","Packagename":"com.zhihu.android","Text":"组织和终结。"},{"Bounds":{"bottom":1280,"left":-687,"right":-27,"top":1278},"Classname":"android.view.View","Packagename":"com.zhihu.android","Text":"这是根本任务，而尽管凯里·欧文本身组织能力不是很优秀，波士顿凯尔特人的打法却也是能够弥补其不足，就像是卡哇伊·莱昂纳德的组织能力其实并不是那么优秀，甚至可能在最开始并不能怎样体现出他的组织能力，但是球队对转移球的要求，促使并赋予了球员一定的组织能力，或者说是，分担了单个球员在组织进攻方面的压力。"},{"Bounds":{"bottom":1280,"left":-687,"right":-27,"top":1278},"Classname":"android.view.View","Packagename":"com.zhihu.android","Text":"当然，关键时刻的组织，可能仍然要依赖欧文。"},{"Bounds":{"bottom":1280,"left":-687,"right":-27,"top":1278},"Classname":"android.view.View","Packagename":"com.zhihu.android","Text":"而另一个方面，终结，我认为凯里·欧文的终结能力是现象级的，他的个人能力极其出色，速度，球感，运球，投篮，力量，无一不是联盟顶级。"},{"Bounds":{"bottom":1280,"left":-687,"right":-27,"top":1278},"Classname":"android.view.View","Packagename":"com.zhihu.android","Text":"所以凯里都能欧文只要能在完成基础工作的前提下，做好终结工作就好，这就为什么，很多人都说越到季后赛，凯里·欧文对这只球队的价值就越大的原因。"},{"Bounds":{"bottom":1280,"left":-687,"right":-27,"top":1278},"Classname":"android.view.View","Packagename":"com.zhihu.android","Text":"而之前的以赛亚·托马斯其实作为承担终结职责的球员，在身体天赋以及能力上是有缺陷的，说实话，身高真的很重要。"},{"Bounds":{"bottom":1280,"left":-687,"right":-27,"top":1278},"Classname":"android.view.View","Packagename":"com.zhihu.android","Text":"身高矮的人不好接球，球场视野也会受影响，投篮选择会受到限制，这都是凯里·欧文强于以赛亚·托马斯的。不要用阿伦·艾弗森和克里斯·保罗这种名人堂级别的球员来做例子反驳我，进攻能力能达到答案的程度或者是组织能力能达到CP3的程度，那么这名球员无论如何都不会连一份顶薪报价合同都拿不到了。当然，我还是对以赛亚·托马斯报以歉意和尊重，只是可惜了他做了一些不好的选择。"},{"Bounds":{"bottom":1280,"left":-293,"right":-27,"top":1278},"Classname":"android.view.View","Packagename":"com.zhihu.android","Text":"编辑于 2018-05-11"},{"Bounds":{"bottom":1280,"left":-687,"right":-27,"top":1278},"Classname":"android.view.View","Packagename":"com.zhihu.android","Text":"著作权归作者所有"},{"Bounds":{"bottom":1280,"left":-719,"right":1,"top":1278},"Classname":"android.view.View","Packagename":"com.zhihu.android","Text":"推荐阅读"},{"Bounds":{"bottom":1280,"left":-687,"right":-305,"top":1278},"Classname":"android.view.View","Packagename":"com.zhihu.android","Text":"手机正确的充电方式你用对了吗？"},{"Bounds":{"bottom":1280,"left":-257,"right":-31,"top":1278},"Classname":"android.widget.Image","Packagename":"com.zhihu.android","Text":"推荐阅读"},{"Bounds":{"bottom":1280,"left":-687,"right":-647,"top":1278},"Classname":"android.widget.Image","Packagename":"com.zhihu.android","Text":"Tencent"},{"Bounds":{"bottom":1280,"left":-635,"right":-457,"top":1278},"Classname":"android.view.View","Packagename":"com.zhihu.android","Text":"Tencent 的广告"},{"Bounds":{"bottom":1280,"left":-177,"right":-31,"top":1278},"Classname":"android.widget.Button","Packagename":"com.zhihu.android","Text":"APP下载"},{"Bounds":{"bottom":1280,"left":-687,"right":-31,"top":1278},"Classname":"android.view.View","Packagename":"com.zhihu.android","Text":"骑士要哭了！凯尔特人已经把欧文变成了新球员 欧文这个赛季的表现已经超越以往，他的进攻效率和霍福德的致命组合已经帮助他成为了一流超级巨星。虽然在一些数据方面，欧文与之前的赛季并没有什么不同，但是他现在的状态打球所处的环境和条件与之前却是截然不同。这个赛季，当欧文在场上的时候毫无疑问是… UOOSPORTS 的文章 · 227 赞同 "},{"Bounds":{"bottom":1280,"left":-687,"right":-31,"top":1278},"Classname":"android.view.View","Packagename":"com.zhihu.android","Text":"如何评价骑士与凯尔特人关于欧文的交易。？ 谢邀。关于这比交易，我刚写了一篇文章绿凯得到天赋 骑士得到想要的一切 。内容如下：早在\"欧文的决定：外有金人，内有奸佞，这太子不当了 \"这篇文章里，我就有过这样的设想： 又或者，欧文去一个有更加整体性战术的球队，类似于史蒂文斯教练治下的凯尔特人，像小托马斯那样，做一个得分第一的控球后卫——他现在的确没有那么好的无球进攻意识，但他有出色的投射能力和跑动能力，无球进攻未必磨练不出来。 以及在\"【数据最有趣了】… 静易墨 的回答 · 31 赞同 "},{"Bounds":{"bottom":162,"left":32,"right":692,"top":160},"Classname":"android.view.View","Packagename":"com.zhihu.android","Text":""},{"Bounds":{"bottom":224,"left":32,"right":688,"top":160},"Classname":"android.view.View","Packagename":"com.zhihu.android","Text":"首先亮明观点，欧文是绿凯当仁不让的老大（海沃德复出也一样），当步入季后赛之后，他的价值会愈发体现。"},{"Bounds":{"bottom":1280,"left":64,"right":720,"top":160},"Classname":"android.view.View","Packagename":"com.zhihu.android","Text":"\n"},{"Bounds":{"bottom":1280,"left":64,"right":720,"top":160},"Classname":"android.view.View","Packagename":"com.zhihu.android","Text":"\n"},{"Bounds":{"bottom":332,"left":32,"right":632,"top":294},"Classname":"android.view.View","Packagename":"com.zhihu.android","Text":"但是我真是受不了那些张嘴就是胡扯的人。"},{"Bounds":{"bottom":1280,"left":64,"right":720,"top":160},"Classname":"android.view.View","Packagename":"com.zhihu.android","Text":"\n"},{"Bounds":{"bottom":1280,"left":64,"right":720,"top":160},"Classname":"android.view.View","Packagename":"com.zhihu.android","Text":"\n"},{"Bounds":{"bottom":440,"left":32,"right":312,"top":402},"Classname":"android.view.View","Packagename":"com.zhihu.android","Text":"楼上一个哥们写道："},{"Bounds":{"bottom":1280,"left":64,"right":720,"top":160},"Classname":"android.view.View","Packagename":"com.zhihu.android","Text":"\n"},{"Bounds":{"bottom":1280,"left":64,"right":720,"top":160},"Classname":"android.view.View","Packagename":"com.zhihu.android","Text":"\n"},{"Bounds":{"bottom":810,"left":0,"right":720,"top":550},"Classname":"android.widget.Image","Packagename":"com.zhihu.android","Text":"v2-a11c24343be75d2405dd1b0ebab9d0b7_hd"},{"Bounds":{"bottom":904,"left":32,"right":528,"top":864},"Classname":"android.view.View","Packagename":"com.zhihu.android","Text":"哥们，绿军的球赛真的看了很多吗？"},{"Bounds":{"bottom":1280,"left":64,"right":720,"top":924},"Classname":"android.view.View","Packagename":"com.zhihu.android","Text":"\n"},{"Bounds":{"bottom":1280,"left":64,"right":720,"top":924},"Classname":"android.view.View","Packagename":"com.zhihu.android","Text":"\n"},{"Bounds":{"bottom":1228,"left":32,"right":690,"top":972},"Classname":"android.view.View","Packagename":"com.zhihu.android","Text":"欧文本赛季缺战7场，绿凯5胜2负，昨天还以16分的分差屠杀公牛。论在场的进攻效率，欧文是108.1，伙夫是109.1，换句话说伙夫才是在进攻端对绿凯帮助最大的人（仅以本赛季目前打过的常规赛而论）。"},{"Bounds":{"bottom":1280,"left":64,"right":720,"top":924},"Classname":"android.view.View","Packagename":"com.zhihu.android","Text":"\n"},{"Bounds":{"bottom":1280,"left":64,"right":720,"top":924},"Classname":"android.view.View","Packagename":"com.zhihu.android","Text":"\n"},{"Bounds":{"bottom":1280,"left":32,"right":664,"top":1278},"Classname":"android.view.View","Packagename":"com.zhihu.android","Text":"我不知道你说的“欧文下场绿军进攻停滞”的结论是怎么得出来的，你把史蒂文斯当泰伦卢了吧？"},{"Bounds":{"bottom":1280,"left":64,"right":720,"top":924},"Classname":"android.view.View","Packagename":"com.zhihu.android","Text":"\n"},{"Bounds":{"bottom":1280,"left":64,"right":720,"top":924},"Classname":"android.view.View","Packagename":"com.zhihu.android","Text":"\n"},{"Bounds":{"bottom":1280,"left":32,"right":680,"top":1278},"Classname":"android.view.View","Packagename":"com.zhihu.android","Text":"篮球板块我是真不喜欢发言，因为懂得不多。。可看到很多高票答案张嘴就是胡扯，真是让人气不打一出来。。"},{"Bounds":{"bottom":1280,"left":426,"right":692,"top":1278},"Classname":"android.view.View","Packagename":"com.zhihu.android","Text":"发布于 2018-03-07"},{"Bounds":{"bottom":1280,"left":32,"right":692,"top":1278},"Classname":"android.view.View","Packagename":"com.zhihu.android","Text":"著作权归作者所有"},{"Bounds":{"bottom":1280,"left":0,"right":720,"top":1278},"Classname":"android.view.View","Packagename":"com.zhihu.android","Text":"推荐阅读"},{"Bounds":{"bottom":1280,"left":32,"right":688,"top":1278},"Classname":"android.view.View","Packagename":"com.zhihu.android","Text":"骑士要哭了！凯尔特人已经把欧文变成了新球员 欧文这个赛季的表现已经超越以往，他的进攻效率和霍福德的致命组合已经帮助他成为了一流超级巨星。虽然在一些数据方面，欧文与之前的赛季并没有什么不同，但是他现在的状态打球所处的环境和条件与之前却是截然不同。这个赛季，当欧文在场上的时候毫无疑问是… UOOSPORTS 的文章 · 227 赞同 "},{"Bounds":{"bottom":1280,"left":32,"right":688,"top":1278},"Classname":"android.view.View","Packagename":"com.zhihu.android","Text":"如何评价骑士与凯尔特人关于欧文的交易。？ 谢邀。关于这比交易，我刚写了一篇文章绿凯得到天赋 骑士得到想要的一切 。内容如下：早在\"欧文的决定：外有金人，内有奸佞，这太子不当了 \"这篇文章里，我就有过这样的设想： 又或者，欧文去一个有更加整体性战术的球队，类似于史蒂文斯教练治下的凯尔特人，像小托马斯那样，做一个得分第一的控球后卫——他现在的确没有那么好的无球进攻意识，但他有出色的投射能力和跑动能力，无球进攻未必磨练不出来。 以及在\"【数据最有趣了】… 静易墨 的回答 · 31 赞同 "},{"Bounds":{"bottom":1280,"left":32,"right":688,"top":1278},"Classname":"android.view.View","Packagename":"com.zhihu.android","Text":"凯尔特人·三巨头传 三个天才，如何坚持篮球，直到世界尽头。 张佳玮 的电子书 · 672 赞同 "},{"Bounds":{"bottom":600,"left":752,"right":1412,"top":600},"Classname":"android.view.View","Packagename":"com.zhihu.android","Text":""},{"Bounds":{"bottom":682,"left":752,"right":1412,"top":628},"Classname":"android.view.View","Packagename":"com.zhihu.android","Text":"队友好不好，取决于你怎么看。"},{"Bounds":{"bottom":864,"left":752,"right":1412,"top":702},"Classname":"android.view.View","Packagename":"com.zhihu.android","Text":"我来介绍一下哈登的队友：快船队史第一人保罗、下一个顶薪中锋卡佩拉、最佳第六人戈登、关键先生阿里扎、野兽内线内内……"},{"Bounds":{"bottom":992,"left":752,"right":1412,"top":884},"Classname":"android.view.View","Packagename":"com.zhihu.android","Text":"这么好的队友，你怎么不觉得哈登也没啥作用，因为你是哈登的球迷啊。"},{"Bounds":{"bottom":1120,"left":752,"right":1412,"top":1012},"Classname":"android.view.View","Packagename":"com.zhihu.android","Text":"你每场凯尔特人的球都看，还提这种问题，我觉得是你的问题。"},{"Bounds":{"bottom":1266,"left":1146,"right":1412,"top":1228},"Classname":"android.view.View","Packagename":"com.zhihu.android","Text":"编辑于 2018-03-06"},{"Bounds":{"bottom":1280,"left":752,"right":1412,"top":1274},"Classname":"android.view.View","Packagename":"com.zhihu.android","Text":"著作权归作者所有"},{"Bounds":{"bottom":289,"left":0,"right":720,"top":161},"Classname":"android.widget.TextView","Packagename":"com.zhihu.android","Text":"欧文对凯尔特人的重要作用体现在哪？"},{"Bounds":{"bottom":378,"left":32,"right":184,"top":314},"Classname":"android.widget.TextView","Packagename":"com.zhihu.android","Text":"写回答"},{"Bounds":{"bottom":402,"left":414,"right":688,"top":290},"Classname":"android.widget.TextView","Packagename":"com.zhihu.android","Text":"查看全部 60 个回答"},{"Bounds":{"bottom":488,"left":128,"right":248,"top":450},"Classname":"android.widget.TextView","Packagename":"com.zhihu.android","Text":"二哥日记"},{"Bounds":{"bottom":469,"left":248,"right":248,"top":469},"Classname":"android.view.View","Packagename":"com.zhihu.android","Text":""},{"Bounds":{"bottom":529,"left":128,"right":528,"top":496},"Classname":"android.widget.TextView","Packagename":"com.zhihu.android","Text":"佛系大喷子\u0026微博：二哥日记本"},{"Bounds":{"bottom":529,"left":128,"right":128,"top":496},"Classname":"android.widget.TextView","Packagename":"com.zhihu.android","Text":""},{"Bounds":{"bottom":522,"left":544,"right":688,"top":458},"Classname":"android.widget.TextView","Packagename":"com.zhihu.android","Text":"关注"},{"Bounds":{"bottom":1256,"left":34,"right":233,"top":1192},"Classname":"android.widget.TextView","Packagename":"com.zhihu.android","Text":"赞同 76"},{"Bounds":{"bottom":1256,"left":245,"right":337,"top":1192},"Classname":"android.widget.TextView","Packagename":"com.zhihu.android","Text":""},{"Bounds":{"bottom":1262,"left":399,"right":439,"top":1234},"Classname":"android.widget.TextView","Packagename":"com.zhihu.android","Text":"感谢"},{"Bounds":{"bottom":1262,"left":516,"right":556,"top":1234},"Classname":"android.widget.TextView","Packagename":"com.zhihu.android","Text":"收藏"},{"Bounds":{"bottom":1262,"left":642,"right":664,"top":1234},"Classname":"android.widget.TextView","Packagename":"com.zhihu.android","Text":"34"}],"packagename":"com.example.a10628.myapplication","width":1080}