{"events":[{"eventname":"TYPE_VIEW_CLICKED","source":{"Bounds":{"bottom":1192,"left":0,"right":720,"top":237},"Classname":"android.widget.LinearLayout","Packagename":"com.sina.weibo","Text":""}},{"eventname":"TYPE_WINDOW_STATE_CHANGED","source":{"Bounds":{"bottom":1280,"left":0,"right":720,"top":0},"Classname":"android.widget.FrameLayout","Packagename":"com.sina.weibo","Text":""}}],"height":1920,"hovertime":1026,"nodes":[{"Bounds":{"bottom":123,"left":24,"right":88,"top":59},"Classname":"android.widget.TextView","Packagename":"com.sina.weibo","Text":"注册"},{"Bounds":{"bottom":114,"left":250,"right":318,"top":68},"Classname":"android.widget.TextView","Packagename":"com.sina.weibo","Text":"关注"},{"Bounds":{"bottom":114,"left":392,"right":460,"top":68},"Classname":"android.widget.TextView","Packagename":"com.sina.weibo","Text":"热门"},{"Bounds":{"bottom":124,"left":632,"right":696,"top":60},"Classname":"android.widget.TextView","Packagename":"com.sina.weibo","Text":"登录"},{"Bounds":{"bottom":135,"left":0,"right":0,"top":135},"Classname":"android.widget.LinearLayout","Packagename":"com.sina.weibo","Text":""},{"Bounds":{"bottom":773,"left":0,"right":-74,"top":694},"Classname":"android.widget.TextView","Packagename":"com.sina.weibo","Text":"你还没有关注的人。关注自己感兴趣的人，可在这里看到他们发布的内容。"},{"Bounds":{"bottom":895,"left":0,"right":-87,"top":803},"Classname":"android.widget.Button","Packagename":"com.sina.weibo","Text":"找感兴趣的人"},{"Bounds":{"bottom":-169,"left":0,"right":620,"top":135},"Classname":"android.view.View","Packagename":"com.sina.weibo","Text":""},{"Bounds":{"bottom":-112,"left":24,"right":696,"top":135},"Classname":"android.view.View","Packagename":"com.sina.weibo","Text":""},{"Bounds":{"bottom":217,"left":67,"right":121,"top":145},"Classname":"android.widget.ImageView","Packagename":"com.sina.weibo","Text":""},{"Bounds":{"bottom":200,"left":122,"right":163,"top":162},"Classname":"android.widget.TextView","Packagename":"com.sina.weibo","Text":"1万"},{"Bounds":{"bottom":217,"left":297,"right":351,"top":145},"Classname":"android.widget.ImageView","Packagename":"com.sina.weibo","Text":""},{"Bounds":{"bottom":200,"left":352,"right":413,"top":162},"Classname":"android.widget.TextView","Packagename":"com.sina.weibo","Text":"5831"},{"Bounds":{"bottom":217,"left":546,"right":600,"top":145},"Classname":"android.widget.ImageView","Packagename":"com.sina.weibo","Text":""},{"Bounds":{"bottom":200,"left":601,"right":645,"top":162},"Classname":"android.widget.TextView","Packagename":"com.sina.weibo","Text":"2万"},{"Bounds":{"bottom":347,"left":0,"right":470,"top":237},"Classname":"android.view.View","Packagename":"com.sina.weibo","Text":""},{"Bounds":{"bottom":662,"left":24,"right":696,"top":361},"Classname":"android.view.View","Packagename":"com.sina.weibo","Text":""},{"Bounds":{"bottom":1192,"left":67,"right":121,"top":1372},"Classname":"android.widget.ImageView","Packagename":"com.sina.weibo","Text":""},{"Bounds":{"bottom":1192,"left":122,"right":163,"top":1389},"Classname":"android.widget.TextView","Packagename":"com.sina.weibo","Text":"1万"},{"Bounds":{"bottom":1192,"left":307,"right":361,"top":1372},"Classname":"android.widget.ImageView","Packagename":"com.sina.weibo","Text":""},{"Bounds":{"bottom":1192,"left":362,"right":403,"top":1389},"Classname":"android.widget.TextView","Packagename":"com.sina.weibo","Text":"1万"},{"Bounds":{"bottom":1192,"left":546,"right":600,"top":1372},"Classname":"android.widget.ImageView","Packagename":"com.sina.weibo","Text":""},{"Bounds":{"bottom":1192,"left":601,"right":645,"top":1389},"Classname":"android.widget.TextView","Packagename":"com.sina.weibo","Text":"2万"},{"Bounds":{"bottom":1280,"left":0,"right":144,"top":1192},"Classname":"android.view.View","Packagename":"com.sina.weibo","Text":""},{"Bounds":{"bottom":1280,"left":144,"right":288,"top":1192},"Classname":"android.view.View","Packagename":"com.sina.weibo","Text":""},{"Bounds":{"bottom":1274,"left":316,"right":404,"top":1198},"Classname":"android.widget.ImageView","Packagename":"com.sina.weibo","Text":""},{"Bounds":{"bottom":1280,"left":432,"right":576,"top":1192},"Classname":"android.view.View","Packagename":"com.sina.weibo","Text":""},{"Bounds":{"bottom":1280,"left":576,"right":720,"top":1192},"Classname":"android.view.ViewGroup","Packagename":"com.sina.weibo","Text":""}],"packagename":"com.example.a10628.myapplication","width":1080}