{"events":[{"eventname":"TYPE_VIEW_SCROLLED","source":{"Bounds":{"bottom":1280,"left":0,"right":720,"top":143},"Classname":"android.webkit.WebView","Packagename":"cn.amazon.mShop.android","Text":""}},{"eventname":"TYPE_VIEW_SCROLLED","source":{"Bounds":{"bottom":1280,"left":0,"right":720,"top":143},"Classname":"android.webkit.WebView","Packagename":"cn.amazon.mShop.android","Text":""}}],"height":1920,"hovertime":2131,"nodes":[{"Bounds":{"bottom":140,"left":0,"right":92,"top":48},"Classname":"android.widget.LinearLayout","Packagename":"cn.amazon.mShop.android","Text":""},{"Bounds":{"bottom":120,"left":300,"right":420,"top":68},"Classname":"android.widget.ImageView","Packagename":"cn.amazon.mShop.android","Text":""},{"Bounds":{"bottom":140,"left":532,"right":624,"top":48},"Classname":"android.widget.ImageButton","Packagename":"cn.amazon.mShop.android","Text":""},{"Bounds":{"bottom":140,"left":624,"right":716,"top":48},"Classname":"android.widget.ImageView","Packagename":"cn.amazon.mShop.android","Text":""},{"Bounds":{"bottom":140,"left":656,"right":684,"top":62},"Classname":"android.widget.TextView","Packagename":"cn.amazon.mShop.android","Text":"0"},{"Bounds":{"bottom":1273,"left":0,"right":720,"top":143},"Classname":"android.widget.Image","Packagename":"cn.amazon.mShop.android","Text":""},{"Bounds":{"bottom":137,"left":0,"right":720,"top":143},"Classname":"android.view.View","Packagename":"cn.amazon.mShop.android","Text":"# 开运红鞋精选 #"},{"Bounds":{"bottom":137,"left":0,"right":720,"top":143},"Classname":"android.view.View","Packagename":"cn.amazon.mShop.android","Text":""},{"Bounds":{"bottom":137,"left":0,"right":720,"top":143},"Classname":"android.view.View","Packagename":"cn.amazon.mShop.android","Text":""},{"Bounds":{"bottom":137,"left":68,"right":100,"top":143},"Classname":"android.widget.Image","Packagename":"cn.amazon.mShop.android","Text":""},{"Bounds":{"bottom":137,"left":98,"right":150,"top":143},"Classname":"android.view.View","Packagename":"cn.amazon.mShop.android","Text":" 已有"},{"Bounds":{"bottom":137,"left":148,"right":188,"top":143},"Classname":"android.view.View","Packagename":"cn.amazon.mShop.android","Text":"183"},{"Bounds":{"bottom":137,"left":186,"right":258,"top":143},"Classname":"android.view.View","Packagename":"cn.amazon.mShop.android","Text":"人喜欢"},{"Bounds":{"bottom":137,"left":68,"right":652,"top":143},"Classname":"android.view.View","Packagename":"cn.amazon.mShop.android","Text":"一双好穿的红鞋不仅能提升运动造型的时尚感，凸显活力个性，更象征着吉祥幸运，红红火火。小编为您推荐舒适潮流的红色休闲运动鞋，愿您穿红鞋，开鸿运，以全新的姿态起跑！"},{"Bounds":{"bottom":137,"left":92,"right":148,"top":143},"Classname":"android.widget.Image","Packagename":"cn.amazon.mShop.android","Text":""},{"Bounds":{"bottom":137,"left":0,"right":240,"top":143},"Classname":"android.view.View","Packagename":"cn.amazon.mShop.android","Text":"分享"},{"Bounds":{"bottom":137,"left":332,"right":388,"top":143},"Classname":"android.widget.Image","Packagename":"cn.amazon.mShop.android","Text":""},{"Bounds":{"bottom":137,"left":238,"right":480,"top":143},"Classname":"android.view.View","Packagename":"cn.amazon.mShop.android","Text":"喜欢"},{"Bounds":{"bottom":137,"left":562,"right":636,"top":143},"Classname":"android.widget.Image","Packagename":"cn.amazon.mShop.android","Text":""},{"Bounds":{"bottom":137,"left":478,"right":720,"top":143},"Classname":"android.view.View","Packagename":"cn.amazon.mShop.android","Text":"我喜欢的"},{"Bounds":{"bottom":137,"left":0,"right":720,"top":143},"Classname":"android.view.View","Packagename":"cn.amazon.mShop.android","Text":""},{"Bounds":{"bottom":137,"left":0,"right":720,"top":143},"Classname":"android.view.View","Packagename":"cn.amazon.mShop.android","Text":""},{"Bounds":{"bottom":137,"left":0,"right":720,"top":143},"Classname":"android.view.View","Packagename":"cn.amazon.mShop.android","Text":""},{"Bounds":{"bottom":137,"left":160,"right":560,"top":143},"Classname":"android.view.View","Packagename":"cn.amazon.mShop.android","Text":"ref\u003ddiscover_htg_asn_clk_hashtag_gl_shoes"},{"Bounds":{"bottom":137,"left":36,"right":684,"top":143},"Classname":"android.view.View","Packagename":"cn.amazon.mShop.android","Text":"New Balance * 女 休闲跑步鞋 WRT580WB"},{"Bounds":{"bottom":137,"left":36,"right":684,"top":143},"Classname":"android.view.View","Packagename":"cn.amazon.mShop.android","Text":"580系列跑鞋是专门为女性设计的高质量上等运动鞋，其缓冲部分舒适无比，同时还采用了耐用材料。本款运动鞋融入苏格兰格纹元素，经典复古，同时采用REV-lite“悦轻”科技，轻量减震。"},{"Bounds":{"bottom":137,"left":36,"right":198,"top":143},"Classname":"android.view.View","Packagename":"cn.amazon.mShop.android","Text":""},{"Bounds":{"bottom":137,"left":210,"right":244,"top":143},"Classname":"android.view.View","Packagename":"cn.amazon.mShop.android","Text":"13"},{"Bounds":{"bottom":137,"left":36,"right":188,"top":143},"Classname":"android.view.View","Packagename":"cn.amazon.mShop.android","Text":"￥1,386.05"},{"Bounds":{"bottom":137,"left":514,"right":676,"top":143},"Classname":"android.view.View","Packagename":"cn.amazon.mShop.android","Text":"去购买 "},{"Bounds":{"bottom":387,"left":160,"right":560,"top":143},"Classname":"android.view.View","Packagename":"cn.amazon.mShop.android","Text":"ref\u003ddiscover_htg_asn_clk_hashtag_gl_shoes"},{"Bounds":{"bottom":481,"left":36,"right":684,"top":405},"Classname":"android.view.View","Packagename":"cn.amazon.mShop.android","Text":"New Balance NBX系列 女 跑步鞋 W1080PS6"},{"Bounds":{"bottom":619,"left":36,"right":684,"top":477},"Classname":"android.view.View","Packagename":"cn.amazon.mShop.android","Text":"FreshFoam高端缓震跑鞋，全新调配研发的中底橡胶，辅以侧边六角蜂窝结构设计，消除与地面接触时所产生的冲击晃动，呈现良好稳定的舒适感。"},{"Bounds":{"bottom":657,"left":36,"right":198,"top":619},"Classname":"android.view.View","Packagename":"cn.amazon.mShop.android","Text":""},{"Bounds":{"bottom":653,"left":210,"right":228,"top":615},"Classname":"android.view.View","Packagename":"cn.amazon.mShop.android","Text":"1"},{"Bounds":{"bottom":703,"left":36,"right":164,"top":669},"Classname":"android.view.View","Packagename":"cn.amazon.mShop.android","Text":"￥599.00"},{"Bounds":{"bottom":715,"left":514,"right":676,"top":657},"Classname":"android.view.View","Packagename":"cn.amazon.mShop.android","Text":"去购买 "},{"Bounds":{"bottom":1059,"left":160,"right":560,"top":801},"Classname":"android.view.View","Packagename":"cn.amazon.mShop.android","Text":"ref\u003ddiscover_htg_asn_clk_hashtag_gl_shoes"},{"Bounds":{"bottom":1153,"left":36,"right":684,"top":1077},"Classname":"android.view.View","Packagename":"cn.amazon.mShop.android","Text":"New Balance 999系列 中性 休闲跑步鞋 ML999EA-D-45..."},{"Bounds":{"bottom":1247,"left":36,"right":684,"top":1149},"Classname":"android.view.View","Packagename":"cn.amazon.mShop.android","Text":"以优质橡胶做底，防滑耐磨，鞋身修长轻便，醒目的LOGO，时尚的颜色，堪称复古与潮流的完美结合，适合各种场合穿着和搭配。"},{"Bounds":{"bottom":1273,"left":36,"right":198,"top":1247},"Classname":"android.view.View","Packagename":"cn.amazon.mShop.android","Text":""},{"Bounds":{"bottom":1273,"left":210,"right":228,"top":1243},"Classname":"android.view.View","Packagename":"cn.amazon.mShop.android","Text":"3"},{"Bounds":{"bottom":1273,"left":0,"right":720,"top":1271},"Classname":"android.view.View","Packagename":"cn.amazon.mShop.android","Text":"- 更多专题 - "},{"Bounds":{"bottom":1273,"left":16,"right":704,"top":1271},"Classname":"android.view.View","Packagename":"cn.amazon.mShop.android","Text":"国际大牌 低至79元 84 "},{"Bounds":{"bottom":1273,"left":16,"right":704,"top":1271},"Classname":"android.view.View","Packagename":"cn.amazon.mShop.android","Text":"护照夹特辑 350 "},{"Bounds":{"bottom":1273,"left":16,"right":704,"top":1271},"Classname":"android.view.View","Packagename":"cn.amazon.mShop.android","Text":"日亚限定好货特辑 547 "},{"Bounds":{"bottom":1273,"left":0,"right":720,"top":1271},"Classname":"android.view.View","Packagename":"cn.amazon.mShop.android","Text":"ref\u003ddiscover_to_discover_hashtag?ie\u003dUTF8\u0026app-action\u003dwebview\u0026url\u003dhttps%3A%2F%2Fwww.amazon"},{"Bounds":{"bottom":1273,"left":0,"right":720,"top":1271},"Classname":"android.view.View","Packagename":"cn.amazon.mShop.android","Text":""},{"Bounds":{"bottom":1273,"left":0,"right":720,"top":1271},"Classname":"android.view.View","Packagename":"cn.amazon.mShop.android","Text":""}],"packagename":"com.example.a10628.myapplication","width":1080}