{"events":[{"eventname":"TYPE_VIEW_SCROLLED","source":{"Bounds":{"bottom":1280,"left":0,"right":720,"top":48},"Classname":"android.webkit.WebView","Packagename":"com.cundong.izhihu","Text":""}}],"height":1920,"hovertime":8798,"nodes":[{"Bounds":{"bottom":50,"left":0,"right":720,"top":48},"Classname":"android.view.View","Packagename":"com.cundong.izhihu","Text":"不知道为什么，近几年的古装剧我总是看不下去，觉得缺了点什么"},{"Bounds":{"bottom":50,"left":592,"right":700,"top":48},"Classname":"android.view.View","Packagename":"com.cundong.izhihu","Text":"《武则天》"},{"Bounds":{"bottom":50,"left":0,"right":720,"top":48},"Classname":"android.widget.Image","Packagename":"com.cundong.izhihu","Text":""},{"Bounds":{"bottom":50,"left":40,"right":680,"top":48},"Classname":"android.view.View","Packagename":"com.cundong.izhihu","Text":""},{"Bounds":{"bottom":50,"left":40,"right":80,"top":48},"Classname":"android.widget.Image","Packagename":"com.cundong.izhihu","Text":"8312adc93416d5f42ff2e3cd50347c15"},{"Bounds":{"bottom":50,"left":90,"right":98,"top":48},"Classname":"android.view.View","Packagename":"com.cundong.izhihu","Text":" "},{"Bounds":{"bottom":50,"left":96,"right":218,"top":48},"Classname":"android.view.View","Packagename":"com.cundong.izhihu","Text":"马一昕，"},{"Bounds":{"bottom":50,"left":216,"right":226,"top":48},"Classname":"android.view.View","Packagename":"com.cundong.izhihu","Text":" "},{"Bounds":{"bottom":50,"left":224,"right":654,"top":48},"Classname":"android.view.View","Packagename":"com.cundong.izhihu","Text":"此时相望不相闻，愿逐月华流照君"},{"Bounds":{"bottom":50,"left":40,"right":680,"top":48},"Classname":"android.view.View","Packagename":"com.cundong.izhihu","Text":"因为时代变了，科技发展了，整个社会变得浮躁了，作品都是快餐式的，演员都是流量式的，外景都是抠图式的，最终呈现出来的作品效果当然不复曾经了。"},{"Bounds":{"bottom":50,"left":40,"right":680,"top":48},"Classname":"android.view.View","Packagename":"com.cundong.izhihu","Text":"下面我来详细分析一下这些不同之处。"},{"Bounds":{"bottom":50,"left":40,"right":680,"top":48},"Classname":"android.view.View","Packagename":"com.cundong.izhihu","Text":"一、造型"},{"Bounds":{"bottom":50,"left":40,"right":680,"top":48},"Classname":"android.view.View","Packagename":"com.cundong.izhihu","Text":"记得小的时候，电视里面的美人就是我心目中的白月光，我学过白娘子身披一袭白纱："},{"Bounds":{"bottom":1280,"left":40,"right":720,"top":48},"Classname":"android.widget.Image","Packagename":"com.cundong.izhihu","Text":""},{"Bounds":{"bottom":50,"left":40,"right":680,"top":48},"Classname":"android.view.View","Packagename":"com.cundong.izhihu","Text":"我怜惜过黛玉的盈盈泪光"},{"Bounds":{"bottom":1280,"left":40,"right":720,"top":48},"Classname":"android.widget.Image","Packagename":"com.cundong.izhihu","Text":""},{"Bounds":{"bottom":50,"left":40,"right":680,"top":48},"Classname":"android.view.View","Packagename":"com.cundong.izhihu","Text":"我羡慕黄蓉的聪慧妙舌"},{"Bounds":{"bottom":1280,"left":40,"right":720,"top":48},"Classname":"android.widget.Image","Packagename":"com.cundong.izhihu","Text":""},{"Bounds":{"bottom":50,"left":40,"right":680,"top":48},"Classname":"android.view.View","Packagename":"com.cundong.izhihu","Text":"我惊叹盛唐美人的迤逦华贵"},{"Bounds":{"bottom":1280,"left":40,"right":720,"top":48},"Classname":"android.widget.Image","Packagename":"com.cundong.izhihu","Text":""},{"Bounds":{"bottom":50,"left":40,"right":680,"top":48},"Classname":"android.view.View","Packagename":"com.cundong.izhihu","Text":"我沉迷过清秋的不染纤尘"},{"Bounds":{"bottom":1280,"left":40,"right":720,"top":48},"Classname":"android.widget.Image","Packagename":"com.cundong.izhihu","Text":""},{"Bounds":{"bottom":50,"left":40,"right":680,"top":48},"Classname":"android.view.View","Packagename":"com.cundong.izhihu","Text":"她们的造型与人物形象极为契合，我们看到了演员的扮相，就不自觉地相信她就是这个人物，自然而然深入人心。"},{"Bounds":{"bottom":50,"left":40,"right":680,"top":48},"Classname":"android.view.View","Packagename":"com.cundong.izhihu","Text":"当然这样的成果离不开用心的造型，看得出当年的影视制作团队把电视剧当成了艺术品来打磨。"},{"Bounds":{"bottom":50,"left":40,"right":680,"top":48},"Classname":"android.view.View","Packagename":"com.cundong.izhihu","Text":"先看 87 版的《红楼梦》，这版红楼梦的造型出自杨树云之手，服饰用度相当考究，篇幅有限，以黛玉为例，简要说一下："},{"Bounds":{"bottom":50,"left":40,"right":680,"top":48},"Classname":"android.view.View","Packagename":"com.cundong.izhihu","Text":"黛玉的衣饰色系浅淡，主色调为白，蓝，粉红三色，目的在于表现人物的个性清静高雅。"},{"Bounds":{"bottom":1280,"left":40,"right":720,"top":48},"Classname":"android.widget.Image","Packagename":"com.cundong.izhihu","Text":""},{"Bounds":{"bottom":50,"left":40,"right":680,"top":48},"Classname":"android.view.View","Packagename":"com.cundong.izhihu","Text":"衣饰花纹也少用俗气的缠枝，连理等繁杂花样，以梅，兰二花为主，梅之冷艳，兰之馨雅，恰是黛玉个性倔强又幽雅的最好表现。"},{"Bounds":{"bottom":50,"left":40,"right":680,"top":48},"Classname":"android.view.View","Packagename":"com.cundong.izhihu","Text":"黛玉刚进府时，紫色短甲上缀着梅花，象征着黛玉的风骨俊傲，不慕荣利。"},{"Bounds":{"bottom":1280,"left":40,"right":720,"top":48},"Classname":"android.widget.Image","Packagename":"com.cundong.izhihu","Text":""},{"Bounds":{"bottom":50,"left":40,"right":680,"top":48},"Classname":"android.view.View","Packagename":"com.cundong.izhihu","Text":"黛玉魂归离恨天中，身着一身白衣，领口缀着的兰花清新淡雅，完美贴合的人物清逸出尘的品质，应和了黛玉口中的“赤条条来去无牵挂”。"},{"Bounds":{"bottom":1280,"left":40,"right":720,"top":48},"Classname":"android.widget.Image","Packagename":"com.cundong.izhihu","Text":""},{"Bounds":{"bottom":50,"left":40,"right":680,"top":48},"Classname":"android.view.View","Packagename":"com.cundong.izhihu","Text":"再来看刘晓庆版《武则天》的造型，这部剧的造型之精美，之考究同样是教科书级别的："},{"Bounds":{"bottom":1280,"left":40,"right":720,"top":48},"Classname":"android.widget.Image","Packagename":"com.cundong.izhihu","Text":""},{"Bounds":{"bottom":50,"left":40,"right":680,"top":48},"Classname":"android.view.View","Packagename":"com.cundong.izhihu","Text":"各阶段的发型、服饰、妆容随着人物的成长不断发生着变化，各种配色，配饰的搭配除了美还是美。"},{"Bounds":{"bottom":50,"left":40,"right":680,"top":48},"Classname":"android.view.View","Packagename":"com.cundong.izhihu","Text":"接下来是最近很多人在重温的《上错花轿嫁对郎》，这部剧的造型同样出自杨树云之手，故事发生在江南富庶之地，演员的整体造型清丽明快了许多。"},{"Bounds":{"bottom":50,"left":40,"right":680,"top":48},"Classname":"android.view.View","Packagename":"com.cundong.izhihu","Text":"杜冰雁温婉俊秀，因是将军夫人，以典雅的盘发为主，发髻上镶缀贵重金饰，俨然一位知书达礼的大家闺秀。"},{"Bounds":{"bottom":1280,"left":40,"right":720,"top":48},"Classname":"android.widget.Image","Packagename":"com.cundong.izhihu","Text":""},{"Bounds":{"bottom":50,"left":40,"right":680,"top":48},"Classname":"android.view.View","Packagename":"com.cundong.izhihu","Text":"李玉湖则是一位一身正气的女侠。发型繁多，有编发，有散发。发饰多是绢花珠玉，衣服、披帛多数是鹅黄、粉红、浅紫，浅绿，将江南富家女子的明媚娇俏展露无疑。"},{"Bounds":{"bottom":1280,"left":40,"right":720,"top":48},"Classname":"android.widget.Image","Packagename":"com.cundong.izhihu","Text":""},{"Bounds":{"bottom":50,"left":40,"right":680,"top":48},"Classname":"android.view.View","Packagename":"com.cundong.izhihu","Text":"再说一部《金粉世家》，这部剧的造型同样精美无比，出自香港新锐设计师陈嘉仪，他为这部剧设计的服装基调是雅致与时尚并存。"},{"Bounds":{"bottom":50,"left":40,"right":680,"top":48},"Classname":"android.view.View","Packagename":"com.cundong.izhihu","Text":"这部剧的戏服基本都是在香港手工制做完成的，全剧的造型价值上百万。不管是太太们的旗袍，"},{"Bounds":{"bottom":1280,"left":40,"right":720,"top":48},"Classname":"android.widget.Image","Packagename":"com.cundong.izhihu","Text":""},{"Bounds":{"bottom":50,"left":40,"right":680,"top":48},"Classname":"android.view.View","Packagename":"com.cundong.izhihu","Text":"还是小姐们的洋装，"},{"Bounds":{"bottom":1280,"left":40,"right":720,"top":48},"Classname":"android.widget.Image","Packagename":"com.cundong.izhihu","Text":""},{"Bounds":{"bottom":50,"left":40,"right":680,"top":48},"Classname":"android.view.View","Packagename":"com.cundong.izhihu","Text":"到现在看来都非常经典。"},{"Bounds":{"bottom":50,"left":40,"right":680,"top":48},"Classname":"android.view.View","Packagename":"com.cundong.izhihu","Text":"冷清秋的的这身旗袍和民国名媛唐瑛是不是有异曲同工之妙："},{"Bounds":{"bottom":1280,"left":40,"right":720,"top":48},"Classname":"android.widget.Image","Packagename":"com.cundong.izhihu","Text":""},{"Bounds":{"bottom":50,"left":40,"right":680,"top":48},"Classname":"android.view.View","Packagename":"com.cundong.izhihu","Text":"清秋结婚时的婚纱也参照了宋美龄婚礼时的婚纱："},{"Bounds":{"bottom":1280,"left":40,"right":720,"top":48},"Classname":"android.widget.Image","Packagename":"com.cundong.izhihu","Text":""},{"Bounds":{"bottom":50,"left":40,"right":680,"top":48},"Classname":"android.view.View","Packagename":"com.cundong.izhihu","Text":"金燕西的考究的马甲，领带夹，怀表等细节配饰展现出了民国富家公子的风流倜傥。"},{"Bounds":{"bottom":1280,"left":40,"right":720,"top":48},"Classname":"android.widget.Image","Packagename":"com.cundong.izhihu","Text":""},{"Bounds":{"bottom":50,"left":40,"right":680,"top":48},"Classname":"android.view.View","Packagename":"com.cundong.izhihu","Text":"反观现在的古装剧，个个穿的大红大紫，高调张扬，头上顶着乱七八糟的义乌发饰："},{"Bounds":{"bottom":1280,"left":40,"right":720,"top":48},"Classname":"android.widget.Image","Packagename":"com.cundong.izhihu","Text":""},{"Bounds":{"bottom":50,"left":40,"right":680,"top":48},"Classname":"android.view.View","Packagename":"com.cundong.izhihu","Text":"或者是亮瞎眼的二次元造型，画着粗平眉粗眼线，不知道的人还以为在玩 cosplay，40 集的电视剧两三个月就要杀青，怎么可能产出高质量的作品呢？"},{"Bounds":{"bottom":1280,"left":40,"right":720,"top":48},"Classname":"android.widget.Image","Packagename":"com.cundong.izhihu","Text":""},{"Bounds":{"bottom":50,"left":40,"right":680,"top":48},"Classname":"android.view.View","Packagename":"com.cundong.izhihu","Text":"如今不管是电影还是电视剧，全部都商业化了，影视剧产量多，小花小鲜肉请的多，保证了收视率，就可以赚足够的钱，艺术不再是艺术，而是迅速来钱的渠道，这样的时代真的很令人悲哀。"},{"Bounds":{"bottom":50,"left":40,"right":680,"top":48},"Classname":"android.view.View","Packagename":"com.cundong.izhihu","Text":"二、审美"},{"Bounds":{"bottom":50,"left":40,"right":680,"top":48},"Classname":"android.view.View","Packagename":"com.cundong.izhihu","Text":"以前对美人的审美是没有任何固定指标的，影视剧里的美人各有各的风韵。"},{"Bounds":{"bottom":50,"left":40,"right":680,"top":48},"Classname":"android.view.View","Packagename":"com.cundong.izhihu","Text":"有肤色偏黑气场强大的美人"},{"Bounds":{"bottom":1280,"left":40,"right":720,"top":56},"Classname":"android.widget.Image","Packagename":"com.cundong.izhihu","Text":""},{"Bounds":{"bottom":50,"left":40,"right":680,"top":48},"Classname":"android.view.View","Packagename":"com.cundong.izhihu","Text":"有脸盘圆润，充满富贵之态的美人"},{"Bounds":{"bottom":1280,"left":40,"right":720,"top":178},"Classname":"android.widget.Image","Packagename":"com.cundong.izhihu","Text":""},{"Bounds":{"bottom":50,"left":40,"right":680,"top":48},"Classname":"android.view.View","Packagename":"com.cundong.izhihu","Text":"有小脸小五官，楚楚可怜的美人"},{"Bounds":{"bottom":1280,"left":40,"right":720,"top":300},"Classname":"android.widget.Image","Packagename":"com.cundong.izhihu","Text":""},{"Bounds":{"bottom":50,"left":40,"right":680,"top":48},"Classname":"android.view.View","Packagename":"com.cundong.izhihu","Text":"也有活泼可爱，俏皮灵动的美人"},{"Bounds":{"bottom":1280,"left":40,"right":720,"top":422},"Classname":"android.widget.Image","Packagename":"com.cundong.izhihu","Text":""},{"Bounds":{"bottom":50,"left":40,"right":680,"top":48},"Classname":"android.view.View","Packagename":"com.cundong.izhihu","Text":"而如今，在荧幕上很难再见到这样的美人了，取而代之的都是清一色的小脸大眼发面脸，开到山根的眼角，直冲云霄的山根，和能夹死蚊子的欧式大双。"},{"Bounds":{"bottom":1280,"left":40,"right":720,"top":706},"Classname":"android.widget.Image","Packagename":"com.cundong.izhihu","Text":""},{"Bounds":{"bottom":120,"left":40,"right":680,"top":48},"Classname":"android.view.View","Packagename":"com.cundong.izhihu","Text":"演员的脸变得越来越不自然，僵硬的脸连正常的表情都做不了，我们又怎么能指望她们塑造一个鲜活的角色呢？"},{"Bounds":{"bottom":424,"left":40,"right":680,"top":154},"Classname":"android.view.View","Packagename":"com.cundong.izhihu","Text":"所谓的古装剧也只不过是换了身古代衣服而已，现代感十足的韩式粗平眉，粗眼线，西柚色姨妈色等口红的流行色系并没有换掉，剧情也只是从穿着现代装谈恋爱变成了穿了古装谈恋爱。"},{"Bounds":{"bottom":512,"left":40,"right":680,"top":458},"Classname":"android.view.View","Packagename":"com.cundong.izhihu","Text":"三、取景"},{"Bounds":{"bottom":708,"left":40,"right":680,"top":546},"Classname":"android.view.View","Packagename":"com.cundong.izhihu","Text":"过去和现在古装剧的取景也发生了相当大的变化，过去的古装剧全部都取自外景，非常真实。"},{"Bounds":{"bottom":904,"left":40,"right":680,"top":742},"Classname":"android.view.View","Packagename":"com.cundong.izhihu","Text":"还是以《上错花轿嫁对郎》为例，第一集为了拍仙女庙的这场大雨，剧组足足等了一个礼拜才等来了这场大雨："},{"Bounds":{"bottom":1280,"left":40,"right":720,"top":1278},"Classname":"android.widget.Image","Packagename":"com.cundong.izhihu","Text":""},{"Bounds":{"bottom":992,"left":40,"right":680,"top":938},"Classname":"android.view.View","Packagename":"com.cundong.izhihu","Text":"两位小姐远嫁时，一个南嫁林州走水路"},{"Bounds":{"bottom":1280,"left":40,"right":720,"top":1278},"Classname":"android.widget.Image","Packagename":"com.cundong.izhihu","Text":""},{"Bounds":{"bottom":1080,"left":40,"right":680,"top":1026},"Classname":"android.view.View","Packagename":"com.cundong.izhihu","Text":"一个北嫁荆州走陆路"},{"Bounds":{"bottom":1280,"left":40,"right":720,"top":1278},"Classname":"android.widget.Image","Packagename":"com.cundong.izhihu","Text":""},{"Bounds":{"bottom":1168,"left":40,"right":680,"top":1114},"Classname":"android.view.View","Packagename":"com.cundong.izhihu","Text":"这种细节也表现得非常细致。"},{"Bounds":{"bottom":1256,"left":40,"right":680,"top":1202},"Classname":"android.view.View","Packagename":"com.cundong.izhihu","Text":"林州的齐家取景自苏州园林："},{"Bounds":{"bottom":1280,"left":40,"right":720,"top":1278},"Classname":"android.widget.Image","Packagename":"com.cundong.izhihu","Text":""},{"Bounds":{"bottom":1280,"left":40,"right":680,"top":1278},"Classname":"android.view.View","Packagename":"com.cundong.izhihu","Text":"亭台楼阁，小桥流水，美不胜收。"},{"Bounds":{"bottom":1280,"left":40,"right":680,"top":1278},"Classname":"android.view.View","Packagename":"com.cundong.izhihu","Text":"而北方的军营则充满了北方的荒芜与苍凉："},{"Bounds":{"bottom":1280,"left":40,"right":720,"top":1278},"Classname":"android.widget.Image","Packagename":"com.cundong.izhihu","Text":""},{"Bounds":{"bottom":1280,"left":40,"right":680,"top":1278},"Classname":"android.view.View","Packagename":"com.cundong.izhihu","Text":"现在的剧显然没有时间也没有心境再去打磨这样一部作品了，拍摄大多数在绿棚中完成："},{"Bounds":{"bottom":1280,"left":40,"right":720,"top":1278},"Classname":"android.widget.Image","Packagename":"com.cundong.izhihu","Text":""},{"Bounds":{"bottom":1280,"left":40,"right":680,"top":1278},"Classname":"android.view.View","Packagename":"com.cundong.izhihu","Text":"然后后期一键抠图："},{"Bounds":{"bottom":1280,"left":40,"right":720,"top":1278},"Classname":"android.widget.Image","Packagename":"com.cundong.izhihu","Text":""},{"Bounds":{"bottom":1280,"left":40,"right":680,"top":1278},"Classname":"android.view.View","Packagename":"com.cundong.izhihu","Text":"再来个背景虚化"},{"Bounds":{"bottom":1280,"left":40,"right":720,"top":1278},"Classname":"android.widget.Image","Packagename":"com.cundong.izhihu","Text":""},{"Bounds":{"bottom":1280,"left":40,"right":680,"top":1278},"Classname":"android.view.View","Packagename":"com.cundong.izhihu","Text":"最后加上又廉价又假的阿宝色滤镜"},{"Bounds":{"bottom":1280,"left":40,"right":720,"top":1278},"Classname":"android.widget.Image","Packagename":"com.cundong.izhihu","Text":""},{"Bounds":{"bottom":1280,"left":40,"right":720,"top":1278},"Classname":"android.widget.Image","Packagename":"com.cundong.izhihu","Text":""},{"Bounds":{"bottom":1280,"left":40,"right":680,"top":1278},"Classname":"android.view.View","Packagename":"com.cundong.izhihu","Text":"这样就以很短的时间打造了一个又一个的快消垃圾。"},{"Bounds":{"bottom":1280,"left":40,"right":680,"top":1278},"Classname":"android.view.View","Packagename":"com.cundong.izhihu","Text":"四、演技"},{"Bounds":{"bottom":1280,"left":40,"right":680,"top":1278},"Classname":"android.view.View","Packagename":"com.cundong.izhihu","Text":"我想现在电视剧里演员的演技已经激起了观众的民愤了，其实这种现状与如今浮躁的社会脱不开干系。在以前，演员就是单纯的演员，不是什么偶像，也不是什么流量，不管是主角还是配角都是科班出身，他们不接综艺，不走红毯，不拍机场照，不混时尚圈，都在踏踏实实拍戏。"},{"Bounds":{"bottom":1280,"left":40,"right":680,"top":1278},"Classname":"android.view.View","Packagename":"com.cundong.izhihu","Text":"而如今，一切都变了，演员的门槛变得越来越低，什么阿猫阿狗都可以来拍戏，网红可以来，校花可以来，超模可以来，歌手可以来，真正受过科班教育的人也不见得能演好，现在又把大批半路出家的人加进来，作品的质量也只能是下降。"},{"Bounds":{"bottom":1280,"left":40,"right":680,"top":1278},"Classname":"android.view.View","Packagename":"com.cundong.izhihu","Text":"另外，现在活跃在影视剧中的小花小鲜肉也只能称作流量明星，还配不上演员这个称号，演戏充其量是他们的一个副业而已。可能今天在这个剧组拍戏，明天就要去录一档综艺，后天要拍广告大片，大后天要飞到巴黎去看秀，演员不能全身心投入一部剧，作品自然也好不了。"},{"Bounds":{"bottom":1280,"left":40,"right":680,"top":1278},"Classname":"android.view.View","Packagename":"com.cundong.izhihu","Text":"还有一点就是如今荧幕中满屏僵硬的塑料脸，一个人连正常人的表情都做不了，他还要去塑造其他的人物形象，表现另外一个人的喜怒哀乐，这真的是可笑至极。"},{"Bounds":{"bottom":1280,"left":40,"right":680,"top":1278},"Classname":"android.view.View","Packagename":"com.cundong.izhihu","Text":"五、价值观"},{"Bounds":{"bottom":1280,"left":40,"right":680,"top":1278},"Classname":"android.view.View","Packagename":"com.cundong.izhihu","Text":"不知道大家有没有发现现在绝大部分剧都没有什么深刻的内涵，一部剧除了谈恋爱还是谈恋爱，古装剧会有一个心系天下，没有任何缺点的大女主，剧中的男主男配都是情种，个个爱美人不爱江山，整部剧都在围着大女主团团转。所有女性都嫉妒大女主，千方百计想害死她。而到了现代剧，谈恋爱这个主基调还是不会变，明恋、暗恋三角恋，劈腿、堕胎齐上阵，看得好不热闹。"},{"Bounds":{"bottom":1280,"left":40,"right":680,"top":1278},"Classname":"android.view.View","Packagename":"com.cundong.izhihu","Text":"我认为这种剧情的存在是为了帮流量小花小鲜肉立讨人喜欢的人设罢了。"},{"Bounds":{"bottom":1280,"left":40,"right":680,"top":1278},"Classname":"android.view.View","Packagename":"com.cundong.izhihu","Text":"但这种剧在无形中会向观众输入一种错误的价值观，我们会不自觉地把自己代入象征正义与美好的大女主身上，看不到自己的任何缺点，只能看到身边人的缺点，心目中男朋友也必须是情种，有为了自己甘愿放弃一切的架势。如果一个人从小接触的就是这样的价值观的话，长此以往真的很可怕。"},{"Bounds":{"bottom":1280,"left":40,"right":680,"top":1278},"Classname":"android.view.View","Packagename":"com.cundong.izhihu","Text":"而在过去，我们几乎很少看到传递这种价值观的剧，相反地，它传递的价值观可以让一个人一生受益无穷。"},{"Bounds":{"bottom":1280,"left":40,"right":680,"top":1278},"Classname":"android.view.View","Packagename":"com.cundong.izhihu","Text":"拿《武林外传》来说，它从小事举例，告诉我们很多人生道理。"},{"Bounds":{"bottom":1280,"left":40,"right":680,"top":1278},"Classname":"android.view.View","Packagename":"com.cundong.izhihu","Text":"在中秋之夜，大家都在回忆“如果当初”，回忆完之后，掌柜的和小贝接的这几句诗也非常耐人寻味"},{"Bounds":{"bottom":1280,"left":40,"right":720,"top":1278},"Classname":"android.widget.Image","Packagename":"com.cundong.izhihu","Text":""},{"Bounds":{"bottom":1280,"left":40,"right":720,"top":1278},"Classname":"android.widget.Image","Packagename":"com.cundong.izhihu","Text":""},{"Bounds":{"bottom":1280,"left":40,"right":720,"top":1278},"Classname":"android.widget.Image","Packagename":"com.cundong.izhihu","Text":""},{"Bounds":{"bottom":1280,"left":40,"right":720,"top":1278},"Classname":"android.widget.Image","Packagename":"com.cundong.izhihu","Text":""},{"Bounds":{"bottom":1280,"left":40,"right":720,"top":1278},"Classname":"android.widget.Image","Packagename":"com.cundong.izhihu","Text":""},{"Bounds":{"bottom":1280,"left":40,"right":720,"top":1278},"Classname":"android.widget.Image","Packagename":"com.cundong.izhihu","Text":""},{"Bounds":{"bottom":1280,"left":40,"right":720,"top":1278},"Classname":"android.widget.Image","Packagename":"com.cundong.izhihu","Text":""},{"Bounds":{"bottom":1280,"left":40,"right":680,"top":1278},"Classname":"android.view.View","Packagename":"com.cundong.izhihu","Text":"儿时看过的《粉红女郎》也是一大经典，每个人物都鲜活饱满，有优点也有缺点，其实每个人都是可怜人，但却能苦中作乐，笑对人生，真的很令人动容。万人迷的金句到现在都哲理感满满："},{"Bounds":{"bottom":1280,"left":40,"right":720,"top":1278},"Classname":"android.widget.Image","Packagename":"com.cundong.izhihu","Text":""},{"Bounds":{"bottom":1280,"left":40,"right":680,"top":1278},"Classname":"android.view.View","Packagename":"com.cundong.izhihu","Text":"男人婆是我在剧中最喜欢的一个角色，我认为她是我心目中的完美女性。她聪明理性，有理想有抱负，她的愿望就是在中国建立迪士尼乐园。"},{"Bounds":{"bottom":1280,"left":40,"right":720,"top":1278},"Classname":"android.widget.Image","Packagename":"com.cundong.izhihu","Text":""},{"Bounds":{"bottom":1280,"left":40,"right":680,"top":1278},"Classname":"android.view.View","Packagename":"com.cundong.izhihu","Text":"为了她的梦想，她不停地去抓每一个可能的机会，她能忍受余露的非难，她能数次恳求史大伟看一眼她的企划书，她从未依靠任何人，她说过命运是掌握在自己手中的。尽管生活给了她很多苦难，可她依然潇洒独立，不落泪不低头，一身西装，一头齐耳短发，这才是我心目中的大女主。"},{"Bounds":{"bottom":1280,"left":40,"right":680,"top":1278},"Classname":"android.view.View","Packagename":"com.cundong.izhihu","Text":"总之，在十年之间，科技发展迅速，影视行业也发生了翻天覆地的变化，人们精神的进步跟不上物质的进步，出现了这样一个非常混乱的时期，不过我相信在不久的将来，它还会重新步入正轨。"},{"Bounds":{"bottom":1280,"left":40,"right":80,"top":1278},"Classname":"android.widget.Image","Packagename":"com.cundong.izhihu","Text":"d090d85c02b13adbb52fca73494dd0ed"},{"Bounds":{"bottom":1280,"left":90,"right":98,"top":1278},"Classname":"android.view.View","Packagename":"com.cundong.izhihu","Text":" "},{"Bounds":{"bottom":1280,"left":96,"right":186,"top":1278},"Classname":"android.view.View","Packagename":"com.cundong.izhihu","Text":"跳舞，"},{"Bounds":{"bottom":1280,"left":184,"right":194,"top":1278},"Classname":"android.view.View","Packagename":"com.cundong.izhihu","Text":" "},{"Bounds":{"bottom":1280,"left":192,"right":662,"top":1278},"Classname":"android.view.View","Packagename":"com.cundong.izhihu","Text":"是，我换头像了，咋地！是胖了，怎样！哼！"},{"Bounds":{"bottom":1280,"left":40,"right":680,"top":1278},"Classname":"android.view.View","Packagename":"com.cundong.izhihu","Text":"因为相当多的国产古装剧，艺术指导这种重要职位基本都不合格。"},{"Bounds":{"bottom":1280,"left":40,"right":680,"top":1278},"Classname":"android.view.View","Packagename":"com.cundong.izhihu","Text":"真的不是崇洋媚外，这点上，我们的剧的制作理念，落后美国二十年。"},{"Bounds":{"bottom":1280,"left":40,"right":680,"top":1278},"Classname":"android.view.View","Packagename":"com.cundong.izhihu","Text":"去年一次机会，我和原 HBO 的一位制作人一起吃饭，在平台爸爸的介绍下，聊一个项目的合作可能性。"},{"Bounds":{"bottom":1280,"left":40,"right":680,"top":1278},"Classname":"android.view.View","Packagename":"com.cundong.izhihu","Text":"对方是大咖，参与过制作太平洋战争，兄弟连，以及多部知名美剧，担任艺术指导工作。"},{"Bounds":{"bottom":1280,"left":40,"right":680,"top":1278},"Classname":"android.view.View","Packagename":"com.cundong.izhihu","Text":"我们在聊的时候，我印象最深的是关于某一个话题的探讨。"},{"Bounds":{"bottom":1280,"left":40,"right":680,"top":1278},"Classname":"android.view.View","Packagename":"com.cundong.izhihu","Text":"那是一个原本架空的故事，但是我们打算将故事的背景加载在某个历史上真实的时代。"},{"Bounds":{"bottom":1280,"left":40,"right":680,"top":1278},"Classname":"android.view.View","Packagename":"com.cundong.izhihu","Text":"然后，对方说了一番话。"},{"Bounds":{"bottom":1280,"left":40,"right":680,"top":1278},"Classname":"android.view.View","Packagename":"com.cundong.izhihu","Text":"原话我记不清了，但是大概意思是这样的，他说：那么我们就有大量的工作需要去做了！（这句我记得最清楚）,首先我们需要找一个适合这个故事发生的时代作为了背景，然后，我们需要考证和研究这个时代的历史，文化，美学，甚至是文明程度等方面，我们要打下一个锚，这个锚就打在这个时代，然后以这个锚作为时代的坐标！扩散到同时代的一切！我们的作品，在美术，道具，等等诸多方面，都要符合这个时代的特质。简单的来说，你不能在作品同时出现维多利亚时代的装束，又同时出现文艺复兴时代的工具。作品里必须展现符合那个时代的年代感，让人看了会觉得，是的，没错，这就是那个时代的东西。"},{"Bounds":{"bottom":1280,"left":40,"right":680,"top":1278},"Classname":"android.view.View","Packagename":"com.cundong.izhihu","Text":"这种思维，在他看来是最正常，也是最基本的，做一部影视剧必须要完成的基础步骤。"},{"Bounds":{"bottom":1280,"left":40,"right":680,"top":1278},"Classname":"android.view.View","Packagename":"com.cundong.izhihu","Text":"简直就如同条件反射一样的自然。"},{"Bounds":{"bottom":1280,"left":40,"right":680,"top":1278},"Classname":"android.view.View","Packagename":"com.cundong.izhihu","Text":"我们呢？"},{"Bounds":{"bottom":1280,"left":40,"right":680,"top":1278},"Classname":"android.view.View","Packagename":"com.cundong.izhihu","Text":"我们几十年前做老版三国的时候，从布景，美术，服装，道具等，还是很棒的，看上去的风格是简陋但是古朴，充满了年代感。"},{"Bounds":{"bottom":1280,"left":40,"right":680,"top":1278},"Classname":"android.view.View","Packagename":"com.cundong.izhihu","Text":"让你一看就会觉得，嗯，这应该就是东汉末年时候的那种气质。"},{"Bounds":{"bottom":1280,"left":40,"right":680,"top":1278},"Classname":"android.view.View","Packagename":"com.cundong.izhihu","Text":"然而现在的大部分古装剧呢？"},{"Bounds":{"bottom":1280,"left":40,"right":680,"top":1278},"Classname":"android.view.View","Packagename":"com.cundong.izhihu","Text":"演员的妆容也好，道具，服装，布景……你看了之后，只会觉得：嗯，好像是古代。但是仔细想的话，说它是宋朝也行，明朝也行，清朝也行，反正就是一个很模糊的东西，说是什么时代的似乎都可以成立。"},{"Bounds":{"bottom":1280,"left":40,"right":680,"top":1278},"Classname":"android.view.View","Packagename":"com.cundong.izhihu","Text":"没有做到精确的特质。"},{"Bounds":{"bottom":1280,"left":40,"right":680,"top":1278},"Classname":"android.view.View","Packagename":"com.cundong.izhihu","Text":"说是古装剧，而其实大部分是古装言情偶像剧。"},{"Bounds":{"bottom":1280,"left":40,"right":680,"top":1278},"Classname":"android.view.View","Packagename":"com.cundong.izhihu","Text":"查看知乎讨论"},{"Bounds":{"bottom":120,"left":97,"right":241,"top":71},"Classname":"android.widget.TextView","Packagename":"com.cundong.izhihu","Text":"新奇日报"},{"Bounds":{"bottom":144,"left":496,"right":608,"top":48},"Classname":"android.widget.TextView","Packagename":"com.cundong.izhihu","Text":""},{"Bounds":{"bottom":132,"left":608,"right":720,"top":60},"Classname":"android.widget.ImageView","Packagename":"com.cundong.izhihu","Text":""}],"packagename":"com.example.a10628.myapplication","width":1080}