{"events":[{"eventname":"TYPE_VIEW_SCROLLED","source":{"Bounds":{"bottom":1280,"left":0,"right":192,"top":145},"Classname":"android.widget.ListView","Packagename":"com.tmall.wireless","Text":""}},{"eventname":"TYPE_VIEW_SCROLLED","source":{"Bounds":{"bottom":1280,"left":0,"right":192,"top":145},"Classname":"android.widget.ListView","Packagename":"com.tmall.wireless","Text":""}},{"eventname":"TYPE_VIEW_SCROLLED","source":{"Bounds":{"bottom":1280,"left":0,"right":192,"top":145},"Classname":"android.widget.ListView","Packagename":"com.tmall.wireless","Text":""}}],"height":1920,"hovertime":1736,"nodes":[{"Bounds":{"bottom":144,"left":1,"right":105,"top":48},"Classname":"android.widget.TextView","Packagename":"com.tmall.wireless","Text":""},{"Bounds":{"bottom":128,"left":113,"right":603,"top":64},"Classname":"android.widget.EditText","Packagename":"com.tmall.wireless","Text":"宝宝出行必备"},{"Bounds":{"bottom":114,"left":125,"right":159,"top":77},"Classname":"android.widget.TextView","Packagename":"com.tmall.wireless","Text":""},{"Bounds":{"bottom":144,"left":616,"right":720,"top":48},"Classname":"android.widget.TextView","Packagename":"com.tmall.wireless","Text":""},{"Bounds":{"bottom":182,"left":0,"right":192,"top":145},"Classname":"android.widget.CheckedTextView","Packagename":"com.tmall.wireless","Text":"户外"},{"Bounds":{"bottom":294,"left":0,"right":192,"top":184},"Classname":"android.widget.CheckedTextView","Packagename":"com.tmall.wireless","Text":"家装"},{"Bounds":{"bottom":406,"left":0,"right":192,"top":296},"Classname":"android.widget.CheckedTextView","Packagename":"com.tmall.wireless","Text":"家纺"},{"Bounds":{"bottom":518,"left":0,"right":192,"top":408},"Classname":"android.widget.CheckedTextView","Packagename":"com.tmall.wireless","Text":"居家"},{"Bounds":{"bottom":630,"left":0,"right":192,"top":520},"Classname":"android.widget.CheckedTextView","Packagename":"com.tmall.wireless","Text":"鲜花园艺"},{"Bounds":{"bottom":742,"left":0,"right":192,"top":632},"Classname":"android.widget.CheckedTextView","Packagename":"com.tmall.wireless","Text":"配饰"},{"Bounds":{"bottom":854,"left":0,"right":192,"top":744},"Classname":"android.widget.CheckedTextView","Packagename":"com.tmall.wireless","Text":"食品"},{"Bounds":{"bottom":966,"left":0,"right":192,"top":856},"Classname":"android.widget.CheckedTextView","Packagename":"com.tmall.wireless","Text":"生鲜"},{"Bounds":{"bottom":1078,"left":0,"right":192,"top":968},"Classname":"android.widget.CheckedTextView","Packagename":"com.tmall.wireless","Text":"汽车摩托"},{"Bounds":{"bottom":1165,"left":0,"right":192,"top":1055},"Classname":"android.widget.CheckedTextView","Packagename":"com.tmall.wireless","Text":"医药"},{"Bounds":{"bottom":1277,"left":0,"right":192,"top":1167},"Classname":"android.widget.CheckedTextView","Packagename":"com.tmall.wireless","Text":"图书"},{"Bounds":{"bottom":181,"left":401,"right":513,"top":151},"Classname":"android.widget.TextView","Packagename":"com.tmall.wireless","Text":"运动潮服"},{"Bounds":{"bottom":405,"left":237,"right":333,"top":372},"Classname":"android.widget.TextView","Packagename":"com.tmall.wireless","Text":"运动羽绒"},{"Bounds":{"bottom":405,"left":409,"right":505,"top":372},"Classname":"android.widget.TextView","Packagename":"com.tmall.wireless","Text":"运动外套"},{"Bounds":{"bottom":405,"left":593,"right":665,"top":372},"Classname":"android.widget.TextView","Packagename":"com.tmall.wireless","Text":"运动裤"},{"Bounds":{"bottom":641,"left":237,"right":333,"top":608},"Classname":"android.widget.TextView","Packagename":"com.tmall.wireless","Text":"运动卫衣"},{"Bounds":{"bottom":641,"left":413,"right":500,"top":608},"Classname":"android.widget.TextView","Packagename":"com.tmall.wireless","Text":"运动T恤"},{"Bounds":{"bottom":641,"left":581,"right":677,"top":608},"Classname":"android.widget.TextView","Packagename":"com.tmall.wireless","Text":"运动套装"},{"Bounds":{"bottom":723,"left":415,"right":499,"top":684},"Classname":"android.widget.TextView","Packagename":"com.tmall.wireless","Text":"品牌墙"},{"Bounds":{"bottom":878,"left":208,"right":362,"top":738},"Classname":"android.widget.LinearLayout","Packagename":"com.tmall.wireless","Text":""},{"Bounds":{"bottom":878,"left":380,"right":534,"top":738},"Classname":"android.widget.LinearLayout","Packagename":"com.tmall.wireless","Text":""},{"Bounds":{"bottom":878,"left":552,"right":706,"top":738},"Classname":"android.widget.LinearLayout","Packagename":"com.tmall.wireless","Text":""},{"Bounds":{"bottom":1037,"left":208,"right":362,"top":897},"Classname":"android.widget.LinearLayout","Packagename":"com.tmall.wireless","Text":""},{"Bounds":{"bottom":1037,"left":380,"right":534,"top":897},"Classname":"android.widget.LinearLayout","Packagename":"com.tmall.wireless","Text":""},{"Bounds":{"bottom":1037,"left":552,"right":706,"top":897},"Classname":"android.widget.LinearLayout","Packagename":"com.tmall.wireless","Text":""},{"Bounds":{"bottom":1196,"left":208,"right":362,"top":1056},"Classname":"android.widget.LinearLayout","Packagename":"com.tmall.wireless","Text":""},{"Bounds":{"bottom":1196,"left":380,"right":534,"top":1056},"Classname":"android.widget.LinearLayout","Packagename":"com.tmall.wireless","Text":""},{"Bounds":{"bottom":1196,"left":552,"right":706,"top":1056},"Classname":"android.widget.LinearLayout","Packagename":"com.tmall.wireless","Text":""},{"Bounds":{"bottom":1280,"left":208,"right":362,"top":1215},"Classname":"android.widget.LinearLayout","Packagename":"com.tmall.wireless","Text":""},{"Bounds":{"bottom":1280,"left":380,"right":534,"top":1215},"Classname":"android.widget.LinearLayout","Packagename":"com.tmall.wireless","Text":""},{"Bounds":{"bottom":1280,"left":552,"right":706,"top":1215},"Classname":"android.widget.LinearLayout","Packagename":"com.tmall.wireless","Text":""}],"packagename":"com.example.a10628.myapplication","width":1080}