{"events":[{"eventname":"TYPE_VIEW_SCROLLED","source":{"Bounds":{"bottom":1280,"left":0,"right":720,"top":146},"Classname":"android.webkit.WebView","Packagename":"com.douban.frodo","Text":"近期热门国产剧"}}],"height":1920,"hovertime":16246,"nodes":[{"Bounds":{"bottom":144,"left":0,"right":112,"top":48},"Classname":"android.widget.ImageButton","Packagename":"com.douban.frodo","Text":""},{"Bounds":{"bottom":119,"left":144,"right":382,"top":73},"Classname":"android.widget.TextView","Packagename":"com.douban.frodo","Text":"近期热门国产剧"},{"Bounds":{"bottom":119,"left":390,"right":390,"top":73},"Classname":"android.widget.TextView","Packagename":"com.douban.frodo","Text":""},{"Bounds":{"bottom":144,"left":624,"right":720,"top":48},"Classname":"android.widget.TextView","Packagename":"com.douban.frodo","Text":""},{"Bounds":{"bottom":148,"left":30,"right":92,"top":146},"Classname":"android.view.View","Packagename":"com.douban.frodo","Text":"50 部"},{"Bounds":{"bottom":148,"left":622,"right":690,"top":146},"Classname":"android.widget.CheckBox","Packagename":"com.douban.frodo","Text":""},{"Bounds":{"bottom":148,"left":624,"right":660,"top":146},"Classname":"android.view.View","Packagename":"com.douban.frodo","Text":""},{"Bounds":{"bottom":148,"left":528,"right":606,"top":146},"Classname":"android.view.View","Packagename":"com.douban.frodo","Text":"可播放"},{"Bounds":{"bottom":148,"left":0,"right":720,"top":146},"Classname":"android.view.View","Packagename":"com.douban.frodo","Text":"结爱·千岁大人的初恋 结爱·千岁大人的初恋 7.4 2018 / 中国大陆 / 爱情 奇幻 / 陈正道 许肇任 / 宋茜 黄景瑜 宋茜真是让我意外，原声台词原来这么稳的，这次演技也进步很多，不出戏，而且最最主要的是颜值爆表😂真的好好看😍整部剧的打光还... 展开 "},{"Bounds":{"bottom":148,"left":0,"right":720,"top":146},"Classname":"android.view.View","Packagename":"com.douban.frodo","Text":"北京女子图鉴 北京女子图鉴 6.3 2018 / 中国大陆 / 剧情 / 黎志 / 戚薇 魏大勋 千万别害人，让人以为北漂是这样的！ —— 尼凤的短评 "},{"Bounds":{"bottom":148,"left":0,"right":720,"top":146},"Classname":"android.view.View","Packagename":"com.douban.frodo","Text":"泡沫之夏 泡沫之夏 5.8 2018 / 中国大陆 台湾 / 爱情 / 于中中 / 张雪迎 秦俊杰 还不如老版呢……最起码大s的气质什么的符合尹夏沫 —— 顾羲的短评 "},{"Bounds":{"bottom":148,"left":0,"right":720,"top":146},"Classname":"android.view.View","Packagename":"com.douban.frodo","Text":"全职高手 特别篇 7.1 2018 / 中国大陆 / 剧情 动画 / 阿杰 苏尚卿 我叶神好像整容失败了，脸黑了，下巴尖了，开眼角了，涂睫毛膏了，我心也凉了。 Cv没变，剧情和书里的那一段吻合，及格分吧。 更新！... 展开 "},{"Bounds":{"bottom":148,"left":0,"right":720,"top":146},"Classname":"android.view.View","Packagename":"com.douban.frodo","Text":"温暖的弦 5.5 2018 / 中国大陆 / 剧情 爱情 / 黄天仁 王子鸣 / 张翰 张钧甯 以前一直get不到张钧甯，这部剧里蛮有气质的，张翰这部剧里还挺稳的。 —— 顾詞的短评 "},{"Bounds":{"bottom":148,"left":0,"right":720,"top":146},"Classname":"android.view.View","Packagename":"com.douban.frodo","Text":"远大前程·双龙会 7.6 2018 / 中国大陆 / 剧情 动作 犯罪 / 陈熙泰 / 刘昊然 尚语贤 从余淮到白龙再到萧平旌，昊然弟弟每次剧照，都会让我相信这是这个角色该有的样子，而不是他自己。霍震霄不完美，但已足够惊艳 —— ... 展开 "},{"Bounds":{"bottom":148,"left":0,"right":720,"top":146},"Classname":"android.view.View","Packagename":"com.douban.frodo","Text":"忽而今夏 7.8 2018 / 中国大陆 / 剧情 / 吕赢 / 白宇 卜冠今 男女主都属于额越看越顺眼的类型，演技都是自然不做作。 —— 隐秘而不伟大的短评 "},{"Bounds":{"bottom":148,"left":0,"right":720,"top":146},"Classname":"android.view.View","Packagename":"com.douban.frodo","Text":"飞虎之潜行极战 6.5 2018 / 中国大陆 香港 / 剧情 动作 犯罪 / 李惠民 查传谊 李文龙 / 苗侨伟 黄宗泽 预算限制了港人的想象力。条件艰苦的时候，他们可以把心思放在剧本跟立意上，现在有钱请这么好的卡司、拍这么多的实景，他们反倒... 展开 "},{"Bounds":{"bottom":148,"left":0,"right":720,"top":146},"Classname":"android.view.View","Packagename":"com.douban.frodo","Text":"哦！我的皇帝陛下 4.8 2018 / 中国大陆 / 古装 / 高博 / 谷嘉诚 伍嘉成 冲着女主的颜去看了两集，尽管剧情演技很尴尬，但女主和男二的颜值都很高，我喜欢，男主看起来谜之刘恺威和朱一龙…… —— 浥尘尘的短评 "},{"Bounds":{"bottom":148,"left":0,"right":720,"top":146},"Classname":"android.view.View","Packagename":"com.douban.frodo","Text":"莽荒纪 3.3 2018 / 中国大陆 / 剧情 奇幻 / 黄祖权 / 刘恺威 王鸥 看了很欣慰，可以看出剧组真的有用心在了解《莽荒纪》的背景文化和人文特色，单从服化上来说，不同的身份地位、地貌天气，服饰进行... 展开 "},{"Bounds":{"bottom":148,"left":0,"right":720,"top":146},"Classname":"android.view.View","Packagename":"com.douban.frodo","Text":"小戏骨：水浒传 8.3 2018 / 中国大陆 / 剧情 儿童 动作 / 潘礼平 高翔 / 陈荣达 葛奕德 小孩子们演的还挺好的 —— 李白的短评 "},{"Bounds":{"bottom":148,"left":0,"right":720,"top":146},"Classname":"android.view.View","Packagename":"com.douban.frodo","Text":"远大前程 6.0 2018 / 中国大陆 / 剧情 / 谢泽 / 陈思诚 袁弘 上海滩弱智版《鹿鼎记》，但陈思诚猥琐油腻、装腔作势、浮夸啰嗦、让人作呕，丫丫短发尽管依旧美，却犹如送上门鲜花插牛粪上，上海滩... 展开 "},{"Bounds":{"bottom":148,"left":0,"right":720,"top":146},"Classname":"android.view.View","Packagename":"com.douban.frodo","Text":"下一站，别离 5.1 2018 / 中国大陆 / 剧情 爱情 / 潘越 / 于和伟 李小冉 哪哪儿都是bug！姐姐，你那不是洁癖！那是强迫症！！得治！还有，一个生殖科医生，你不能冻卵嘛？！美国合法代孕！！！ —— 请叫我Dr.Cl的短评 "},{"Bounds":{"bottom":148,"left":0,"right":720,"top":146},"Classname":"android.view.View","Packagename":"com.douban.frodo","Text":"动物系恋人啊 7.3 2018 / 中国大陆 / 爱情 / 瞿友宁 许玮 / 钟欣潼 贺军翔 阿娇果然是神颜啊，不过却很适合楚之河这个角色，人呀果然还是要经历要沉淀的 —— 虾饺仔的短评 "},{"Bounds":{"bottom":148,"left":0,"right":720,"top":146},"Classname":"android.view.View","Packagename":"com.douban.frodo","Text":"真爱的谎言之破冰者 真爱的谎言之破冰者 4.5 2018 / 中国大陆 / 剧情 悬疑 / 余淳 / 罗晋 潘之琳 哈哈哈哈哈哈哈哈人走了手机大方放座位上，日了狗了 —— 波点是个球的短评 "},{"Bounds":{"bottom":326,"left":0,"right":720,"top":146},"Classname":"android.view.View","Packagename":"com.douban.frodo","Text":"三国机密之潜龙在渊 6.5 2018 / 中国大陆 / 剧情 古装 / 游达志 郑伟文 / 马天宇 韩东君 服化道在线场景大气，主角演技在线 万茜姐姐太美了 没想到天宇演技那么好 —— ۶♡♡比心心的短评 "},{"Bounds":{"bottom":760,"left":0,"right":720,"top":326},"Classname":"android.view.View","Packagename":"com.douban.frodo","Text":"我才不会被女孩子欺负呢 4.2 2018 / 中国大陆 / 喜剧 爱情 / 陈鹏 / 蔡徐坤 卢洋洋 就想问问这么脑残的剧，粉丝是怎么厚着脸皮尬夸下去的，求生欲让我果断点击视频退出按钮，并马上打出了一颗星⭐ —— 刘亦宸的短评 "},{"Bounds":{"bottom":1194,"left":0,"right":720,"top":760},"Classname":"android.view.View","Packagename":"com.douban.frodo","Text":"萌妻食神 6.1 2018 / 中国大陆 / 喜剧 爱情 古装 / 赵锦焘 张进庆 / 徐志贤 种丹妮 尊贵的腾讯会员看了两集，还可以。黑风寨当家是目前最亮眼的人设！剧情节奏飞快，前两集已经破了一个案子？？？男主进可和穿越女主... 展开 "},{"Bounds":{"bottom":1260,"left":338,"right":382,"top":1216},"Classname":"android.widget.Image","Packagename":"com.douban.frodo","Text":"BgDELcVjPv4eNwAAAABJRU5ErkJggg\u003d\u003d"}],"packagename":"com.example.a10628.myapplication","width":1080}