{"events":[{"eventname":"TYPE_VIEW_SELECTED","source":{"Bounds":{"bottom":1192,"left":24,"right":694,"top":1254},"Classname":"android.widget.ProgressBar","Packagename":"com.sina.weibo","Text":""}},{"eventname":"TYPE_VIEW_SELECTED","source":{"Bounds":{"bottom":1192,"left":24,"right":694,"top":1254},"Classname":"android.widget.ProgressBar","Packagename":"com.sina.weibo","Text":""}},{"eventname":"TYPE_VIEW_SELECTED","source":{"Bounds":{"bottom":1192,"left":24,"right":694,"top":1254},"Classname":"android.widget.ProgressBar","Packagename":"com.sina.weibo","Text":""}},{"eventname":"TYPE_VIEW_SELECTED","source":{"Bounds":{"bottom":1192,"left":24,"right":694,"top":1254},"Classname":"android.widget.ProgressBar","Packagename":"com.sina.weibo","Text":""}},{"eventname":"TYPE_VIEW_SELECTED","source":{"Bounds":{"bottom":1192,"left":24,"right":694,"top":1254},"Classname":"android.widget.ProgressBar","Packagename":"com.sina.weibo","Text":""}},{"eventname":"TYPE_VIEW_SELECTED","source":{"Bounds":{"bottom":1192,"left":24,"right":694,"top":1254},"Classname":"android.widget.ProgressBar","Packagename":"com.sina.weibo","Text":""}}],"height":1920,"hovertime":94686,"nodes":[{"Bounds":{"bottom":123,"left":24,"right":88,"top":59},"Classname":"android.widget.TextView","Packagename":"com.sina.weibo","Text":"注册"},{"Bounds":{"bottom":114,"left":250,"right":318,"top":68},"Classname":"android.widget.TextView","Packagename":"com.sina.weibo","Text":"关注"},{"Bounds":{"bottom":114,"left":392,"right":460,"top":68},"Classname":"android.widget.TextView","Packagename":"com.sina.weibo","Text":"热门"},{"Bounds":{"bottom":124,"left":632,"right":696,"top":60},"Classname":"android.widget.TextView","Packagename":"com.sina.weibo","Text":"登录"},{"Bounds":{"bottom":135,"left":0,"right":0,"top":135},"Classname":"android.widget.LinearLayout","Packagename":"com.sina.weibo","Text":""},{"Bounds":{"bottom":773,"left":0,"right":-74,"top":694},"Classname":"android.widget.TextView","Packagename":"com.sina.weibo","Text":"你还没有关注的人。关注自己感兴趣的人，可在这里看到他们发布的内容。"},{"Bounds":{"bottom":895,"left":0,"right":-87,"top":803},"Classname":"android.widget.Button","Packagename":"com.sina.weibo","Text":"找感兴趣的人"},{"Bounds":{"bottom":7,"left":0,"right":620,"top":135},"Classname":"android.view.View","Packagename":"com.sina.weibo","Text":""},{"Bounds":{"bottom":64,"left":24,"right":696,"top":135},"Classname":"android.view.View","Packagename":"com.sina.weibo","Text":""},{"Bounds":{"bottom":509,"left":72,"right":126,"top":437},"Classname":"android.widget.ImageView","Packagename":"com.sina.weibo","Text":""},{"Bounds":{"bottom":492,"left":127,"right":159,"top":454},"Classname":"android.widget.TextView","Packagename":"com.sina.weibo","Text":"37"},{"Bounds":{"bottom":509,"left":312,"right":366,"top":437},"Classname":"android.widget.ImageView","Packagename":"com.sina.weibo","Text":""},{"Bounds":{"bottom":492,"left":367,"right":399,"top":454},"Classname":"android.widget.TextView","Packagename":"com.sina.weibo","Text":"79"},{"Bounds":{"bottom":509,"left":537,"right":591,"top":437},"Classname":"android.widget.ImageView","Packagename":"com.sina.weibo","Text":""},{"Bounds":{"bottom":492,"left":592,"right":653,"top":454},"Classname":"android.widget.TextView","Packagename":"com.sina.weibo","Text":"1536"},{"Bounds":{"bottom":639,"left":0,"right":470,"top":529},"Classname":"android.view.View","Packagename":"com.sina.weibo","Text":""},{"Bounds":{"bottom":868,"left":24,"right":696,"top":653},"Classname":"android.view.View","Packagename":"com.sina.weibo","Text":""},{"Bounds":{"bottom":1192,"left":56,"right":110,"top":1284},"Classname":"android.widget.ImageView","Packagename":"com.sina.weibo","Text":""},{"Bounds":{"bottom":1192,"left":111,"right":175,"top":1301},"Classname":"android.widget.TextView","Packagename":"com.sina.weibo","Text":"3326"},{"Bounds":{"bottom":1192,"left":304,"right":358,"top":1284},"Classname":"android.widget.ImageView","Packagename":"com.sina.weibo","Text":""},{"Bounds":{"bottom":1192,"left":359,"right":407,"top":1301},"Classname":"android.widget.TextView","Packagename":"com.sina.weibo","Text":"920"},{"Bounds":{"bottom":1192,"left":537,"right":591,"top":1284},"Classname":"android.widget.ImageView","Packagename":"com.sina.weibo","Text":""},{"Bounds":{"bottom":1192,"left":592,"right":653,"top":1301},"Classname":"android.widget.TextView","Packagename":"com.sina.weibo","Text":"5184"},{"Bounds":{"bottom":1192,"left":24,"right":694,"top":1254},"Classname":"android.widget.ProgressBar","Packagename":"com.sina.weibo","Text":""},{"Bounds":{"bottom":1192,"left":44,"right":181,"top":1216},"Classname":"android.widget.TextView","Packagename":"com.sina.weibo","Text":"328万次播放"},{"Bounds":{"bottom":1192,"left":629,"right":674,"top":1216},"Classname":"android.widget.TextView","Packagename":"com.sina.weibo","Text":"2:19"},{"Bounds":{"bottom":1280,"left":0,"right":144,"top":1192},"Classname":"android.view.View","Packagename":"com.sina.weibo","Text":""},{"Bounds":{"bottom":1280,"left":144,"right":288,"top":1192},"Classname":"android.view.View","Packagename":"com.sina.weibo","Text":""},{"Bounds":{"bottom":1274,"left":316,"right":404,"top":1198},"Classname":"android.widget.ImageView","Packagename":"com.sina.weibo","Text":""},{"Bounds":{"bottom":1280,"left":432,"right":576,"top":1192},"Classname":"android.view.View","Packagename":"com.sina.weibo","Text":""},{"Bounds":{"bottom":1280,"left":576,"right":720,"top":1192},"Classname":"android.view.ViewGroup","Packagename":"com.sina.weibo","Text":""}],"packagename":"com.example.a10628.myapplication","width":1080}