{"events":[{"eventname":"TYPE_VIEW_SCROLLED","source":{"Bounds":{"bottom":1280,"left":0,"right":720,"top":160},"Classname":"android.support.v7.widget.RecyclerView","Packagename":"com.justwayward.readerer","Text":""}}],"height":1920,"hovertime":5345,"nodes":[{"Bounds":{"bottom":160,"left":0,"right":112,"top":48},"Classname":"android.widget.ImageButton","Packagename":"com.justwayward.readerer","Text":""},{"Bounds":{"bottom":131,"left":120,"right":200,"top":77},"Classname":"android.widget.TextView","Packagename":"com.justwayward.readerer","Text":"详情"},{"Bounds":{"bottom":-196,"left":150,"right":358,"top":160},"Classname":"android.widget.TextView","Packagename":"com.justwayward.readerer","Text":"怼你嶶笑纯屬礼貌"},{"Bounds":{"bottom":-148,"left":150,"right":250,"top":160},"Classname":"android.widget.TextView","Packagename":"com.justwayward.readerer","Text":"9小时前"},{"Bounds":{"bottom":-19,"left":0,"right":720,"top":160},"Classname":"android.widget.TextView","Packagename":"com.justwayward.readerer","Text":"一个女孩从出生到一百岁的人生"},{"Bounds":{"bottom":43,"left":0,"right":720,"top":160},"Classname":"android.widget.TextView","Packagename":"com.justwayward.readerer","Text":"一人写一岁"},{"Bounds":{"bottom":126,"left":30,"right":118,"top":160},"Classname":"android.widget.TextView","Packagename":"com.justwayward.readerer","Text":"同感"},{"Bounds":{"bottom":261,"left":0,"right":720,"top":163},"Classname":"android.widget.TextView","Packagename":"com.justwayward.readerer","Text":"共11条评论"},{"Bounds":{"bottom":327,"left":120,"right":182,"top":291},"Classname":"android.widget.TextView","Packagename":"com.justwayward.readerer","Text":"11楼 "},{"Bounds":{"bottom":327,"left":182,"right":260,"top":291},"Classname":"android.widget.TextView","Packagename":"com.justwayward.readerer","Text":"弑神枪"},{"Bounds":{"bottom":327,"left":260,"right":306,"top":291},"Classname":"android.widget.TextView","Packagename":"com.justwayward.readerer","Text":" lv.9"},{"Bounds":{"bottom":327,"left":597,"right":690,"top":291},"Classname":"android.widget.TextView","Packagename":"com.justwayward.readerer","Text":"8小时前"},{"Bounds":{"bottom":375,"left":120,"right":192,"top":337},"Classname":"android.widget.TextView","Packagename":"com.justwayward.readerer","Text":"8岁卒"},{"Bounds":{"bottom":472,"left":120,"right":182,"top":436},"Classname":"android.widget.TextView","Packagename":"com.justwayward.readerer","Text":"10楼 "},{"Bounds":{"bottom":472,"left":182,"right":286,"top":436},"Classname":"android.widget.TextView","Packagename":"com.justwayward.readerer","Text":"怀念飒沓"},{"Bounds":{"bottom":472,"left":286,"right":332,"top":436},"Classname":"android.widget.TextView","Packagename":"com.justwayward.readerer","Text":" lv.8"},{"Bounds":{"bottom":472,"left":597,"right":690,"top":436},"Classname":"android.widget.TextView","Packagename":"com.justwayward.readerer","Text":"8小时前"},{"Bounds":{"bottom":553,"left":120,"right":690,"top":482},"Classname":"android.widget.TextView","Packagename":"com.justwayward.readerer","Text":"7岁获得大机缘，得到世界上最强的剑，但不会用"},{"Bounds":{"bottom":650,"left":120,"right":167,"top":614},"Classname":"android.widget.TextView","Packagename":"com.justwayward.readerer","Text":"9楼 "},{"Bounds":{"bottom":650,"left":167,"right":271,"top":614},"Classname":"android.widget.TextView","Packagename":"com.justwayward.readerer","Text":"对眠渔火"},{"Bounds":{"bottom":650,"left":271,"right":332,"top":614},"Classname":"android.widget.TextView","Packagename":"com.justwayward.readerer","Text":" lv.10"},{"Bounds":{"bottom":650,"left":597,"right":690,"top":614},"Classname":"android.widget.TextView","Packagename":"com.justwayward.readerer","Text":"8小时前"},{"Bounds":{"bottom":698,"left":120,"right":388,"top":660},"Classname":"android.widget.TextView","Packagename":"com.justwayward.readerer","Text":"6岁得到最强装逼系统"},{"Bounds":{"bottom":795,"left":120,"right":167,"top":759},"Classname":"android.widget.TextView","Packagename":"com.justwayward.readerer","Text":"8楼 "},{"Bounds":{"bottom":795,"left":167,"right":323,"top":759},"Classname":"android.widget.TextView","Packagename":"com.justwayward.readerer","Text":"鸭梨山大伯爵"},{"Bounds":{"bottom":795,"left":323,"right":384,"top":759},"Classname":"android.widget.TextView","Packagename":"com.justwayward.readerer","Text":" lv.10"},{"Bounds":{"bottom":795,"left":597,"right":690,"top":759},"Classname":"android.widget.TextView","Packagename":"com.justwayward.readerer","Text":"8小时前"},{"Bounds":{"bottom":843,"left":120,"right":416,"top":805},"Classname":"android.widget.TextView","Packagename":"com.justwayward.readerer","Text":"5岁她爱上了隔壁班小明"},{"Bounds":{"bottom":940,"left":120,"right":167,"top":904},"Classname":"android.widget.TextView","Packagename":"com.justwayward.readerer","Text":"7楼 "},{"Bounds":{"bottom":940,"left":167,"right":389,"top":904},"Classname":"android.widget.TextView","Packagename":"com.justwayward.readerer","Text":"人间五月天（冲刺）"},{"Bounds":{"bottom":940,"left":389,"right":435,"top":904},"Classname":"android.widget.TextView","Packagename":"com.justwayward.readerer","Text":" lv.9"},{"Bounds":{"bottom":940,"left":597,"right":690,"top":904},"Classname":"android.widget.TextView","Packagename":"com.justwayward.readerer","Text":"8小时前"},{"Bounds":{"bottom":988,"left":120,"right":633,"top":950},"Classname":"android.widget.TextView","Packagename":"com.justwayward.readerer","Text":"4岁开始上幼儿园了，开始苦逼的读书生涯"},{"Bounds":{"bottom":1085,"left":120,"right":167,"top":1049},"Classname":"android.widget.TextView","Packagename":"com.justwayward.readerer","Text":"6楼 "},{"Bounds":{"bottom":1085,"left":167,"right":219,"top":1049},"Classname":"android.widget.TextView","Packagename":"com.justwayward.readerer","Text":"阿仇"},{"Bounds":{"bottom":1085,"left":219,"right":265,"top":1049},"Classname":"android.widget.TextView","Packagename":"com.justwayward.readerer","Text":" lv.9"},{"Bounds":{"bottom":1085,"left":597,"right":690,"top":1049},"Classname":"android.widget.TextView","Packagename":"com.justwayward.readerer","Text":"8小时前"},{"Bounds":{"bottom":1133,"left":120,"right":521,"top":1095},"Classname":"android.widget.TextView","Packagename":"com.justwayward.readerer","Text":"3岁被秋月孝三捡到了，取名爱莉"},{"Bounds":{"bottom":1230,"left":120,"right":167,"top":1194},"Classname":"android.widget.TextView","Packagename":"com.justwayward.readerer","Text":"5楼 "},{"Bounds":{"bottom":1230,"left":167,"right":274,"top":1194},"Classname":"android.widget.TextView","Packagename":"com.justwayward.readerer","Text":"木桐miss"},{"Bounds":{"bottom":1230,"left":274,"right":320,"top":1194},"Classname":"android.widget.TextView","Packagename":"com.justwayward.readerer","Text":" lv.9"},{"Bounds":{"bottom":1230,"left":597,"right":690,"top":1194},"Classname":"android.widget.TextView","Packagename":"com.justwayward.readerer","Text":"9小时前"},{"Bounds":{"bottom":1278,"left":120,"right":283,"top":1240},"Classname":"android.widget.TextView","Packagename":"com.justwayward.readerer","Text":"2岁会蹦了😂"}],"packagename":"com.example.a10628.myapplication","width":1080}