{"events":[{"eventname":"TYPE_VIEW_SCROLLED","source":{"Bounds":{"bottom":1184,"left":0,"right":720,"top":48},"Classname":"android.support.v7.widget.RecyclerView","Packagename":"com.tmall.wireless","Text":""}}],"height":1920,"hovertime":2134,"nodes":[{"Bounds":{"bottom":39,"left":312,"right":408,"top":48},"Classname":"android.widget.TextView","Packagename":"com.tmall.wireless","Text":"下拉刷新"},{"Bounds":{"bottom":-133,"left":158,"right":522,"top":48},"Classname":"android.widget.TextView","Packagename":"com.tmall.wireless","Text":"Motorola 摩托罗拉"},{"Bounds":{"bottom":-89,"left":192,"right":522,"top":48},"Classname":"android.widget.TextView","Packagename":"com.tmall.wireless","Text":"美国 | 定义模块化手机"},{"Bounds":{"bottom":-114,"left":542,"right":670,"top":48},"Classname":"android.widget.TextView","Packagename":"com.tmall.wireless","Text":"进入品牌"},{"Bounds":{"bottom":249,"left":30,"right":210,"top":185},"Classname":"android.widget.TextView","Packagename":"com.tmall.wireless","Text":"摩托罗拉对讲机SMP418民用50公里户外机电台手台大功率对讲器迷你"},{"Bounds":{"bottom":287,"left":30,"right":96,"top":254},"Classname":"android.widget.TextView","Packagename":"com.tmall.wireless","Text":"￥360"},{"Bounds":{"bottom":249,"left":253,"right":433,"top":185},"Classname":"android.widget.TextView","Packagename":"com.tmall.wireless","Text":"摩托罗拉对讲机T6 商务办公餐厅吧台专柜小型对讲机【送延保】"},{"Bounds":{"bottom":287,"left":253,"right":318,"top":254},"Classname":"android.widget.TextView","Packagename":"com.tmall.wireless","Text":"￥299"},{"Bounds":{"bottom":249,"left":476,"right":656,"top":185},"Classname":"android.widget.TextView","Packagename":"com.tmall.wireless","Text":"摩托罗拉对讲机T8 商务办公餐厅功率对讲手持机民用手台免执照"},{"Bounds":{"bottom":287,"left":476,"right":542,"top":254},"Classname":"android.widget.TextView","Packagename":"com.tmall.wireless","Text":"￥499"},{"Bounds":{"bottom":482,"left":158,"right":522,"top":430},"Classname":"android.widget.TextView","Packagename":"com.tmall.wireless","Text":"Philips 飞利浦"},{"Bounds":{"bottom":526,"left":192,"right":522,"top":482},"Classname":"android.widget.TextView","Packagename":"com.tmall.wireless","Text":"荷兰 | 飞利浦创新为你"},{"Bounds":{"bottom":501,"left":542,"right":670,"top":455},"Classname":"android.widget.TextView","Packagename":"com.tmall.wireless","Text":"进入品牌"},{"Bounds":{"bottom":865,"left":30,"right":210,"top":801},"Classname":"android.widget.TextView","Packagename":"com.tmall.wireless","Text":"飞利浦欧标插排 德标接线板 欧洲德国巴厘岛韩国法国旅游转换插座"},{"Bounds":{"bottom":903,"left":30,"right":103,"top":870},"Classname":"android.widget.TextView","Packagename":"com.tmall.wireless","Text":"￥68.8"},{"Bounds":{"bottom":865,"left":253,"right":433,"top":801},"Classname":"android.widget.TextView","Packagename":"com.tmall.wireless","Text":"飞利浦7158 24V150W三丰投影仪灯泡设备显微镜卤素灯珠仪器无影灯"},{"Bounds":{"bottom":903,"left":253,"right":323,"top":870},"Classname":"android.widget.TextView","Packagename":"com.tmall.wireless","Text":"￥16.5"},{"Bounds":{"bottom":865,"left":476,"right":656,"top":801},"Classname":"android.widget.TextView","Packagename":"com.tmall.wireless","Text":"飞利浦卤素米泡 7748 XHP 24V 250W手术无影灯冷光源卤钨灯泡"},{"Bounds":{"bottom":903,"left":476,"right":525,"top":870},"Classname":"android.widget.TextView","Packagename":"com.tmall.wireless","Text":"￥18"},{"Bounds":{"bottom":1098,"left":158,"right":522,"top":1046},"Classname":"android.widget.TextView","Packagename":"com.tmall.wireless","Text":"LG"},{"Bounds":{"bottom":1142,"left":192,"right":522,"top":1098},"Classname":"android.widget.TextView","Packagename":"com.tmall.wireless","Text":"韩国 | 天然养生之道"},{"Bounds":{"bottom":1117,"left":542,"right":670,"top":1071},"Classname":"android.widget.TextView","Packagename":"com.tmall.wireless","Text":"进入品牌"},{"Bounds":{"bottom":1184,"left":30,"right":210,"top":1417},"Classname":"android.widget.TextView","Packagename":"com.tmall.wireless","Text":"LG竹盐清新源清竹雅香牙膏150g清新口气固齿防蛀"},{"Bounds":{"bottom":1184,"left":30,"right":100,"top":1486},"Classname":"android.widget.TextView","Packagename":"com.tmall.wireless","Text":"￥10.7"},{"Bounds":{"bottom":1184,"left":253,"right":433,"top":1417},"Classname":"android.widget.TextView","Packagename":"com.tmall.wireless","Text":"LG竹盐 牙膏 固齿源115g 双重固齿成份 双重健康安心"},{"Bounds":{"bottom":1184,"left":253,"right":312,"top":1486},"Classname":"android.widget.TextView","Packagename":"com.tmall.wireless","Text":"￥8.5"},{"Bounds":{"bottom":1184,"left":476,"right":656,"top":1417},"Classname":"android.widget.TextView","Packagename":"com.tmall.wireless","Text":"LG竹盐精品保湿香皂110g 天然草本精华保湿水嫩"},{"Bounds":{"bottom":1184,"left":476,"right":535,"top":1486},"Classname":"android.widget.TextView","Packagename":"com.tmall.wireless","Text":"￥9.8"},{"Bounds":{"bottom":120,"left":30,"right":74,"top":76},"Classname":"android.widget.TextView","Packagename":"com.tmall.wireless","Text":""},{"Bounds":{"bottom":120,"left":324,"right":396,"top":70},"Classname":"android.widget.TextView","Packagename":"com.tmall.wireless","Text":"品牌"},{"Bounds":{"bottom":120,"left":658,"right":720,"top":48},"Classname":"android.widget.TextView","Packagename":"com.tmall.wireless","Text":""},{"Bounds":{"bottom":1174,"left":602,"right":694,"top":1082},"Classname":"android.widget.ImageView","Packagename":"com.tmall.wireless","Text":""},{"Bounds":{"bottom":1280,"left":0,"right":144,"top":1184},"Classname":"android.view.View","Packagename":"com.tmall.wireless","Text":""},{"Bounds":{"bottom":1243,"left":45,"right":99,"top":1189},"Classname":"android.widget.TextView","Packagename":"com.tmall.wireless","Text":""},{"Bounds":{"bottom":1270,"left":52,"right":92,"top":1243},"Classname":"android.widget.TextView","Packagename":"com.tmall.wireless","Text":"精选"},{"Bounds":{"bottom":1280,"left":144,"right":288,"top":1184},"Classname":"android.view.View","Packagename":"com.tmall.wireless","Text":""},{"Bounds":{"bottom":1243,"left":189,"right":243,"top":1189},"Classname":"android.widget.TextView","Packagename":"com.tmall.wireless","Text":""},{"Bounds":{"bottom":1270,"left":196,"right":236,"top":1243},"Classname":"android.widget.TextView","Packagename":"com.tmall.wireless","Text":"品牌"},{"Bounds":{"bottom":1280,"left":288,"right":432,"top":1184},"Classname":"android.view.View","Packagename":"com.tmall.wireless","Text":""},{"Bounds":{"bottom":1243,"left":333,"right":387,"top":1189},"Classname":"android.widget.TextView","Packagename":"com.tmall.wireless","Text":""},{"Bounds":{"bottom":1270,"left":340,"right":380,"top":1243},"Classname":"android.widget.TextView","Packagename":"com.tmall.wireless","Text":"会员"},{"Bounds":{"bottom":1280,"left":432,"right":576,"top":1184},"Classname":"android.view.View","Packagename":"com.tmall.wireless","Text":""},{"Bounds":{"bottom":1243,"left":477,"right":531,"top":1189},"Classname":"android.widget.TextView","Packagename":"com.tmall.wireless","Text":""},{"Bounds":{"bottom":1270,"left":474,"right":534,"top":1243},"Classname":"android.widget.TextView","Packagename":"com.tmall.wireless","Text":"购物车"},{"Bounds":{"bottom":1280,"left":576,"right":720,"top":1184},"Classname":"android.view.View","Packagename":"com.tmall.wireless","Text":""},{"Bounds":{"bottom":1243,"left":621,"right":675,"top":1189},"Classname":"android.widget.TextView","Packagename":"com.tmall.wireless","Text":""},{"Bounds":{"bottom":1270,"left":638,"right":658,"top":1243},"Classname":"android.widget.TextView","Packagename":"com.tmall.wireless","Text":"我"}],"packagename":"com.example.a10628.myapplication","width":1080}