{"events":[{"eventname":"TYPE_VIEW_SCROLLED","source":{"Bounds":{"bottom":1280,"left":208,"right":706,"top":151},"Classname":"android.widget.ListView","Packagename":"com.tmall.wireless","Text":""}},{"eventname":"TYPE_VIEW_SCROLLED","source":{"Bounds":{"bottom":1280,"left":208,"right":706,"top":151},"Classname":"android.widget.ListView","Packagename":"com.tmall.wireless","Text":""}}],"height":1920,"hovertime":2103,"nodes":[{"Bounds":{"bottom":144,"left":1,"right":105,"top":48},"Classname":"android.widget.TextView","Packagename":"com.tmall.wireless","Text":""},{"Bounds":{"bottom":128,"left":113,"right":603,"top":64},"Classname":"android.widget.EditText","Packagename":"com.tmall.wireless","Text":"宝宝出行必备"},{"Bounds":{"bottom":114,"left":125,"right":159,"top":77},"Classname":"android.widget.TextView","Packagename":"com.tmall.wireless","Text":""},{"Bounds":{"bottom":144,"left":616,"right":720,"top":48},"Classname":"android.widget.TextView","Packagename":"com.tmall.wireless","Text":""},{"Bounds":{"bottom":225,"left":0,"right":192,"top":145},"Classname":"android.widget.CheckedTextView","Packagename":"com.tmall.wireless","Text":"手机"},{"Bounds":{"bottom":337,"left":0,"right":192,"top":227},"Classname":"android.widget.CheckedTextView","Packagename":"com.tmall.wireless","Text":"数码"},{"Bounds":{"bottom":449,"left":0,"right":192,"top":339},"Classname":"android.widget.CheckedTextView","Packagename":"com.tmall.wireless","Text":"家电"},{"Bounds":{"bottom":561,"left":0,"right":192,"top":451},"Classname":"android.widget.CheckedTextView","Packagename":"com.tmall.wireless","Text":"美妆"},{"Bounds":{"bottom":673,"left":0,"right":192,"top":563},"Classname":"android.widget.CheckedTextView","Packagename":"com.tmall.wireless","Text":"箱包"},{"Bounds":{"bottom":785,"left":0,"right":192,"top":675},"Classname":"android.widget.CheckedTextView","Packagename":"com.tmall.wireless","Text":"运动"},{"Bounds":{"bottom":897,"left":0,"right":192,"top":787},"Classname":"android.widget.CheckedTextView","Packagename":"com.tmall.wireless","Text":"户外"},{"Bounds":{"bottom":1009,"left":0,"right":192,"top":899},"Classname":"android.widget.CheckedTextView","Packagename":"com.tmall.wireless","Text":"家装"},{"Bounds":{"bottom":1121,"left":0,"right":192,"top":1011},"Classname":"android.widget.CheckedTextView","Packagename":"com.tmall.wireless","Text":"家纺"},{"Bounds":{"bottom":1233,"left":0,"right":192,"top":1123},"Classname":"android.widget.CheckedTextView","Packagename":"com.tmall.wireless","Text":"居家"},{"Bounds":{"bottom":1280,"left":0,"right":192,"top":1235},"Classname":"android.widget.CheckedTextView","Packagename":"com.tmall.wireless","Text":"鲜花园艺"},{"Bounds":{"bottom":250,"left":249,"right":321,"top":217},"Classname":"android.widget.TextView","Packagename":"com.tmall.wireless","Text":"跑步机"},{"Bounds":{"bottom":250,"left":421,"right":493,"top":217},"Classname":"android.widget.TextView","Packagename":"com.tmall.wireless","Text":"踏步机"},{"Bounds":{"bottom":250,"left":593,"right":665,"top":217},"Classname":"android.widget.TextView","Packagename":"com.tmall.wireless","Text":"自行车"},{"Bounds":{"bottom":486,"left":249,"right":321,"top":453},"Classname":"android.widget.TextView","Packagename":"com.tmall.wireless","Text":"运动包"},{"Bounds":{"bottom":486,"left":409,"right":505,"top":453},"Classname":"android.widget.TextView","Packagename":"com.tmall.wireless","Text":"游泳运动"},{"Bounds":{"bottom":486,"left":581,"right":677,"top":453},"Classname":"android.widget.TextView","Packagename":"com.tmall.wireless","Text":"轮滑运动"},{"Bounds":{"bottom":722,"left":237,"right":333,"top":689},"Classname":"android.widget.TextView","Packagename":"com.tmall.wireless","Text":"瑜伽舞蹈"},{"Bounds":{"bottom":722,"left":409,"right":505,"top":689},"Classname":"android.widget.TextView","Packagename":"com.tmall.wireless","Text":"运动护具"},{"Bounds":{"bottom":722,"left":593,"right":665,"top":689},"Classname":"android.widget.TextView","Packagename":"com.tmall.wireless","Text":"羽毛球"},{"Bounds":{"bottom":958,"left":249,"right":321,"top":925},"Classname":"android.widget.TextView","Packagename":"com.tmall.wireless","Text":"高尔夫"},{"Bounds":{"bottom":958,"left":433,"right":481,"top":925},"Classname":"android.widget.TextView","Packagename":"com.tmall.wireless","Text":"篮球"},{"Bounds":{"bottom":958,"left":605,"right":653,"top":925},"Classname":"android.widget.TextView","Packagename":"com.tmall.wireless","Text":"足球"},{"Bounds":{"bottom":1194,"left":261,"right":309,"top":1161},"Classname":"android.widget.TextView","Packagename":"com.tmall.wireless","Text":"网球"},{"Bounds":{"bottom":1194,"left":421,"right":493,"top":1161},"Classname":"android.widget.TextView","Packagename":"com.tmall.wireless","Text":"乒乓球"},{"Bounds":{"bottom":1194,"left":581,"right":677,"top":1161},"Classname":"android.widget.TextView","Packagename":"com.tmall.wireless","Text":"麻将棋牌"},{"Bounds":{"bottom":1280,"left":261,"right":309,"top":1397},"Classname":"android.widget.TextView","Packagename":"com.tmall.wireless","Text":"台球"},{"Bounds":{"bottom":1280,"left":421,"right":493,"top":1397},"Classname":"android.widget.TextView","Packagename":"com.tmall.wireless","Text":"跳舞毯"},{"Bounds":{"bottom":1280,"left":565,"right":692,"top":1397},"Classname":"android.widget.TextView","Packagename":"com.tmall.wireless","Text":"跆拳道/武术"}],"packagename":"com.example.a10628.myapplication","width":1080}