{"events":[{"eventname":"TYPE_VIEW_SCROLLED","source":{"Bounds":{"bottom":1280,"left":0,"right":720,"top":146},"Classname":"android.webkit.WebView","Packagename":"com.douban.frodo","Text":""}}],"height":1920,"hovertime":10242,"nodes":[{"Bounds":{"bottom":144,"left":0,"right":112,"top":48},"Classname":"android.widget.ImageButton","Packagename":"com.douban.frodo","Text":""},{"Bounds":{"bottom":119,"left":145,"right":213,"top":73},"Classname":"android.widget.TextView","Packagename":"com.douban.frodo","Text":"影评"},{"Bounds":{"bottom":119,"left":360,"right":360,"top":73},"Classname":"android.widget.TextView","Packagename":"com.douban.frodo","Text":""},{"Bounds":{"bottom":130,"left":402,"right":500,"top":62},"Classname":"android.view.View","Packagename":"com.douban.frodo","Text":""},{"Bounds":{"bottom":85,"left":584,"right":604,"top":60},"Classname":"android.widget.TextView","Packagename":"com.douban.frodo","Text":"27"},{"Bounds":{"bottom":144,"left":624,"right":720,"top":48},"Classname":"android.widget.TextView","Packagename":"com.douban.frodo","Text":""},{"Bounds":{"bottom":150,"left":30,"right":690,"top":148},"Classname":"android.view.View","Packagename":"com.douban.frodo","Text":"电影《霸王别姬》 《霸王别姬》最后程蝶衣为什么选择自刎？ 42640人浏览 · 17篇文章 去话题页 "},{"Bounds":{"bottom":150,"left":50,"right":670,"top":148},"Classname":"android.view.View","Packagename":"com.douban.frodo","Text":"一剑了却余生愿，世间再无程蝶衣｜霸王别姬"},{"Bounds":{"bottom":150,"left":50,"right":130,"top":148},"Classname":"android.view.View","Packagename":"com.douban.frodo","Text":"171277254"},{"Bounds":{"bottom":150,"left":146,"right":172,"top":148},"Classname":"android.view.View","Packagename":"com.douban.frodo","Text":"思"},{"Bounds":{"bottom":150,"left":172,"right":206,"top":148},"Classname":"android.view.View","Packagename":"com.douban.frodo","Text":" 的"},{"Bounds":{"bottom":150,"left":204,"right":258,"top":148},"Classname":"android.view.View","Packagename":"com.douban.frodo","Text":"影评"},{"Bounds":{"bottom":150,"left":146,"right":670,"top":148},"Classname":"android.view.View","Packagename":"com.douban.frodo","Text":"2018-01-16看过"},{"Bounds":{"bottom":150,"left":50,"right":670,"top":148},"Classname":"android.view.View","Packagename":"com.douban.frodo","Text":"两个终生遁着霸王去的女人，最终是姬别霸王。只因虞姬是真虞姬，霸王是假霸王。"},{"Bounds":{"bottom":150,"left":50,"right":670,"top":148},"Classname":"android.view.View","Packagename":"com.douban.frodo","Text":"三个小时漆黑黑地在家读完了电影，还没看完原著。但想来李碧华是赢不过陈凯歌的。从《青蛇》到《霸王别姬》，李碧华写男女情爱到妖冶极致，写男女欢愉到眉间尽头，却写不赢爱情之外。陈凯歌与徐克，便是在里面加了一丝人性，便在极致之外有了厚度。于是从水面泛起了滔天巨浪，艳绝凄迷的泪，发酵成暗流汹涌。"},{"Bounds":{"bottom":150,"left":50,"right":670,"top":148},"Classname":"android.view.View","Packagename":"com.douban.frodo","Text":"“婊子无情,戏子无义。 婊子合该在床上有情,戏子只能在台上有义。”此为《霸王别姬》原著开篇。然而程蝶衣演了一辈子的戏，却比谁都重义，只因身在戏中，人在戏中，他的一生，没有一时一刻下场，处处都是台上。菊仙是烟花之地的头牌，却比谁都重情。只因上了这人的床，也再没下来过。"},{"Bounds":{"bottom":150,"left":50,"right":670,"top":148},"Classname":"android.view.View","Packagename":"com.douban.frodo","Text":"而最不重情谊的，恐是那弯下男人的背脊，如折了的钢。"},{"Bounds":{"bottom":150,"left":50,"right":670,"top":148},"Classname":"android.widget.Image","Packagename":"com.douban.frodo","Text":"p1198138"},{"Bounds":{"bottom":150,"left":50,"right":670,"top":148},"Classname":"android.view.View","Packagename":"com.douban.frodo","Text":"一生风华绝代，一生从一而终"},{"Bounds":{"bottom":150,"left":50,"right":670,"top":148},"Classname":"android.view.View","Packagename":"com.douban.frodo","Text":"——“咱们什么时候才能成角儿呀？”"},{"Bounds":{"bottom":150,"left":50,"right":670,"top":148},"Classname":"android.view.View","Packagename":"com.douban.frodo","Text":"和小癞子偷跑出去，看着台上风华绝代的角儿，想着这些年的皮肉之苦，稚嫩的脸上泪流满面，这是小豆子第一个愿，这愿成了。"},{"Bounds":{"bottom":198,"left":50,"right":670,"top":148},"Classname":"android.view.View","Packagename":"com.douban.frodo","Text":"——“师哥,我准送你这把剑”"},{"Bounds":{"bottom":308,"left":50,"right":670,"top":248},"Classname":"android.view.View","Packagename":"com.douban.frodo","Text":"小楼的一句玩笑话，蝶衣惦记了一辈子。"},{"Bounds":{"bottom":658,"left":50,"right":670,"top":358},"Classname":"android.view.View","Packagename":"com.douban.frodo","Text":"电影里，霸王说：要是有这把剑早就把刘邦砍了，到时候当上了皇上,那你就是正宫娘娘了。蝶衣一愣，“师哥,我准送你这把剑。”为了一句玩笑话似的许诺，这叫什么许诺？他一生遍寻此剑。"},{"Bounds":{"bottom":1248,"left":50,"right":670,"top":708},"Classname":"android.view.View","Packagename":"com.douban.frodo","Text":"原著里还要更单纯。新年时，小霸王路过街边的橱窗，“要有这把剑，那才是真霸王了！”小蝶衣握着手里不到一两银子，“师哥，我准送你这把剑。”“嗨，我就随便说说，你还当真了，这剑要一百两，咱们俩人都不值那么多钱！”“我准送你这把剑。”他的眼神都要穿进剑里，剑刻在心里。这是小豆子第二个愿，哀只哀你坚守的一辈子，只是他一句不经心。"},{"Bounds":{"bottom":1280,"left":50,"right":670,"top":1280},"Classname":"android.widget.Image","Packagename":"com.douban.frodo","Text":"p1198194"},{"Bounds":{"bottom":1280,"left":50,"right":670,"top":1280},"Classname":"android.view.View","Packagename":"com.douban.frodo","Text":""},{"Bounds":{"bottom":1280,"left":50,"right":670,"top":1280},"Classname":"android.view.View","Packagename":"com.douban.frodo","Text":"一生心死梦碎，一生至死不渝"},{"Bounds":{"bottom":1280,"left":50,"right":670,"top":1280},"Classname":"android.view.View","Packagename":"com.douban.frodo","Text":"——“什么是从一而终。从一而终说的是一辈子。少了一年，一个月，一天，一个时辰，都不算一辈子。”"},{"Bounds":{"bottom":1280,"left":50,"right":670,"top":1280},"Classname":"android.view.View","Packagename":"com.douban.frodo","Text":"年幼时小豆子终于知道，娘不会回来接他了。但没关系，他有师哥。乱世红尘中，只心系这一人。你说是爱情吗，恐怕不止是爱情了。幼时数次的挺身而出与良久陪伴，那些积年累月挨的板子，台上台下眉眼流转，风风雨雨漂泊的路，都是心里的枝枝桠桠，藤藤蔓蔓。如腾蛇绕树，虞姬绕着霸王。"},{"Bounds":{"bottom":1280,"left":50,"right":670,"top":1280},"Classname":"android.view.View","Packagename":"com.douban.frodo","Text":"本以为好好唱一辈子戏，而他要娶菊仙了。从一而终，这个一，没有终了。这是蝶衣第一次破碎。"},{"Bounds":{"bottom":1280,"left":50,"right":670,"top":1280},"Classname":"android.view.View","Packagename":"com.douban.frodo","Text":"——“你给日本人唱戏了？”"},{"Bounds":{"bottom":1280,"left":50,"right":670,"top":1280},"Classname":"android.view.View","Packagename":"com.douban.frodo","Text":"心急如焚地去救段小楼，本以为自此后再度相依，却被出狱的他啐了一口。这是蝶衣第二次破碎。"},{"Bounds":{"bottom":1280,"left":50,"right":670,"top":1280},"Classname":"android.view.View","Packagename":"com.douban.frodo","Text":"——“这是小楼写给你的，你看看吧。”"},{"Bounds":{"bottom":1280,"left":50,"right":670,"top":1280},"Classname":"android.view.View","Packagename":"com.douban.frodo","Text":"在狱中，看见段小楼亲笔书信，写着今后再不一同唱戏了。程蝶衣但觉余生无可眷恋，便在法庭上说，你们枪毙我吧。这是蝶衣第三次破碎。"},{"Bounds":{"bottom":1280,"left":50,"right":670,"top":1280},"Classname":"android.view.View","Packagename":"com.douban.frodo","Text":"——“这么弄，就不是京戏了。”"},{"Bounds":{"bottom":1280,"left":50,"right":670,"top":1280},"Classname":"android.view.View","Packagename":"com.douban.frodo","Text":"被收养的小四至终都不知道当初是蝶衣把他从寒寒冬日抱了回去，反逼蝶衣下戏台。不让他唱戏，是要了他的命。这是蝶衣第四次破碎。"},{"Bounds":{"bottom":1280,"left":50,"right":670,"top":1280},"Classname":"android.view.View","Packagename":"com.douban.frodo","Text":"——“你们都骗我。我揭发，我揭发！我揭发断壁残垣，我揭发姹紫嫣红。”"},{"Bounds":{"bottom":1280,"left":50,"right":670,"top":1280},"Classname":"android.view.View","Packagename":"com.douban.frodo","Text":"眼看着段小楼刚直一生，在红卫兵面前苟延残喘。他揭发蝶衣，揭发菊仙，揭发过往的一切。混沌着，撕开两个女人最疼痛的伤口，以求苟活。那一刻，这一生的大戏大梦，轰然坍塌。纵知霸王本是假霸王，这一刻却连遮掩的戏衣，都不复在。"},{"Bounds":{"bottom":1280,"left":50,"right":670,"top":1280},"Classname":"android.view.View","Packagename":"com.douban.frodo","Text":"两个女人不能割舍也不愿的，是心里的霸王，不是他段小楼。纵千般往事，多少委屈，都为情义二字矢志不渝。到头来却终究发现，哪到论得甚么爱？单单只盼你留一缕坚持，讲一份情义，你也做不到。只剩一副人皮了。"},{"Bounds":{"bottom":1280,"left":50,"right":670,"top":1280},"Classname":"android.view.View","Packagename":"com.douban.frodo","Text":"菊仙失望至极的眼神，蝶衣发疯癫狂的揭发。可即便失落如斯，他揭发断壁残垣，揭发姹紫嫣红。这正是救出段小楼时，他唱给青木的词。蝶衣揭发的是什么呢？"},{"Bounds":{"bottom":1280,"left":50,"right":670,"top":1280},"Classname":"android.widget.Image","Packagename":"com.douban.frodo","Text":"p1198212"},{"Bounds":{"bottom":1280,"left":50,"right":670,"top":1280},"Classname":"android.view.View","Packagename":"com.douban.frodo","Text":""},{"Bounds":{"bottom":1280,"left":50,"right":670,"top":1280},"Classname":"android.view.View","Packagename":"com.douban.frodo","Text":"回首尽是伤心处，便都在戏里成全"},{"Bounds":{"bottom":1280,"left":50,"right":670,"top":1280},"Classname":"android.view.View","Packagename":"com.douban.frodo","Text":"回家后，菊仙上吊自尽。最后一出戏里，虞姬拔出那寻了一生送他的剑，自刎而死。"},{"Bounds":{"bottom":1280,"left":50,"right":670,"top":1280},"Classname":"android.view.View","Packagename":"com.douban.frodo","Text":"“婊子无情,戏子无义。 婊子合该在床上有情,戏子只能在台上有义。”下场的虞姬仍是虞姬，霸王却不是霸王，那莫不如身死戏台，以戏成全余生愿，世间再无程蝶衣。"},{"Bounds":{"bottom":1280,"left":50,"right":670,"top":1280},"Classname":"android.view.View","Packagename":"com.douban.frodo","Text":"这戏里，虞姬有虞姬的气节，霸王失了霸王的风骨。这苍凉一生，你可曾一步一步走失了自己。"},{"Bounds":{"bottom":1280,"left":50,"right":670,"top":1280},"Classname":"android.widget.Image","Packagename":"com.douban.frodo","Text":"p1198202"},{"Bounds":{"bottom":1280,"left":50,"right":670,"top":1280},"Classname":"android.view.View","Packagename":"com.douban.frodo","Text":""},{"Bounds":{"bottom":1280,"left":50,"right":670,"top":1280},"Classname":"android.view.View","Packagename":"com.douban.frodo","Text":"©本文版权归 思 所有，任何形式转载请联系作者。"},{"Bounds":{"bottom":1280,"left":50,"right":670,"top":1280},"Classname":"android.view.View","Packagename":"com.douban.frodo","Text":""},{"Bounds":{"bottom":1280,"left":122,"right":354,"top":1280},"Classname":"android.view.View","Packagename":"com.douban.frodo","Text":"有用 (568)"},{"Bounds":{"bottom":1280,"left":382,"right":598,"top":1280},"Classname":"android.view.View","Packagename":"com.douban.frodo","Text":"没用 (71)"},{"Bounds":{"bottom":1280,"left":0,"right":720,"top":1280},"Classname":"android.view.View","Packagename":"com.douban.frodo","Text":""},{"Bounds":{"bottom":1280,"left":30,"right":110,"top":1280},"Classname":"android.widget.Image","Packagename":"com.douban.frodo","Text":"up171277254-17"},{"Bounds":{"bottom":1280,"left":82,"right":112,"top":1280},"Classname":"android.view.View","Packagename":"com.douban.frodo","Text":""},{"Bounds":{"bottom":1280,"left":562,"right":690,"top":1280},"Classname":"android.view.View","Packagename":"com.douban.frodo","Text":"关注"},{"Bounds":{"bottom":1280,"left":140,"right":522,"top":1280},"Classname":"android.view.View","Packagename":"com.douban.frodo","Text":"作者 思"},{"Bounds":{"bottom":1280,"left":140,"right":522,"top":1280},"Classname":"android.view.View","Packagename":"com.douban.frodo","Text":"月夜记梦 豆瓣上第一个持续增长阅读的影评《霸王别姬》https://movie.douban.com/review/9076566/ 从心所欲，不逾矩。"},{"Bounds":{"bottom":1280,"left":0,"right":720,"top":1280},"Classname":"android.view.View","Packagename":"com.douban.frodo","Text":"回复 27"},{"Bounds":{"bottom":1280,"left":30,"right":90,"top":1280},"Classname":"android.view.View","Packagename":"com.douban.frodo","Text":"up136710109-6"},{"Bounds":{"bottom":1280,"left":110,"right":260,"top":1280},"Classname":"android.view.View","Packagename":"com.douban.frodo","Text":"若尹笑眯眯"},{"Bounds":{"bottom":1280,"left":260,"right":268,"top":1280},"Classname":"android.view.View","Packagename":"com.douban.frodo","Text":" "},{"Bounds":{"bottom":1280,"left":266,"right":350,"top":1280},"Classname":"android.view.View","Packagename":"com.douban.frodo","Text":"1月16日"},{"Bounds":{"bottom":1280,"left":660,"right":690,"top":1280},"Classname":"android.view.View","Packagename":"com.douban.frodo","Text":"comments?pos\u003d1\u0026reply_comment_uri\u003ddouban%3A%2F%2Fdouban"},{"Bounds":{"bottom":1280,"left":110,"right":690,"top":1280},"Classname":"android.view.View","Packagename":"com.douban.frodo","Text":"本来，就不能把自己的感情全都赋予一个人，无论何时"},{"Bounds":{"bottom":1280,"left":110,"right":720,"top":1280},"Classname":"android.view.View","Packagename":"com.douban.frodo","Text":""},{"Bounds":{"bottom":1280,"left":30,"right":90,"top":1280},"Classname":"android.view.View","Packagename":"com.douban.frodo","Text":"up170419806-1"},{"Bounds":{"bottom":1280,"left":110,"right":230,"top":1280},"Classname":"android.view.View","Packagename":"com.douban.frodo","Text":"寻求解脱"},{"Bounds":{"bottom":1280,"left":230,"right":238,"top":1280},"Classname":"android.view.View","Packagename":"com.douban.frodo","Text":" "},{"Bounds":{"bottom":1280,"left":236,"right":320,"top":1280},"Classname":"android.view.View","Packagename":"com.douban.frodo","Text":"1月21日"},{"Bounds":{"bottom":1280,"left":660,"right":690,"top":1280},"Classname":"android.view.View","Packagename":"com.douban.frodo","Text":"comments?pos\u003d2\u0026reply_comment_uri\u003ddouban%3A%2F%2Fdouban"},{"Bounds":{"bottom":1280,"left":110,"right":690,"top":1280},"Classname":"android.view.View","Packagename":"com.douban.frodo","Text":"有种古典韵味，铿锵有力，喜欢"},{"Bounds":{"bottom":1280,"left":110,"right":720,"top":1280},"Classname":"android.view.View","Packagename":"com.douban.frodo","Text":""},{"Bounds":{"bottom":1280,"left":0,"right":720,"top":1280},"Classname":"android.view.View","Packagename":"com.douban.frodo","Text":"更多回复 27"},{"Bounds":{"bottom":1280,"left":0,"right":720,"top":1280},"Classname":"android.view.View","Packagename":"com.douban.frodo","Text":"话题下的其他内容"},{"Bounds":{"bottom":1280,"left":0,"right":720,"top":1280},"Classname":"android.view.View","Packagename":"com.douban.frodo","Text":"彷徨 的影评 4月21日 https://mp.weixin.qq.com/s/Mt-9MjnKqWIZ_dArqf1dtA 这是每日人物有关张国荣一次讲座的整理，提到了有关这个问题的部分。 最重要的是戏剧感，张国荣演电影到谈戏剧的程度，多的是一份偏执，就算不合常情，但是却能品出一份趣味。 其次是程蝶衣的情字，此情既是对人之情，也是对剧之情。你爱着过去的他，现在的他却已不值得你爱，而面对现在的他，过去的感情只是无力；没有戏可唱，更加无力，无力到连自杀都无力。（这种无力类似于对鸦片的沉迷？）到了可以再度唱戏之时，你突然有... 2/2有用0 "},{"Bounds":{"bottom":1280,"left":0,"right":720,"top":1280},"Classname":"android.view.View","Packagename":"com.douban.frodo","Text":"sherry 的影评 4月10日 人戏不分，不疯魔不成活。蝶衣既已是风魔状态，自然是想把戏演完。更何况在蝶衣看来，既然说好了要和段小楼演一辈子的戏，少一年、一天、一个时辰，都不是一辈子。 所以蝶衣在他死前也是在和段小楼演戏。 历史中的虞姬拔剑自刎，为的是让霸王不顾及私情。深情的虞姬，也是深情的蝶衣。 蝶衣从小便和段小楼在一起锻炼，演戏，在朝朝暮暮的相处下，蝶衣成了真虞姬。虽然段小楼这个霸王不是真霸王，但不妨碍蝶衣对他的爱。蝶衣在年少时，就许下心愿要送给小楼那把剑。那把剑在蝶衣的漫... 0/1有用0 "},{"Bounds":{"bottom":1280,"left":0,"right":720,"top":1280},"Classname":"android.view.View","Packagename":"com.douban.frodo","Text":"逸黎 的影评 3月1日 死在戏中，死在霸王的身旁，死在最美最华丽的时刻，践行那一句“从一而终”的诺言。 人要自己成全自己。 相比在现实中受尽分别之苦，我更愿意死在戏里。 等待了十一年，熬过了文革。苦难落尽，只为死在最繁华的时刻。 你的身旁，是最好的归宿。 不疯魔不成活。 既已入了魔界，又怎能安稳归来？ 程蝶衣从小就经历了窑子，断指，辱骂，强奸。所有的心灵创伤都没有摧毁他，咬牙成了名角。我时不时想，若是没有小石头的爱护，那个小豆子最终会是什么模样？ 不为什么，只是在你拿着棉被... 1/2有用0 "}],"packagename":"com.example.a10628.myapplication","width":1080}