{"events":[{"eventname":"TYPE_VIEW_SCROLLED","source":{"Bounds":{"bottom":1280,"left":0,"right":720,"top":160},"Classname":"android.widget.ListView","Packagename":"com.zhihu.daily.android","Text":""}},{"eventname":"TYPE_VIEW_SCROLLED","source":{"Bounds":{"bottom":1280,"left":0,"right":720,"top":160},"Classname":"android.widget.ListView","Packagename":"com.zhihu.daily.android","Text":""}}],"height":1920,"hovertime":1259,"nodes":[{"Bounds":{"bottom":160,"left":0,"right":112,"top":48},"Classname":"android.widget.ImageButton","Packagename":"com.zhihu.daily.android","Text":""},{"Bounds":{"bottom":128,"left":144,"right":360,"top":79},"Classname":"android.widget.TextView","Packagename":"com.zhihu.daily.android","Text":"用户推荐日报"},{"Bounds":{"bottom":152,"left":618,"right":720,"top":56},"Classname":"android.widget.TextView","Packagename":"com.zhihu.daily.android","Text":""},{"Bounds":{"bottom":238,"left":48,"right":672,"top":160},"Classname":"android.widget.TextView","Packagename":"com.zhihu.daily.android","Text":"政治转型中的历史逻辑"},{"Bounds":{"bottom":398,"left":48,"right":672,"top":307},"Classname":"android.widget.TextView","Packagename":"com.zhihu.daily.android","Text":"去台湾旅游，有哪些事情值得一做？"},{"Bounds":{"bottom":558,"left":48,"right":672,"top":467},"Classname":"android.widget.TextView","Packagename":"com.zhihu.daily.android","Text":"英国有什么好吃的？我是认真的！（多图）"},{"Bounds":{"bottom":718,"left":48,"right":672,"top":627},"Classname":"android.widget.TextView","Packagename":"com.zhihu.daily.android","Text":"为什么各国的公务船都在船舷涂斜条纹？（多图）"},{"Bounds":{"bottom":878,"left":48,"right":672,"top":787},"Classname":"android.widget.TextView","Packagename":"com.zhihu.daily.android","Text":"在香港只有半天时间，怎样最大化利用玩好？（多图）"},{"Bounds":{"bottom":1038,"left":48,"right":672,"top":947},"Classname":"android.widget.TextView","Packagename":"com.zhihu.daily.android","Text":"他用四百次爆破，炸出了世上最顶级的葡萄园"},{"Bounds":{"bottom":1198,"left":48,"right":672,"top":1107},"Classname":"android.widget.TextView","Packagename":"com.zhihu.daily.android","Text":"为什么所有的恐龙都灭绝了？"},{"Bounds":{"bottom":1280,"left":48,"right":672,"top":1267},"Classname":"android.widget.TextView","Packagename":"com.zhihu.daily.android","Text":"为什么山地车那么流行，公路车却很少有人骑？"},{"Bounds":{"bottom":110,"left":32,"right":688,"top":160},"Classname":"android.widget.TextView","Packagename":"com.zhihu.daily.android","Text":"内容由知乎用户推荐，海纳主题百万，趣味上天入地"},{"Bounds":{"bottom":144,"left":688,"right":688,"top":160},"Classname":"android.widget.TextView","Packagename":"com.zhihu.daily.android","Text":""}],"packagename":"com.example.a10628.myapplication","width":1080}