{"events":[{"eventname":"TYPE_VIEW_SCROLLED","source":{"Bounds":{"bottom":1280,"left":0,"right":720,"top":241},"Classname":"android.support.v7.widget.RecyclerView","Packagename":"com.justwayward.readerer","Text":""}}],"height":1920,"hovertime":2424,"nodes":[{"Bounds":{"bottom":160,"left":0,"right":112,"top":48},"Classname":"android.widget.ImageButton","Packagename":"com.justwayward.readerer","Text":""},{"Bounds":{"bottom":131,"left":120,"right":240,"top":77},"Classname":"android.widget.TextView","Packagename":"com.justwayward.readerer","Text":"女生区"},{"Bounds":{"bottom":221,"left":134,"right":194,"top":180},"Classname":"android.widget.TextView","Packagename":"com.justwayward.readerer","Text":"全部"},{"Bounds":{"bottom":221,"left":464,"right":584,"top":180},"Classname":"android.widget.TextView","Packagename":"com.justwayward.readerer","Text":"默认排序"},{"Bounds":{"bottom":282,"left":150,"right":202,"top":246},"Classname":"android.widget.TextView","Packagename":"com.justwayward.readerer","Text":"渡劫"},{"Bounds":{"bottom":282,"left":202,"right":248,"top":246},"Classname":"android.widget.TextView","Packagename":"com.justwayward.readerer","Text":" lv.8"},{"Bounds":{"bottom":282,"left":592,"right":700,"top":246},"Classname":"android.widget.TextView","Packagename":"com.justwayward.readerer","Text":"21小时前"},{"Bounds":{"bottom":330,"left":150,"right":346,"top":292},"Classname":"android.widget.TextView","Packagename":"com.justwayward.readerer","Text":"即将中考的我们"},{"Bounds":{"bottom":380,"left":150,"right":220,"top":340},"Classname":"android.widget.TextView","Packagename":"com.justwayward.readerer","Text":"12"},{"Bounds":{"bottom":380,"left":240,"right":298,"top":340},"Classname":"android.widget.TextView","Packagename":"com.justwayward.readerer","Text":"1"},{"Bounds":{"bottom":457,"left":150,"right":343,"top":421},"Classname":"android.widget.TextView","Packagename":"com.justwayward.readerer","Text":"唯心アガケ「惜」"},{"Bounds":{"bottom":457,"left":343,"right":389,"top":421},"Classname":"android.widget.TextView","Packagename":"com.justwayward.readerer","Text":" lv.5"},{"Bounds":{"bottom":457,"left":607,"right":700,"top":421},"Classname":"android.widget.TextView","Packagename":"com.justwayward.readerer","Text":"9小时前"},{"Bounds":{"bottom":505,"left":150,"right":329,"top":467},"Classname":"android.widget.TextView","Packagename":"com.justwayward.readerer","Text":"萌新报到|•ω•`)"},{"Bounds":{"bottom":555,"left":150,"right":205,"top":515},"Classname":"android.widget.TextView","Packagename":"com.justwayward.readerer","Text":"4"},{"Bounds":{"bottom":555,"left":225,"right":283,"top":515},"Classname":"android.widget.TextView","Packagename":"com.justwayward.readerer","Text":"0"},{"Bounds":{"bottom":632,"left":150,"right":202,"top":596},"Classname":"android.widget.TextView","Packagename":"com.justwayward.readerer","Text":"喵呜"},{"Bounds":{"bottom":632,"left":202,"right":248,"top":596},"Classname":"android.widget.TextView","Packagename":"com.justwayward.readerer","Text":" lv.4"},{"Bounds":{"bottom":632,"left":648,"right":700,"top":596},"Classname":"android.widget.TextView","Packagename":"com.justwayward.readerer","Text":"昨天"},{"Bounds":{"bottom":680,"left":150,"right":297,"top":642},"Classname":"android.widget.TextView","Packagename":"com.justwayward.readerer","Text":"母亲节！！！"},{"Bounds":{"bottom":730,"left":150,"right":220,"top":690},"Classname":"android.widget.TextView","Packagename":"com.justwayward.readerer","Text":"22"},{"Bounds":{"bottom":730,"left":240,"right":298,"top":690},"Classname":"android.widget.TextView","Packagename":"com.justwayward.readerer","Text":"0"},{"Bounds":{"bottom":807,"left":150,"right":228,"top":771},"Classname":"android.widget.TextView","Packagename":"com.justwayward.readerer","Text":"温柔杀"},{"Bounds":{"bottom":807,"left":228,"right":274,"top":771},"Classname":"android.widget.TextView","Packagename":"com.justwayward.readerer","Text":" lv.5"},{"Bounds":{"bottom":807,"left":592,"right":700,"top":771},"Classname":"android.widget.TextView","Packagename":"com.justwayward.readerer","Text":"17小时前"},{"Bounds":{"bottom":888,"left":150,"right":700,"top":817},"Classname":"android.widget.TextView","Packagename":"com.justwayward.readerer","Text":"现在这……两个女孩抢一个男孩，这逼撕滴……优秀"},{"Bounds":{"bottom":938,"left":150,"right":220,"top":898},"Classname":"android.widget.TextView","Packagename":"com.justwayward.readerer","Text":"14"},{"Bounds":{"bottom":938,"left":240,"right":298,"top":898},"Classname":"android.widget.TextView","Packagename":"com.justwayward.readerer","Text":"0"},{"Bounds":{"bottom":1015,"left":150,"right":228,"top":979},"Classname":"android.widget.TextView","Packagename":"com.justwayward.readerer","Text":"懒惰虫"},{"Bounds":{"bottom":1015,"left":228,"right":274,"top":979},"Classname":"android.widget.TextView","Packagename":"com.justwayward.readerer","Text":" lv.9"},{"Bounds":{"bottom":1015,"left":648,"right":700,"top":979},"Classname":"android.widget.TextView","Packagename":"com.justwayward.readerer","Text":"昨天"},{"Bounds":{"bottom":1063,"left":150,"right":306,"top":1025},"Classname":"android.widget.TextView","Packagename":"com.justwayward.readerer","Text":"异地恋+网恋"},{"Bounds":{"bottom":1113,"left":150,"right":220,"top":1073},"Classname":"android.widget.TextView","Packagename":"com.justwayward.readerer","Text":"29"},{"Bounds":{"bottom":1113,"left":240,"right":298,"top":1073},"Classname":"android.widget.TextView","Packagename":"com.justwayward.readerer","Text":"3"},{"Bounds":{"bottom":1190,"left":150,"right":228,"top":1154},"Classname":"android.widget.TextView","Packagename":"com.justwayward.readerer","Text":"盖梓凡"},{"Bounds":{"bottom":1190,"left":228,"right":274,"top":1154},"Classname":"android.widget.TextView","Packagename":"com.justwayward.readerer","Text":" lv.4"},{"Bounds":{"bottom":1190,"left":648,"right":700,"top":1154},"Classname":"android.widget.TextView","Packagename":"com.justwayward.readerer","Text":"昨天"},{"Bounds":{"bottom":1238,"left":150,"right":318,"top":1200},"Classname":"android.widget.TextView","Packagename":"com.justwayward.readerer","Text":"你是什么星座"},{"Bounds":{"bottom":1280,"left":150,"right":220,"top":1248},"Classname":"android.widget.TextView","Packagename":"com.justwayward.readerer","Text":"36"},{"Bounds":{"bottom":1280,"left":240,"right":298,"top":1248},"Classname":"android.widget.TextView","Packagename":"com.justwayward.readerer","Text":"5"}],"packagename":"com.example.a10628.myapplication","width":1080}