{"events":[{"eventname":"TYPE_VIEW_SCROLLED","source":{"Bounds":{"bottom":1179,"left":0,"right":720,"top":136},"Classname":"android.widget.ScrollView","Packagename":"com.netease.pris","Text":""}},{"eventname":"TYPE_VIEW_SCROLLED","source":{"Bounds":{"bottom":1179,"left":0,"right":720,"top":136},"Classname":"android.widget.ScrollView","Packagename":"com.netease.pris","Text":""}}],"height":1920,"hovertime":3503,"nodes":[{"Bounds":{"bottom":136,"left":0,"right":108,"top":48},"Classname":"android.widget.ImageView","Packagename":"com.netease.pris","Text":""},{"Bounds":{"bottom":114,"left":360,"right":360,"top":69},"Classname":"android.widget.TextView","Packagename":"com.netease.pris","Text":""},{"Bounds":{"bottom":112,"left":378,"right":542,"top":72},"Classname":"android.widget.Button","Packagename":"com.netease.pris","Text":"加入购物车"},{"Bounds":{"bottom":114,"left":572,"right":612,"top":70},"Classname":"android.widget.RelativeLayout","Packagename":"com.netease.pris","Text":""},{"Bounds":{"bottom":114,"left":644,"right":688,"top":70},"Classname":"android.widget.Button","Packagename":"com.netease.pris","Text":""},{"Bounds":{"bottom":-147,"left":12,"right":228,"top":136},"Classname":"android.widget.ImageView","Packagename":"com.netease.pris","Text":""},{"Bounds":{"bottom":-395,"left":238,"right":442,"top":136},"Classname":"android.widget.TextView","Packagename":"com.netease.pris","Text":"人工智能简史"},{"Bounds":{"bottom":-349,"left":238,"right":258,"top":136},"Classname":"android.widget.TextView","Packagename":"com.netease.pris","Text":"IT"},{"Bounds":{"bottom":-349,"left":292,"right":340,"top":136},"Classname":"android.widget.TextView","Packagename":"com.netease.pris","Text":"尼克"},{"Bounds":{"bottom":-313,"left":234,"right":384,"top":136},"Classname":"android.widget.RatingBar","Packagename":"com.netease.pris","Text":""},{"Bounds":{"bottom":-269,"left":238,"right":365,"top":136},"Classname":"android.widget.TextView","Packagename":"com.netease.pris","Text":"大小：468K"},{"Bounds":{"bottom":-269,"left":399,"right":504,"top":136},"Classname":"android.widget.TextView","Packagename":"com.netease.pris","Text":"3.1万点击"},{"Bounds":{"bottom":-216,"left":238,"right":310,"top":136},"Classname":"android.widget.TextView","Packagename":"com.netease.pris","Text":"2500"},{"Bounds":{"bottom":-218,"left":310,"right":358,"top":136},"Classname":"android.widget.TextView","Packagename":"com.netease.pris","Text":"阅点"},{"Bounds":{"bottom":307,"left":0,"right":720,"top":136},"Classname":"android.widget.TextView","Packagename":"com.netease.pris","Text":"《人工智能简史》全面讲述人工智能的发展史，几乎覆盖人工智能学科的所有领域，包括人工智能的起源、自动定理证明、专家系统、神经网络、自然语言处理、遗传算法、深度学习、强化学习、超级智能、哲学问题和未来趋势等，以宏阔的视野和生动的语言，对人工智能进行了全面回顾和深度点评。 \n\n《人工智能简史》作者和书中诸多人物或为师友或相熟相知，除了详实的考证还有有趣的轶事。本书既适合专业人士了解人工智能鲜为人知的历史，也适合对人工智能感兴趣的大众读者作为入门的向导。"},{"Bounds":{"bottom":367,"left":30,"right":126,"top":337},"Classname":"android.widget.TextView","Packagename":"com.netease.pris","Text":"授权方："},{"Bounds":{"bottom":367,"left":126,"right":414,"top":337},"Classname":"android.widget.TextView","Packagename":"com.netease.pris","Text":"北京图灵文化发展有限公司"},{"Bounds":{"bottom":413,"left":30,"right":234,"top":367},"Classname":"android.widget.TextView","Packagename":"com.netease.pris","Text":"作品类型：VIP作品"},{"Bounds":{"bottom":518,"left":94,"right":666,"top":490},"Classname":"android.widget.TextView","Packagename":"com.netease.pris","Text":"共101章"},{"Bounds":{"bottom":640,"left":47,"right":552,"top":595},"Classname":"android.widget.TextView","Packagename":"com.netease.pris","Text":"最新评论"},{"Bounds":{"bottom":646,"left":552,"right":690,"top":590},"Classname":"android.widget.TextView","Packagename":"com.netease.pris","Text":"写评论"},{"Bounds":{"bottom":790,"left":25,"right":99,"top":716},"Classname":"android.widget.ImageView","Packagename":"com.netease.pris","Text":""},{"Bounds":{"bottom":748,"left":128,"right":202,"top":716},"Classname":"android.widget.TextView","Packagename":"com.netease.pris","Text":"ΜΟΝΙ"},{"Bounds":{"bottom":743,"left":214,"right":255,"top":721},"Classname":"android.widget.TextView","Packagename":"com.netease.pris","Text":"LV.1"},{"Bounds":{"bottom":790,"left":128,"right":278,"top":764},"Classname":"android.widget.RatingBar","Packagename":"com.netease.pris","Text":""},{"Bounds":{"bottom":792,"left":298,"right":464,"top":764},"Classname":"android.widget.TextView","Packagename":"com.netease.pris","Text":"04月28日 13:24"},{"Bounds":{"bottom":769,"left":642,"right":720,"top":716},"Classname":"android.widget.LinearLayout","Packagename":"com.netease.pris","Text":""},{"Bounds":{"bottom":882,"left":130,"right":668,"top":808},"Classname":"android.widget.TextView","Packagename":"com.netease.pris","Text":"朋友推荐的，还没看。就凭这简约，教科书范的封面，给个五星。"},{"Bounds":{"bottom":1014,"left":47,"right":227,"top":969},"Classname":"android.widget.TextView","Packagename":"com.netease.pris","Text":"用户还喜欢"},{"Bounds":{"bottom":1179,"left":50,"right":210,"top":1299},"Classname":"android.widget.TextView","Packagename":"com.netease.pris","Text":"终极算法：机器学习和人工智能如何重塑世界"},{"Bounds":{"bottom":1179,"left":50,"right":210,"top":1389},"Classname":"android.widget.TextView","Packagename":"com.netease.pris","Text":"【美】佩德罗·多明戈斯"},{"Bounds":{"bottom":1179,"left":250,"right":410,"top":1299},"Classname":"android.widget.TextView","Packagename":"com.netease.pris","Text":"影响未来的新科技新产业"},{"Bounds":{"bottom":1179,"left":250,"right":410,"top":1389},"Classname":"android.widget.TextView","Packagename":"com.netease.pris","Text":"中国社会科学院工业经济研究所未来产业研究组"},{"Bounds":{"bottom":1179,"left":450,"right":610,"top":1299},"Classname":"android.widget.TextView","Packagename":"com.netease.pris","Text":"白话大数据与机器学习"},{"Bounds":{"bottom":1179,"left":450,"right":610,"top":1389},"Classname":"android.widget.TextView","Packagename":"com.netease.pris","Text":"高扬"},{"Bounds":{"bottom":1179,"left":650,"right":720,"top":1299},"Classname":"android.widget.TextView","Packagename":"com.netease.pris","Text":"失控"},{"Bounds":{"bottom":1179,"left":650,"right":720,"top":1354},"Classname":"android.widget.TextView","Packagename":"com.netease.pris","Text":"【美】凯文·凯利"},{"Bounds":{"bottom":1280,"left":0,"right":239,"top":1180},"Classname":"android.widget.Button","Packagename":"com.netease.pris","Text":"加入书架"},{"Bounds":{"bottom":1280,"left":241,"right":480,"top":1180},"Classname":"android.widget.Button","Packagename":"com.netease.pris","Text":"购买"},{"Bounds":{"bottom":1280,"left":480,"right":720,"top":1180},"Classname":"android.widget.Button","Packagename":"com.netease.pris","Text":"立即阅读"}],"packagename":"com.example.a10628.myapplication","width":1080}