{"events":[{"eventname":"TYPE_VIEW_SCROLLED","source":{"Bounds":{"bottom":1280,"left":0,"right":720,"top":143},"Classname":"android.webkit.WebView","Packagename":"cn.amazon.mShop.android","Text":""}}],"height":1920,"hovertime":2034,"nodes":[{"Bounds":{"bottom":140,"left":0,"right":92,"top":48},"Classname":"android.widget.LinearLayout","Packagename":"cn.amazon.mShop.android","Text":""},{"Bounds":{"bottom":120,"left":300,"right":420,"top":68},"Classname":"android.widget.ImageView","Packagename":"cn.amazon.mShop.android","Text":""},{"Bounds":{"bottom":140,"left":532,"right":624,"top":48},"Classname":"android.widget.ImageButton","Packagename":"cn.amazon.mShop.android","Text":""},{"Bounds":{"bottom":140,"left":624,"right":716,"top":48},"Classname":"android.widget.ImageView","Packagename":"cn.amazon.mShop.android","Text":""},{"Bounds":{"bottom":140,"left":656,"right":684,"top":62},"Classname":"android.widget.TextView","Packagename":"cn.amazon.mShop.android","Text":"0"},{"Bounds":{"bottom":143,"left":0,"right":720,"top":143},"Classname":"android.widget.Image","Packagename":"cn.amazon.mShop.android","Text":""},{"Bounds":{"bottom":143,"left":0,"right":720,"top":143},"Classname":"android.view.View","Packagename":"cn.amazon.mShop.android","Text":""},{"Bounds":{"bottom":143,"left":0,"right":720,"top":143},"Classname":"android.view.View","Packagename":"cn.amazon.mShop.android","Text":"欧倍青的咖啡因“不喝就有效果”来自 精品超市"},{"Bounds":{"bottom":143,"left":34,"right":64,"top":143},"Classname":"android.widget.Image","Packagename":"cn.amazon.mShop.android","Text":""},{"Bounds":{"bottom":143,"left":64,"right":116,"top":143},"Classname":"android.view.View","Packagename":"cn.amazon.mShop.android","Text":" 已有"},{"Bounds":{"bottom":143,"left":114,"right":142,"top":143},"Classname":"android.view.View","Packagename":"cn.amazon.mShop.android","Text":"14"},{"Bounds":{"bottom":143,"left":140,"right":210,"top":143},"Classname":"android.view.View","Packagename":"cn.amazon.mShop.android","Text":"人喜欢"},{"Bounds":{"bottom":235,"left":34,"right":686,"top":143},"Classname":"android.view.View","Packagename":"cn.amazon.mShop.android","Text":"掉发很烦恼？欧倍青的诞生帮你迎刃而解，利用复合咖啡因新配方，其含微量元素锌以及烟酸的咖啡因效用成分可除去头皮及发囊污物，控制油脂分泌过旺，防止皮脂在毛囊堆积。"},{"Bounds":{"bottom":699,"left":92,"right":148,"top":645},"Classname":"android.widget.Image","Packagename":"cn.amazon.mShop.android","Text":""},{"Bounds":{"bottom":731,"left":0,"right":240,"top":699},"Classname":"android.view.View","Packagename":"cn.amazon.mShop.android","Text":"分享"},{"Bounds":{"bottom":699,"left":332,"right":388,"top":645},"Classname":"android.widget.Image","Packagename":"cn.amazon.mShop.android","Text":""},{"Bounds":{"bottom":731,"left":238,"right":480,"top":699},"Classname":"android.view.View","Packagename":"cn.amazon.mShop.android","Text":"喜欢"},{"Bounds":{"bottom":699,"left":562,"right":636,"top":645},"Classname":"android.widget.Image","Packagename":"cn.amazon.mShop.android","Text":""},{"Bounds":{"bottom":731,"left":478,"right":720,"top":699},"Classname":"android.view.View","Packagename":"cn.amazon.mShop.android","Text":"我喜欢的"},{"Bounds":{"bottom":595,"left":0,"right":720,"top":595},"Classname":"android.view.View","Packagename":"cn.amazon.mShop.android","Text":""},{"Bounds":{"bottom":267,"left":0,"right":720,"top":267},"Classname":"android.view.View","Packagename":"cn.amazon.mShop.android","Text":""},{"Bounds":{"bottom":267,"left":0,"right":720,"top":267},"Classname":"android.view.View","Packagename":"cn.amazon.mShop.android","Text":""},{"Bounds":{"bottom":639,"left":34,"right":686,"top":301},"Classname":"android.view.View","Packagename":"cn.amazon.mShop.android","Text":"欧倍青是德国沃夫(Dr. Wolff)集团旗下的一个品牌，在1930年，沃肤的第一项欧倍青产品开创护发先河。人们发现在对抗头皮屑和脱发的时候，便能培养头发。于此同时，该公司已经与领先的科学家紧密合作，并将这一传统延续至今：今天，沃肤研究所仍然与志明科学家紧密合作，并与多间大学诊所建立研究网络。"},{"Bounds":{"bottom":993,"left":34,"right":686,"top":655},"Classname":"android.view.View","Packagename":"cn.amazon.mShop.android","Text":"Dr. Kurt Wolff研究所采用新的医学技术载体，将洗发露配方中的咖啡因直接导入发根，让咖啡因可以在洗发过程中穿透毛鞘和毛囊，从而发挥防脱功效。欧倍青产品中的复合咖啡因是一种效果显著的配方，该配方含有咖啡因，少量微量元素锌以及烟酸，可以加固发根，使头发更浓密，并且不添加任何软化剂和硅油。"},{"Bounds":{"bottom":1251,"left":34,"right":686,"top":1009},"Classname":"android.widget.Image","Packagename":"cn.amazon.mShop.android","Text":"inline-image-1525846090871._SL750_CB494978339_"},{"Bounds":{"bottom":1279,"left":34,"right":686,"top":1265},"Classname":"android.view.View","Packagename":"cn.amazon.mShop.android","Text":"欧倍青的诞生——从一个小革命开始"},{"Bounds":{"bottom":1279,"left":34,"right":686,"top":1277},"Classname":"android.view.View","Packagename":"cn.amazon.mShop.android","Text":"”欧倍青”的名字起源于拉丁词语“Alopecia”（脱发）。1930年，沃肤博士和布鲁克教授兼博士推出第一款改善头发和头皮的药用洗发水，它结合了独特的、经证实对头皮健康有影响的草本配方。"},{"Bounds":{"bottom":1279,"left":34,"right":686,"top":1277},"Classname":"android.view.View","Packagename":"cn.amazon.mShop.android","Text":"欧倍青的问世彻底革新了德国的护发用品市场，造福了有头皮和脱发问题的用户，使他们终于能够在随心所欲梳头的同时，不必为头屑和脱发所困扰。"},{"Bounds":{"bottom":1279,"left":34,"right":686,"top":1277},"Classname":"android.widget.Image","Packagename":"cn.amazon.mShop.android","Text":"inline-image-1525846436847._SL750_CB494978250_"},{"Bounds":{"bottom":1279,"left":34,"right":686,"top":1277},"Classname":"android.view.View","Packagename":"cn.amazon.mShop.android","Text":"欧倍青科学创新技术，咖啡因预防脱发"},{"Bounds":{"bottom":1279,"left":34,"right":686,"top":1277},"Classname":"android.view.View","Packagename":"cn.amazon.mShop.android","Text":"欧倍青的复合咖啡因是一种新配方，该配方含有咖啡因、微量元素锌以及烟酸。其咖啡因效用成分可除去头皮及发囊污物，控制油脂分泌过旺，防止皮脂在毛囊堆积。同时，咖啡因能有效抑制双氢睾酮的形成，促进头皮血液循环，养护毛囊，维持毛发正常的生长周期。欧倍青咖啡因洗发露获得科学证明，其活性成分只需120秒便能直达发根，并且发挥它的保护效果。"},{"Bounds":{"bottom":1279,"left":34,"right":686,"top":1277},"Classname":"android.widget.Image","Packagename":"cn.amazon.mShop.android","Text":"inline-image-1525846326779._SL750_CB494978133_"},{"Bounds":{"bottom":1279,"left":34,"right":686,"top":1277},"Classname":"android.view.View","Packagename":"cn.amazon.mShop.android","Text":"▼"},{"Bounds":{"bottom":1279,"left":34,"right":686,"top":1277},"Classname":"android.view.View","Packagename":"cn.amazon.mShop.android","Text":"沃肤博士集团研发部与临床研究机构JSSNeeman在2016年完成的非劣效性临床研究表明：欧倍青配方与知名的毛发生长类药物米诺地尔（Minoxidil）拥有相同的疗效，且没有副作用。因此，在对抗遗传性脱发方面，含有有效咖啡因成分的护肤产品，将成为米诺地尔类药物安全、有效的替代品。"},{"Bounds":{"bottom":1279,"left":34,"right":686,"top":1277},"Classname":"android.view.View","Packagename":"cn.amazon.mShop.android","Text":"基于对咖啡因功效的持续研究，欧倍青在2000年成功推出了第一款产品，并随后推出的一系列改善头发和头皮的咖啡因药用洗发水，重新定义了护发素和防脱发产品领域。"},{"Bounds":{"bottom":1279,"left":262,"right":458,"top":1277},"Classname":"android.widget.Image","Packagename":"cn.amazon.mShop.android","Text":"inline-image-1525846367858._SL750_CB494978060_"},{"Bounds":{"bottom":1279,"left":34,"right":686,"top":1277},"Classname":"android.view.View","Packagename":"cn.amazon.mShop.android","Text":"\n如今，欧倍青不仅是德国市场广受消费者欢迎的男士防脱发洗发产品，自2011和2014年以来，也在英国和香港市场呈现优秀的销售记录。"},{"Bounds":{"bottom":1279,"left":246,"right":474,"top":1277},"Classname":"android.widget.Image","Packagename":"cn.amazon.mShop.android","Text":"inline-image-1525846403828._SL750_CB494978280_"},{"Bounds":{"bottom":1279,"left":34,"right":686,"top":1277},"Classname":"android.view.View","Packagename":"cn.amazon.mShop.android","Text":" "},{"Bounds":{"bottom":1279,"left":0,"right":720,"top":1277},"Classname":"android.view.View","Packagename":"cn.amazon.mShop.android","Text":""},{"Bounds":{"bottom":1279,"left":0,"right":720,"top":1277},"Classname":"android.view.View","Packagename":"cn.amazon.mShop.android","Text":"- 相关商品推荐 -"},{"Bounds":{"bottom":1279,"left":34,"right":336,"top":1277},"Classname":"android.view.View","Packagename":"cn.amazon.mShop.android","Text":"Alpecin 欧倍青 咖啡因洗发露C1 250ml(进)(特卖) 7 ￥99.00 "},{"Bounds":{"bottom":1279,"left":384,"right":686,"top":1277},"Classname":"android.view.View","Packagename":"cn.amazon.mShop.android","Text":"Alpecin 欧倍青 咖啡因发根滋养液200ml(进) 7 ￥95.00 "},{"Bounds":{"bottom":1279,"left":34,"right":336,"top":1277},"Classname":"android.view.View","Packagename":"cn.amazon.mShop.android","Text":"Alpecin 欧倍青 咖啡因洗发水 C1 250ml*2(进) 7 ￥138.00 "},{"Bounds":{"bottom":1279,"left":384,"right":686,"top":1277},"Classname":"android.view.View","Packagename":"cn.amazon.mShop.android","Text":"Alpecin 欧倍青 去屑防掉发双效洗发露200ml(进)(特卖) 7 ￥85.00 "},{"Bounds":{"bottom":1279,"left":34,"right":336,"top":1277},"Classname":"android.view.View","Packagename":"cn.amazon.mShop.android","Text":"Alpecin 欧倍青 咖啡因洗发露C1 250ml + 发根滋养液200ml... ￥194.00 "},{"Bounds":{"bottom":1279,"left":384,"right":686,"top":1277},"Classname":"android.view.View","Packagename":"cn.amazon.mShop.android","Text":"Alpecin 欧倍青 去屑防掉发双效洗发露200ml + 发根滋养液200m... ￥180.00 "},{"Bounds":{"bottom":1279,"left":0,"right":720,"top":1277},"Classname":"android.view.View","Packagename":"cn.amazon.mShop.android","Text":"- 更多资讯 - "},{"Bounds":{"bottom":1279,"left":16,"right":704,"top":1277},"Classname":"android.view.View","Packagename":"cn.amazon.mShop.android","Text":"运动欢畅后，可不能带来损伤 精品超市 21 "},{"Bounds":{"bottom":1279,"left":16,"right":704,"top":1277},"Classname":"android.view.View","Packagename":"cn.amazon.mShop.android","Text":"小钙片也有大讲究，你究竟会吃吗？ 精品超市 32 "},{"Bounds":{"bottom":1279,"left":16,"right":704,"top":1277},"Classname":"android.view.View","Packagename":"cn.amazon.mShop.android","Text":"亚马逊超市日教你玩转母婴8周年店庆 精品超市 19 "},{"Bounds":{"bottom":1279,"left":0,"right":720,"top":1277},"Classname":"android.view.View","Packagename":"cn.amazon.mShop.android","Text":"ref\u003ddiscover_to_discover_kol?ie\u003dUTF8\u0026app-action\u003dwebview\u0026url\u003dhttps%3A%2F%2Fwww.amazon"},{"Bounds":{"bottom":1279,"left":0,"right":720,"top":1277},"Classname":"android.view.View","Packagename":"cn.amazon.mShop.android","Text":""},{"Bounds":{"bottom":1279,"left":0,"right":720,"top":1277},"Classname":"android.view.View","Packagename":"cn.amazon.mShop.android","Text":""}],"packagename":"com.example.a10628.myapplication","width":1080}