{"events":[{"eventname":"TYPE_VIEW_SCROLLED","source":{"Bounds":{"bottom":1280,"left":0,"right":720,"top":160},"Classname":"android.widget.ListView","Packagename":"com.zhihu.daily.android","Text":""}},{"eventname":"TYPE_VIEW_SCROLLED","source":{"Bounds":{"bottom":1280,"left":0,"right":720,"top":160},"Classname":"android.widget.ListView","Packagename":"com.zhihu.daily.android","Text":""}},{"eventname":"TYPE_VIEW_SCROLLED","source":{"Bounds":{"bottom":1280,"left":0,"right":720,"top":160},"Classname":"android.widget.ListView","Packagename":"com.zhihu.daily.android","Text":""}},{"eventname":"TYPE_VIEW_SCROLLED","source":{"Bounds":{"bottom":1280,"left":0,"right":720,"top":160},"Classname":"android.widget.ListView","Packagename":"com.zhihu.daily.android","Text":""}}],"height":1920,"hovertime":6618,"nodes":[{"Bounds":{"bottom":160,"left":0,"right":112,"top":48},"Classname":"android.widget.ImageButton","Packagename":"com.zhihu.daily.android","Text":""},{"Bounds":{"bottom":128,"left":144,"right":360,"top":79},"Classname":"android.widget.TextView","Packagename":"com.zhihu.daily.android","Text":"用户推荐日报"},{"Bounds":{"bottom":152,"left":618,"right":720,"top":56},"Classname":"android.widget.TextView","Packagename":"com.zhihu.daily.android","Text":""},{"Bounds":{"bottom":225,"left":48,"right":672,"top":160},"Classname":"android.widget.TextView","Packagename":"com.zhihu.daily.android","Text":"绳子为什么会扭在一起？"},{"Bounds":{"bottom":385,"left":48,"right":672,"top":294},"Classname":"android.widget.TextView","Packagename":"com.zhihu.daily.android","Text":"城市大小和当时主要交通方式有关，这是真的吗？"},{"Bounds":{"bottom":545,"left":48,"right":672,"top":454},"Classname":"android.widget.TextView","Packagename":"com.zhihu.daily.android","Text":"当外汇储备增加时，我国「必须」在国内发行更多货币吗？"},{"Bounds":{"bottom":705,"left":48,"right":672,"top":614},"Classname":"android.widget.TextView","Packagename":"com.zhihu.daily.android","Text":"进货价格上涨后，店主将该商品未涨价之前的存货也涨价卖出，合理吗？"},{"Bounds":{"bottom":865,"left":48,"right":672,"top":774},"Classname":"android.widget.TextView","Packagename":"com.zhihu.daily.android","Text":"欧洲中世纪的平民一般都吃什么？"},{"Bounds":{"bottom":1025,"left":48,"right":672,"top":934},"Classname":"android.widget.TextView","Packagename":"com.zhihu.daily.android","Text":"为什么火箭燃料不都用液氢液氧？"},{"Bounds":{"bottom":1185,"left":48,"right":672,"top":1094},"Classname":"android.widget.TextView","Packagename":"com.zhihu.daily.android","Text":"给外行能看懂的科普：这就叫自然语言处理"},{"Bounds":{"bottom":1280,"left":48,"right":672,"top":1254},"Classname":"android.widget.TextView","Packagename":"com.zhihu.daily.android","Text":"【节气植物记】小暑：好一朵茉莉花（多图）"},{"Bounds":{"bottom":110,"left":32,"right":688,"top":160},"Classname":"android.widget.TextView","Packagename":"com.zhihu.daily.android","Text":"内容由知乎用户推荐，海纳主题百万，趣味上天入地"},{"Bounds":{"bottom":144,"left":688,"right":688,"top":160},"Classname":"android.widget.TextView","Packagename":"com.zhihu.daily.android","Text":""}],"packagename":"com.example.a10628.myapplication","width":1080}