{"events":[{"eventname":"TYPE_VIEW_SCROLLED","source":{"Bounds":{"bottom":1280,"left":16,"right":704,"top":144},"Classname":"android.widget.ListView","Packagename":"com.cundong.izhihu","Text":""}},{"eventname":"TYPE_VIEW_SCROLLED","source":{"Bounds":{"bottom":1280,"left":16,"right":704,"top":144},"Classname":"android.widget.ListView","Packagename":"com.cundong.izhihu","Text":""}}],"height":1920,"hovertime":5188,"nodes":[{"Bounds":{"bottom":120,"left":97,"right":241,"top":71},"Classname":"android.widget.TextView","Packagename":"com.cundong.izhihu","Text":"新奇日报"},{"Bounds":{"bottom":144,"left":496,"right":608,"top":48},"Classname":"android.widget.TextView","Packagename":"com.cundong.izhihu","Text":""},{"Bounds":{"bottom":144,"left":608,"right":720,"top":48},"Classname":"android.widget.ImageButton","Packagename":"com.cundong.izhihu","Text":""},{"Bounds":{"bottom":144,"left":48,"right":228,"top":144},"Classname":"android.widget.ImageView","Packagename":"com.cundong.izhihu","Text":""},{"Bounds":{"bottom":133,"left":244,"right":672,"top":144},"Classname":"android.widget.TextView","Packagename":"com.cundong.izhihu","Text":"5G 标准上，联想是给华为投了票，但最后也让高通胜利了"},{"Bounds":{"bottom":352,"left":48,"right":228,"top":208},"Classname":"android.widget.ImageView","Packagename":"com.cundong.izhihu","Text":""},{"Bounds":{"bottom":299,"left":244,"right":672,"top":208},"Classname":"android.widget.TextView","Packagename":"com.cundong.izhihu","Text":"大误 · 多吃乌鸡笋可预防睾丸癌"},{"Bounds":{"bottom":560,"left":48,"right":228,"top":416},"Classname":"android.widget.ImageView","Packagename":"com.cundong.izhihu","Text":""},{"Bounds":{"bottom":507,"left":244,"right":672,"top":416},"Classname":"android.widget.TextView","Packagename":"com.cundong.izhihu","Text":"怎么有些看似抄袭的游戏，还活得好好的？"},{"Bounds":{"bottom":768,"left":48,"right":228,"top":624},"Classname":"android.widget.ImageView","Packagename":"com.cundong.izhihu","Text":""},{"Bounds":{"bottom":757,"left":244,"right":672,"top":624},"Classname":"android.widget.TextView","Packagename":"com.cundong.izhihu","Text":"一向很稳的 Google，历史上其实也推过一些「看走眼」的产品"},{"Bounds":{"bottom":976,"left":48,"right":228,"top":832},"Classname":"android.widget.ImageView","Packagename":"com.cundong.izhihu","Text":""},{"Bounds":{"bottom":923,"left":244,"right":672,"top":832},"Classname":"android.widget.TextView","Packagename":"com.cundong.izhihu","Text":"日本黑帮的中年危机：这个杀手不太行"},{"Bounds":{"bottom":1184,"left":48,"right":228,"top":1040},"Classname":"android.widget.ImageView","Packagename":"com.cundong.izhihu","Text":""},{"Bounds":{"bottom":1173,"left":244,"right":672,"top":1040},"Classname":"android.widget.TextView","Packagename":"com.cundong.izhihu","Text":"为什么消费主义容易把女性洗脑，却对男性影响力较小？"},{"Bounds":{"bottom":1280,"left":48,"right":228,"top":1248},"Classname":"android.widget.ImageView","Packagename":"com.cundong.izhihu","Text":""},{"Bounds":{"bottom":1280,"left":244,"right":672,"top":1248},"Classname":"android.widget.TextView","Packagename":"com.cundong.izhihu","Text":"空姐搭乘滴滴顺风车被杀害，平台到底该不该承担责任？"}],"packagename":"com.example.a10628.myapplication","width":1080}