{"events":[{"eventname":"TYPE_VIEW_CLICKED","source":{"Bounds":{"bottom":240,"left":480,"right":720,"top":160},"Classname":"android.support.v7.app.ActionBar$Tab","Packagename":"com.zhihu.android","Text":""}},{"eventname":"TYPE_VIEW_SELECTED","source":{"Bounds":{"bottom":240,"left":480,"right":720,"top":160},"Classname":"android.support.v7.app.ActionBar$Tab","Packagename":"com.zhihu.android","Text":""}}],"height":1920,"hovertime":2213,"nodes":[{"Bounds":{"bottom":-93,"left":254,"right":688,"top":48},"Classname":"android.widget.TextView","Packagename":"com.zhihu.android","Text":"电影"},{"Bounds":{"bottom":2,"left":254,"right":688,"top":48},"Classname":"android.widget.TextView","Packagename":"com.zhihu.android","Text":"电影是一种视听媒介，利用胶卷、录像带或数位媒体将影像和声音捕捉…更多"},{"Bounds":{"bottom":52,"left":254,"right":688,"top":48},"Classname":"android.widget.TextView","Packagename":"com.zhihu.android","Text":"20,709,112 人关注"},{"Bounds":{"bottom":148,"left":32,"right":688,"top":84},"Classname":"android.widget.TextView","Packagename":"com.zhihu.android","Text":"关注话题"},{"Bounds":{"bottom":160,"left":0,"right":112,"top":48},"Classname":"android.widget.ImageButton","Packagename":"com.zhihu.android","Text":""},{"Bounds":{"bottom":160,"left":112,"right":192,"top":48},"Classname":"android.widget.TextView","Packagename":"com.zhihu.android","Text":"电影"},{"Bounds":{"bottom":152,"left":624,"right":720,"top":56},"Classname":"android.widget.TextView","Packagename":"com.zhihu.android","Text":""},{"Bounds":{"bottom":219,"left":92,"right":148,"top":181},"Classname":"android.widget.TextView","Packagename":"com.zhihu.android","Text":"简介"},{"Bounds":{"bottom":219,"left":332,"right":388,"top":181},"Classname":"android.widget.TextView","Packagename":"com.zhihu.android","Text":"讨论"},{"Bounds":{"bottom":219,"left":572,"right":628,"top":181},"Classname":"android.widget.TextView","Packagename":"com.zhihu.android","Text":"精华"},{"Bounds":{"bottom":338,"left":-1402,"right":-742,"top":260},"Classname":"android.view.View","Packagename":"com.zhihu.android","Text":"话题简介"},{"Bounds":{"bottom":496,"left":-1402,"right":-742,"top":338},"Classname":"android.view.View","Packagename":"com.zhihu.android","Text":"电影是一种视听媒介，利用胶卷、录像带或数位媒体将影像和声音捕捉，再加上后期的编辑工作而成。"},{"Bounds":{"bottom":594,"left":-1402,"right":-742,"top":516},"Classname":"android.view.View","Packagename":"com.zhihu.android","Text":"活跃回答者"},{"Bounds":{"bottom":728,"left":-1378,"right":-1298,"top":648},"Classname":"android.widget.Image","Packagename":"com.zhihu.android","Text":""},{"Bounds":{"bottom":684,"left":-1274,"right":-934,"top":648},"Classname":"android.view.View","Packagename":"com.zhihu.android","Text":"magasa"},{"Bounds":{"bottom":728,"left":-1274,"right":-934,"top":694},"Classname":"android.view.View","Packagename":"com.zhihu.android","Text":""},{"Bounds":{"bottom":704,"left":-886,"right":-854,"top":672},"Classname":"android.widget.Image","Packagename":"com.zhihu.android","Text":""},{"Bounds":{"bottom":702,"left":-842,"right":-790,"top":672},"Classname":"android.view.View","Packagename":"com.zhihu.android","Text":"关注"},{"Bounds":{"bottom":752,"left":-1402,"right":-742,"top":624},"Classname":"android.view.View","Packagename":"com.zhihu.android","Text":"  "},{"Bounds":{"bottom":812,"left":-1378,"right":-1190,"top":774},"Classname":"android.view.View","Packagename":"com.zhihu.android","Text":"在此话题下有 "},{"Bounds":{"bottom":812,"left":-1192,"right":-1140,"top":774},"Classname":"android.view.View","Packagename":"com.zhihu.android","Text":"250"},{"Bounds":{"bottom":812,"left":-1142,"right":-1020,"top":774},"Classname":"android.view.View","Packagename":"com.zhihu.android","Text":" 个回答，"},{"Bounds":{"bottom":812,"left":-1022,"right":-912,"top":774},"Classname":"android.view.View","Packagename":"com.zhihu.android","Text":"137,469"},{"Bounds":{"bottom":812,"left":-914,"right":-852,"top":774},"Classname":"android.view.View","Packagename":"com.zhihu.android","Text":"赞同"},{"Bounds":{"bottom":810,"left":-798,"right":-766,"top":778},"Classname":"android.widget.Image","Packagename":"com.zhihu.android","Text":""},{"Bounds":{"bottom":970,"left":-1378,"right":-1298,"top":890},"Classname":"android.widget.Image","Packagename":"com.zhihu.android","Text":""},{"Bounds":{"bottom":926,"left":-1274,"right":-934,"top":890},"Classname":"android.view.View","Packagename":"com.zhihu.android","Text":"王义之"},{"Bounds":{"bottom":970,"left":-1274,"right":-934,"top":936},"Classname":"android.view.View","Packagename":"com.zhihu.android","Text":"凡影合伙人"},{"Bounds":{"bottom":946,"left":-173,"right":-141,"top":914},"Classname":"android.widget.Image","Packagename":"com.zhihu.android","Text":""},{"Bounds":{"bottom":944,"left":-129,"right":-77,"top":914},"Classname":"android.view.View","Packagename":"com.zhihu.android","Text":"关注"},{"Bounds":{"bottom":994,"left":-1402,"right":-742,"top":866},"Classname":"android.view.View","Packagename":"com.zhihu.android","Text":"  "},{"Bounds":{"bottom":1054,"left":-665,"right":-477,"top":1016},"Classname":"android.view.View","Packagename":"com.zhihu.android","Text":"在此话题下有 "},{"Bounds":{"bottom":1054,"left":-479,"right":-443,"top":1016},"Classname":"android.view.View","Packagename":"com.zhihu.android","Text":"43"},{"Bounds":{"bottom":1054,"left":-445,"right":-323,"top":1016},"Classname":"android.view.View","Packagename":"com.zhihu.android","Text":" 个回答，"},{"Bounds":{"bottom":1054,"left":-325,"right":-249,"top":1016},"Classname":"android.view.View","Packagename":"com.zhihu.android","Text":"5,666"},{"Bounds":{"bottom":1054,"left":-251,"right":-189,"top":1016},"Classname":"android.view.View","Packagename":"com.zhihu.android","Text":"赞同"},{"Bounds":{"bottom":1052,"left":-85,"right":-53,"top":1020},"Classname":"android.widget.Image","Packagename":"com.zhihu.android","Text":""},{"Bounds":{"bottom":1146,"left":-433,"right":-313,"top":1110},"Classname":"android.view.View","Packagename":"com.zhihu.android","Text":"查看全部"},{"Bounds":{"bottom":1140,"left":-305,"right":-285,"top":1118},"Classname":"android.widget.Image","Packagename":"com.zhihu.android","Text":""},{"Bounds":{"bottom":1278,"left":-1402,"right":-742,"top":1200},"Classname":"android.view.View","Packagename":"com.zhihu.android","Text":"相关话题"},{"Bounds":{"bottom":1388,"left":-689,"right":-609,"top":1308},"Classname":"android.widget.Image","Packagename":"com.zhihu.android","Text":"v2-8eb62115839675caf5d282fbf9a3c249_xl"},{"Bounds":{"bottom":1344,"left":-579,"right":-203,"top":1308},"Classname":"android.view.View","Packagename":"com.zhihu.android","Text":"大佛普拉斯（电影）"},{"Bounds":{"bottom":1388,"left":-579,"right":-203,"top":1354},"Classname":"android.view.View","Packagename":"com.zhihu.android","Text":"1,011 人关注"},{"Bounds":{"bottom":1364,"left":-149,"right":-117,"top":1332},"Classname":"android.widget.Image","Packagename":"com.zhihu.android","Text":""},{"Bounds":{"bottom":1362,"left":-105,"right":-53,"top":1332},"Classname":"android.view.View","Packagename":"com.zhihu.android","Text":"关注"},{"Bounds":{"bottom":1770,"left":-689,"right":-29,"top":1418},"Classname":"android.view.View","Packagename":"com.zhihu.android","Text":"《大佛普拉斯》是由黄信尧执导，叶如芬、钟孟宏监制的剧情片。由陈竹升、庄益增、戴立忍、纳豆、张少怀等主演。该片于2017年10月13日在中国台湾上映。\n\n影片讲述一名小人物肚财因偷看佛像工厂老板的行车记录器，却意外发现了政商勾结的秘密，引发了一连串连锁反应，连工厂里准备参加护国法会的“大佛”，都被迫卷入这场世间纷扰。"},{"Bounds":{"bottom":1800,"left":-689,"right":-29,"top":1308},"Classname":"android.view.View","Packagename":"com.zhihu.android","Text":"  "},{"Bounds":{"bottom":1910,"left":-689,"right":-609,"top":1830},"Classname":"android.widget.Image","Packagename":"com.zhihu.android","Text":"v2-7f085c3cf1acf7ee5e6b9e0245d1f9fc_xl"},{"Bounds":{"bottom":1866,"left":-579,"right":-203,"top":1830},"Classname":"android.view.View","Packagename":"com.zhihu.android","Text":"你从未在此（电影）"},{"Bounds":{"bottom":1910,"left":-579,"right":-203,"top":1876},"Classname":"android.view.View","Packagename":"com.zhihu.android","Text":"2 人关注"},{"Bounds":{"bottom":1886,"left":-149,"right":-117,"top":1854},"Classname":"android.widget.Image","Packagename":"com.zhihu.android","Text":""},{"Bounds":{"bottom":1884,"left":-105,"right":-53,"top":1854},"Classname":"android.view.View","Packagename":"com.zhihu.android","Text":"关注"},{"Bounds":{"bottom":2292,"left":-689,"right":-29,"top":1940},"Classname":"android.view.View","Packagename":"com.zhihu.android","Text":"《你从未在此》是由美国、法国联合制片的95分钟剧情影片。该片由琳恩·拉姆塞执导，杰昆·菲尼克斯、叶卡捷琳娜·萨姆索诺夫、亚历桑德罗·尼沃拉、亚历克斯·马内塔、约翰·道曼等主演，于 2017年5月27日在法国戛纳上映。 该片改编自乔纳森·埃姆斯所著同名短篇小说，讲述了一位耿直且内心饱受折磨的老兵受参议员所托，动身去寻找一名失踪少女。面对复仇与腐败，他身不由己地陷入暴力漩涡的故事。"},{"Bounds":{"bottom":2322,"left":-689,"right":-29,"top":1830},"Classname":"android.view.View","Packagename":"com.zhihu.android","Text":"  "},{"Bounds":{"bottom":2432,"left":-689,"right":-609,"top":2352},"Classname":"android.widget.Image","Packagename":"com.zhihu.android","Text":"v2-54ee8fec9c7c4ee7e63b558931008356_xl"},{"Bounds":{"bottom":2388,"left":-579,"right":-203,"top":2352},"Classname":"android.view.View","Packagename":"com.zhihu.android","Text":"我是好人（电影）"},{"Bounds":{"bottom":2432,"left":-579,"right":-203,"top":2398},"Classname":"android.view.View","Packagename":"com.zhihu.android","Text":"73 人关注"},{"Bounds":{"bottom":2408,"left":-149,"right":-117,"top":2376},"Classname":"android.widget.Image","Packagename":"com.zhihu.android","Text":""},{"Bounds":{"bottom":2406,"left":-105,"right":-53,"top":2376},"Classname":"android.view.View","Packagename":"com.zhihu.android","Text":"关注"},{"Bounds":{"bottom":2770,"left":-689,"right":-29,"top":2462},"Classname":"android.view.View","Packagename":"com.zhihu.android","Text":"2018-02-01 大陆上映 悬疑 · 犯罪 导演： 邢键钧 简介： 这是一部经典的中国式“黑色幽默”。 1个为生计而一筹莫展的捡破烂者，1个生在富家却没有快乐的熊孩子，一个为了肚子里的孩子歇斯底里的女人，1个家财万贯但因为还没出生的和已经出生的孩子而煎熬的富爸爸，还有2个逗比的绑匪。 他们，都在不经意间，演绎了一场人生的悲喜剧。"},{"Bounds":{"bottom":2800,"left":-689,"right":-29,"top":2352},"Classname":"android.view.View","Packagename":"com.zhihu.android","Text":"  "},{"Bounds":{"bottom":2910,"left":-689,"right":-609,"top":2830},"Classname":"android.widget.Image","Packagename":"com.zhihu.android","Text":"f2e3b6d1f_xl"},{"Bounds":{"bottom":2866,"left":-579,"right":-203,"top":2830},"Classname":"android.view.View","Packagename":"com.zhihu.android","Text":"日本电影"},{"Bounds":{"bottom":2910,"left":-579,"right":-203,"top":2876},"Classname":"android.view.View","Packagename":"com.zhihu.android","Text":"45,777 人关注"},{"Bounds":{"bottom":2886,"left":-149,"right":-117,"top":2854},"Classname":"android.widget.Image","Packagename":"com.zhihu.android","Text":""},{"Bounds":{"bottom":2884,"left":-105,"right":-53,"top":2854},"Classname":"android.view.View","Packagename":"com.zhihu.android","Text":"关注"},{"Bounds":{"bottom":3160,"left":-689,"right":-29,"top":2940},"Classname":"android.view.View","Packagename":"com.zhihu.android","Text":"日本电影（在日本国内又称映画）已经有超过一百年以上的历史，是世界上最历史最悠久且最庞大的电影工业之一。\n至 2010 年为止，日本出产的的长片电影数量是全世界第四。"},{"Bounds":{"bottom":3190,"left":-689,"right":-29,"top":2830},"Classname":"android.view.View","Packagename":"com.zhihu.android","Text":"  "},{"Bounds":{"bottom":3300,"left":-689,"right":-609,"top":3220},"Classname":"android.widget.Image","Packagename":"com.zhihu.android","Text":"e82bab09c_xl"},{"Bounds":{"bottom":3256,"left":-579,"right":-203,"top":3220},"Classname":"android.view.View","Packagename":"com.zhihu.android","Text":"电影片头"},{"Bounds":{"bottom":3300,"left":-579,"right":-203,"top":3266},"Classname":"android.view.View","Packagename":"com.zhihu.android","Text":"839 人关注"},{"Bounds":{"bottom":3276,"left":-149,"right":-117,"top":3244},"Classname":"android.widget.Image","Packagename":"com.zhihu.android","Text":""},{"Bounds":{"bottom":3274,"left":-105,"right":-53,"top":3244},"Classname":"android.view.View","Packagename":"com.zhihu.android","Text":"关注"},{"Bounds":{"bottom":3770,"left":-689,"right":-29,"top":3330},"Classname":"android.view.View","Packagename":"com.zhihu.android","Text":"电影片头又称：\n\ntitle sequence\nmovie title sequence\nopening sequence\nopening shot\n\nTitle sequence | http://en.wikipedia.org/wiki/Title_sequence\nArt of the Title | http://www.artofthetitle.com/"},{"Bounds":{"bottom":3800,"left":-689,"right":-29,"top":3220},"Classname":"android.view.View","Packagename":"com.zhihu.android","Text":"  "},{"Bounds":{"bottom":3910,"left":-689,"right":-609,"top":3830},"Classname":"android.widget.Image","Packagename":"com.zhihu.android","Text":"v2-de22bef57f5ea83aa6565a1b867b02c4_xl"},{"Bounds":{"bottom":3866,"left":-579,"right":-203,"top":3830},"Classname":"android.view.View","Packagename":"com.zhihu.android","Text":"玄幻电影"},{"Bounds":{"bottom":3910,"left":-579,"right":-203,"top":3876},"Classname":"android.view.View","Packagename":"com.zhihu.android","Text":"99 人关注"},{"Bounds":{"bottom":3886,"left":-149,"right":-117,"top":3854},"Classname":"android.widget.Image","Packagename":"com.zhihu.android","Text":""},{"Bounds":{"bottom":3884,"left":-105,"right":-53,"top":3854},"Classname":"android.view.View","Packagename":"com.zhihu.android","Text":"关注"},{"Bounds":{"bottom":4072,"left":-689,"right":-29,"top":3940},"Classname":"android.view.View","Packagename":"com.zhihu.android","Text":"一种具有中国文化特色的新类型电影，涵盖有仙侠、修真、奇幻、穿越、异界、神话、鬼怪妖魔等诸多幻想元素。"},{"Bounds":{"bottom":4102,"left":-689,"right":-29,"top":3830},"Classname":"android.view.View","Packagename":"com.zhihu.android","Text":"  "},{"Bounds":{"bottom":4212,"left":-689,"right":-609,"top":4132},"Classname":"android.widget.Image","Packagename":"com.zhihu.android","Text":"e82bab09c_xl"},{"Bounds":{"bottom":4168,"left":-579,"right":-203,"top":4132},"Classname":"android.view.View","Packagename":"com.zhihu.android","Text":"电影调查"},{"Bounds":{"bottom":4212,"left":-579,"right":-203,"top":4178},"Classname":"android.view.View","Packagename":"com.zhihu.android","Text":"546 人关注"},{"Bounds":{"bottom":4188,"left":-149,"right":-117,"top":4156},"Classname":"android.widget.Image","Packagename":"com.zhihu.android","Text":""},{"Bounds":{"bottom":4186,"left":-105,"right":-53,"top":4156},"Classname":"android.view.View","Packagename":"com.zhihu.android","Text":"关注"},{"Bounds":{"bottom":4242,"left":-689,"right":-29,"top":4132},"Classname":"android.view.View","Packagename":"com.zhihu.android","Text":"  "},{"Bounds":{"bottom":-4,"left":0,"right":-481,"top":240},"Classname":"android.widget.TextView","Packagename":"com.zhihu.android","Text":"努力的Lorre"},{"Bounds":{"bottom":-23,"left":0,"right":-473,"top":240},"Classname":"android.view.View","Packagename":"com.zhihu.android","Text":""},{"Bounds":{"bottom":63,"left":0,"right":-31,"top":240},"Classname":"android.widget.TextView","Packagename":"com.zhihu.android","Text":"如何评价《复仇者联盟 3 ：无限战争》?"},{"Bounds":{"bottom":311,"left":0,"right":-311,"top":240},"Classname":"android.widget.ProgressBar","Packagename":"com.zhihu.android","Text":""},{"Bounds":{"bottom":424,"left":0,"right":-55,"top":391},"Classname":"android.widget.TextView","Packagename":"com.zhihu.android","Text":"09:14"},{"Bounds":{"bottom":352,"left":0,"right":-31,"top":240},"Classname":"android.widget.ImageView","Packagename":"com.zhihu.android","Text":""},{"Bounds":{"bottom":582,"left":0,"right":-31,"top":448},"Classname":"android.widget.TextView","Packagename":"com.zhihu.android","Text":"《复联3》是漫威的骄傲。没错，一点都不夸张！ 动作特效、剧情设计、场景配乐，皆为顶级配置光这些就已经值回IMAX票价了 今天Lorre从《复联3》最核心、最精彩的两个点10年电影宇宙和最强Boss灭霸来和大家聊聊这部精彩绝伦的影片 无剧透影评： [视频] 如果觉得视频有帮助请分享给与你一起观影的朋友让我们一起为漫威十周年，狂欢吧！ 彩蛋： [图片]"},{"Bounds":{"bottom":636,"left":0,"right":-555,"top":582},"Classname":"android.widget.TextView","Packagename":"com.zhihu.android","Text":"203 赞同 · "},{"Bounds":{"bottom":636,"left":0,"right":-439,"top":582},"Classname":"android.widget.TextView","Packagename":"com.zhihu.android","Text":"47 评论 · "},{"Bounds":{"bottom":636,"left":0,"right":-320,"top":582},"Classname":"android.widget.TextView","Packagename":"com.zhihu.android","Text":"关注问题 "},{"Bounds":{"bottom":747,"left":0,"right":-519,"top":709},"Classname":"android.widget.TextView","Packagename":"com.zhihu.android","Text":"教与交易"},{"Bounds":{"bottom":728,"left":0,"right":-511,"top":728},"Classname":"android.view.View","Packagename":"com.zhihu.android","Text":""},{"Bounds":{"bottom":815,"left":0,"right":-31,"top":756},"Classname":"android.widget.TextView","Packagename":"com.zhihu.android","Text":"你们看过的最毁三观的作品是什么?"},{"Bounds":{"bottom":1176,"left":0,"right":-55,"top":1143},"Classname":"android.widget.TextView","Packagename":"com.zhihu.android","Text":"14:42"},{"Bounds":{"bottom":1104,"left":0,"right":-31,"top":831},"Classname":"android.widget.ImageView","Packagename":"com.zhihu.android","Text":""},{"Bounds":{"bottom":1280,"left":0,"right":-31,"top":1200},"Classname":"android.widget.TextView","Packagename":"com.zhihu.android","Text":"高能！如果下列片子改变了您的三观，请找木鱼水心负责！ 这是我看过的突破一切犯罪题材、毁三观不能再毁的片子，可偏偏获奖无数……不得不佩服日本人的……脑洞，太BT了。你能想到一切的罪恶都有，可是，他就是能毁你的三观，自己看吧…… [视频] [视频] [视频]"},{"Bounds":{"bottom":1280,"left":0,"right":-555,"top":1334},"Classname":"android.widget.TextView","Packagename":"com.zhihu.android","Text":"120 赞同 · "},{"Bounds":{"bottom":1280,"left":0,"right":-439,"top":1334},"Classname":"android.widget.TextView","Packagename":"com.zhihu.android","Text":"50 评论 · "},{"Bounds":{"bottom":1280,"left":0,"right":-320,"top":1334},"Classname":"android.widget.TextView","Packagename":"com.zhihu.android","Text":"关注问题 "},{"Bounds":{"bottom":1280,"left":720,"right":720,"top":575},"Classname":"android.support.v7.widget.RecyclerView","Packagename":"com.zhihu.android","Text":""}],"packagename":"com.example.a10628.myapplication","width":1080}