{"events":[{"eventname":"TYPE_VIEW_SCROLLED","source":{"Bounds":{"bottom":1280,"left":0,"right":720,"top":2},"Classname":"android.webkit.WebView","Packagename":"com.baycode.tianya","Text":""}}],"height":1920,"hovertime":8961,"nodes":[{"Bounds":{"bottom":4,"left":10,"right":122,"top":2},"Classname":"android.view.View","Packagename":"com.baycode.tianya","Text":"只看楼主"},{"Bounds":{"bottom":4,"left":10,"right":710,"top":2},"Classname":"android.view.View","Packagename":"com.baycode.tianya","Text":"乔丹最高场均得分37.1分，科比最高场均得分35.4分，詹姆斯呢？"},{"Bounds":{"bottom":4,"left":0,"right":720,"top":2},"Classname":"android.view.View","Packagename":"com.baycode.tianya","Text":"第1页 | 共1页   访问9250 | 回复39"},{"Bounds":{"bottom":4,"left":8,"right":712,"top":2},"Classname":"android.view.View","Packagename":"com.baycode.tianya","Text":"乔丹292014-06-22 10:01:00"},{"Bounds":{"bottom":4,"left":10,"right":710,"top":2},"Classname":"android.view.View","Packagename":"com.baycode.tianya","Text":"　　乔丹最高场均得分37.1分，科比最高场均得分35.4分，詹姆斯呢？"},{"Bounds":{"bottom":4,"left":20,"right":700,"top":2},"Classname":"android.view.View","Packagename":"com.baycode.tianya","Text":"推广 旅行的时候遇见过哪些难忘的事 旅行的意义，让人不断的相遇、分开、再相遇 "},{"Bounds":{"bottom":4,"left":648,"right":700,"top":2},"Classname":"android.view.View","Packagename":"com.baycode.tianya","Text":"回复"},{"Bounds":{"bottom":4,"left":8,"right":712,"top":2},"Classname":"android.view.View","Packagename":"com.baycode.tianya","Text":"哥萨克人20142014-06-22 10:30:18"},{"Bounds":{"bottom":4,"left":10,"right":710,"top":2},"Classname":"android.view.View","Packagename":"com.baycode.tianya","Text":"　　摆这种数据丢人的只能是科渣，不顾球队死活靠出手比别人多得多赢数据的垃圾唯有科渣。"},{"Bounds":{"bottom":4,"left":648,"right":700,"top":2},"Classname":"android.view.View","Packagename":"com.baycode.tianya","Text":"回复"},{"Bounds":{"bottom":4,"left":8,"right":712,"top":2},"Classname":"android.view.View","Packagename":"com.baycode.tianya","Text":"重新注册用户名2014-06-22 11:52:29"},{"Bounds":{"bottom":40,"left":10,"right":710,"top":2},"Classname":"android.view.View","Packagename":"com.baycode.tianya","Text":"　　打铁排行榜科比第一，詹姆斯第几啊。\n　　"},{"Bounds":{"bottom":76,"left":648,"right":700,"top":46},"Classname":"android.view.View","Packagename":"com.baycode.tianya","Text":"回复"},{"Bounds":{"bottom":144,"left":8,"right":712,"top":96},"Classname":"android.view.View","Packagename":"com.baycode.tianya","Text":"我的偶像是林彪2014-06-22 17:46:18"},{"Bounds":{"bottom":424,"left":10,"right":710,"top":154},"Classname":"android.view.View","Packagename":"com.baycode.tianya","Text":"　　@哥萨克人2014 1楼 2014-06-22 10:30 　　摆这种数据丢人的只能是科渣，不顾球队死活靠出手比别人多得多赢数据的垃圾唯有科渣。 -----------------------------卡哇伊，来治猩猩的你。\n　　"},{"Bounds":{"bottom":460,"left":648,"right":700,"top":430},"Classname":"android.view.View","Packagename":"com.baycode.tianya","Text":"回复"},{"Bounds":{"bottom":528,"left":8,"right":712,"top":480},"Classname":"android.view.View","Packagename":"com.baycode.tianya","Text":"deant20132014-06-23 17:22:57"},{"Bounds":{"bottom":808,"left":10,"right":710,"top":538},"Classname":"android.view.View","Packagename":"com.baycode.tianya","Text":"　　其实这一数据不公平的 他们不是一个时代创造的数据 所以 没什么可比性 客观的讲我不是他们三个任何一个人的fans 我只是喜欢篮球 平时也会看数据来研究下他们的风格 但是从客观来讲 这个数据不能说明什么的"},{"Bounds":{"bottom":844,"left":648,"right":700,"top":814},"Classname":"android.view.View","Packagename":"com.baycode.tianya","Text":"回复"},{"Bounds":{"bottom":912,"left":8,"right":712,"top":864},"Classname":"android.view.View","Packagename":"com.baycode.tianya","Text":"狗是编小2014-06-23 17:38:09"},{"Bounds":{"bottom":1280,"left":10,"right":710,"top":922},"Classname":"android.view.View","Packagename":"com.baycode.tianya","Text":"　　乔丹最高篮板8，詹姆斯最高篮板8，科比呢？\n\n　　乔丹最高助攻8，詹姆斯最高助攻8，科比呢？\n\n　　乔丹最高抢断3，詹姆斯最高抢断2，科比呢？\n\n　　乔丹最高PER32，詹姆斯最高PER31，科比呢？\n\n　　^……^"},{"Bounds":{"bottom":1280,"left":648,"right":700,"top":1280},"Classname":"android.view.View","Packagename":"com.baycode.tianya","Text":"回复"},{"Bounds":{"bottom":1280,"left":8,"right":712,"top":1280},"Classname":"android.view.View","Packagename":"com.baycode.tianya","Text":"艳过唐朝2014-06-24 07:34:28"},{"Bounds":{"bottom":1280,"left":10,"right":710,"top":1280},"Classname":"android.view.View","Packagename":"com.baycode.tianya","Text":"　　@狗是编小 7楼 2014-06-23 17:38:00\n　　乔丹最高篮板8，詹姆斯最高篮板8，科比呢？ \n\n　　乔丹最高助攻8，詹姆斯最高助攻8，科比呢？ \n\n　　乔丹最高抢断3，詹姆斯最高抢断2，科比呢？ \n\n　　乔丹最高PER32，詹姆斯最高PER31，科比呢？ \n\n　　^……^\n　　—————————————————\n　　乔丹守公牛,蜗壳守唬人,吾黄守哪呢?乔丹虚脱不下场，蜗壳腿断不下场，吾黄拉稀抽筋抬下场，蜗壳前场板场均1.2吾黄也是1.2，后场板秒杀蜗壳但吾黄是在和谁抢呢?\n　　"},{"Bounds":{"bottom":1280,"left":648,"right":700,"top":1280},"Classname":"android.view.View","Packagename":"com.baycode.tianya","Text":"回复"},{"Bounds":{"bottom":1280,"left":8,"right":712,"top":1280},"Classname":"android.view.View","Packagename":"com.baycode.tianya","Text":"逮谁和谐谁2014-06-24 09:44:52"},{"Bounds":{"bottom":1280,"left":10,"right":710,"top":1280},"Classname":"android.view.View","Packagename":"com.baycode.tianya","Text":"　　楼上这傻逼认为后场板都是在跟自己队友抢的？"},{"Bounds":{"bottom":1280,"left":648,"right":700,"top":1280},"Classname":"android.view.View","Packagename":"com.baycode.tianya","Text":"回复"},{"Bounds":{"bottom":1280,"left":8,"right":712,"top":1280},"Classname":"android.view.View","Packagename":"com.baycode.tianya","Text":"未来的钻石王老五2014-06-24 11:36:20"},{"Bounds":{"bottom":1280,"left":10,"right":710,"top":1280},"Classname":"android.view.View","Packagename":"com.baycode.tianya","Text":"　　论数据乔丹是神，詹姆斯是全能王，科比是个杀手而已。职业生涯平均得分还没有AI高。\n　　詹姆斯场均得分现在也比科比高，退役时不知道，估计会差不多，但是命中率肯定高出很多。\n　　科比强在耐操，打的时间实在够长，比总的分还是牛逼的，场均的话，阿杜按照现在的趋势爆他完全没有任何问题。"},{"Bounds":{"bottom":1280,"left":648,"right":700,"top":1280},"Classname":"android.view.View","Packagename":"com.baycode.tianya","Text":"回复"},{"Bounds":{"bottom":1280,"left":8,"right":712,"top":1280},"Classname":"android.view.View","Packagename":"com.baycode.tianya","Text":"展翅高飞242014-06-25 00:20:17"},{"Bounds":{"bottom":1280,"left":10,"right":710,"top":1280},"Classname":"android.view.View","Packagename":"com.baycode.tianya","Text":"　　回复第11楼，@未来的钻石王老五\n\n　　论数据乔丹是神，詹姆斯是全能王，科比是个杀手而已。职业生涯平均得分还没有AI高。 \n　　詹姆斯场均得分现在也比科比高，退役时不知道，估计会差不多，但是命中率肯定高出很多。 \n　　科比强在耐操，打的时间实在够长，比总的分还是牛逼的，场均的话，阿杜按照现在的趋势爆他完全没有任何问题。\n　　--------------------------\n\n　　真能扯淡，你家詹姆斯的进攻能力差远了\n　　"},{"Bounds":{"bottom":1280,"left":648,"right":700,"top":1280},"Classname":"android.view.View","Packagename":"com.baycode.tianya","Text":"回复"},{"Bounds":{"bottom":1280,"left":8,"right":712,"top":1280},"Classname":"android.view.View","Packagename":"com.baycode.tianya","Text":"未来的钻石王老五2014-06-25 22:52:33"},{"Bounds":{"bottom":1280,"left":10,"right":710,"top":1280},"Classname":"android.view.View","Packagename":"com.baycode.tianya","Text":"　　回复第11楼， @未来的钻石王老五\n　　论数据乔丹是神，詹姆斯是全能王，科比是个杀手而已。职业生涯平均得分还没有AI高。\n　　詹姆斯场均得分现在也比科比高，退役时不知道，估计会差不多，但是命中率肯定高出很多。\n　　科比强在耐操，打的时间实在够长，比总的分还是牛逼的，场均的话，阿杜按照现在的趋势爆他完全没有任何问题。\n　　--------------------------\n　　@展翅高飞24 9楼 2014-06-25 00:20:17\n　　真能扯淡，你家詹姆斯的进攻能力差远了\n　　-----------------------------\n　　脑残儿童，我家詹姆斯？我喜欢的是巴克利，詹姆斯的数据就是比科比好，这是客观存在，场均得分科比没有AI高没有詹姆斯高这是现实，就像你是个脑残儿童一样，不是你说不是就不是的。\n　　如果你会用搜索功能，请自己去看看科比的职业场均得分是多少，别自己拍脑门想想。"},{"Bounds":{"bottom":1280,"left":648,"right":700,"top":1280},"Classname":"android.view.View","Packagename":"com.baycode.tianya","Text":"回复"},{"Bounds":{"bottom":1280,"left":8,"right":712,"top":1280},"Classname":"android.view.View","Packagename":"com.baycode.tianya","Text":"xxpostlw2014-06-25 23:20:03"},{"Bounds":{"bottom":1280,"left":10,"right":710,"top":1280},"Classname":"android.view.View","Packagename":"com.baycode.tianya","Text":"　　看nba是因为我认识了乔丹，一直看是因为后来又出了个科比，现在看得少了"},{"Bounds":{"bottom":1280,"left":648,"right":700,"top":1280},"Classname":"android.view.View","Packagename":"com.baycode.tianya","Text":"回复"},{"Bounds":{"bottom":1280,"left":8,"right":712,"top":1280},"Classname":"android.view.View","Packagename":"com.baycode.tianya","Text":"zhustair1532014-06-25 23:32:33"},{"Bounds":{"bottom":1280,"left":10,"right":710,"top":1280},"Classname":"android.view.View","Packagename":"com.baycode.tianya","Text":"　　@未来的钻石王老五 8楼 2014-06-24 11:36:20\n　　论数据乔丹是神，詹姆斯是全能王，科比是个杀手而已。职业生涯平均得分还没有AI高。\n　　詹姆斯场均得分现在也比科比高，退役时不知道，估计会差不多，但是命中率肯定高出很多。\n　　科比强在耐操，打的时间实在够长，比总的分还是牛逼的，场均的话，阿杜按照现在的趋势爆他完全没有任何问题。\n　　-----------------------------\n　　扯淡吧，就詹姆斯这个投篮神经质，身体状态一下来就可以来CBA钻钱养老了"},{"Bounds":{"bottom":1280,"left":648,"right":700,"top":1280},"Classname":"android.view.View","Packagename":"com.baycode.tianya","Text":"回复"},{"Bounds":{"bottom":1280,"left":8,"right":712,"top":1280},"Classname":"android.view.View","Packagename":"com.baycode.tianya","Text":"ml10788082014-06-26 00:37:52"},{"Bounds":{"bottom":1280,"left":10,"right":710,"top":1280},"Classname":"android.view.View","Packagename":"com.baycode.tianya","Text":"　　@艳过唐朝 6楼 2014-06-24 07:34:28\n　　@狗是编小 7楼 2014-06-23 17:38:00\n　　乔丹最高篮板8，詹姆斯最高篮板8，科比呢？\n　　乔丹最高助攻8，詹姆斯最高助攻8，科比呢？\n　　乔丹最高抢断3，詹姆斯最高抢断2，科比呢？\n　　乔丹最高PER32，詹姆斯最高PER31，科比呢？\n　　^……^\n　　—————————————————\n　　乔丹守公牛,蜗壳守唬人,吾黄守哪呢?乔丹虚脱不下场，蜗壳腿断不下场，吾黄拉稀抽筋抬下场，蜗壳前场板场均1.2吾黄也是1.2，后......\n　　-----------------------------\n　　哈哈哈，我觉得嘛，英雄，要么活的光荣，要么死的悲壮，詹姆斯跳槽，实在是不得人心"},{"Bounds":{"bottom":1280,"left":648,"right":700,"top":1280},"Classname":"android.view.View","Packagename":"com.baycode.tianya","Text":"回复"},{"Bounds":{"bottom":1280,"left":8,"right":712,"top":1280},"Classname":"android.view.View","Packagename":"com.baycode.tianya","Text":"勒你俩塔耳2014-06-26 01:01:40"},{"Bounds":{"bottom":1280,"left":10,"right":710,"top":1280},"Classname":"android.view.View","Packagename":"com.baycode.tianya","Text":"　　@逮谁和谐谁 7楼 2014-06-24 09:44:00\n　　楼上这傻逼认为后场板都是在跟自己队友抢的？\n　　—————————————————\n　　真是傻逼极了。十分赞同你的说法。\n　　"},{"Bounds":{"bottom":1280,"left":648,"right":700,"top":1280},"Classname":"android.view.View","Packagename":"com.baycode.tianya","Text":"回复"},{"Bounds":{"bottom":1280,"left":8,"right":712,"top":1280},"Classname":"android.view.View","Packagename":"com.baycode.tianya","Text":"winter_storm2014-06-26 03:06:41"},{"Bounds":{"bottom":1280,"left":10,"right":710,"top":1280},"Classname":"android.view.View","Packagename":"com.baycode.tianya","Text":"　　@勒你俩塔耳 2014-06-26 01:01:40\n　　@逮谁和谐谁 7楼 2014-06-24 09:44:00 \n　　楼上这傻逼认为后场板都是在跟自己队友抢的？ \n　　————————————————— \n　　真是傻逼极了。十分赞同你的说法。 \n　　-----------------------------\n　　你们不会觉得后场篮板和前场篮板是一样的难度吧\n　　"},{"Bounds":{"bottom":1280,"left":648,"right":700,"top":1280},"Classname":"android.view.View","Packagename":"com.baycode.tianya","Text":"回复"},{"Bounds":{"bottom":1280,"left":8,"right":712,"top":1280},"Classname":"android.view.View","Packagename":"com.baycode.tianya","Text":"人间正道世沧桑2014-06-26 07:24:42"},{"Bounds":{"bottom":1280,"left":10,"right":248,"top":1280},"Classname":"android.view.View","Packagename":"com.baycode.tianya","Text":"　　发布了图片"},{"Bounds":{"bottom":1280,"left":10,"right":710,"top":1280},"Classname":"android.view.View","Packagename":"com.baycode.tianya","Text":"\n"},{"Bounds":{"bottom":1280,"left":10,"right":78,"top":1280},"Classname":"android.view.View","Packagename":"com.baycode.tianya","Text":"　　"},{"Bounds":{"bottom":1280,"left":10,"right":710,"top":1280},"Classname":"android.widget.Image","Packagename":"com.baycode.tianya","Text":"点击图片查看幻灯模式"},{"Bounds":{"bottom":1280,"left":10,"right":710,"top":1280},"Classname":"android.view.View","Packagename":"com.baycode.tianya","Text":"\n"},{"Bounds":{"bottom":1280,"left":10,"right":710,"top":1280},"Classname":"android.view.View","Packagename":"com.baycode.tianya","Text":"\n"},{"Bounds":{"bottom":1280,"left":10,"right":78,"top":1280},"Classname":"android.view.View","Packagename":"com.baycode.tianya","Text":"　　"},{"Bounds":{"bottom":1280,"left":648,"right":700,"top":1280},"Classname":"android.view.View","Packagename":"com.baycode.tianya","Text":"回复"},{"Bounds":{"bottom":1280,"left":8,"right":712,"top":1280},"Classname":"android.view.View","Packagename":"com.baycode.tianya","Text":"乔丹L2014-08-15 21:37:58"},{"Bounds":{"bottom":1280,"left":10,"right":710,"top":1280},"Classname":"android.view.View","Packagename":"com.baycode.tianya","Text":"　　@狗是编小 5楼 2014-06-23 17:38:09\n　　乔丹最高篮板8，詹姆斯最高篮板8，科比呢？\n　　乔丹最高助攻8，詹姆斯最高助攻8，科比呢？\n　　乔丹最高抢断3，詹姆斯最高抢断2，科比呢？\n　　乔丹最高PER32，詹姆斯最高PER31，科比呢？\n　　^……^\n　　-----------------------------\n　　胡扯，光是乔丹得69分的比赛，乔丹就有18个篮板，6个助攻，4个抢断呢。"},{"Bounds":{"bottom":1280,"left":648,"right":700,"top":1280},"Classname":"android.view.View","Packagename":"com.baycode.tianya","Text":"回复"},{"Bounds":{"bottom":1280,"left":8,"right":712,"top":1280},"Classname":"android.view.View","Packagename":"com.baycode.tianya","Text":"乔丹L2014-08-15 21:43:43"},{"Bounds":{"bottom":1280,"left":10,"right":710,"top":1280},"Classname":"android.view.View","Packagename":"com.baycode.tianya","Text":"　　@艳过唐朝 6楼 2014-06-24 07:34:28\n　　@狗是编小 7楼 2014-06-23 17:38:00\n　　乔丹最高篮板8，詹姆斯最高篮板8，科比呢？\n　　乔丹最高助攻8，詹姆斯最高助攻8，科比呢？\n　　乔丹最高抢断3，詹姆斯最高抢断2，科比呢？\n　　乔丹最高PER32，詹姆斯最高PER31，科比呢？\n　　^……^\n　　—————————————————\n　　乔丹守公牛,蜗壳守唬人,吾黄守哪呢?乔丹虚脱不下场，蜗壳腿断不下场，吾黄拉稀抽筋抬下场，蜗壳前场板场均1.2吾黄也是1.2，后......\n　　-----------------------------\n　　@ml1078808 13楼 2014-06-26 00:37:52\n　　哈哈哈，我觉得嘛，英雄，要么活的光荣，要么死的悲壮，詹姆斯跳槽，实在是不得人心\n　　-----------------------------乔丹没有在一个球队闹着交易自己，詹姆斯也没有。科比在选秀到黄蜂后，闹着黄蜂交易自己去湖人，不然就算参加选秀了也不出来打比赛。在湖人抱完奥尼尔大腿，又闹着湖人交易自己，否则就算花再多奢侈税也要建立联盟最强内线给自己当大腿，创造剩余价值供自己挥霍。除了科比再也不会有如此无耻之人了。"},{"Bounds":{"bottom":1280,"left":648,"right":700,"top":1280},"Classname":"android.view.View","Packagename":"com.baycode.tianya","Text":"回复"},{"Bounds":{"bottom":1280,"left":8,"right":712,"top":1280},"Classname":"android.view.View","Packagename":"com.baycode.tianya","Text":"老枪伏枥2014-08-15 21:46:41"},{"Bounds":{"bottom":1280,"left":10,"right":710,"top":1280},"Classname":"android.view.View","Packagename":"com.baycode.tianya","Text":"　　詹姆斯当前联盟第一人，乔丹呢？科比呢？\n　　詹姆斯当前对球队的掌控力历史第一，乔丹呢？科比呢？\n　　詹姆斯回归骑士，骑士身价翻了一倍，乔丹呢？科比呢？"},{"Bounds":{"bottom":1280,"left":648,"right":700,"top":1280},"Classname":"android.view.View","Packagename":"com.baycode.tianya","Text":"回复"},{"Bounds":{"bottom":1280,"left":8,"right":712,"top":1280},"Classname":"android.view.View","Packagename":"com.baycode.tianya","Text":"乔丹L2014-08-15 21:48:52"},{"Bounds":{"bottom":1280,"left":10,"right":710,"top":1280},"Classname":"android.view.View","Packagename":"com.baycode.tianya","Text":"　　回复第11楼， @未来的钻石王老五\n　　论数据乔丹是神，詹姆斯是全能王，科比是个杀手而已。职业生涯平均得分还没有AI高。\n　　詹姆斯场均得分现在也比科比高，退役时不知道，估计会差不多，但是命中率肯定高出很多。\n　　科比强在耐操，打的时间实在够长，比总的分还是牛逼的，场均的话，阿杜按照现在的趋势爆他完全没有任何问题。\n　　--------------------------\n　　@展翅高飞24 9楼 2014-06-25 00:20:17\n　　真能扯淡，你家詹姆斯的进攻能力差远了\n　　-----------------------------\n　　@未来的钻石王老五 10楼 2014-06-25 22:52:33\n　　脑残儿童，我家詹姆斯？我喜欢的是巴克利，詹姆斯的数据就是比科比好，这是客观存在，场均得分科比没有AI高没有詹姆斯高这是现实，就像你是个脑残儿童一样，不是你说不是就不是的。\n　　如果你会用搜索功能，请自己去看看科比的职业场均得分是多少，别自己拍脑门想想。\n　　-----------------------------\n　　科比狗屁的杀手，论均分得分，那么多的出手在NBA普通的不能再普通了，其命中率最好的赛季也米有排名在200名之前，也就是说，每个赛季，少有200人出手和科比一样，都能得分比科比多。同样其30%的绝杀命中率在NBA种更是惨不忍睹，这也就是费舍尔，奥多姆，加索尔多次表示湖人有很多球员都可以完成绝杀，而不是非要科比去投的原因，他们只是不愿意直接说让科比丢人罢了，看看湖人队里哪个人的绝少命中率比科比低？甚至不是球星的霍利，费舍尔都远远高出科比。不管从场均还是绝杀来说，把科比能说成杀手，那么NBA至少有一多半人就是杀人狂魔了。"},{"Bounds":{"bottom":1280,"left":648,"right":700,"top":1280},"Classname":"android.view.View","Packagename":"com.baycode.tianya","Text":"回复"},{"Bounds":{"bottom":1280,"left":8,"right":712,"top":1280},"Classname":"android.view.View","Packagename":"com.baycode.tianya","Text":"乔丹L2014-08-15 21:51:46"},{"Bounds":{"bottom":1280,"left":10,"right":710,"top":1280},"Classname":"android.view.View","Packagename":"com.baycode.tianya","Text":"　　@重新注册用户名 2楼 2014-06-22 11:52:29\n　　打铁排行榜科比第一，詹姆斯第几啊。\n\n　　-----------------------------\n　　科比不止打铁，和凯尔特大比分领先被翻盘，一个赛季场均6失误，97年湖人领先能连续三个三不沾让爵士翻盘淘汰湖人，太多神迹都是科比创造。更有被盖帽次数，被抢断次数，传球直接传到场外次数等傲视群穷的数据。"},{"Bounds":{"bottom":1280,"left":648,"right":700,"top":1280},"Classname":"android.view.View","Packagename":"com.baycode.tianya","Text":"回复"},{"Bounds":{"bottom":1280,"left":8,"right":712,"top":1280},"Classname":"android.view.View","Packagename":"com.baycode.tianya","Text":"腈春的艾2014-08-15 22:29:29"},{"Bounds":{"bottom":1280,"left":10,"right":710,"top":1280},"Classname":"android.view.View","Packagename":"com.baycode.tianya","Text":"　　@逮谁和谐谁 2014-06-24 09:44:52\n　　楼上这傻逼认为后场板都是在跟自己队友抢的？\n　　—————————————\n　　你这傻吊你要是认为吾皇是在跟队友抢后场篮板那就错了，应该是吾皇在抢队友的后场篮板球\n　　"},{"Bounds":{"bottom":1280,"left":648,"right":700,"top":1280},"Classname":"android.view.View","Packagename":"com.baycode.tianya","Text":"回复"},{"Bounds":{"bottom":1280,"left":8,"right":712,"top":1280},"Classname":"android.view.View","Packagename":"com.baycode.tianya","Text":"uk1512014-08-15 23:19:28"},{"Bounds":{"bottom":1280,"left":10,"right":710,"top":1280},"Classname":"android.view.View","Packagename":"com.baycode.tianya","Text":"　　@未来的钻石王老五 8楼 2014-06-24 11:36:20\n　　论数据乔丹是神，詹姆斯是全能王，科比是个杀手而已。职业生涯平均得分还没有AI高。\n　　詹姆斯场均得分现在也比科比高，退役时不知道，估计会差不多，但是命中率肯定高出很多。\n　　科比强在耐操，打的时间实在够长，比总的分还是牛逼的，场均的话，阿杜按照现在的趋势爆他完全没有任何问题。\n　　-----------------------------\n　　@zhustair153 12楼 2014-06-25 23:32:33\n　　扯淡吧，就詹姆斯这个投篮神经质，身体状态一下来就可以来CBA钻钱养老了\n　　----------------------------\n　　这是实话，詹姆斯的确是在靠身体打球，而且他骄傲得很，从来不考虑自己适合什么样的阵容适合什么样的战术，很难想象当他老了或者因伤病状态下滑他该怎样融入球队呢？或者就直接选择退役了。。。"},{"Bounds":{"bottom":1280,"left":648,"right":700,"top":1280},"Classname":"android.view.View","Packagename":"com.baycode.tianya","Text":"回复"},{"Bounds":{"bottom":1280,"left":8,"right":712,"top":1280},"Classname":"android.view.View","Packagename":"com.baycode.tianya","Text":"停下浮躁的心20142014-08-16 07:02:26"},{"Bounds":{"bottom":1280,"left":10,"right":564,"top":1280},"Classname":"android.view.View","Packagename":"com.baycode.tianya","Text":"　　@狗是编小 2014-06-23 17:38:09"},{"Bounds":{"bottom":1280,"left":10,"right":710,"top":1280},"Classname":"android.view.View","Packagename":"com.baycode.tianya","Text":"\n"},{"Bounds":{"bottom":1280,"left":10,"right":678,"top":1280},"Classname":"android.view.View","Packagename":"com.baycode.tianya","Text":"　　乔丹最高篮板8，詹姆斯最高篮板8，科比呢？ "},{"Bounds":{"bottom":1280,"left":10,"right":710,"top":1280},"Classname":"android.view.View","Packagename":"com.baycode.tianya","Text":"\n"},{"Bounds":{"bottom":1280,"left":10,"right":678,"top":1280},"Classname":"android.view.View","Packagename":"com.baycode.tianya","Text":"　　乔丹最高助攻8，詹姆斯最高助攻8，科比呢？ "},{"Bounds":{"bottom":1280,"left":10,"right":710,"top":1280},"Classname":"android.view.View","Packagename":"com.baycode.tianya","Text":"\n"},{"Bounds":{"bottom":1280,"left":10,"right":678,"top":1280},"Classname":"android.view.View","Packagename":"com.baycode.tianya","Text":"　　乔丹最高抢断3，詹姆斯最高抢断2，科比呢？ "},{"Bounds":{"bottom":1280,"left":10,"right":710,"top":1280},"Classname":"android.view.View","Packagename":"com.baycode.tianya","Text":"\n"},{"Bounds":{"bottom":1280,"left":10,"right":704,"top":1280},"Classname":"android.view.View","Packagename":"com.baycode.tianya","Text":"　　乔丹最高PER32，詹姆斯最高PER31，科比呢？ "},{"Bounds":{"bottom":1280,"left":10,"right":710,"top":1280},"Classname":"android.view.View","Packagename":"com.baycode.tianya","Text":"\n"},{"Bounds":{"bottom":1280,"left":10,"right":152,"top":1280},"Classname":"android.view.View","Packagename":"com.baycode.tianya","Text":"　　^……^"},{"Bounds":{"bottom":1280,"left":10,"right":710,"top":1280},"Classname":"android.view.View","Packagename":"com.baycode.tianya","Text":"\n"},{"Bounds":{"bottom":1280,"left":10,"right":424,"top":1280},"Classname":"android.view.View","Packagename":"com.baycode.tianya","Text":"　　—————————————"},{"Bounds":{"bottom":1280,"left":10,"right":710,"top":1280},"Classname":"android.view.View","Packagename":"com.baycode.tianya","Text":"\n"},{"Bounds":{"bottom":1280,"left":10,"right":146,"top":1280},"Classname":"android.view.View","Packagename":"com.baycode.tianya","Text":"　　还有"},{"Bounds":{"bottom":1280,"left":10,"right":710,"top":1280},"Classname":"android.view.View","Packagename":"com.baycode.tianya","Text":"\n"},{"Bounds":{"bottom":1280,"left":10,"right":78,"top":1280},"Classname":"android.view.View","Packagename":"com.baycode.tianya","Text":"　　"},{"Bounds":{"bottom":1280,"left":10,"right":710,"top":1280},"Classname":"android.widget.Image","Packagename":"com.baycode.tianya","Text":"点击图片查看幻灯模式"},{"Bounds":{"bottom":1280,"left":10,"right":710,"top":1280},"Classname":"android.view.View","Packagename":"com.baycode.tianya","Text":"\n"},{"Bounds":{"bottom":1280,"left":10,"right":710,"top":1280},"Classname":"android.view.View","Packagename":"com.baycode.tianya","Text":"\n"},{"Bounds":{"bottom":1280,"left":10,"right":78,"top":1280},"Classname":"android.view.View","Packagename":"com.baycode.tianya","Text":"　　"},{"Bounds":{"bottom":1280,"left":648,"right":700,"top":1280},"Classname":"android.view.View","Packagename":"com.baycode.tianya","Text":"回复"},{"Bounds":{"bottom":1280,"left":8,"right":712,"top":1280},"Classname":"android.view.View","Packagename":"com.baycode.tianya","Text":"老枪伏枥2014-08-16 10:14:43"},{"Bounds":{"bottom":1280,"left":10,"right":710,"top":1280},"Classname":"android.view.View","Packagename":"com.baycode.tianya","Text":"　　好帅，得顶。"},{"Bounds":{"bottom":1280,"left":648,"right":700,"top":1280},"Classname":"android.view.View","Packagename":"com.baycode.tianya","Text":"回复"},{"Bounds":{"bottom":1280,"left":8,"right":712,"top":1280},"Classname":"android.view.View","Packagename":"com.baycode.tianya","Text":"不周山倒2014-08-17 09:26:38"},{"Bounds":{"bottom":1280,"left":10,"right":710,"top":1280},"Classname":"android.view.View","Packagename":"com.baycode.tianya","Text":"　　下赛季波一板道长和邓公有机会为詹义士正名"},{"Bounds":{"bottom":1280,"left":648,"right":700,"top":1280},"Classname":"android.view.View","Packagename":"com.baycode.tianya","Text":"回复"},{"Bounds":{"bottom":1280,"left":8,"right":712,"top":1280},"Classname":"android.view.View","Packagename":"com.baycode.tianya","Text":"不周山倒2014-08-17 09:29:00"},{"Bounds":{"bottom":1280,"left":10,"right":710,"top":1280},"Classname":"android.view.View","Packagename":"com.baycode.tianya","Text":"　　@不周山倒 26楼 2014-08-17 09:26\n　　下赛季波一板道长和邓公有机会为詹义士正名\n　　------------------------------\n　　还有乐大福，欧小文"},{"Bounds":{"bottom":1280,"left":648,"right":700,"top":1280},"Classname":"android.view.View","Packagename":"com.baycode.tianya","Text":"回复"},{"Bounds":{"bottom":1280,"left":8,"right":712,"top":1280},"Classname":"android.view.View","Packagename":"com.baycode.tianya","Text":"alleen19832014-08-17 10:25:08"},{"Bounds":{"bottom":1280,"left":10,"right":710,"top":1280},"Classname":"android.view.View","Packagename":"com.baycode.tianya","Text":"　　回复第6楼，@艳过唐朝\n\n　　@狗是编小 7楼 2014-06-23 17:38:00 \n　　乔丹最高篮板8，詹姆斯最高篮板8，科比呢？ \n\n　　乔丹最高助攻8，詹姆斯最高助攻8，科比呢？ \n\n　　乔丹最高抢断3，詹姆斯最高抢断2，科比呢？ \n\n　　乔丹最高PER32，詹姆斯最高PER31，科比呢？ \n\n　　^……^ \n　　————————————————— \n　　乔丹守公牛,蜗壳守唬人,吾黄守哪呢?乔丹虚脱不下场，蜗壳腿断不下场，吾黄拉稀抽筋抬下场，蜗壳前场板场均1.2吾黄也是1.2，后场板秒杀蜗壳但吾黄是在和谁抢呢? \n\n　　--------------------------\n\n　　腿断不下场……\n　　"},{"Bounds":{"bottom":1280,"left":648,"right":700,"top":1280},"Classname":"android.view.View","Packagename":"com.baycode.tianya","Text":"回复"},{"Bounds":{"bottom":1280,"left":8,"right":712,"top":1280},"Classname":"android.view.View","Packagename":"com.baycode.tianya","Text":"龙爱姜姜好2014-08-17 12:06:35"},{"Bounds":{"bottom":1280,"left":10,"right":710,"top":1280},"Classname":"android.view.View","Packagename":"com.baycode.tianya","Text":"　　回复第11楼， @未来的钻石王老五\n　　论数据乔丹是神，詹姆斯是全能王，科比是个杀手而已。职业生涯平均得分还没有AI高。\n　　詹姆斯场均得分现在也比科比高，退役时不知道，估计会差不多，但是命中率肯定高出很多。\n　　科比强在耐操，打的时间实在够长，比总的分还是牛逼的，场均的话，阿杜按照现在的趋势爆他完全没有任何问题。\n　　--------------------------\n　　@展翅高飞24 9楼 2014-06-25 00:20:17\n　　真能扯淡，你家詹姆斯的进攻能力差远了\n　　-----------------------------\n　　@未来的钻石王老五 10楼 2014-06-25 22:52\n　　脑残儿童，我家詹姆斯？我喜欢的是巴克利，詹姆斯的数据就是比科比好，这是客观存在，场均得分科比没有AI高没有詹姆斯高这是现实，就像你是个脑残儿童一样，不是你说不是就不是的。\n　　如果你会用搜索功能，请自己去看看科比的职业场均得分是多少，别自己拍脑门想想。\n　　------------------------------\n　　别这样不好，等他们两个都退役得在比较被这样就知道谁是傻比了"},{"Bounds":{"bottom":1280,"left":648,"right":700,"top":1280},"Classname":"android.view.View","Packagename":"com.baycode.tianya","Text":"回复"},{"Bounds":{"bottom":1280,"left":8,"right":712,"top":1280},"Classname":"android.view.View","Packagename":"com.baycode.tianya","Text":"liupingtian2014-08-18 23:35:41"},{"Bounds":{"bottom":1280,"left":10,"right":710,"top":1280},"Classname":"android.view.View","Packagename":"com.baycode.tianya","Text":"　　乱枪打鸟，照着篮框扔就是了，反正有些SB只会看得分。\n　　"},{"Bounds":{"bottom":1280,"left":648,"right":700,"top":1280},"Classname":"android.view.View","Packagename":"com.baycode.tianya","Text":"回复"},{"Bounds":{"bottom":1280,"left":8,"right":712,"top":1280},"Classname":"android.view.View","Packagename":"com.baycode.tianya","Text":"不惑顽童2018-05-11 12:31:59"},{"Bounds":{"bottom":1280,"left":10,"right":710,"top":1280},"Classname":"android.view.View","Packagename":"com.baycode.tianya","Text":"　　乔丹这个37点1分的效率不高啊，命中率48点2，三分18点2。投篮次数27点8，罚球11点9，9次罚球相当于4次投篮，那么乔丹相当于33点1次投篮得37点1分，这效率都能拿出来吹啊！由于科比三分投得多，科比只比这个低效一点点，而杜兰特库里詹姆斯都远高于这个。"},{"Bounds":{"bottom":1280,"left":648,"right":700,"top":1280},"Classname":"android.view.View","Packagename":"com.baycode.tianya","Text":"回复"},{"Bounds":{"bottom":1280,"left":8,"right":712,"top":1280},"Classname":"android.view.View","Packagename":"com.baycode.tianya","Text":"菏泽人在无锡2018-05-11 14:43:21"},{"Bounds":{"bottom":1280,"left":10,"right":710,"top":1280},"Classname":"android.view.View","Packagename":"com.baycode.tianya","Text":"　　就不是一个档次的人，别拿科比来比较了！铁王是占了乔蛋和詹姆斯的空挡期，如果是与詹姆斯或者乔蛋重叠，铁王排名三十开外！一个靠疯狂出手次数刷分换取高分有意义吗？！"},{"Bounds":{"bottom":1280,"left":648,"right":700,"top":1280},"Classname":"android.view.View","Packagename":"com.baycode.tianya","Text":"回复"},{"Bounds":{"bottom":1280,"left":8,"right":712,"top":1280},"Classname":"android.view.View","Packagename":"com.baycode.tianya","Text":"菏泽人在无锡2018-05-12 12:20:24"},{"Bounds":{"bottom":1280,"left":10,"right":710,"top":1280},"Classname":"android.view.View","Packagename":"com.baycode.tianya","Text":"　　乔蛋最高场均出手次数，詹姆斯最高场均出手次数，科比最高场均出手次数，敢列出来吗？！"},{"Bounds":{"bottom":1280,"left":648,"right":700,"top":1280},"Classname":"android.view.View","Packagename":"com.baycode.tianya","Text":"回复"},{"Bounds":{"bottom":1280,"left":8,"right":712,"top":1280},"Classname":"android.view.View","Packagename":"com.baycode.tianya","Text":"菏泽人在无锡2018-05-12 12:31:38"},{"Bounds":{"bottom":1280,"left":10,"right":710,"top":1280},"Classname":"android.view.View","Packagename":"com.baycode.tianya","Text":"　　场均得分最高乔蛋第一，\n　　总冠军数量乔蛋第一，\n　　MVP次数乔蛋第一，\n　　场均篮板最高詹姆斯第一，\n　　场均助攻最高詹姆斯第一，\n　　场均盖帽最高詹姆斯第一，\n　　……\n　　科比的什么才能排第一呢？\n　　场均出手次数最多科比第一，\n　　场均命中率最低科比第一，\n　　场均打铁最多科比第一，\n　　铁王与詹姆斯乔蛋就不是一个档次的，非得拿出来往上凑，只能是丢丑招黑！"},{"Bounds":{"bottom":1280,"left":648,"right":700,"top":1280},"Classname":"android.view.View","Packagename":"com.baycode.tianya","Text":"回复"},{"Bounds":{"bottom":1280,"left":108,"right":182,"top":1280},"Classname":"android.view.View","Packagename":"com.baycode.tianya","Text":"返回"},{"Bounds":{"bottom":1280,"left":200,"right":274,"top":1280},"Classname":"android.view.View","Packagename":"com.baycode.tianya","Text":"上页"},{"Bounds":{"bottom":1280,"left":282,"right":438,"top":1280},"Classname":"android.view.View","Packagename":"com.baycode.tianya","Text":"第1页 | 共1页"},{"Bounds":{"bottom":1280,"left":446,"right":520,"top":1280},"Classname":"android.view.View","Packagename":"com.baycode.tianya","Text":"下页"},{"Bounds":{"bottom":1280,"left":538,"right":612,"top":1280},"Classname":"android.view.View","Packagename":"com.baycode.tianya","Text":"末页"},{"Bounds":{"bottom":1280,"left":40,"right":680,"top":1280},"Classname":"android.view.View","Packagename":"com.baycode.tianya","Text":"查看原文"},{"Bounds":{"bottom":1280,"left":40,"right":680,"top":1280},"Classname":"android.view.View","Packagename":"com.baycode.tianya","Text":"转发分享"},{"Bounds":{"bottom":263,"left":0,"right":88,"top":143},"Classname":"android.view.View","Packagename":"com.baycode.tianya","Text":""},{"Bounds":{"bottom":1280,"left":660,"right":720,"top":1260},"Classname":"android.view.View","Packagename":"com.baycode.tianya","Text":""},{"Bounds":{"bottom":1280,"left":0,"right":720,"top":1180},"Classname":"android.view.View","Packagename":"com.baycode.tianya","Text":"贝壳找房 急转！一套精装两居，多少钱？ "}],"packagename":"com.example.a10628.myapplication","width":1080}