{"events":[{"eventname":"TYPE_WINDOW_STATE_CHANGED","source":{"Bounds":{"bottom":1280,"left":0,"right":720,"top":0},"Classname":"android.widget.FrameLayout","Packagename":"com.baycode.tianya","Text":""}}],"height":1920,"hovertime":1430,"nodes":[{"Bounds":{"bottom":136,"left":0,"right":720,"top":48},"Classname":"android.widget.TextView","Packagename":"com.baycode.tianya","Text":"天涯热帖"},{"Bounds":{"bottom":264,"left":80,"right":176,"top":168},"Classname":"android.widget.ProgressBar","Packagename":"com.baycode.tianya","Text":""},{"Bounds":{"bottom":240,"left":274,"right":445,"top":191},"Classname":"android.widget.TextView","Packagename":"com.baycode.tianya","Text":"正在刷新…"},{"Bounds":{"bottom":1280,"left":46,"right":98,"top":1244},"Classname":"android.widget.TextView","Packagename":"com.baycode.tianya","Text":"热帖"},{"Bounds":{"bottom":1280,"left":190,"right":242,"top":1244},"Classname":"android.widget.TextView","Packagename":"com.baycode.tianya","Text":"聚焦"},{"Bounds":{"bottom":1280,"left":334,"right":386,"top":1244},"Classname":"android.widget.TextView","Packagename":"com.baycode.tianya","Text":"书签"},{"Bounds":{"bottom":1280,"left":478,"right":530,"top":1244},"Classname":"android.widget.TextView","Packagename":"com.baycode.tianya","Text":"版块"},{"Bounds":{"bottom":1280,"left":622,"right":674,"top":1244},"Classname":"android.widget.TextView","Packagename":"com.baycode.tianya","Text":"设置"}],"packagename":"com.example.a10628.myapplication","width":1080}