{"events":[{"eventname":"TYPE_VIEW_SCROLLED","source":{"Bounds":{"bottom":1280,"left":0,"right":720,"top":241},"Classname":"android.support.v7.widget.RecyclerView","Packagename":"com.justwayward.readerer","Text":""}}],"height":1920,"hovertime":3709,"nodes":[{"Bounds":{"bottom":160,"left":0,"right":112,"top":48},"Classname":"android.widget.ImageButton","Packagename":"com.justwayward.readerer","Text":""},{"Bounds":{"bottom":131,"left":120,"right":240,"top":77},"Classname":"android.widget.TextView","Packagename":"com.justwayward.readerer","Text":"女生区"},{"Bounds":{"bottom":221,"left":134,"right":194,"top":180},"Classname":"android.widget.TextView","Packagename":"com.justwayward.readerer","Text":"全部"},{"Bounds":{"bottom":221,"left":464,"right":584,"top":180},"Classname":"android.widget.TextView","Packagename":"com.justwayward.readerer","Text":"默认排序"},{"Bounds":{"bottom":129,"left":150,"right":202,"top":241},"Classname":"android.widget.TextView","Packagename":"com.justwayward.readerer","Text":"爱孤"},{"Bounds":{"bottom":129,"left":202,"right":248,"top":241},"Classname":"android.widget.TextView","Packagename":"com.justwayward.readerer","Text":" lv.8"},{"Bounds":{"bottom":129,"left":607,"right":700,"top":241},"Classname":"android.widget.TextView","Packagename":"com.justwayward.readerer","Text":"8小时前"},{"Bounds":{"bottom":177,"left":150,"right":311,"top":241},"Classname":"android.widget.TextView","Packagename":"com.justwayward.readerer","Text":"真正爱一人？"},{"Bounds":{"bottom":227,"left":150,"right":205,"top":241},"Classname":"android.widget.TextView","Packagename":"com.justwayward.readerer","Text":"0"},{"Bounds":{"bottom":227,"left":225,"right":283,"top":241},"Classname":"android.widget.TextView","Packagename":"com.justwayward.readerer","Text":"0"},{"Bounds":{"bottom":304,"left":150,"right":207,"top":268},"Classname":"android.widget.TextView","Packagename":"com.justwayward.readerer","Text":"Alice"},{"Bounds":{"bottom":304,"left":207,"right":253,"top":268},"Classname":"android.widget.TextView","Packagename":"com.justwayward.readerer","Text":" lv.4"},{"Bounds":{"bottom":304,"left":607,"right":700,"top":268},"Classname":"android.widget.TextView","Packagename":"com.justwayward.readerer","Text":"8小时前"},{"Bounds":{"bottom":352,"left":150,"right":331,"top":314},"Classname":"android.widget.TextView","Packagename":"com.justwayward.readerer","Text":"good morning."},{"Bounds":{"bottom":402,"left":150,"right":205,"top":362},"Classname":"android.widget.TextView","Packagename":"com.justwayward.readerer","Text":"1"},{"Bounds":{"bottom":402,"left":225,"right":283,"top":362},"Classname":"android.widget.TextView","Packagename":"com.justwayward.readerer","Text":"0"},{"Bounds":{"bottom":479,"left":150,"right":280,"top":443},"Classname":"android.widget.TextView","Packagename":"com.justwayward.readerer","Text":"余生相恋╮"},{"Bounds":{"bottom":479,"left":280,"right":326,"top":443},"Classname":"android.widget.TextView","Packagename":"com.justwayward.readerer","Text":" lv.8"},{"Bounds":{"bottom":479,"left":607,"right":700,"top":443},"Classname":"android.widget.TextView","Packagename":"com.justwayward.readerer","Text":"8小时前"},{"Bounds":{"bottom":527,"left":150,"right":297,"top":489},"Classname":"android.widget.TextView","Packagename":"com.justwayward.readerer","Text":"一个人，？？"},{"Bounds":{"bottom":577,"left":150,"right":205,"top":537},"Classname":"android.widget.TextView","Packagename":"com.justwayward.readerer","Text":"1"},{"Bounds":{"bottom":577,"left":225,"right":283,"top":537},"Classname":"android.widget.TextView","Packagename":"com.justwayward.readerer","Text":"0"},{"Bounds":{"bottom":654,"left":150,"right":228,"top":618},"Classname":"android.widget.TextView","Packagename":"com.justwayward.readerer","Text":"唯♡玉"},{"Bounds":{"bottom":654,"left":228,"right":274,"top":618},"Classname":"android.widget.TextView","Packagename":"com.justwayward.readerer","Text":" lv.4"},{"Bounds":{"bottom":654,"left":607,"right":700,"top":618},"Classname":"android.widget.TextView","Packagename":"com.justwayward.readerer","Text":"8小时前"},{"Bounds":{"bottom":702,"left":150,"right":262,"top":664},"Classname":"android.widget.TextView","Packagename":"com.justwayward.readerer","Text":"标题废了"},{"Bounds":{"bottom":752,"left":150,"right":205,"top":712},"Classname":"android.widget.TextView","Packagename":"com.justwayward.readerer","Text":"1"},{"Bounds":{"bottom":752,"left":225,"right":283,"top":712},"Classname":"android.widget.TextView","Packagename":"com.justwayward.readerer","Text":"0"},{"Bounds":{"bottom":829,"left":150,"right":202,"top":793},"Classname":"android.widget.TextView","Packagename":"com.justwayward.readerer","Text":"久陌"},{"Bounds":{"bottom":829,"left":202,"right":248,"top":793},"Classname":"android.widget.TextView","Packagename":"com.justwayward.readerer","Text":" lv.9"},{"Bounds":{"bottom":829,"left":607,"right":700,"top":793},"Classname":"android.widget.TextView","Packagename":"com.justwayward.readerer","Text":"8小时前"},{"Bounds":{"bottom":877,"left":150,"right":332,"top":839},"Classname":"android.widget.TextView","Packagename":"com.justwayward.readerer","Text":"求解，，，，，，"},{"Bounds":{"bottom":927,"left":150,"right":220,"top":887},"Classname":"android.widget.TextView","Packagename":"com.justwayward.readerer","Text":"28"},{"Bounds":{"bottom":927,"left":240,"right":298,"top":887},"Classname":"android.widget.TextView","Packagename":"com.justwayward.readerer","Text":"0"},{"Bounds":{"bottom":1004,"left":150,"right":280,"top":968},"Classname":"android.widget.TextView","Packagename":"com.justwayward.readerer","Text":"我想否认他"},{"Bounds":{"bottom":1004,"left":280,"right":341,"top":968},"Classname":"android.widget.TextView","Packagename":"com.justwayward.readerer","Text":" lv.10"},{"Bounds":{"bottom":1004,"left":607,"right":700,"top":968},"Classname":"android.widget.TextView","Packagename":"com.justwayward.readerer","Text":"8小时前"},{"Bounds":{"bottom":1052,"left":150,"right":633,"top":1014},"Classname":"android.widget.TextView","Packagename":"com.justwayward.readerer","Text":"最近我沉迷纯爱无法自拔 但我是男的啊"},{"Bounds":{"bottom":1102,"left":150,"right":205,"top":1062},"Classname":"android.widget.TextView","Packagename":"com.justwayward.readerer","Text":"5"},{"Bounds":{"bottom":1102,"left":225,"right":283,"top":1062},"Classname":"android.widget.TextView","Packagename":"com.justwayward.readerer","Text":"1"},{"Bounds":{"bottom":1179,"left":150,"right":228,"top":1143},"Classname":"android.widget.TextView","Packagename":"com.justwayward.readerer","Text":"挚爱♡"},{"Bounds":{"bottom":1179,"left":228,"right":274,"top":1143},"Classname":"android.widget.TextView","Packagename":"com.justwayward.readerer","Text":" lv.8"},{"Bounds":{"bottom":1179,"left":607,"right":700,"top":1143},"Classname":"android.widget.TextView","Packagename":"com.justwayward.readerer","Text":"8小时前"},{"Bounds":{"bottom":1227,"left":150,"right":353,"top":1189},"Classname":"android.widget.TextView","Packagename":"com.justwayward.readerer","Text":"大傻傻❤小傻傻"},{"Bounds":{"bottom":1277,"left":150,"right":205,"top":1237},"Classname":"android.widget.TextView","Packagename":"com.justwayward.readerer","Text":"5"},{"Bounds":{"bottom":1277,"left":225,"right":283,"top":1237},"Classname":"android.widget.TextView","Packagename":"com.justwayward.readerer","Text":"0"}],"packagename":"com.example.a10628.myapplication","width":1080}