{"events":[{"eventname":"TYPE_VIEW_SCROLLED","source":{"Bounds":{"bottom":1280,"left":0,"right":720,"top":144},"Classname":"com.uc.webkit.bc","Packagename":"com.tmall.wireless","Text":""}}],"height":1920,"hovertime":1049,"nodes":[{"Bounds":{"bottom":144,"left":0,"right":253,"top":48},"Classname":"android.widget.LinearLayout","Packagename":"com.tmall.wireless","Text":""},{"Bounds":{"bottom":116,"left":536,"right":576,"top":76},"Classname":"android.widget.TextView","Packagename":"com.tmall.wireless","Text":""},{"Bounds":{"bottom":144,"left":614,"right":718,"top":48},"Classname":"android.widget.TextView","Packagename":"com.tmall.wireless","Text":""},{"Bounds":{"bottom":-316,"left":0,"right":88,"top":144},"Classname":"android.view.View","Packagename":"com.tmall.wireless","Text":""},{"Bounds":{"bottom":-342,"left":530,"right":582,"top":144},"Classname":"android.view.View","Packagename":"com.tmall.wireless","Text":""},{"Bounds":{"bottom":-352,"left":590,"right":610,"top":144},"Classname":"android.view.View","Packagename":"com.tmall.wireless","Text":""},{"Bounds":{"bottom":-316,"left":632,"right":720,"top":144},"Classname":"android.view.View","Packagename":"com.tmall.wireless","Text":""},{"Bounds":{"bottom":-330,"left":88,"right":512,"top":144},"Classname":"android.view.View","Packagename":"com.tmall.wireless","Text":""},{"Bounds":{"bottom":-222,"left":-720,"right":0,"top":144},"Classname":"android.view.View","Packagename":"com.tmall.wireless","Text":""},{"Bounds":{"bottom":-222,"left":0,"right":720,"top":144},"Classname":"android.view.View","Packagename":"com.tmall.wireless","Text":""},{"Bounds":{"bottom":-222,"left":720,"right":1440,"top":144},"Classname":"android.view.View","Packagename":"com.tmall.wireless","Text":""},{"Bounds":{"bottom":-222,"left":1440,"right":2160,"top":144},"Classname":"android.view.View","Packagename":"com.tmall.wireless","Text":""},{"Bounds":{"bottom":-222,"left":2160,"right":2880,"top":144},"Classname":"android.view.View","Packagename":"com.tmall.wireless","Text":""},{"Bounds":{"bottom":-222,"left":2880,"right":3600,"top":144},"Classname":"android.view.View","Packagename":"com.tmall.wireless","Text":""},{"Bounds":{"bottom":-222,"left":3600,"right":4320,"top":144},"Classname":"android.view.View","Packagename":"com.tmall.wireless","Text":""},{"Bounds":{"bottom":-222,"left":4320,"right":5040,"top":144},"Classname":"android.view.View","Packagename":"com.tmall.wireless","Text":""},{"Bounds":{"bottom":-234,"left":258,"right":288,"top":144},"Classname":"android.view.View","Packagename":"com.tmall.wireless","Text":""},{"Bounds":{"bottom":-234,"left":292,"right":322,"top":144},"Classname":"android.view.View","Packagename":"com.tmall.wireless","Text":""},{"Bounds":{"bottom":-234,"left":326,"right":356,"top":144},"Classname":"android.view.View","Packagename":"com.tmall.wireless","Text":""},{"Bounds":{"bottom":-234,"left":360,"right":390,"top":144},"Classname":"android.view.View","Packagename":"com.tmall.wireless","Text":""},{"Bounds":{"bottom":-234,"left":394,"right":424,"top":144},"Classname":"android.view.View","Packagename":"com.tmall.wireless","Text":""},{"Bounds":{"bottom":-234,"left":428,"right":458,"top":144},"Classname":"android.view.View","Packagename":"com.tmall.wireless","Text":""},{"Bounds":{"bottom":0,"left":0,"right":720,"top":144},"Classname":"android.view.View","Packagename":"com.tmall.wireless","Text":""},{"Bounds":{"bottom":138,"left":-702,"right":-564,"top":144},"Classname":"android.view.View","Packagename":"com.tmall.wireless","Text":""},{"Bounds":{"bottom":138,"left":-566,"right":-428,"top":144},"Classname":"android.view.View","Packagename":"com.tmall.wireless","Text":""},{"Bounds":{"bottom":138,"left":-430,"right":-290,"top":144},"Classname":"android.view.View","Packagename":"com.tmall.wireless","Text":""},{"Bounds":{"bottom":138,"left":-292,"right":-154,"top":144},"Classname":"android.view.View","Packagename":"com.tmall.wireless","Text":""},{"Bounds":{"bottom":138,"left":-156,"right":-18,"top":144},"Classname":"android.view.View","Packagename":"com.tmall.wireless","Text":""},{"Bounds":{"bottom":312,"left":-702,"right":-564,"top":160},"Classname":"android.view.View","Packagename":"com.tmall.wireless","Text":""},{"Bounds":{"bottom":312,"left":-566,"right":-428,"top":160},"Classname":"android.view.View","Packagename":"com.tmall.wireless","Text":""},{"Bounds":{"bottom":312,"left":-430,"right":-290,"top":160},"Classname":"android.view.View","Packagename":"com.tmall.wireless","Text":""},{"Bounds":{"bottom":312,"left":-292,"right":-154,"top":160},"Classname":"android.view.View","Packagename":"com.tmall.wireless","Text":""},{"Bounds":{"bottom":312,"left":-156,"right":-18,"top":160},"Classname":"android.view.View","Packagename":"com.tmall.wireless","Text":""},{"Bounds":{"bottom":138,"left":18,"right":156,"top":144},"Classname":"android.view.View","Packagename":"com.tmall.wireless","Text":""},{"Bounds":{"bottom":138,"left":154,"right":292,"top":144},"Classname":"android.view.View","Packagename":"com.tmall.wireless","Text":""},{"Bounds":{"bottom":138,"left":290,"right":430,"top":144},"Classname":"android.view.View","Packagename":"com.tmall.wireless","Text":""},{"Bounds":{"bottom":138,"left":428,"right":566,"top":144},"Classname":"android.view.View","Packagename":"com.tmall.wireless","Text":""},{"Bounds":{"bottom":138,"left":564,"right":702,"top":144},"Classname":"android.view.View","Packagename":"com.tmall.wireless","Text":""},{"Bounds":{"bottom":312,"left":18,"right":156,"top":160},"Classname":"android.view.View","Packagename":"com.tmall.wireless","Text":""},{"Bounds":{"bottom":312,"left":154,"right":292,"top":160},"Classname":"android.view.View","Packagename":"com.tmall.wireless","Text":""},{"Bounds":{"bottom":312,"left":290,"right":430,"top":160},"Classname":"android.view.View","Packagename":"com.tmall.wireless","Text":""},{"Bounds":{"bottom":312,"left":428,"right":566,"top":160},"Classname":"android.view.View","Packagename":"com.tmall.wireless","Text":""},{"Bounds":{"bottom":312,"left":564,"right":702,"top":160},"Classname":"android.view.View","Packagename":"com.tmall.wireless","Text":""},{"Bounds":{"bottom":138,"left":738,"right":876,"top":144},"Classname":"android.view.View","Packagename":"com.tmall.wireless","Text":""},{"Bounds":{"bottom":138,"left":874,"right":1012,"top":144},"Classname":"android.view.View","Packagename":"com.tmall.wireless","Text":""},{"Bounds":{"bottom":138,"left":1010,"right":1150,"top":144},"Classname":"android.view.View","Packagename":"com.tmall.wireless","Text":""},{"Bounds":{"bottom":138,"left":1148,"right":1286,"top":144},"Classname":"android.view.View","Packagename":"com.tmall.wireless","Text":""},{"Bounds":{"bottom":138,"left":1284,"right":1422,"top":144},"Classname":"android.view.View","Packagename":"com.tmall.wireless","Text":""},{"Bounds":{"bottom":312,"left":738,"right":876,"top":160},"Classname":"android.view.View","Packagename":"com.tmall.wireless","Text":""},{"Bounds":{"bottom":312,"left":874,"right":1012,"top":160},"Classname":"android.view.View","Packagename":"com.tmall.wireless","Text":""},{"Bounds":{"bottom":312,"left":1010,"right":1150,"top":160},"Classname":"android.view.View","Packagename":"com.tmall.wireless","Text":""},{"Bounds":{"bottom":312,"left":1148,"right":1286,"top":160},"Classname":"android.view.View","Packagename":"com.tmall.wireless","Text":""},{"Bounds":{"bottom":312,"left":1284,"right":1422,"top":160},"Classname":"android.view.View","Packagename":"com.tmall.wireless","Text":""},{"Bounds":{"bottom":138,"left":1458,"right":1596,"top":144},"Classname":"android.view.View","Packagename":"com.tmall.wireless","Text":""},{"Bounds":{"bottom":138,"left":1594,"right":1732,"top":144},"Classname":"android.view.View","Packagename":"com.tmall.wireless","Text":""},{"Bounds":{"bottom":138,"left":1730,"right":1870,"top":144},"Classname":"android.view.View","Packagename":"com.tmall.wireless","Text":""},{"Bounds":{"bottom":138,"left":1868,"right":2006,"top":144},"Classname":"android.view.View","Packagename":"com.tmall.wireless","Text":""},{"Bounds":{"bottom":138,"left":2004,"right":2142,"top":144},"Classname":"android.view.View","Packagename":"com.tmall.wireless","Text":""},{"Bounds":{"bottom":312,"left":1458,"right":1596,"top":160},"Classname":"android.view.View","Packagename":"com.tmall.wireless","Text":""},{"Bounds":{"bottom":312,"left":1594,"right":1732,"top":160},"Classname":"android.view.View","Packagename":"com.tmall.wireless","Text":""},{"Bounds":{"bottom":312,"left":1730,"right":1870,"top":160},"Classname":"android.view.View","Packagename":"com.tmall.wireless","Text":""},{"Bounds":{"bottom":312,"left":1868,"right":2006,"top":160},"Classname":"android.view.View","Packagename":"com.tmall.wireless","Text":""},{"Bounds":{"bottom":312,"left":2004,"right":2142,"top":160},"Classname":"android.view.View","Packagename":"com.tmall.wireless","Text":""},{"Bounds":{"bottom":346,"left":324,"right":354,"top":340},"Classname":"android.view.View","Packagename":"com.tmall.wireless","Text":""},{"Bounds":{"bottom":346,"left":360,"right":390,"top":340},"Classname":"android.view.View","Packagename":"com.tmall.wireless","Text":""},{"Bounds":{"bottom":444,"left":28,"right":142,"top":410},"Classname":"android.view.View","Packagename":"com.tmall.wireless","Text":""},{"Bounds":{"bottom":442,"left":160,"right":202,"top":408},"Classname":"android.view.View","Packagename":"com.tmall.wireless","Text":""},{"Bounds":{"bottom":444,"left":206,"right":216,"top":404},"Classname":"android.view.View","Packagename":"com.tmall.wireless","Text":""},{"Bounds":{"bottom":442,"left":220,"right":262,"top":408},"Classname":"android.view.View","Packagename":"com.tmall.wireless","Text":""},{"Bounds":{"bottom":444,"left":266,"right":276,"top":404},"Classname":"android.view.View","Packagename":"com.tmall.wireless","Text":""},{"Bounds":{"bottom":442,"left":280,"right":322,"top":408},"Classname":"android.view.View","Packagename":"com.tmall.wireless","Text":""},{"Bounds":{"bottom":444,"left":546,"right":692,"top":410},"Classname":"android.view.View","Packagename":"com.tmall.wireless","Text":""},{"Bounds":{"bottom":670,"left":-692,"right":-482,"top":460},"Classname":"android.widget.Image","Packagename":"com.tmall.wireless","Text":""},{"Bounds":{"bottom":718,"left":-692,"right":-482,"top":678},"Classname":"android.view.View","Packagename":"com.tmall.wireless","Text":""},{"Bounds":{"bottom":748,"left":-692,"right":-482,"top":716},"Classname":"android.view.View","Packagename":"com.tmall.wireless","Text":""},{"Bounds":{"bottom":808,"left":-692,"right":-598,"top":768},"Classname":"android.view.View","Packagename":"com.tmall.wireless","Text":""},{"Bounds":{"bottom":808,"left":-544,"right":-482,"top":746},"Classname":"android.widget.Button","Packagename":"com.tmall.wireless","Text":""},{"Bounds":{"bottom":670,"left":-464,"right":-256,"top":460},"Classname":"android.widget.Image","Packagename":"com.tmall.wireless","Text":""},{"Bounds":{"bottom":718,"left":-464,"right":-256,"top":678},"Classname":"android.view.View","Packagename":"com.tmall.wireless","Text":""},{"Bounds":{"bottom":748,"left":-464,"right":-256,"top":716},"Classname":"android.view.View","Packagename":"com.tmall.wireless","Text":""},{"Bounds":{"bottom":808,"left":-464,"right":-350,"top":768},"Classname":"android.view.View","Packagename":"com.tmall.wireless","Text":""},{"Bounds":{"bottom":808,"left":-318,"right":-256,"top":746},"Classname":"android.widget.Button","Packagename":"com.tmall.wireless","Text":""},{"Bounds":{"bottom":670,"left":-238,"right":-28,"top":460},"Classname":"android.widget.Image","Packagename":"com.tmall.wireless","Text":""},{"Bounds":{"bottom":718,"left":-238,"right":-28,"top":678},"Classname":"android.view.View","Packagename":"com.tmall.wireless","Text":""},{"Bounds":{"bottom":748,"left":-238,"right":-28,"top":716},"Classname":"android.view.View","Packagename":"com.tmall.wireless","Text":""},{"Bounds":{"bottom":808,"left":-238,"right":-144,"top":768},"Classname":"android.view.View","Packagename":"com.tmall.wireless","Text":""},{"Bounds":{"bottom":808,"left":-90,"right":-28,"top":746},"Classname":"android.widget.Button","Packagename":"com.tmall.wireless","Text":""},{"Bounds":{"bottom":670,"left":28,"right":238,"top":460},"Classname":"android.widget.Image","Packagename":"com.tmall.wireless","Text":""},{"Bounds":{"bottom":570,"left":86,"right":190,"top":538},"Classname":"android.view.View","Packagename":"com.tmall.wireless","Text":""},{"Bounds":{"bottom":592,"left":92,"right":170,"top":570},"Classname":"android.view.View","Packagename":"com.tmall.wireless","Text":""},{"Bounds":{"bottom":718,"left":28,"right":238,"top":678},"Classname":"android.view.View","Packagename":"com.tmall.wireless","Text":""},{"Bounds":{"bottom":748,"left":28,"right":238,"top":716},"Classname":"android.view.View","Packagename":"com.tmall.wireless","Text":""},{"Bounds":{"bottom":808,"left":28,"right":122,"top":768},"Classname":"android.view.View","Packagename":"com.tmall.wireless","Text":""},{"Bounds":{"bottom":808,"left":176,"right":238,"top":746},"Classname":"android.widget.Button","Packagename":"com.tmall.wireless","Text":""},{"Bounds":{"bottom":670,"left":256,"right":464,"top":460},"Classname":"android.widget.Image","Packagename":"com.tmall.wireless","Text":""},{"Bounds":{"bottom":718,"left":256,"right":464,"top":678},"Classname":"android.view.View","Packagename":"com.tmall.wireless","Text":""},{"Bounds":{"bottom":748,"left":256,"right":464,"top":716},"Classname":"android.view.View","Packagename":"com.tmall.wireless","Text":""},{"Bounds":{"bottom":808,"left":256,"right":348,"top":768},"Classname":"android.view.View","Packagename":"com.tmall.wireless","Text":""},{"Bounds":{"bottom":808,"left":402,"right":464,"top":746},"Classname":"android.widget.Button","Packagename":"com.tmall.wireless","Text":""},{"Bounds":{"bottom":670,"left":482,"right":692,"top":460},"Classname":"android.widget.Image","Packagename":"com.tmall.wireless","Text":""},{"Bounds":{"bottom":718,"left":482,"right":692,"top":678},"Classname":"android.view.View","Packagename":"com.tmall.wireless","Text":""},{"Bounds":{"bottom":748,"left":482,"right":692,"top":716},"Classname":"android.view.View","Packagename":"com.tmall.wireless","Text":""},{"Bounds":{"bottom":808,"left":482,"right":596,"top":768},"Classname":"android.view.View","Packagename":"com.tmall.wireless","Text":""},{"Bounds":{"bottom":808,"left":630,"right":692,"top":746},"Classname":"android.widget.Button","Packagename":"com.tmall.wireless","Text":""},{"Bounds":{"bottom":670,"left":748,"right":958,"top":460},"Classname":"android.widget.Image","Packagename":"com.tmall.wireless","Text":""},{"Bounds":{"bottom":718,"left":748,"right":958,"top":678},"Classname":"android.view.View","Packagename":"com.tmall.wireless","Text":""},{"Bounds":{"bottom":748,"left":748,"right":958,"top":716},"Classname":"android.view.View","Packagename":"com.tmall.wireless","Text":""},{"Bounds":{"bottom":808,"left":748,"right":842,"top":768},"Classname":"android.view.View","Packagename":"com.tmall.wireless","Text":""},{"Bounds":{"bottom":808,"left":896,"right":958,"top":746},"Classname":"android.widget.Button","Packagename":"com.tmall.wireless","Text":""},{"Bounds":{"bottom":670,"left":976,"right":1184,"top":460},"Classname":"android.widget.Image","Packagename":"com.tmall.wireless","Text":""},{"Bounds":{"bottom":718,"left":976,"right":1184,"top":678},"Classname":"android.view.View","Packagename":"com.tmall.wireless","Text":""},{"Bounds":{"bottom":748,"left":976,"right":1184,"top":716},"Classname":"android.view.View","Packagename":"com.tmall.wireless","Text":""},{"Bounds":{"bottom":808,"left":976,"right":1090,"top":768},"Classname":"android.view.View","Packagename":"com.tmall.wireless","Text":""},{"Bounds":{"bottom":808,"left":1122,"right":1184,"top":746},"Classname":"android.widget.Button","Packagename":"com.tmall.wireless","Text":""},{"Bounds":{"bottom":670,"left":1202,"right":1412,"top":460},"Classname":"android.widget.Image","Packagename":"com.tmall.wireless","Text":""},{"Bounds":{"bottom":718,"left":1202,"right":1412,"top":678},"Classname":"android.view.View","Packagename":"com.tmall.wireless","Text":""},{"Bounds":{"bottom":748,"left":1202,"right":1412,"top":716},"Classname":"android.view.View","Packagename":"com.tmall.wireless","Text":""},{"Bounds":{"bottom":808,"left":1202,"right":1296,"top":768},"Classname":"android.view.View","Packagename":"com.tmall.wireless","Text":""},{"Bounds":{"bottom":808,"left":1350,"right":1412,"top":746},"Classname":"android.widget.Button","Packagename":"com.tmall.wireless","Text":""},{"Bounds":{"bottom":670,"left":1468,"right":1678,"top":460},"Classname":"android.widget.Image","Packagename":"com.tmall.wireless","Text":""},{"Bounds":{"bottom":718,"left":1468,"right":1678,"top":678},"Classname":"android.view.View","Packagename":"com.tmall.wireless","Text":""},{"Bounds":{"bottom":748,"left":1468,"right":1678,"top":716},"Classname":"android.view.View","Packagename":"com.tmall.wireless","Text":""},{"Bounds":{"bottom":808,"left":1468,"right":1562,"top":768},"Classname":"android.view.View","Packagename":"com.tmall.wireless","Text":""},{"Bounds":{"bottom":808,"left":1616,"right":1678,"top":746},"Classname":"android.widget.Button","Packagename":"com.tmall.wireless","Text":""},{"Bounds":{"bottom":670,"left":1696,"right":1904,"top":460},"Classname":"android.widget.Image","Packagename":"com.tmall.wireless","Text":""},{"Bounds":{"bottom":718,"left":1696,"right":1904,"top":678},"Classname":"android.view.View","Packagename":"com.tmall.wireless","Text":""},{"Bounds":{"bottom":748,"left":1696,"right":1904,"top":716},"Classname":"android.view.View","Packagename":"com.tmall.wireless","Text":""},{"Bounds":{"bottom":808,"left":1696,"right":1810,"top":768},"Classname":"android.view.View","Packagename":"com.tmall.wireless","Text":""},{"Bounds":{"bottom":808,"left":1842,"right":1904,"top":746},"Classname":"android.widget.Button","Packagename":"com.tmall.wireless","Text":""},{"Bounds":{"bottom":670,"left":1922,"right":2132,"top":460},"Classname":"android.widget.Image","Packagename":"com.tmall.wireless","Text":""},{"Bounds":{"bottom":718,"left":1922,"right":2132,"top":678},"Classname":"android.view.View","Packagename":"com.tmall.wireless","Text":""},{"Bounds":{"bottom":748,"left":1922,"right":2132,"top":716},"Classname":"android.view.View","Packagename":"com.tmall.wireless","Text":""},{"Bounds":{"bottom":808,"left":1922,"right":2016,"top":768},"Classname":"android.view.View","Packagename":"com.tmall.wireless","Text":""},{"Bounds":{"bottom":808,"left":2070,"right":2132,"top":746},"Classname":"android.widget.Button","Packagename":"com.tmall.wireless","Text":""},{"Bounds":{"bottom":670,"left":2188,"right":2398,"top":460},"Classname":"android.widget.Image","Packagename":"com.tmall.wireless","Text":""},{"Bounds":{"bottom":718,"left":2188,"right":2398,"top":678},"Classname":"android.view.View","Packagename":"com.tmall.wireless","Text":""},{"Bounds":{"bottom":748,"left":2188,"right":2398,"top":716},"Classname":"android.view.View","Packagename":"com.tmall.wireless","Text":""},{"Bounds":{"bottom":808,"left":2188,"right":2282,"top":768},"Classname":"android.view.View","Packagename":"com.tmall.wireless","Text":""},{"Bounds":{"bottom":808,"left":2336,"right":2398,"top":746},"Classname":"android.widget.Button","Packagename":"com.tmall.wireless","Text":""},{"Bounds":{"bottom":670,"left":2416,"right":2624,"top":460},"Classname":"android.widget.Image","Packagename":"com.tmall.wireless","Text":""},{"Bounds":{"bottom":718,"left":2416,"right":2624,"top":678},"Classname":"android.view.View","Packagename":"com.tmall.wireless","Text":""},{"Bounds":{"bottom":748,"left":2416,"right":2624,"top":716},"Classname":"android.view.View","Packagename":"com.tmall.wireless","Text":""},{"Bounds":{"bottom":808,"left":2416,"right":2508,"top":768},"Classname":"android.view.View","Packagename":"com.tmall.wireless","Text":""},{"Bounds":{"bottom":808,"left":2562,"right":2624,"top":746},"Classname":"android.widget.Button","Packagename":"com.tmall.wireless","Text":""},{"Bounds":{"bottom":670,"left":2642,"right":2852,"top":460},"Classname":"android.widget.Image","Packagename":"com.tmall.wireless","Text":""},{"Bounds":{"bottom":718,"left":2642,"right":2852,"top":678},"Classname":"android.view.View","Packagename":"com.tmall.wireless","Text":""},{"Bounds":{"bottom":748,"left":2642,"right":2852,"top":716},"Classname":"android.view.View","Packagename":"com.tmall.wireless","Text":""},{"Bounds":{"bottom":808,"left":2642,"right":2756,"top":768},"Classname":"android.view.View","Packagename":"com.tmall.wireless","Text":""},{"Bounds":{"bottom":808,"left":2790,"right":2852,"top":746},"Classname":"android.widget.Button","Packagename":"com.tmall.wireless","Text":""},{"Bounds":{"bottom":844,"left":0,"right":720,"top":838},"Classname":"android.view.View","Packagename":"com.tmall.wireless","Text":""},{"Bounds":{"bottom":930,"left":250,"right":470,"top":872},"Classname":"android.view.View","Packagename":"com.tmall.wireless","Text":""},{"Bounds":{"bottom":996,"left":0,"right":720,"top":996},"Classname":"android.view.View","Packagename":"com.tmall.wireless","Text":""},{"Bounds":{"bottom":1030,"left":28,"right":316,"top":996},"Classname":"android.view.View","Packagename":"com.tmall.wireless","Text":""},{"Bounds":{"bottom":1236,"left":28,"right":358,"top":1042},"Classname":"android.view.View","Packagename":"com.tmall.wireless","Text":""},{"Bounds":{"bottom":1236,"left":362,"right":692,"top":1042},"Classname":"android.view.View","Packagename":"com.tmall.wireless","Text":""},{"Bounds":{"bottom":1280,"left":28,"right":284,"top":1312},"Classname":"android.view.View","Packagename":"com.tmall.wireless","Text":""},{"Bounds":{"bottom":1280,"left":28,"right":358,"top":1358},"Classname":"android.view.View","Packagename":"com.tmall.wireless","Text":""},{"Bounds":{"bottom":1280,"left":362,"right":692,"top":1358},"Classname":"android.view.View","Packagename":"com.tmall.wireless","Text":""},{"Bounds":{"bottom":1280,"left":0,"right":720,"top":1626},"Classname":"android.view.View","Packagename":"com.tmall.wireless","Text":""},{"Bounds":{"bottom":1280,"left":28,"right":324,"top":1628},"Classname":"android.view.View","Packagename":"com.tmall.wireless","Text":""},{"Bounds":{"bottom":1280,"left":28,"right":692,"top":1596},"Classname":"android.view.View","Packagename":"com.tmall.wireless","Text":""},{"Bounds":{"bottom":1280,"left":28,"right":238,"top":1902},"Classname":"android.widget.Image","Packagename":"com.tmall.wireless","Text":""},{"Bounds":{"bottom":1280,"left":28,"right":238,"top":2120},"Classname":"android.view.View","Packagename":"com.tmall.wireless","Text":""},{"Bounds":{"bottom":1280,"left":28,"right":238,"top":2158},"Classname":"android.view.View","Packagename":"com.tmall.wireless","Text":""},{"Bounds":{"bottom":1280,"left":28,"right":110,"top":2210},"Classname":"android.view.View","Packagename":"com.tmall.wireless","Text":""},{"Bounds":{"bottom":1280,"left":176,"right":238,"top":2188},"Classname":"android.widget.Button","Packagename":"com.tmall.wireless","Text":""},{"Bounds":{"bottom":1280,"left":254,"right":464,"top":1902},"Classname":"android.widget.Image","Packagename":"com.tmall.wireless","Text":""},{"Bounds":{"bottom":1280,"left":254,"right":464,"top":2120},"Classname":"android.view.View","Packagename":"com.tmall.wireless","Text":""},{"Bounds":{"bottom":1280,"left":254,"right":464,"top":2158},"Classname":"android.view.View","Packagename":"com.tmall.wireless","Text":""},{"Bounds":{"bottom":1280,"left":254,"right":316,"top":2210},"Classname":"android.view.View","Packagename":"com.tmall.wireless","Text":""},{"Bounds":{"bottom":1280,"left":402,"right":464,"top":2188},"Classname":"android.widget.Button","Packagename":"com.tmall.wireless","Text":""},{"Bounds":{"bottom":1280,"left":480,"right":690,"top":1902},"Classname":"android.widget.Image","Packagename":"com.tmall.wireless","Text":""},{"Bounds":{"bottom":1280,"left":480,"right":690,"top":2120},"Classname":"android.view.View","Packagename":"com.tmall.wireless","Text":""},{"Bounds":{"bottom":1280,"left":480,"right":690,"top":2158},"Classname":"android.view.View","Packagename":"com.tmall.wireless","Text":""},{"Bounds":{"bottom":1280,"left":480,"right":574,"top":2210},"Classname":"android.view.View","Packagename":"com.tmall.wireless","Text":""},{"Bounds":{"bottom":1280,"left":628,"right":690,"top":2188},"Classname":"android.widget.Button","Packagename":"com.tmall.wireless","Text":""},{"Bounds":{"bottom":1280,"left":28,"right":304,"top":2328},"Classname":"android.view.View","Packagename":"com.tmall.wireless","Text":""},{"Bounds":{"bottom":1280,"left":28,"right":750,"top":2376},"Classname":"android.view.View","Packagename":"com.tmall.wireless","Text":""},{"Bounds":{"bottom":1280,"left":28,"right":720,"top":2378},"Classname":"android.view.View","Packagename":"com.tmall.wireless","Text":""},{"Bounds":{"bottom":1280,"left":28,"right":452,"top":2434},"Classname":"android.view.View","Packagename":"com.tmall.wireless","Text":""},{"Bounds":{"bottom":1280,"left":450,"right":874,"top":2434},"Classname":"android.view.View","Packagename":"com.tmall.wireless","Text":""},{"Bounds":{"bottom":1280,"left":872,"right":1316,"top":2434},"Classname":"android.view.View","Packagename":"com.tmall.wireless","Text":""},{"Bounds":{"bottom":1280,"left":28,"right":720,"top":2778},"Classname":"android.view.View","Packagename":"com.tmall.wireless","Text":""},{"Bounds":{"bottom":1280,"left":28,"right":452,"top":2834},"Classname":"android.view.View","Packagename":"com.tmall.wireless","Text":""},{"Bounds":{"bottom":1280,"left":450,"right":874,"top":2834},"Classname":"android.view.View","Packagename":"com.tmall.wireless","Text":""},{"Bounds":{"bottom":1280,"left":872,"right":1316,"top":2834},"Classname":"android.view.View","Packagename":"com.tmall.wireless","Text":""},{"Bounds":{"bottom":1280,"left":28,"right":720,"top":3178},"Classname":"android.view.View","Packagename":"com.tmall.wireless","Text":""},{"Bounds":{"bottom":1280,"left":28,"right":452,"top":3234},"Classname":"android.view.View","Packagename":"com.tmall.wireless","Text":""},{"Bounds":{"bottom":1280,"left":450,"right":874,"top":3234},"Classname":"android.view.View","Packagename":"com.tmall.wireless","Text":""},{"Bounds":{"bottom":1280,"left":872,"right":1316,"top":3234},"Classname":"android.view.View","Packagename":"com.tmall.wireless","Text":""},{"Bounds":{"bottom":1280,"left":28,"right":298,"top":3654},"Classname":"android.view.View","Packagename":"com.tmall.wireless","Text":""},{"Bounds":{"bottom":1280,"left":12,"right":224,"top":3724},"Classname":"android.widget.Image","Packagename":"com.tmall.wireless","Text":""},{"Bounds":{"bottom":1280,"left":16,"right":220,"top":3958},"Classname":"android.view.View","Packagename":"com.tmall.wireless","Text":""},{"Bounds":{"bottom":1280,"left":16,"right":220,"top":3994},"Classname":"android.view.View","Packagename":"com.tmall.wireless","Text":""},{"Bounds":{"bottom":1280,"left":16,"right":186,"top":4044},"Classname":"android.view.View","Packagename":"com.tmall.wireless","Text":""},{"Bounds":{"bottom":1280,"left":16,"right":108,"top":4068},"Classname":"android.view.View","Packagename":"com.tmall.wireless","Text":""},{"Bounds":{"bottom":1280,"left":158,"right":220,"top":4046},"Classname":"android.widget.Button","Packagename":"com.tmall.wireless","Text":""},{"Bounds":{"bottom":1280,"left":254,"right":466,"top":3724},"Classname":"android.widget.Image","Packagename":"com.tmall.wireless","Text":""},{"Bounds":{"bottom":1280,"left":256,"right":462,"top":3958},"Classname":"android.view.View","Packagename":"com.tmall.wireless","Text":""},{"Bounds":{"bottom":1280,"left":256,"right":462,"top":3994},"Classname":"android.view.View","Packagename":"com.tmall.wireless","Text":""},{"Bounds":{"bottom":1280,"left":256,"right":428,"top":4044},"Classname":"android.view.View","Packagename":"com.tmall.wireless","Text":""},{"Bounds":{"bottom":1280,"left":256,"right":350,"top":4068},"Classname":"android.view.View","Packagename":"com.tmall.wireless","Text":""},{"Bounds":{"bottom":1280,"left":400,"right":462,"top":4046},"Classname":"android.widget.Button","Packagename":"com.tmall.wireless","Text":""},{"Bounds":{"bottom":1280,"left":496,"right":708,"top":3724},"Classname":"android.widget.Image","Packagename":"com.tmall.wireless","Text":""},{"Bounds":{"bottom":1280,"left":498,"right":704,"top":3958},"Classname":"android.view.View","Packagename":"com.tmall.wireless","Text":""},{"Bounds":{"bottom":1280,"left":498,"right":704,"top":3994},"Classname":"android.view.View","Packagename":"com.tmall.wireless","Text":""},{"Bounds":{"bottom":1280,"left":498,"right":670,"top":4044},"Classname":"android.view.View","Packagename":"com.tmall.wireless","Text":""},{"Bounds":{"bottom":1280,"left":498,"right":592,"top":4068},"Classname":"android.view.View","Packagename":"com.tmall.wireless","Text":""},{"Bounds":{"bottom":1280,"left":642,"right":704,"top":4046},"Classname":"android.widget.Button","Packagename":"com.tmall.wireless","Text":""},{"Bounds":{"bottom":1280,"left":12,"right":224,"top":4142},"Classname":"android.widget.Image","Packagename":"com.tmall.wireless","Text":""},{"Bounds":{"bottom":1280,"left":16,"right":220,"top":4376},"Classname":"android.view.View","Packagename":"com.tmall.wireless","Text":""},{"Bounds":{"bottom":1280,"left":16,"right":220,"top":4412},"Classname":"android.view.View","Packagename":"com.tmall.wireless","Text":""},{"Bounds":{"bottom":1280,"left":16,"right":186,"top":4462},"Classname":"android.view.View","Packagename":"com.tmall.wireless","Text":""},{"Bounds":{"bottom":1280,"left":16,"right":108,"top":4486},"Classname":"android.view.View","Packagename":"com.tmall.wireless","Text":""},{"Bounds":{"bottom":1280,"left":158,"right":220,"top":4464},"Classname":"android.widget.Button","Packagename":"com.tmall.wireless","Text":""},{"Bounds":{"bottom":1280,"left":254,"right":466,"top":4142},"Classname":"android.widget.Image","Packagename":"com.tmall.wireless","Text":""},{"Bounds":{"bottom":1280,"left":256,"right":462,"top":4376},"Classname":"android.view.View","Packagename":"com.tmall.wireless","Text":""},{"Bounds":{"bottom":1280,"left":256,"right":462,"top":4412},"Classname":"android.view.View","Packagename":"com.tmall.wireless","Text":""},{"Bounds":{"bottom":1280,"left":256,"right":428,"top":4462},"Classname":"android.view.View","Packagename":"com.tmall.wireless","Text":""},{"Bounds":{"bottom":1280,"left":256,"right":350,"top":4486},"Classname":"android.view.View","Packagename":"com.tmall.wireless","Text":""},{"Bounds":{"bottom":1280,"left":400,"right":462,"top":4464},"Classname":"android.widget.Button","Packagename":"com.tmall.wireless","Text":""},{"Bounds":{"bottom":1280,"left":496,"right":708,"top":4142},"Classname":"android.widget.Image","Packagename":"com.tmall.wireless","Text":""},{"Bounds":{"bottom":1280,"left":498,"right":704,"top":4376},"Classname":"android.view.View","Packagename":"com.tmall.wireless","Text":""},{"Bounds":{"bottom":1280,"left":498,"right":704,"top":4412},"Classname":"android.view.View","Packagename":"com.tmall.wireless","Text":""},{"Bounds":{"bottom":1280,"left":498,"right":670,"top":4462},"Classname":"android.view.View","Packagename":"com.tmall.wireless","Text":""},{"Bounds":{"bottom":1280,"left":498,"right":592,"top":4486},"Classname":"android.view.View","Packagename":"com.tmall.wireless","Text":""},{"Bounds":{"bottom":1280,"left":642,"right":704,"top":4464},"Classname":"android.widget.Button","Packagename":"com.tmall.wireless","Text":""},{"Bounds":{"bottom":1280,"left":12,"right":224,"top":4560},"Classname":"android.widget.Image","Packagename":"com.tmall.wireless","Text":""},{"Bounds":{"bottom":1280,"left":16,"right":220,"top":4794},"Classname":"android.view.View","Packagename":"com.tmall.wireless","Text":""},{"Bounds":{"bottom":1280,"left":16,"right":220,"top":4830},"Classname":"android.view.View","Packagename":"com.tmall.wireless","Text":""},{"Bounds":{"bottom":1280,"left":16,"right":186,"top":4880},"Classname":"android.view.View","Packagename":"com.tmall.wireless","Text":""},{"Bounds":{"bottom":1280,"left":16,"right":78,"top":4904},"Classname":"android.view.View","Packagename":"com.tmall.wireless","Text":""},{"Bounds":{"bottom":1280,"left":158,"right":220,"top":4882},"Classname":"android.widget.Button","Packagename":"com.tmall.wireless","Text":""},{"Bounds":{"bottom":1280,"left":254,"right":466,"top":4560},"Classname":"android.widget.Image","Packagename":"com.tmall.wireless","Text":""},{"Bounds":{"bottom":1280,"left":256,"right":462,"top":4794},"Classname":"android.view.View","Packagename":"com.tmall.wireless","Text":""},{"Bounds":{"bottom":1280,"left":256,"right":462,"top":4830},"Classname":"android.view.View","Packagename":"com.tmall.wireless","Text":""},{"Bounds":{"bottom":1280,"left":256,"right":428,"top":4880},"Classname":"android.view.View","Packagename":"com.tmall.wireless","Text":""},{"Bounds":{"bottom":1280,"left":256,"right":350,"top":4904},"Classname":"android.view.View","Packagename":"com.tmall.wireless","Text":""},{"Bounds":{"bottom":1280,"left":400,"right":462,"top":4882},"Classname":"android.widget.Button","Packagename":"com.tmall.wireless","Text":""},{"Bounds":{"bottom":1280,"left":526,"right":678,"top":4602},"Classname":"android.view.View","Packagename":"com.tmall.wireless","Text":""},{"Bounds":{"bottom":1280,"left":526,"right":678,"top":4682},"Classname":"android.view.View","Packagename":"com.tmall.wireless","Text":""},{"Bounds":{"bottom":1280,"left":526,"right":678,"top":4764},"Classname":"android.view.View","Packagename":"com.tmall.wireless","Text":""},{"Bounds":{"bottom":1280,"left":526,"right":678,"top":4844},"Classname":"android.view.View","Packagename":"com.tmall.wireless","Text":""},{"Bounds":{"bottom":1280,"left":12,"right":224,"top":4978},"Classname":"android.widget.Image","Packagename":"com.tmall.wireless","Text":""},{"Bounds":{"bottom":1280,"left":16,"right":220,"top":5212},"Classname":"android.view.View","Packagename":"com.tmall.wireless","Text":""},{"Bounds":{"bottom":1280,"left":16,"right":220,"top":5248},"Classname":"android.view.View","Packagename":"com.tmall.wireless","Text":""},{"Bounds":{"bottom":1280,"left":16,"right":186,"top":5300},"Classname":"android.view.View","Packagename":"com.tmall.wireless","Text":""},{"Bounds":{"bottom":1280,"left":16,"right":108,"top":5322},"Classname":"android.view.View","Packagename":"com.tmall.wireless","Text":""},{"Bounds":{"bottom":1280,"left":158,"right":220,"top":5300},"Classname":"android.widget.Button","Packagename":"com.tmall.wireless","Text":""},{"Bounds":{"bottom":1280,"left":254,"right":466,"top":4978},"Classname":"android.widget.Image","Packagename":"com.tmall.wireless","Text":""},{"Bounds":{"bottom":1280,"left":256,"right":462,"top":5212},"Classname":"android.view.View","Packagename":"com.tmall.wireless","Text":""},{"Bounds":{"bottom":1280,"left":256,"right":462,"top":5248},"Classname":"android.view.View","Packagename":"com.tmall.wireless","Text":""},{"Bounds":{"bottom":1280,"left":256,"right":428,"top":5300},"Classname":"android.view.View","Packagename":"com.tmall.wireless","Text":""},{"Bounds":{"bottom":1280,"left":256,"right":320,"top":5322},"Classname":"android.view.View","Packagename":"com.tmall.wireless","Text":""},{"Bounds":{"bottom":1280,"left":400,"right":462,"top":5300},"Classname":"android.widget.Button","Packagename":"com.tmall.wireless","Text":""},{"Bounds":{"bottom":1280,"left":496,"right":708,"top":4978},"Classname":"android.widget.Image","Packagename":"com.tmall.wireless","Text":""},{"Bounds":{"bottom":1280,"left":498,"right":704,"top":5212},"Classname":"android.view.View","Packagename":"com.tmall.wireless","Text":""},{"Bounds":{"bottom":1280,"left":498,"right":704,"top":5248},"Classname":"android.view.View","Packagename":"com.tmall.wireless","Text":""},{"Bounds":{"bottom":1280,"left":498,"right":670,"top":5300},"Classname":"android.view.View","Packagename":"com.tmall.wireless","Text":""},{"Bounds":{"bottom":1280,"left":498,"right":592,"top":5322},"Classname":"android.view.View","Packagename":"com.tmall.wireless","Text":""},{"Bounds":{"bottom":1280,"left":642,"right":704,"top":5300},"Classname":"android.widget.Button","Packagename":"com.tmall.wireless","Text":""},{"Bounds":{"bottom":1280,"left":12,"right":224,"top":5396},"Classname":"android.widget.Image","Packagename":"com.tmall.wireless","Text":""},{"Bounds":{"bottom":1280,"left":16,"right":220,"top":5630},"Classname":"android.view.View","Packagename":"com.tmall.wireless","Text":""},{"Bounds":{"bottom":1280,"left":16,"right":220,"top":5666},"Classname":"android.view.View","Packagename":"com.tmall.wireless","Text":""},{"Bounds":{"bottom":1280,"left":16,"right":186,"top":5718},"Classname":"android.view.View","Packagename":"com.tmall.wireless","Text":""},{"Bounds":{"bottom":1280,"left":16,"right":98,"top":5740},"Classname":"android.view.View","Packagename":"com.tmall.wireless","Text":""},{"Bounds":{"bottom":1280,"left":158,"right":220,"top":5718},"Classname":"android.widget.Button","Packagename":"com.tmall.wireless","Text":""},{"Bounds":{"bottom":1280,"left":254,"right":466,"top":5396},"Classname":"android.widget.Image","Packagename":"com.tmall.wireless","Text":""},{"Bounds":{"bottom":1280,"left":256,"right":462,"top":5630},"Classname":"android.view.View","Packagename":"com.tmall.wireless","Text":""},{"Bounds":{"bottom":1280,"left":256,"right":462,"top":5666},"Classname":"android.view.View","Packagename":"com.tmall.wireless","Text":""},{"Bounds":{"bottom":1280,"left":256,"right":428,"top":5718},"Classname":"android.view.View","Packagename":"com.tmall.wireless","Text":""},{"Bounds":{"bottom":1280,"left":256,"right":320,"top":5740},"Classname":"android.view.View","Packagename":"com.tmall.wireless","Text":""},{"Bounds":{"bottom":1280,"left":400,"right":462,"top":5718},"Classname":"android.widget.Button","Packagename":"com.tmall.wireless","Text":""},{"Bounds":{"bottom":1280,"left":496,"right":708,"top":5396},"Classname":"android.widget.Image","Packagename":"com.tmall.wireless","Text":""},{"Bounds":{"bottom":1280,"left":498,"right":704,"top":5630},"Classname":"android.view.View","Packagename":"com.tmall.wireless","Text":""},{"Bounds":{"bottom":1280,"left":498,"right":704,"top":5666},"Classname":"android.view.View","Packagename":"com.tmall.wireless","Text":""},{"Bounds":{"bottom":1280,"left":498,"right":670,"top":5718},"Classname":"android.view.View","Packagename":"com.tmall.wireless","Text":""},{"Bounds":{"bottom":1280,"left":498,"right":592,"top":5740},"Classname":"android.view.View","Packagename":"com.tmall.wireless","Text":""},{"Bounds":{"bottom":1280,"left":642,"right":704,"top":5718},"Classname":"android.widget.Button","Packagename":"com.tmall.wireless","Text":""},{"Bounds":{"bottom":1280,"left":12,"right":224,"top":5814},"Classname":"android.widget.Image","Packagename":"com.tmall.wireless","Text":""},{"Bounds":{"bottom":1280,"left":16,"right":220,"top":6048},"Classname":"android.view.View","Packagename":"com.tmall.wireless","Text":""},{"Bounds":{"bottom":1280,"left":16,"right":220,"top":6084},"Classname":"android.view.View","Packagename":"com.tmall.wireless","Text":""},{"Bounds":{"bottom":1280,"left":16,"right":186,"top":6136},"Classname":"android.view.View","Packagename":"com.tmall.wireless","Text":""},{"Bounds":{"bottom":1280,"left":16,"right":108,"top":6158},"Classname":"android.view.View","Packagename":"com.tmall.wireless","Text":""},{"Bounds":{"bottom":1280,"left":158,"right":220,"top":6136},"Classname":"android.widget.Button","Packagename":"com.tmall.wireless","Text":""},{"Bounds":{"bottom":1280,"left":254,"right":466,"top":5814},"Classname":"android.widget.Image","Packagename":"com.tmall.wireless","Text":""},{"Bounds":{"bottom":1280,"left":256,"right":462,"top":6048},"Classname":"android.view.View","Packagename":"com.tmall.wireless","Text":""},{"Bounds":{"bottom":1280,"left":256,"right":462,"top":6084},"Classname":"android.view.View","Packagename":"com.tmall.wireless","Text":""},{"Bounds":{"bottom":1280,"left":256,"right":428,"top":6136},"Classname":"android.view.View","Packagename":"com.tmall.wireless","Text":""},{"Bounds":{"bottom":1280,"left":256,"right":350,"top":6158},"Classname":"android.view.View","Packagename":"com.tmall.wireless","Text":""},{"Bounds":{"bottom":1280,"left":400,"right":462,"top":6136},"Classname":"android.widget.Button","Packagename":"com.tmall.wireless","Text":""},{"Bounds":{"bottom":1280,"left":526,"right":678,"top":5856},"Classname":"android.view.View","Packagename":"com.tmall.wireless","Text":""},{"Bounds":{"bottom":1280,"left":526,"right":678,"top":5938},"Classname":"android.view.View","Packagename":"com.tmall.wireless","Text":""},{"Bounds":{"bottom":1280,"left":526,"right":678,"top":6018},"Classname":"android.view.View","Packagename":"com.tmall.wireless","Text":""},{"Bounds":{"bottom":1280,"left":526,"right":678,"top":6100},"Classname":"android.view.View","Packagename":"com.tmall.wireless","Text":""},{"Bounds":{"bottom":1280,"left":12,"right":224,"top":6232},"Classname":"android.widget.Image","Packagename":"com.tmall.wireless","Text":""},{"Bounds":{"bottom":1280,"left":16,"right":220,"top":6466},"Classname":"android.view.View","Packagename":"com.tmall.wireless","Text":""},{"Bounds":{"bottom":1280,"left":16,"right":220,"top":6502},"Classname":"android.view.View","Packagename":"com.tmall.wireless","Text":""},{"Bounds":{"bottom":1280,"left":16,"right":186,"top":6554},"Classname":"android.view.View","Packagename":"com.tmall.wireless","Text":""},{"Bounds":{"bottom":1280,"left":16,"right":78,"top":6576},"Classname":"android.view.View","Packagename":"com.tmall.wireless","Text":""},{"Bounds":{"bottom":1280,"left":158,"right":220,"top":6554},"Classname":"android.widget.Button","Packagename":"com.tmall.wireless","Text":""},{"Bounds":{"bottom":1280,"left":254,"right":466,"top":6232},"Classname":"android.widget.Image","Packagename":"com.tmall.wireless","Text":""},{"Bounds":{"bottom":1280,"left":256,"right":462,"top":6466},"Classname":"android.view.View","Packagename":"com.tmall.wireless","Text":""},{"Bounds":{"bottom":1280,"left":256,"right":462,"top":6502},"Classname":"android.view.View","Packagename":"com.tmall.wireless","Text":""},{"Bounds":{"bottom":1280,"left":256,"right":428,"top":6554},"Classname":"android.view.View","Packagename":"com.tmall.wireless","Text":""},{"Bounds":{"bottom":1280,"left":256,"right":350,"top":6576},"Classname":"android.view.View","Packagename":"com.tmall.wireless","Text":""},{"Bounds":{"bottom":1280,"left":400,"right":462,"top":6554},"Classname":"android.widget.Button","Packagename":"com.tmall.wireless","Text":""},{"Bounds":{"bottom":1280,"left":496,"right":708,"top":6232},"Classname":"android.widget.Image","Packagename":"com.tmall.wireless","Text":""},{"Bounds":{"bottom":1280,"left":498,"right":704,"top":6466},"Classname":"android.view.View","Packagename":"com.tmall.wireless","Text":""},{"Bounds":{"bottom":1280,"left":498,"right":704,"top":6502},"Classname":"android.view.View","Packagename":"com.tmall.wireless","Text":""},{"Bounds":{"bottom":1280,"left":498,"right":670,"top":6554},"Classname":"android.view.View","Packagename":"com.tmall.wireless","Text":""},{"Bounds":{"bottom":1280,"left":498,"right":592,"top":6576},"Classname":"android.view.View","Packagename":"com.tmall.wireless","Text":""},{"Bounds":{"bottom":1280,"left":642,"right":704,"top":6554},"Classname":"android.widget.Button","Packagename":"com.tmall.wireless","Text":""},{"Bounds":{"bottom":1280,"left":330,"right":390,"top":6652},"Classname":"android.widget.Image","Packagename":"com.tmall.wireless","Text":""},{"Bounds":{"bottom":616,"left":612,"right":692,"top":536},"Classname":"android.view.View","Packagename":"com.tmall.wireless","Text":""}],"packagename":"com.example.a10628.myapplication","width":1080}