{"events":[{"eventname":"TYPE_VIEW_SCROLLED","source":{"Bounds":{"bottom":1280,"left":0,"right":720,"top":160},"Classname":"android.webkit.WebView","Packagename":"com.zhihu.android","Text":""}},{"eventname":"TYPE_VIEW_SCROLLED","source":{"Bounds":{"bottom":1280,"left":0,"right":720,"top":160},"Classname":"android.webkit.WebView","Packagename":"com.zhihu.android","Text":""}}],"height":1920,"hovertime":6290,"nodes":[{"Bounds":{"bottom":160,"left":0,"right":112,"top":48},"Classname":"android.widget.ImageButton","Packagename":"com.zhihu.android","Text":""},{"Bounds":{"bottom":131,"left":128,"right":536,"top":77},"Classname":"android.widget.TextView","Packagename":"com.zhihu.android","Text":"NBA替补席到底是怎么样的存在？"},{"Bounds":{"bottom":152,"left":544,"right":640,"top":56},"Classname":"android.widget.TextView","Packagename":"com.zhihu.android","Text":""},{"Bounds":{"bottom":152,"left":640,"right":720,"top":56},"Classname":"android.widget.ImageView","Packagename":"com.zhihu.android","Text":""},{"Bounds":{"bottom":600,"left":-687,"right":-27,"top":600},"Classname":"android.view.View","Packagename":"com.zhihu.android","Text":""},{"Bounds":{"bottom":674,"left":-687,"right":-439,"top":636},"Classname":"android.view.View","Packagename":"com.zhihu.android","Text":"印象最深这张了！"},{"Bounds":{"bottom":1248,"left":-655,"right":1,"top":696},"Classname":"android.view.View","Packagename":"com.zhihu.android","Text":"\n"},{"Bounds":{"bottom":1180,"left":-719,"right":1,"top":730},"Classname":"android.widget.Image","Packagename":"com.zhihu.android","Text":"v2-cb6d6bec565efb3a497229233f273944_hd"},{"Bounds":{"bottom":1280,"left":-283,"right":-27,"top":1278},"Classname":"android.view.View","Packagename":"com.zhihu.android","Text":"编辑于 昨天 11:36"},{"Bounds":{"bottom":1280,"left":-687,"right":-27,"top":1278},"Classname":"android.view.View","Packagename":"com.zhihu.android","Text":"著作权归作者所有"},{"Bounds":{"bottom":164,"left":32,"right":692,"top":162},"Classname":"android.view.View","Packagename":"com.zhihu.android","Text":""},{"Bounds":{"bottom":164,"left":32,"right":692,"top":162},"Classname":"android.view.View","Packagename":"com.zhihu.android","Text":"这个问题你应该打电话问问大魔王周琦，他应该会有他独特的感受和回答，就是可能电话费比较贵，所以你可以过一两个月等他回国给他来个专访"},{"Bounds":{"bottom":164,"left":300,"right":420,"top":162},"Classname":"android.view.View","Packagename":"com.zhihu.android","Text":""},{"Bounds":{"bottom":164,"left":32,"right":692,"top":162},"Classname":"android.view.View","Packagename":"com.zhihu.android","Text":"\n"},{"Bounds":{"bottom":210,"left":0,"right":720,"top":162},"Classname":"android.widget.Image","Packagename":"com.zhihu.android","Text":"v2-d87af6c1a3dbb1bdd931330276346f22_hd"},{"Bounds":{"bottom":312,"left":32,"right":692,"top":256},"Classname":"android.view.View","Packagename":"com.zhihu.android","Text":"福利都给了还不点赞哈哈哈"},{"Bounds":{"bottom":1280,"left":0,"right":720,"top":358},"Classname":"android.widget.Image","Packagename":"com.zhihu.android","Text":"v2-920a2a7b8e3b74d573e0b89909f8d21f_hd"},{"Bounds":{"bottom":1280,"left":32,"right":692,"top":1280},"Classname":"android.view.View","Packagename":"com.zhihu.android","Text":"更新"},{"Bounds":{"bottom":1280,"left":32,"right":692,"top":1280},"Classname":"android.view.View","Packagename":"com.zhihu.android","Text":"～"},{"Bounds":{"bottom":1280,"left":0,"right":720,"top":1280},"Classname":"android.widget.Image","Packagename":"com.zhihu.android","Text":"v2-3d737d5e1de7f1a5c4999124a12ea403_hd"},{"Bounds":{"bottom":1280,"left":32,"right":692,"top":1280},"Classname":"android.view.View","Packagename":"com.zhihu.android","Text":"\n"},{"Bounds":{"bottom":1280,"left":32,"right":692,"top":1280},"Classname":"android.view.View","Packagename":"com.zhihu.android","Text":"知乎信息来不及看，要图的我微信发你吧（13870993507）"},{"Bounds":{"bottom":1280,"left":508,"right":692,"top":1280},"Classname":"android.view.View","Packagename":"com.zhihu.android","Text":"编辑于 00:45"},{"Bounds":{"bottom":1280,"left":32,"right":692,"top":1280},"Classname":"android.view.View","Packagename":"com.zhihu.android","Text":"著作权归作者所有"},{"Bounds":{"bottom":1280,"left":0,"right":720,"top":1280},"Classname":"android.view.View","Packagename":"com.zhihu.android","Text":"推荐阅读"},{"Bounds":{"bottom":1280,"left":32,"right":414,"top":1280},"Classname":"android.view.View","Packagename":"com.zhihu.android","Text":"手机正确的充电方式你用对了吗？"},{"Bounds":{"bottom":1280,"left":462,"right":688,"top":1280},"Classname":"android.widget.Image","Packagename":"com.zhihu.android","Text":"推荐阅读"},{"Bounds":{"bottom":1280,"left":32,"right":72,"top":1280},"Classname":"android.widget.Image","Packagename":"com.zhihu.android","Text":"Tencent"},{"Bounds":{"bottom":1280,"left":84,"right":262,"top":1280},"Classname":"android.view.View","Packagename":"com.zhihu.android","Text":"Tencent 的广告"},{"Bounds":{"bottom":1280,"left":542,"right":688,"top":1280},"Classname":"android.widget.Button","Packagename":"com.zhihu.android","Text":"APP下载"},{"Bounds":{"bottom":1280,"left":32,"right":688,"top":1280},"Classname":"android.view.View","Packagename":"com.zhihu.android","Text":"虽然还差2年，但NBA首个2亿先生已经出现了 今年夏天，威震联盟的雷霆双子星拆伙，凯文-杜兰特为了总冠军，去金州勇士抱团。在杜兰特的影响下，威少的续约工作一度受阻，但是最终，威少还是决定留守俄城，根据此前的透露，威少签下的是为期3年，价值8570万美元的合同，其中第三年带有球员选项，威少可… 特不深沉 的文章 · 22 赞同 "},{"Bounds":{"bottom":1280,"left":32,"right":688,"top":1280},"Classname":"android.view.View","Packagename":"com.zhihu.android","Text":"2012 年 3 月 9 日的 NBA 常规赛，有哪些亮点？ 3QY！ 看到今天只有两场比赛，真具有曰的吸引力了。。虽然我感觉@天骏已经说的很好很多了。。魔术VS公牛0、交代下背景，有时候你还不能孤立的看一场比赛，它有它的连续性和转折性。魔术上一场灰头土脸的输给了山猫，憋得都是劲儿；而公牛上场依靠血色玫瑰舍身绝杀涉险过关，虽然过瘾，红1号吐真言：累啊，亲！累的表现在于：魔术的外线队防守能力只能说是一般，但你看，洛尔邓：9中1罗斯：22中6布鲁尔：3中1科沃尔：10中3但是你… causu 的回答 · 13 赞同 "},{"Bounds":{"bottom":600,"left":752,"right":1412,"top":600},"Classname":"android.view.View","Packagename":"com.zhihu.android","Text":""},{"Bounds":{"bottom":674,"left":752,"right":1390,"top":636},"Classname":"android.view.View","Packagename":"com.zhihu.android","Text":"哈哈哈哈，说到nba替补席，怎么能少了我勇！"},{"Bounds":{"bottom":1280,"left":720,"right":1440,"top":730},"Classname":"android.widget.Image","Packagename":"com.zhihu.android","Text":"v2-3aa15293218038d7ac1fe1a19d998660_hd"},{"Bounds":{"bottom":1280,"left":784,"right":1440,"top":1278},"Classname":"android.view.View","Packagename":"com.zhihu.android","Text":"\n"},{"Bounds":{"bottom":1280,"left":720,"right":1440,"top":1278},"Classname":"android.widget.Image","Packagename":"com.zhihu.android","Text":"v2-d1d293da2b04566fce424893d9063ba1_hd"},{"Bounds":{"bottom":1280,"left":784,"right":1440,"top":1278},"Classname":"android.view.View","Packagename":"com.zhihu.android","Text":"\n"},{"Bounds":{"bottom":1280,"left":720,"right":1440,"top":1278},"Classname":"android.view.View","Packagename":"com.zhihu.android","Text":""},{"Bounds":{"bottom":1280,"left":784,"right":1440,"top":1278},"Classname":"android.view.View","Packagename":"com.zhihu.android","Text":"\n"},{"Bounds":{"bottom":1280,"left":720,"right":1440,"top":1278},"Classname":"android.view.View","Packagename":"com.zhihu.android","Text":""},{"Bounds":{"bottom":1280,"left":784,"right":1440,"top":1278},"Classname":"android.view.View","Packagename":"com.zhihu.android","Text":"\n"},{"Bounds":{"bottom":1280,"left":720,"right":1440,"top":1278},"Classname":"android.view.View","Packagename":"com.zhihu.android","Text":""},{"Bounds":{"bottom":1280,"left":784,"right":1440,"top":1278},"Classname":"android.view.View","Packagename":"com.zhihu.android","Text":"\n"},{"Bounds":{"bottom":1280,"left":720,"right":1440,"top":1278},"Classname":"android.view.View","Packagename":"com.zhihu.android","Text":""},{"Bounds":{"bottom":1280,"left":784,"right":1440,"top":1278},"Classname":"android.view.View","Packagename":"com.zhihu.android","Text":"\n"},{"Bounds":{"bottom":1280,"left":720,"right":1440,"top":1278},"Classname":"android.view.View","Packagename":"com.zhihu.android","Text":""},{"Bounds":{"bottom":1280,"left":784,"right":1440,"top":1278},"Classname":"android.view.View","Packagename":"com.zhihu.android","Text":"\n"},{"Bounds":{"bottom":1280,"left":720,"right":1440,"top":1278},"Classname":"android.view.View","Packagename":"com.zhihu.android","Text":""},{"Bounds":{"bottom":1280,"left":784,"right":1440,"top":1278},"Classname":"android.view.View","Packagename":"com.zhihu.android","Text":"\n"},{"Bounds":{"bottom":1280,"left":720,"right":1440,"top":1278},"Classname":"android.view.View","Packagename":"com.zhihu.android","Text":""},{"Bounds":{"bottom":1280,"left":784,"right":1440,"top":1278},"Classname":"android.view.View","Packagename":"com.zhihu.android","Text":"\n"},{"Bounds":{"bottom":1280,"left":720,"right":1440,"top":1278},"Classname":"android.view.View","Packagename":"com.zhihu.android","Text":""},{"Bounds":{"bottom":1280,"left":720,"right":1440,"top":1278},"Classname":"android.view.View","Packagename":"com.zhihu.android","Text":""},{"Bounds":{"bottom":1280,"left":784,"right":1440,"top":1278},"Classname":"android.view.View","Packagename":"com.zhihu.android","Text":"\n"},{"Bounds":{"bottom":1280,"left":720,"right":1440,"top":1278},"Classname":"android.view.View","Packagename":"com.zhihu.android","Text":""},{"Bounds":{"bottom":1280,"left":784,"right":1440,"top":1278},"Classname":"android.view.View","Packagename":"com.zhihu.android","Text":"\n"},{"Bounds":{"bottom":1280,"left":720,"right":1440,"top":1278},"Classname":"android.view.View","Packagename":"com.zhihu.android","Text":""},{"Bounds":{"bottom":1280,"left":784,"right":1440,"top":1278},"Classname":"android.view.View","Packagename":"com.zhihu.android","Text":"\n"},{"Bounds":{"bottom":1280,"left":720,"right":1440,"top":1278},"Classname":"android.view.View","Packagename":"com.zhihu.android","Text":""},{"Bounds":{"bottom":1280,"left":784,"right":1440,"top":1278},"Classname":"android.view.View","Packagename":"com.zhihu.android","Text":"\n"},{"Bounds":{"bottom":1280,"left":720,"right":1440,"top":1278},"Classname":"android.view.View","Packagename":"com.zhihu.android","Text":""},{"Bounds":{"bottom":1280,"left":784,"right":1440,"top":1278},"Classname":"android.view.View","Packagename":"com.zhihu.android","Text":"\n"},{"Bounds":{"bottom":1280,"left":1020,"right":1140,"top":1278},"Classname":"android.view.View","Packagename":"com.zhihu.android","Text":""},{"Bounds":{"bottom":1280,"left":784,"right":1440,"top":1278},"Classname":"android.view.View","Packagename":"com.zhihu.android","Text":"\n"},{"Bounds":{"bottom":1280,"left":1020,"right":1140,"top":1278},"Classname":"android.view.View","Packagename":"com.zhihu.android","Text":""},{"Bounds":{"bottom":1280,"left":784,"right":1440,"top":1278},"Classname":"android.view.View","Packagename":"com.zhihu.android","Text":"\n"},{"Bounds":{"bottom":1280,"left":720,"right":1440,"top":1278},"Classname":"android.view.View","Packagename":"com.zhihu.android","Text":""},{"Bounds":{"bottom":1280,"left":784,"right":1440,"top":1278},"Classname":"android.view.View","Packagename":"com.zhihu.android","Text":"\n"},{"Bounds":{"bottom":1280,"left":784,"right":1440,"top":1278},"Classname":"android.view.View","Packagename":"com.zhihu.android","Text":"\n"},{"Bounds":{"bottom":1280,"left":752,"right":1168,"top":1278},"Classname":"android.view.View","Packagename":"com.zhihu.android","Text":"简直就是联盟里的一股泥石流"},{"Bounds":{"bottom":1280,"left":784,"right":1440,"top":1278},"Classname":"android.view.View","Packagename":"com.zhihu.android","Text":"\n"},{"Bounds":{"bottom":1280,"left":752,"right":1248,"top":1278},"Classname":"android.view.View","Packagename":"com.zhihu.android","Text":"全联盟最快乐的替补席，没有之一。"},{"Bounds":{"bottom":1280,"left":1228,"right":1412,"top":1278},"Classname":"android.view.View","Packagename":"com.zhihu.android","Text":"发布于 00:06"},{"Bounds":{"bottom":1280,"left":752,"right":1412,"top":1278},"Classname":"android.view.View","Packagename":"com.zhihu.android","Text":"著作权归作者所有"},{"Bounds":{"bottom":289,"left":0,"right":720,"top":161},"Classname":"android.widget.TextView","Packagename":"com.zhihu.android","Text":"NBA替补席到底是怎么样的存在？"},{"Bounds":{"bottom":378,"left":32,"right":184,"top":314},"Classname":"android.widget.TextView","Packagename":"com.zhihu.android","Text":"写回答"},{"Bounds":{"bottom":402,"left":414,"right":688,"top":290},"Classname":"android.widget.TextView","Packagename":"com.zhihu.android","Text":"查看全部 25 个回答"},{"Bounds":{"bottom":488,"left":128,"right":319,"top":450},"Classname":"android.widget.TextView","Packagename":"com.zhihu.android","Text":"米切尔Mitchell"},{"Bounds":{"bottom":469,"left":319,"right":319,"top":469},"Classname":"android.view.View","Packagename":"com.zhihu.android","Text":""},{"Bounds":{"bottom":529,"left":128,"right":528,"top":496},"Classname":"android.widget.TextView","Packagename":"com.zhihu.android","Text":"陈奕迅资讯视频吧"},{"Bounds":{"bottom":529,"left":128,"right":128,"top":496},"Classname":"android.widget.TextView","Packagename":"com.zhihu.android","Text":""},{"Bounds":{"bottom":522,"left":544,"right":688,"top":458},"Classname":"android.widget.TextView","Packagename":"com.zhihu.android","Text":"关注"},{"Bounds":{"bottom":1256,"left":34,"right":233,"top":1192},"Classname":"android.widget.TextView","Packagename":"com.zhihu.android","Text":"赞同 41"},{"Bounds":{"bottom":1256,"left":245,"right":337,"top":1192},"Classname":"android.widget.TextView","Packagename":"com.zhihu.android","Text":""},{"Bounds":{"bottom":1262,"left":399,"right":439,"top":1234},"Classname":"android.widget.TextView","Packagename":"com.zhihu.android","Text":"感谢"},{"Bounds":{"bottom":1262,"left":516,"right":556,"top":1234},"Classname":"android.widget.TextView","Packagename":"com.zhihu.android","Text":"收藏"},{"Bounds":{"bottom":1262,"left":642,"right":664,"top":1234},"Classname":"android.widget.TextView","Packagename":"com.zhihu.android","Text":"26"}],"packagename":"com.example.a10628.myapplication","width":1080}