{"events":[{"eventname":"TYPE_VIEW_SCROLLED","source":{"Bounds":{"bottom":1280,"left":0,"right":720,"top":0},"Classname":"android.webkit.WebView","Packagename":"com.baycode.tianya","Text":""}}],"height":1920,"hovertime":2028,"nodes":[{"Bounds":{"bottom":-32,"left":10,"right":122,"top":0},"Classname":"android.view.View","Packagename":"com.baycode.tianya","Text":"只看楼主"},{"Bounds":{"bottom":-32,"left":10,"right":710,"top":0},"Classname":"android.view.View","Packagename":"com.baycode.tianya","Text":"被淘汰，雷霆三巨头完了？"},{"Bounds":{"bottom":-32,"left":0,"right":720,"top":0},"Classname":"android.view.View","Packagename":"com.baycode.tianya","Text":"第1页 | 共1页   访问5803 | 回复18"},{"Bounds":{"bottom":-32,"left":8,"right":712,"top":0},"Classname":"android.view.View","Packagename":"com.baycode.tianya","Text":"烟台我是大葱2018-04-28 14:07:26"},{"Bounds":{"bottom":-32,"left":10,"right":710,"top":0},"Classname":"android.view.View","Packagename":"com.baycode.tianya","Text":"　　今天经过激烈角逐，米切尔带领爵士队淘汰了雷霆，会师火箭，此前还有人会说西蒙斯和米切尔谁是最佳新秀，米切尔说，西蒙斯已经是第二年了，但是我想说的是就今天米切尔表现，无论西蒙斯是哪一年，米切尔配得上最佳新秀，虽然最佳新秀的考量是常规赛，但是在我看来，美职篮或许可以考虑一下季后赛的表现，毕竟雷霆还是四巨头呢？\n　　言归正传，雷霆被淘汰了，四巨头的雷霆被淘汰了，长时间枯坐冷板凳落寞的安东尼，未来不知去向的乔治，我真的不知该如何想象雷霆下赛季是否还能留下眼下的阵容，但是我确定的是，雷霆真的该换主教练了，不管多诺万能力多么有限，雷霆真的该换人了，否则乔治，安东尼留不留下还真的很难说。"},{"Bounds":{"bottom":-32,"left":20,"right":700,"top":0},"Classname":"android.view.View","Packagename":"com.baycode.tianya","Text":"推广 优酷 超萌超可爱的兔兔，终于免费上线观看了！ "},{"Bounds":{"bottom":-32,"left":648,"right":700,"top":0},"Classname":"android.view.View","Packagename":"com.baycode.tianya","Text":"回复"},{"Bounds":{"bottom":-32,"left":8,"right":712,"top":0},"Classname":"android.view.View","Packagename":"com.baycode.tianya","Text":"断肠人要添牙2018-04-28 14:28:18"},{"Bounds":{"bottom":-32,"left":10,"right":710,"top":0},"Classname":"android.view.View","Packagename":"com.baycode.tianya","Text":"　　分崩离析了"},{"Bounds":{"bottom":-32,"left":648,"right":700,"top":0},"Classname":"android.view.View","Packagename":"com.baycode.tianya","Text":"回复"},{"Bounds":{"bottom":-32,"left":8,"right":712,"top":0},"Classname":"android.view.View","Packagename":"com.baycode.tianya","Text":"大致坡啊叔2018-04-28 14:30:07"},{"Bounds":{"bottom":-32,"left":10,"right":710,"top":0},"Classname":"android.view.View","Packagename":"com.baycode.tianya","Text":"　　本赛季，海沃德去凯尔特人后谁会想到爵士会打成这样呢！要是我能投票，肯定米切尔。西蒙斯起点要远高于米切尔，表现得和米切尔不相上下本身就输了。"},{"Bounds":{"bottom":-32,"left":648,"right":700,"top":0},"Classname":"android.view.View","Packagename":"com.baycode.tianya","Text":"回复"},{"Bounds":{"bottom":-10,"left":8,"right":712,"top":0},"Classname":"android.view.View","Packagename":"com.baycode.tianya","Text":"艾因_stan2018-04-28 18:49:08"},{"Bounds":{"bottom":54,"left":10,"right":710,"top":0},"Classname":"android.view.View","Packagename":"com.baycode.tianya","Text":"　　终于崩盘了"},{"Bounds":{"bottom":90,"left":648,"right":700,"top":60},"Classname":"android.view.View","Packagename":"com.baycode.tianya","Text":"回复"},{"Bounds":{"bottom":158,"left":8,"right":712,"top":110},"Classname":"android.view.View","Packagename":"com.baycode.tianya","Text":"老饭囊2018-04-29 01:05:06"},{"Bounds":{"bottom":222,"left":10,"right":710,"top":168},"Classname":"android.view.View","Packagename":"com.baycode.tianya","Text":"　　不然呢？"},{"Bounds":{"bottom":258,"left":648,"right":700,"top":228},"Classname":"android.view.View","Packagename":"com.baycode.tianya","Text":"回复"},{"Bounds":{"bottom":326,"left":8,"right":712,"top":278},"Classname":"android.view.View","Packagename":"com.baycode.tianya","Text":"应剑群2018-04-29 10:20:27"},{"Bounds":{"bottom":390,"left":10,"right":710,"top":336},"Classname":"android.view.View","Packagename":"com.baycode.tianya","Text":"　　真惨"},{"Bounds":{"bottom":426,"left":648,"right":700,"top":396},"Classname":"android.view.View","Packagename":"com.baycode.tianya","Text":"回复"},{"Bounds":{"bottom":494,"left":8,"right":712,"top":446},"Classname":"android.view.View","Packagename":"com.baycode.tianya","Text":"黄万山2018-04-29 11:40:51"},{"Bounds":{"bottom":666,"left":10,"right":710,"top":504},"Classname":"android.view.View","Packagename":"com.baycode.tianya","Text":"　　乔治一定会走，本来就身在曹营心在汉。安东尼可能得看他对自己的定位，毕竟他的表现很难拖起这么高的工资"},{"Bounds":{"bottom":702,"left":648,"right":700,"top":672},"Classname":"android.view.View","Packagename":"com.baycode.tianya","Text":"回复"},{"Bounds":{"bottom":770,"left":8,"right":712,"top":722},"Classname":"android.view.View","Packagename":"com.baycode.tianya","Text":"你有点严格2018-04-30 12:57:44"},{"Bounds":{"bottom":942,"left":10,"right":710,"top":780},"Classname":"android.view.View","Packagename":"com.baycode.tianya","Text":"　　雷霆战术球权分配的不太好，感觉都是各打各的。威少数据好，但是感觉串联不起整个团队。"},{"Bounds":{"bottom":978,"left":648,"right":700,"top":948},"Classname":"android.view.View","Packagename":"com.baycode.tianya","Text":"回复"},{"Bounds":{"bottom":1046,"left":8,"right":712,"top":998},"Classname":"android.view.View","Packagename":"com.baycode.tianya","Text":"清新2J2018-05-02 00:05:34"},{"Bounds":{"bottom":1110,"left":10,"right":710,"top":1056},"Classname":"android.view.View","Packagename":"com.baycode.tianya","Text":"　　差不多就酱紫了"},{"Bounds":{"bottom":1146,"left":648,"right":700,"top":1116},"Classname":"android.view.View","Packagename":"com.baycode.tianya","Text":"回复"},{"Bounds":{"bottom":1214,"left":8,"right":712,"top":1166},"Classname":"android.view.View","Packagename":"com.baycode.tianya","Text":"钱是个好东西啊2018-05-06 11:40:31"},{"Bounds":{"bottom":1246,"left":10,"right":710,"top":1224},"Classname":"android.view.View","Packagename":"com.baycode.tianya","Text":"　　造就说过这些人搞不到一起，没什么用，还有脑残雷霆粉不服气"},{"Bounds":{"bottom":1246,"left":648,"right":700,"top":1244},"Classname":"android.view.View","Packagename":"com.baycode.tianya","Text":"回复"},{"Bounds":{"bottom":1246,"left":8,"right":712,"top":1244},"Classname":"android.view.View","Packagename":"com.baycode.tianya","Text":"大刺吹2018-05-06 12:47:02"},{"Bounds":{"bottom":1246,"left":10,"right":710,"top":1244},"Classname":"android.view.View","Packagename":"com.baycode.tianya","Text":"　　不是每组三巨头都能成功"},{"Bounds":{"bottom":1246,"left":648,"right":700,"top":1244},"Classname":"android.view.View","Packagename":"com.baycode.tianya","Text":"回复"},{"Bounds":{"bottom":1246,"left":108,"right":182,"top":1244},"Classname":"android.view.View","Packagename":"com.baycode.tianya","Text":"返回"},{"Bounds":{"bottom":1246,"left":200,"right":274,"top":1244},"Classname":"android.view.View","Packagename":"com.baycode.tianya","Text":"上页"},{"Bounds":{"bottom":1246,"left":282,"right":438,"top":1244},"Classname":"android.view.View","Packagename":"com.baycode.tianya","Text":"第1页 | 共1页"},{"Bounds":{"bottom":1246,"left":446,"right":520,"top":1244},"Classname":"android.view.View","Packagename":"com.baycode.tianya","Text":"下页"},{"Bounds":{"bottom":1246,"left":538,"right":612,"top":1244},"Classname":"android.view.View","Packagename":"com.baycode.tianya","Text":"末页"},{"Bounds":{"bottom":1246,"left":40,"right":680,"top":1244},"Classname":"android.view.View","Packagename":"com.baycode.tianya","Text":"查看原文"},{"Bounds":{"bottom":1246,"left":40,"right":680,"top":1244},"Classname":"android.view.View","Packagename":"com.baycode.tianya","Text":"转发分享"},{"Bounds":{"bottom":982,"left":0,"right":88,"top":862},"Classname":"android.view.View","Packagename":"com.baycode.tianya","Text":""},{"Bounds":{"bottom":1280,"left":660,"right":720,"top":1260},"Classname":"android.view.View","Packagename":"com.baycode.tianya","Text":""},{"Bounds":{"bottom":1280,"left":0,"right":720,"top":1180},"Classname":"android.view.View","Packagename":"com.baycode.tianya","Text":"javascript:;"}],"packagename":"com.example.a10628.myapplication","width":1080}