{"events":[{"eventname":"TYPE_VIEW_SELECTED","source":{"Bounds":{"bottom":1280,"left":263,"right":383,"top":1938},"Classname":"android.widget.RatingBar","Packagename":"com.douban.frodo","Text":""}}],"height":1920,"hovertime":4390,"nodes":[{"Bounds":{"bottom":0,"left":273,"right":447,"top":0},"Classname":"android.widget.TextView","Packagename":"com.douban.frodo","Text":"下拉有惊喜"},{"Bounds":{"bottom":31,"left":0,"right":720,"top":0},"Classname":"android.widget.TextView","Packagename":"com.douban.frodo","Text":"影人"},{"Bounds":{"bottom":304,"left":40,"right":200,"top":255},"Classname":"android.widget.TextView","Packagename":"com.douban.frodo","Text":"石川淳一"},{"Bounds":{"bottom":342,"left":40,"right":200,"top":304},"Classname":"android.widget.TextView","Packagename":"com.douban.frodo","Text":"导演"},{"Bounds":{"bottom":304,"left":224,"right":384,"top":255},"Classname":"android.widget.TextView","Packagename":"com.douban.frodo","Text":"城宝秀则"},{"Bounds":{"bottom":342,"left":224,"right":384,"top":304},"Classname":"android.widget.TextView","Packagename":"com.douban.frodo","Text":"导演"},{"Bounds":{"bottom":304,"left":408,"right":568,"top":255},"Classname":"android.widget.TextView","Packagename":"com.douban.frodo","Text":"堺雅人"},{"Bounds":{"bottom":342,"left":408,"right":568,"top":304},"Classname":"android.widget.TextView","Packagename":"com.douban.frodo","Text":"饰: 古美门研介"},{"Bounds":{"bottom":304,"left":592,"right":720,"top":255},"Classname":"android.widget.TextView","Packagename":"com.douban.frodo","Text":"新垣结衣"},{"Bounds":{"bottom":342,"left":592,"right":720,"top":304},"Classname":"android.widget.TextView","Packagename":"com.douban.frodo","Text":"饰: 黛真知子"},{"Bounds":{"bottom":342,"left":0,"right":72,"top":342},"Classname":"android.support.v7.widget.RecyclerView","Packagename":"com.douban.frodo","Text":""},{"Bounds":{"bottom":438,"left":0,"right":92,"top":402},"Classname":"android.widget.TextView","Packagename":"com.douban.frodo","Text":"剧照"},{"Bounds":{"bottom":738,"left":40,"right":414,"top":458},"Classname":"android.widget.ImageView","Packagename":"com.douban.frodo","Text":""},{"Bounds":{"bottom":738,"left":424,"right":720,"top":458},"Classname":"android.widget.ImageView","Packagename":"com.douban.frodo","Text":""},{"Bounds":{"bottom":598,"left":360,"right":360,"top":598},"Classname":"android.widget.FrameLayout","Packagename":"com.douban.frodo","Text":""},{"Bounds":{"bottom":834,"left":28,"right":132,"top":798},"Classname":"android.widget.TextView","Packagename":"com.douban.frodo","Text":"获奖记录"},{"Bounds":{"bottom":895,"left":28,"right":272,"top":854},"Classname":"android.widget.TextView","Packagename":"com.douban.frodo","Text":"第73届日剧学院赏"},{"Bounds":{"bottom":931,"left":28,"right":692,"top":895},"Classname":"android.widget.TextView","Packagename":"com.douban.frodo","Text":"最优秀作品奖（提名）"},{"Bounds":{"bottom":931,"left":0,"right":720,"top":931},"Classname":"android.widget.LinearLayout","Packagename":"com.douban.frodo","Text":""},{"Bounds":{"bottom":1061,"left":150,"right":210,"top":1020},"Classname":"android.widget.TextView","Packagename":"com.douban.frodo","Text":"评论"},{"Bounds":{"bottom":1061,"left":495,"right":585,"top":1020},"Classname":"android.widget.TextView","Packagename":"com.douban.frodo","Text":"讨论区"},{"Bounds":{"bottom":1197,"left":0,"right":100,"top":1151},"Classname":"android.widget.TextView","Packagename":"com.douban.frodo","Text":"短评"},{"Bounds":{"bottom":1199,"left":576,"right":680,"top":1151},"Classname":"android.widget.TextView","Packagename":"com.douban.frodo","Text":"写短评"},{"Bounds":{"bottom":1280,"left":32,"right":92,"top":1239},"Classname":"android.widget.ImageView","Packagename":"com.douban.frodo","Text":""},{"Bounds":{"bottom":1280,"left":112,"right":232,"top":1242},"Classname":"android.widget.TextView","Packagename":"com.douban.frodo","Text":"你家贰哥"},{"Bounds":{"bottom":1275,"left":242,"right":362,"top":1251},"Classname":"android.widget.RatingBar","Packagename":"com.douban.frodo","Text":""},{"Bounds":{"bottom":1280,"left":372,"right":372,"top":1244},"Classname":"android.widget.TextView","Packagename":"com.douban.frodo","Text":""},{"Bounds":{"bottom":1280,"left":574,"right":680,"top":1239},"Classname":"android.view.View","Packagename":"com.douban.frodo","Text":""},{"Bounds":{"bottom":1280,"left":112,"right":680,"top":1291},"Classname":"android.widget.TextView","Packagename":"com.douban.frodo","Text":"其实我最喜欢的是管家爷爷"},{"Bounds":{"bottom":1280,"left":112,"right":280,"top":1340},"Classname":"android.widget.TextView","Packagename":"com.douban.frodo","Text":"2012年5月1日"},{"Bounds":{"bottom":1280,"left":32,"right":92,"top":1416},"Classname":"android.widget.ImageView","Packagename":"com.douban.frodo","Text":""},{"Bounds":{"bottom":1280,"left":112,"right":162,"top":1419},"Classname":"android.widget.TextView","Packagename":"com.douban.frodo","Text":"fish"},{"Bounds":{"bottom":1280,"left":172,"right":292,"top":1428},"Classname":"android.widget.RatingBar","Packagename":"com.douban.frodo","Text":""},{"Bounds":{"bottom":1280,"left":302,"right":302,"top":1421},"Classname":"android.widget.TextView","Packagename":"com.douban.frodo","Text":""},{"Bounds":{"bottom":1280,"left":574,"right":680,"top":1416},"Classname":"android.view.View","Packagename":"com.douban.frodo","Text":""},{"Bounds":{"bottom":1280,"left":112,"right":680,"top":1468},"Classname":"android.widget.TextView","Packagename":"com.douban.frodo","Text":"主要是新垣结衣这个角色太你妈逼烦了 一说教就想踹她"},{"Bounds":{"bottom":1280,"left":112,"right":295,"top":1556},"Classname":"android.widget.TextView","Packagename":"com.douban.frodo","Text":"2012年6月25日"},{"Bounds":{"bottom":1280,"left":32,"right":92,"top":1632},"Classname":"android.widget.ImageView","Packagename":"com.douban.frodo","Text":""},{"Bounds":{"bottom":1280,"left":112,"right":232,"top":1635},"Classname":"android.widget.TextView","Packagename":"com.douban.frodo","Text":"高尔吉亚"},{"Bounds":{"bottom":1280,"left":242,"right":362,"top":1644},"Classname":"android.widget.RatingBar","Packagename":"com.douban.frodo","Text":""},{"Bounds":{"bottom":1280,"left":372,"right":372,"top":1637},"Classname":"android.widget.TextView","Packagename":"com.douban.frodo","Text":""},{"Bounds":{"bottom":1280,"left":574,"right":680,"top":1632},"Classname":"android.view.View","Packagename":"com.douban.frodo","Text":""},{"Bounds":{"bottom":1280,"left":112,"right":680,"top":1684},"Classname":"android.widget.TextView","Packagename":"com.douban.frodo","Text":"完全是靠堺雅人突破自己以往总是老好人老实头的演技一人撑起来的剧啊，gakki感觉还是没有什么突破啊，难道注定就是花瓶？哪怕是女主角也还无济于事。"},{"Bounds":{"bottom":1280,"left":112,"right":295,"top":1850},"Classname":"android.widget.TextView","Packagename":"com.douban.frodo","Text":"2012年4月19日"},{"Bounds":{"bottom":1280,"left":32,"right":92,"top":1926},"Classname":"android.widget.ImageView","Packagename":"com.douban.frodo","Text":""},{"Bounds":{"bottom":1280,"left":112,"right":253,"top":1929},"Classname":"android.widget.TextView","Packagename":"com.douban.frodo","Text":"N O L I T A"},{"Bounds":{"bottom":1280,"left":263,"right":383,"top":1938},"Classname":"android.widget.RatingBar","Packagename":"com.douban.frodo","Text":""},{"Bounds":{"bottom":1280,"left":393,"right":393,"top":1931},"Classname":"android.widget.TextView","Packagename":"com.douban.frodo","Text":""},{"Bounds":{"bottom":1280,"left":587,"right":680,"top":1926},"Classname":"android.view.View","Packagename":"com.douban.frodo","Text":""},{"Bounds":{"bottom":1280,"left":112,"right":680,"top":1978},"Classname":"android.widget.TextView","Packagename":"com.douban.frodo","Text":"哈哈哈笑死了！雅人叔成功刷了我的下限！这部剧好有爱啊！"},{"Bounds":{"bottom":1280,"left":112,"right":295,"top":2066},"Classname":"android.widget.TextView","Packagename":"com.douban.frodo","Text":"2012年4月21日"},{"Bounds":{"bottom":144,"left":0,"right":112,"top":48},"Classname":"android.widget.ImageButton","Packagename":"com.douban.frodo","Text":""},{"Bounds":{"bottom":119,"left":144,"right":152,"top":73},"Classname":"android.widget.TextView","Packagename":"com.douban.frodo","Text":" "},{"Bounds":{"bottom":119,"left":258,"right":462,"top":73},"Classname":"android.widget.TextView","Packagename":"com.douban.frodo","Text":"胜者即是正义"},{"Bounds":{"bottom":144,"left":624,"right":720,"top":48},"Classname":"android.widget.TextView","Packagename":"com.douban.frodo","Text":""},{"Bounds":{"bottom":640,"left":360,"right":360,"top":640},"Classname":"android.widget.FrameLayout","Packagename":"com.douban.frodo","Text":""}],"packagename":"com.example.a10628.myapplication","width":1080}