{"events":[{"eventname":"TYPE_VIEW_SCROLLED","source":{"Bounds":{"bottom":1280,"left":0,"right":720,"top":160},"Classname":"android.webkit.WebView","Packagename":"com.zhihu.android","Text":""}}],"height":1920,"hovertime":1102,"nodes":[{"Bounds":{"bottom":160,"left":0,"right":112,"top":48},"Classname":"android.widget.ImageButton","Packagename":"com.zhihu.android","Text":""},{"Bounds":{"bottom":131,"left":128,"right":536,"top":77},"Classname":"android.widget.TextView","Packagename":"com.zhihu.android","Text":"如何看待生活大爆炸第十一季24集？"},{"Bounds":{"bottom":152,"left":544,"right":640,"top":56},"Classname":"android.widget.TextView","Packagename":"com.zhihu.android","Text":""},{"Bounds":{"bottom":152,"left":640,"right":720,"top":56},"Classname":"android.widget.ImageView","Packagename":"com.zhihu.android","Text":""},{"Bounds":{"bottom":170,"left":-687,"right":-27,"top":170},"Classname":"android.view.View","Packagename":"com.zhihu.android","Text":""},{"Bounds":{"bottom":360,"left":-687,"right":-27,"top":198},"Classname":"android.view.View","Packagename":"com.zhihu.android","Text":"我为什么倒是希望他们两在一起呢……相爱相杀了这么多年了……而且谢耳朵这段话怎么感觉比对艾米说的更有爱呢……"},{"Bounds":{"bottom":752,"left":-685,"right":-29,"top":382},"Classname":"android.view.View","Packagename":"com.zhihu.android","Text":""},{"Bounds":{"bottom":752,"left":-685,"right":-29,"top":382},"Classname":"android.widget.Image","Packagename":"com.zhihu.android","Text":"视频封面"},{"Bounds":{"bottom":632,"left":-421,"right":-293,"top":502},"Classname":"android.widget.Image","Packagename":"com.zhihu.android","Text":""},{"Bounds":{"bottom":900,"left":-283,"right":-27,"top":860},"Classname":"android.view.View","Packagename":"com.zhihu.android","Text":"编辑于 昨天 10:59"},{"Bounds":{"bottom":962,"left":-687,"right":-27,"top":906},"Classname":"android.view.View","Packagename":"com.zhihu.android","Text":"著作权归作者所有"},{"Bounds":{"bottom":1122,"left":-719,"right":1,"top":1040},"Classname":"android.view.View","Packagename":"com.zhihu.android","Text":"推荐阅读"},{"Bounds":{"bottom":1280,"left":-687,"right":-305,"top":1154},"Classname":"android.view.View","Packagename":"com.zhihu.android","Text":"腾讯出品，文本扫一扫，自动变电子文档！立即点击下载~"},{"Bounds":{"bottom":1280,"left":-257,"right":-31,"top":1152},"Classname":"android.widget.Image","Packagename":"com.zhihu.android","Text":"推荐阅读"},{"Bounds":{"bottom":1280,"left":-687,"right":-647,"top":1280},"Classname":"android.widget.Image","Packagename":"com.zhihu.android","Text":"Tencent"},{"Bounds":{"bottom":1280,"left":-635,"right":-457,"top":1280},"Classname":"android.view.View","Packagename":"com.zhihu.android","Text":"Tencent 的广告"},{"Bounds":{"bottom":1280,"left":-177,"right":-31,"top":1280},"Classname":"android.widget.Button","Packagename":"com.zhihu.android","Text":"APP下载"},{"Bounds":{"bottom":1280,"left":-687,"right":-31,"top":1280},"Classname":"android.view.View","Packagename":"com.zhihu.android","Text":"《生活大爆炸》中有哪些细节是你几乎没见过他人有讨论过，但是极其逗你笑的？ 毫不犹豫~sheldon打手鼓~看一次笑一次，节奏感太好了~ 千万别是谢尔顿在打小手鼓 Don\u0027t let this be Sheldon playing bongos. 拜托千万别是谢尔顿在打小手鼓 Please don\u0027t let this be Sheldon playing bongos. 莱纳德呀 你喜欢我的小手鼓吗 Hello, Leonard, do you like my bongos? 但我想呀 你没猜到我有小手鼓吧 Bet you didn\u0027t know that I had bongos. 谢尔顿 现在是凌晨三点 Sheldon, it\u0027s 3:00 o\u0027clock in the morning. … Christopher Ao 的回答 · 211 赞同 加载中..."},{"Bounds":{"bottom":1280,"left":-687,"right":-31,"top":1280},"Classname":"android.view.View","Packagename":"com.zhihu.android","Text":"如何评价《生活大爆炸》里的 Bernadette？ 谢邀。Bernadette 的两面性是《生活大爆炸》最近几季一直在发掘和表现的，而两面性也是对Bernadette这个人物形象最好的描述。 她甜美的声音却可以像Howard妈妈那样的说话，就连谢耳朵都分不清。 她温柔可爱然而厉害起来Penny、Sheldon都退避三分。娇小身躯可是竞争心却极强，拿到博士学位而且在大公司赚很多钱先从侧面的角度来暖场，Sheldon在帮助Howard整理储藏间的时候意外发现了Howard的父亲写给Howard的信，带来了一连串麻烦… 李季 的回答 · 476 赞同 "},{"Bounds":{"bottom":162,"left":32,"right":692,"top":160},"Classname":"android.view.View","Packagename":"com.zhihu.android","Text":""},{"Bounds":{"bottom":162,"left":32,"right":692,"top":160},"Classname":"android.view.View","Packagename":"com.zhihu.android","Text":"2010.5.24 the first moment they met\n2018.5.10 at the wedding"},{"Bounds":{"bottom":162,"left":32,"right":692,"top":160},"Classname":"android.view.View","Packagename":"com.zhihu.android","Text":"八年过去了"},{"Bounds":{"bottom":162,"left":32,"right":692,"top":160},"Classname":"android.view.View","Packagename":"com.zhihu.android","Text":"愿每个人都被温柔以待"},{"Bounds":{"bottom":162,"left":32,"right":692,"top":160},"Classname":"android.view.View","Packagename":"com.zhihu.android","Text":"愿每个人都能找到属于自己的那个人\n"},{"Bounds":{"bottom":230,"left":0,"right":720,"top":160},"Classname":"android.widget.Image","Packagename":"com.zhihu.android","Text":"v2-ecec2b898c294a0e277875f51b603db5_hd"},{"Bounds":{"bottom":332,"left":32,"right":692,"top":276},"Classname":"android.view.View","Packagename":"com.zhihu.android","Text":"\n"},{"Bounds":{"bottom":784,"left":0,"right":720,"top":378},"Classname":"android.widget.Image","Packagename":"com.zhihu.android","Text":"v2-0187b9922fee4e09db802eb831d9e95e_hd"},{"Bounds":{"bottom":886,"left":32,"right":692,"top":832},"Classname":"android.view.View","Packagename":"com.zhihu.android","Text":"\n"},{"Bounds":{"bottom":1280,"left":0,"right":720,"top":934},"Classname":"android.widget.Image","Packagename":"com.zhihu.android","Text":"v2-51ab0b8a0a54f273681e3c650f3154fc_hd"},{"Bounds":{"bottom":1280,"left":32,"right":692,"top":1278},"Classname":"android.view.View","Packagename":"com.zhihu.android","Text":"\n"},{"Bounds":{"bottom":1280,"left":0,"right":720,"top":1278},"Classname":"android.view.View","Packagename":"com.zhihu.android","Text":""},{"Bounds":{"bottom":1280,"left":32,"right":692,"top":1278},"Classname":"android.view.View","Packagename":"com.zhihu.android","Text":""},{"Bounds":{"bottom":1280,"left":426,"right":692,"top":1278},"Classname":"android.view.View","Packagename":"com.zhihu.android","Text":"发布于 2018-05-11"},{"Bounds":{"bottom":1280,"left":32,"right":692,"top":1278},"Classname":"android.view.View","Packagename":"com.zhihu.android","Text":"著作权归作者所有"},{"Bounds":{"bottom":730,"left":752,"right":1412,"top":730},"Classname":"android.view.View","Packagename":"com.zhihu.android","Text":""},{"Bounds":{"bottom":812,"left":752,"right":1412,"top":758},"Classname":"android.view.View","Packagename":"com.zhihu.android","Text":"为什么我跟各位泪点不同。"},{"Bounds":{"bottom":1266,"left":720,"right":1440,"top":860},"Classname":"android.widget.Image","Packagename":"com.zhihu.android","Text":"v2-b4b09e3611eb5d8a418a62fe2c903f77_hd"},{"Bounds":{"bottom":1280,"left":752,"right":1412,"top":1278},"Classname":"android.view.View","Packagename":"com.zhihu.android","Text":"\n"},{"Bounds":{"bottom":1280,"left":720,"right":1440,"top":1278},"Classname":"android.widget.Image","Packagename":"com.zhihu.android","Text":"v2-6476356faade1100c5f70fe86f835d74_hd"},{"Bounds":{"bottom":1280,"left":752,"right":1412,"top":1278},"Classname":"android.view.View","Packagename":"com.zhihu.android","Text":"\n"},{"Bounds":{"bottom":1280,"left":720,"right":1440,"top":1278},"Classname":"android.widget.Image","Packagename":"com.zhihu.android","Text":"v2-d7efbb5d5ad1752276959b24e3fb704e_hd"},{"Bounds":{"bottom":1280,"left":752,"right":1412,"top":1278},"Classname":"android.view.View","Packagename":"com.zhihu.android","Text":"补一张，这演技，真的让人感同身受。"},{"Bounds":{"bottom":1280,"left":720,"right":1440,"top":1278},"Classname":"android.view.View","Packagename":"com.zhihu.android","Text":""},{"Bounds":{"bottom":1280,"left":1156,"right":1412,"top":1278},"Classname":"android.view.View","Packagename":"com.zhihu.android","Text":"编辑于 昨天 15:26"},{"Bounds":{"bottom":1280,"left":752,"right":1412,"top":1278},"Classname":"android.view.View","Packagename":"com.zhihu.android","Text":"著作权归作者所有"},{"Bounds":{"bottom":289,"left":0,"right":720,"top":161},"Classname":"android.widget.TextView","Packagename":"com.zhihu.android","Text":"如何看待生活大爆炸第十一季24集？"},{"Bounds":{"bottom":343,"left":136,"right":367,"top":305},"Classname":"android.widget.TextView","Packagename":"com.zhihu.android","Text":"生活大爆炸 第十季"},{"Bounds":{"bottom":381,"left":136,"right":288,"top":351},"Classname":"android.widget.TextView","Packagename":"com.zhihu.android","Text":"猫眼评分 9.1   "},{"Bounds":{"bottom":508,"left":32,"right":184,"top":444},"Classname":"android.widget.TextView","Packagename":"com.zhihu.android","Text":"写回答"},{"Bounds":{"bottom":532,"left":398,"right":688,"top":420},"Classname":"android.widget.TextView","Packagename":"com.zhihu.android","Text":"查看全部 140 个回答"},{"Bounds":{"bottom":639,"left":128,"right":248,"top":601},"Classname":"android.widget.TextView","Packagename":"com.zhihu.android","Text":"匿名用户"},{"Bounds":{"bottom":620,"left":248,"right":248,"top":620},"Classname":"android.view.View","Packagename":"com.zhihu.android","Text":""},{"Bounds":{"bottom":1256,"left":34,"right":249,"top":1192},"Classname":"android.widget.TextView","Packagename":"com.zhihu.android","Text":"赞同 141"},{"Bounds":{"bottom":1256,"left":261,"right":353,"top":1192},"Classname":"android.widget.TextView","Packagename":"com.zhihu.android","Text":""},{"Bounds":{"bottom":1262,"left":412,"right":452,"top":1234},"Classname":"android.widget.TextView","Packagename":"com.zhihu.android","Text":"感谢"},{"Bounds":{"bottom":1262,"left":524,"right":564,"top":1234},"Classname":"android.widget.TextView","Packagename":"com.zhihu.android","Text":"收藏"},{"Bounds":{"bottom":1262,"left":650,"right":661,"top":1234},"Classname":"android.widget.TextView","Packagename":"com.zhihu.android","Text":"8"}],"packagename":"com.example.a10628.myapplication","width":1080}