{"events":[{"eventname":"TYPE_VIEW_SCROLLED","source":{"Bounds":{"bottom":1170,"left":0,"right":720,"top":160},"Classname":"android.support.v7.widget.RecyclerView","Packagename":"com.zhihu.android","Text":""}}],"height":1920,"hovertime":4212,"nodes":[{"Bounds":{"bottom":160,"left":0,"right":112,"top":48},"Classname":"android.widget.ImageButton","Packagename":"com.zhihu.android","Text":""},{"Bounds":{"bottom":131,"left":120,"right":200,"top":77},"Classname":"android.widget.TextView","Packagename":"com.zhihu.android","Text":"评论"},{"Bounds":{"bottom":152,"left":624,"right":720,"top":56},"Classname":"android.widget.TextView","Packagename":"com.zhihu.android","Text":""},{"Bounds":{"bottom":128,"left":32,"right":112,"top":160},"Classname":"android.widget.ImageView","Packagename":"com.zhihu.android","Text":""},{"Bounds":{"bottom":86,"left":144,"right":312,"top":160},"Classname":"android.widget.TextView","Packagename":"com.zhihu.android","Text":"此人无法显示"},{"Bounds":{"bottom":140,"left":144,"right":688,"top":160},"Classname":"android.widget.TextView","Packagename":"com.zhihu.android","Text":"扎心"},{"Bounds":{"bottom":220,"left":144,"right":278,"top":160},"Classname":"android.widget.TextView","Packagename":"com.zhihu.android","Text":"昨天 23:10"},{"Bounds":{"bottom":220,"left":608,"right":704,"top":160},"Classname":"android.widget.TextView","Packagename":"com.zhihu.android","Text":"1"},{"Bounds":{"bottom":348,"left":32,"right":112,"top":268},"Classname":"android.widget.ImageView","Packagename":"com.zhihu.android","Text":""},{"Bounds":{"bottom":306,"left":144,"right":311,"top":268},"Classname":"android.widget.TextView","Packagename":"com.zhihu.android","Text":"粥新酒漫man"},{"Bounds":{"bottom":360,"left":144,"right":688,"top":322},"Classname":"android.widget.TextView","Packagename":"com.zhihu.android","Text":"泪点低呀..."},{"Bounds":{"bottom":440,"left":144,"right":278,"top":360},"Classname":"android.widget.TextView","Packagename":"com.zhihu.android","Text":"昨天 23:27"},{"Bounds":{"bottom":440,"left":608,"right":704,"top":360},"Classname":"android.widget.TextView","Packagename":"com.zhihu.android","Text":"1"},{"Bounds":{"bottom":568,"left":32,"right":112,"top":488},"Classname":"android.widget.ImageView","Packagename":"com.zhihu.android","Text":""},{"Bounds":{"bottom":526,"left":144,"right":284,"top":488},"Classname":"android.widget.TextView","Packagename":"com.zhihu.android","Text":"马辣小笼凡"},{"Bounds":{"bottom":580,"left":144,"right":688,"top":542},"Classname":"android.widget.TextView","Packagename":"com.zhihu.android","Text":"😭😭😭😭😭😭"},{"Bounds":{"bottom":660,"left":144,"right":278,"top":580},"Classname":"android.widget.TextView","Packagename":"com.zhihu.android","Text":"昨天 23:47"},{"Bounds":{"bottom":660,"left":624,"right":704,"top":580},"Classname":"android.widget.TextView","Packagename":"com.zhihu.android","Text":""},{"Bounds":{"bottom":788,"left":32,"right":112,"top":708},"Classname":"android.widget.ImageView","Packagename":"com.zhihu.android","Text":""},{"Bounds":{"bottom":746,"left":144,"right":284,"top":708},"Classname":"android.widget.TextView","Packagename":"com.zhihu.android","Text":"大哥的女人"},{"Bounds":{"bottom":800,"left":144,"right":688,"top":762},"Classname":"android.widget.TextView","Packagename":"com.zhihu.android","Text":"说的对😭😭😭"},{"Bounds":{"bottom":880,"left":144,"right":278,"top":800},"Classname":"android.widget.TextView","Packagename":"com.zhihu.android","Text":"昨天 23:49"},{"Bounds":{"bottom":880,"left":624,"right":704,"top":800},"Classname":"android.widget.TextView","Packagename":"com.zhihu.android","Text":""},{"Bounds":{"bottom":1008,"left":32,"right":112,"top":928},"Classname":"android.widget.ImageView","Packagename":"com.zhihu.android","Text":""},{"Bounds":{"bottom":966,"left":144,"right":312,"top":928},"Classname":"android.widget.TextView","Packagename":"com.zhihu.android","Text":"可曾记得爱过"},{"Bounds":{"bottom":1020,"left":144,"right":688,"top":982},"Classname":"android.widget.TextView","Packagename":"com.zhihu.android","Text":"握草这个答案真的扎心了。"},{"Bounds":{"bottom":1100,"left":144,"right":215,"top":1020},"Classname":"android.widget.TextView","Packagename":"com.zhihu.android","Text":"00:10"},{"Bounds":{"bottom":1100,"left":624,"right":704,"top":1020},"Classname":"android.widget.TextView","Packagename":"com.zhihu.android","Text":""},{"Bounds":{"bottom":1170,"left":32,"right":112,"top":1148},"Classname":"android.widget.ImageView","Packagename":"com.zhihu.android","Text":""},{"Bounds":{"bottom":1170,"left":144,"right":228,"top":1148},"Classname":"android.widget.TextView","Packagename":"com.zhihu.android","Text":"苏毅飒"},{"Bounds":{"bottom":1170,"left":144,"right":688,"top":1202},"Classname":"android.widget.TextView","Packagename":"com.zhihu.android","Text":"拍的时候霍金是在的"},{"Bounds":{"bottom":1170,"left":144,"right":215,"top":1240},"Classname":"android.widget.TextView","Packagename":"com.zhihu.android","Text":"00:40"},{"Bounds":{"bottom":1170,"left":624,"right":704,"top":1240},"Classname":"android.widget.TextView","Packagename":"com.zhihu.android","Text":""},{"Bounds":{"bottom":1248,"left":32,"right":620,"top":1202},"Classname":"android.widget.EditText","Packagename":"com.zhihu.android","Text":"添加评论"},{"Bounds":{"bottom":1248,"left":636,"right":684,"top":1202},"Classname":"android.widget.ImageButton","Packagename":"com.zhihu.android","Text":""}],"packagename":"com.example.a10628.myapplication","width":1080}