{"events":[{"eventname":"TYPE_VIEW_SCROLLED","source":{"Bounds":{"bottom":1280,"left":0,"right":720,"top":241},"Classname":"android.support.v7.widget.RecyclerView","Packagename":"com.justwayward.readerer","Text":""}}],"height":1920,"hovertime":5525,"nodes":[{"Bounds":{"bottom":160,"left":0,"right":112,"top":48},"Classname":"android.widget.ImageButton","Packagename":"com.justwayward.readerer","Text":""},{"Bounds":{"bottom":131,"left":120,"right":320,"top":77},"Classname":"android.widget.TextView","Packagename":"com.justwayward.readerer","Text":"综合讨论区"},{"Bounds":{"bottom":221,"left":134,"right":194,"top":180},"Classname":"android.widget.TextView","Packagename":"com.justwayward.readerer","Text":"全部"},{"Bounds":{"bottom":221,"left":464,"right":584,"top":180},"Classname":"android.widget.TextView","Packagename":"com.justwayward.readerer","Text":"默认排序"},{"Bounds":{"bottom":126,"left":150,"right":248,"top":241},"Classname":"android.widget.TextView","Packagename":"com.justwayward.readerer","Text":"空心菜。"},{"Bounds":{"bottom":126,"left":248,"right":294,"top":241},"Classname":"android.widget.TextView","Packagename":"com.justwayward.readerer","Text":" lv.4"},{"Bounds":{"bottom":126,"left":592,"right":700,"top":241},"Classname":"android.widget.TextView","Packagename":"com.justwayward.readerer","Text":"10小时前"},{"Bounds":{"bottom":207,"left":150,"right":700,"top":241},"Classname":"android.widget.TextView","Packagename":"com.justwayward.readerer","Text":"我在安卓手机开通的vip和充值的点券能在苹果手机上用吗"},{"Bounds":{"bottom":257,"left":150,"right":205,"top":241},"Classname":"android.widget.TextView","Packagename":"com.justwayward.readerer","Text":"2"},{"Bounds":{"bottom":257,"left":225,"right":283,"top":241},"Classname":"android.widget.TextView","Packagename":"com.justwayward.readerer","Text":"1"},{"Bounds":{"bottom":334,"left":150,"right":299,"top":298},"Classname":"android.widget.TextView","Packagename":"com.justwayward.readerer","Text":"奥古斯都 · 邪"},{"Bounds":{"bottom":334,"left":299,"right":345,"top":298},"Classname":"android.widget.TextView","Packagename":"com.justwayward.readerer","Text":" lv.8"},{"Bounds":{"bottom":334,"left":592,"right":700,"top":298},"Classname":"android.widget.TextView","Packagename":"com.justwayward.readerer","Text":"10小时前"},{"Bounds":{"bottom":382,"left":150,"right":381,"top":344},"Classname":"android.widget.TextView","Packagename":"com.justwayward.readerer","Text":"没书看了     求推荐"},{"Bounds":{"bottom":432,"left":150,"right":205,"top":392},"Classname":"android.widget.TextView","Packagename":"com.justwayward.readerer","Text":"4"},{"Bounds":{"bottom":432,"left":225,"right":283,"top":392},"Classname":"android.widget.TextView","Packagename":"com.justwayward.readerer","Text":"2"},{"Bounds":{"bottom":509,"left":150,"right":280,"top":473},"Classname":"android.widget.TextView","Packagename":"com.justwayward.readerer","Text":"卖卖提切糕"},{"Bounds":{"bottom":509,"left":280,"right":326,"top":473},"Classname":"android.widget.TextView","Packagename":"com.justwayward.readerer","Text":" lv.8"},{"Bounds":{"bottom":509,"left":592,"right":700,"top":473},"Classname":"android.widget.TextView","Packagename":"com.justwayward.readerer","Text":"11小时前"},{"Bounds":{"bottom":557,"left":150,"right":430,"top":519},"Classname":"android.widget.TextView","Packagename":"com.justwayward.readerer","Text":"这次还是我和我哥的事"},{"Bounds":{"bottom":607,"left":150,"right":205,"top":567},"Classname":"android.widget.TextView","Packagename":"com.justwayward.readerer","Text":"4"},{"Bounds":{"bottom":607,"left":225,"right":283,"top":567},"Classname":"android.widget.TextView","Packagename":"com.justwayward.readerer","Text":"1"},{"Bounds":{"bottom":684,"left":150,"right":375,"top":648},"Classname":"android.widget.TextView","Packagename":"com.justwayward.readerer","Text":"一月柠 (●\u0027◡\u0027●)ﾉ❤"},{"Bounds":{"bottom":684,"left":375,"right":421,"top":648},"Classname":"android.widget.TextView","Packagename":"com.justwayward.readerer","Text":" lv.9"},{"Bounds":{"bottom":684,"left":648,"right":700,"top":648},"Classname":"android.widget.TextView","Packagename":"com.justwayward.readerer","Text":"昨天"},{"Bounds":{"bottom":732,"left":150,"right":520,"top":694},"Classname":"android.widget.TextView","Packagename":"com.justwayward.readerer","Text":"#树洞# 偷偷告诉你，好不好～"},{"Bounds":{"bottom":782,"left":150,"right":220,"top":742},"Classname":"android.widget.TextView","Packagename":"com.justwayward.readerer","Text":"26"},{"Bounds":{"bottom":782,"left":240,"right":313,"top":742},"Classname":"android.widget.TextView","Packagename":"com.justwayward.readerer","Text":"12"},{"Bounds":{"bottom":859,"left":150,"right":202,"top":823},"Classname":"android.widget.TextView","Packagename":"com.justwayward.readerer","Text":"糯糯"},{"Bounds":{"bottom":859,"left":202,"right":248,"top":823},"Classname":"android.widget.TextView","Packagename":"com.justwayward.readerer","Text":" lv.5"},{"Bounds":{"bottom":859,"left":592,"right":700,"top":823},"Classname":"android.widget.TextView","Packagename":"com.justwayward.readerer","Text":"11小时前"},{"Bounds":{"bottom":907,"left":150,"right":402,"top":869},"Classname":"android.widget.TextView","Packagename":"com.justwayward.readerer","Text":"千万不要太爱一个人"},{"Bounds":{"bottom":957,"left":150,"right":205,"top":917},"Classname":"android.widget.TextView","Packagename":"com.justwayward.readerer","Text":"3"},{"Bounds":{"bottom":957,"left":225,"right":283,"top":917},"Classname":"android.widget.TextView","Packagename":"com.justwayward.readerer","Text":"3"},{"Bounds":{"bottom":1034,"left":150,"right":228,"top":998},"Classname":"android.widget.TextView","Packagename":"com.justwayward.readerer","Text":"忆往夕"},{"Bounds":{"bottom":1034,"left":228,"right":274,"top":998},"Classname":"android.widget.TextView","Packagename":"com.justwayward.readerer","Text":" lv.5"},{"Bounds":{"bottom":1034,"left":648,"right":700,"top":998},"Classname":"android.widget.TextView","Packagename":"com.justwayward.readerer","Text":"昨天"},{"Bounds":{"bottom":1082,"left":150,"right":423,"top":1044},"Classname":"android.widget.TextView","Packagename":"com.justwayward.readerer","Text":"发自己写的原创小说。"},{"Bounds":{"bottom":1132,"left":150,"right":220,"top":1092},"Classname":"android.widget.TextView","Packagename":"com.justwayward.readerer","Text":"16"},{"Bounds":{"bottom":1132,"left":240,"right":298,"top":1092},"Classname":"android.widget.TextView","Packagename":"com.justwayward.readerer","Text":"4"},{"Bounds":{"bottom":1209,"left":150,"right":228,"top":1173},"Classname":"android.widget.TextView","Packagename":"com.justwayward.readerer","Text":"飞翔鸟"},{"Bounds":{"bottom":1209,"left":228,"right":274,"top":1173},"Classname":"android.widget.TextView","Packagename":"com.justwayward.readerer","Text":" lv.8"},{"Bounds":{"bottom":1209,"left":592,"right":700,"top":1173},"Classname":"android.widget.TextView","Packagename":"com.justwayward.readerer","Text":"11小时前"},{"Bounds":{"bottom":1257,"left":150,"right":318,"top":1219},"Classname":"android.widget.TextView","Packagename":"com.justwayward.readerer","Text":"唐朝唐朝唐朝"},{"Bounds":{"bottom":1280,"left":150,"right":205,"top":1267},"Classname":"android.widget.TextView","Packagename":"com.justwayward.readerer","Text":"1"},{"Bounds":{"bottom":1280,"left":225,"right":283,"top":1267},"Classname":"android.widget.TextView","Packagename":"com.justwayward.readerer","Text":"2"}],"packagename":"com.example.a10628.myapplication","width":1080}