{"events":[{"eventname":"TYPE_VIEW_SCROLLED","source":{"Bounds":{"bottom":1280,"left":0,"right":720,"top":0},"Classname":"android.support.v7.widget.RecyclerView","Packagename":"com.douban.frodo","Text":""}}],"height":1920,"hovertime":8223,"nodes":[{"Bounds":{"bottom":0,"left":273,"right":447,"top":0},"Classname":"android.widget.TextView","Packagename":"com.douban.frodo","Text":"下拉有惊喜"},{"Bounds":{"bottom":43,"left":0,"right":184,"top":7},"Classname":"android.widget.TextView","Packagename":"com.douban.frodo","Text":"所属频道"},{"Bounds":{"bottom":131,"left":40,"right":186,"top":83},"Classname":"android.widget.TextView","Packagename":"com.douban.frodo","Text":"爱情片"},{"Bounds":{"bottom":131,"left":206,"right":352,"top":83},"Classname":"android.widget.TextView","Packagename":"com.douban.frodo","Text":"文艺片"},{"Bounds":{"bottom":131,"left":372,"right":492,"top":83},"Classname":"android.widget.TextView","Packagename":"com.douban.frodo","Text":"人性"},{"Bounds":{"bottom":131,"left":512,"right":632,"top":83},"Classname":"android.widget.TextView","Packagename":"com.douban.frodo","Text":"人生"},{"Bounds":{"bottom":209,"left":40,"right":96,"top":131},"Classname":"android.widget.ImageView","Packagename":"com.douban.frodo","Text":""},{"Bounds":{"bottom":305,"left":0,"right":132,"top":269},"Classname":"android.widget.TextView","Packagename":"com.douban.frodo","Text":"简介"},{"Bounds":{"bottom":836,"left":40,"right":680,"top":325},"Classname":"android.widget.TextView","Packagename":"com.douban.frodo","Text":"段小楼（张丰毅）与程蝶衣（张国荣）是一对打小一起长大的师兄弟，两人一个演生，一个饰旦，一向配合天衣无缝，尤其一出《霸王别姬》，更是誉满京城，为此，两人约定合演一辈子《霸王别姬》。但两人对戏剧与人生关系的理解有本质不同，段小楼深知戏非人生，程蝶衣则是人戏不分。\n段小楼在认为该成家立业之时迎娶了名妓菊仙（巩俐），致使程蝶衣认定菊仙是可耻的第三者，使段小楼做了叛徒，自此，三人围绕一出《霸王别姬》生出的爱恨情仇战开始随着时代风云的变迁不断升级，终酿成悲剧。©豆瓣"},{"Bounds":{"bottom":970,"left":0,"right":720,"top":906},"Classname":"android.widget.TextView","Packagename":"com.douban.frodo","Text":"影人"},{"Bounds":{"bottom":1243,"left":40,"right":200,"top":1194},"Classname":"android.widget.TextView","Packagename":"com.douban.frodo","Text":"陈凯歌"},{"Bounds":{"bottom":1280,"left":40,"right":200,"top":1243},"Classname":"android.widget.TextView","Packagename":"com.douban.frodo","Text":"导演"},{"Bounds":{"bottom":1243,"left":224,"right":384,"top":1194},"Classname":"android.widget.TextView","Packagename":"com.douban.frodo","Text":"张国荣"},{"Bounds":{"bottom":1280,"left":224,"right":384,"top":1243},"Classname":"android.widget.TextView","Packagename":"com.douban.frodo","Text":"饰: 程蝶衣(小豆子)"},{"Bounds":{"bottom":1243,"left":408,"right":568,"top":1194},"Classname":"android.widget.TextView","Packagename":"com.douban.frodo","Text":"张丰毅"},{"Bounds":{"bottom":1280,"left":408,"right":568,"top":1243},"Classname":"android.widget.TextView","Packagename":"com.douban.frodo","Text":"饰: 段小楼(小石头)"},{"Bounds":{"bottom":1243,"left":592,"right":720,"top":1194},"Classname":"android.widget.TextView","Packagename":"com.douban.frodo","Text":"巩俐"},{"Bounds":{"bottom":1280,"left":592,"right":720,"top":1243},"Classname":"android.widget.TextView","Packagename":"com.douban.frodo","Text":"饰: 菊仙"},{"Bounds":{"bottom":144,"left":0,"right":112,"top":48},"Classname":"android.widget.ImageButton","Packagename":"com.douban.frodo","Text":""},{"Bounds":{"bottom":119,"left":144,"right":152,"top":73},"Classname":"android.widget.TextView","Packagename":"com.douban.frodo","Text":" "},{"Bounds":{"bottom":119,"left":292,"right":428,"top":73},"Classname":"android.widget.TextView","Packagename":"com.douban.frodo","Text":"霸王别姬"},{"Bounds":{"bottom":144,"left":624,"right":720,"top":48},"Classname":"android.widget.TextView","Packagename":"com.douban.frodo","Text":""},{"Bounds":{"bottom":640,"left":360,"right":360,"top":640},"Classname":"android.widget.FrameLayout","Packagename":"com.douban.frodo","Text":""}],"packagename":"com.example.a10628.myapplication","width":1080}