{"events":[{"eventname":"TYPE_VIEW_SCROLLED","source":{"Bounds":{"bottom":1280,"left":0,"right":720,"top":1028},"Classname":"android.support.v7.widget.RecyclerView","Packagename":"com.justwayward.readerer","Text":""}}],"height":1920,"hovertime":4427,"nodes":[{"Bounds":{"bottom":160,"left":0,"right":112,"top":48},"Classname":"android.widget.ImageButton","Packagename":"com.justwayward.readerer","Text":""},{"Bounds":{"bottom":131,"left":120,"right":280,"top":77},"Classname":"android.widget.TextView","Packagename":"com.justwayward.readerer","Text":"书籍详情"},{"Bounds":{"bottom":233,"left":160,"right":504,"top":190},"Classname":"android.widget.TextView","Packagename":"com.justwayward.readerer","Text":"王者峡谷：错撩了个大神"},{"Bounds":{"bottom":289,"left":160,"right":238,"top":253},"Classname":"android.widget.TextView","Packagename":"com.justwayward.readerer","Text":"江安乔"},{"Bounds":{"bottom":289,"left":238,"right":378,"top":253},"Classname":"android.widget.TextView","Packagename":"com.justwayward.readerer","Text":" | 游戏竞技 | "},{"Bounds":{"bottom":289,"left":378,"right":460,"top":253},"Classname":"android.widget.TextView","Packagename":"com.justwayward.readerer","Text":"17万字"},{"Bounds":{"bottom":345,"left":160,"right":253,"top":309},"Classname":"android.widget.TextView","Packagename":"com.justwayward.readerer","Text":"8小时前"},{"Bounds":{"bottom":438,"left":30,"right":350,"top":360},"Classname":"android.widget.TextView","Packagename":"com.justwayward.readerer","Text":"追更新"},{"Bounds":{"bottom":438,"left":370,"right":690,"top":360},"Classname":"android.widget.TextView","Packagename":"com.justwayward.readerer","Text":"开始阅读"},{"Bounds":{"bottom":525,"left":68,"right":172,"top":489},"Classname":"android.widget.TextView","Packagename":"com.justwayward.readerer","Text":"追书人数"},{"Bounds":{"bottom":576,"left":94,"right":145,"top":535},"Classname":"android.widget.TextView","Packagename":"com.justwayward.readerer","Text":"248"},{"Bounds":{"bottom":525,"left":295,"right":425,"top":489},"Classname":"android.widget.TextView","Packagename":"com.justwayward.readerer","Text":"读者留存率"},{"Bounds":{"bottom":576,"left":340,"right":379,"top":535},"Classname":"android.widget.TextView","Packagename":"com.justwayward.readerer","Text":"0%"},{"Bounds":{"bottom":525,"left":535,"right":665,"top":489},"Classname":"android.widget.TextView","Packagename":"com.justwayward.readerer","Text":"日更新字数"},{"Bounds":{"bottom":576,"left":566,"right":634,"top":535},"Classname":"android.widget.TextView","Packagename":"com.justwayward.readerer","Text":"3817"},{"Bounds":{"bottom":679,"left":30,"right":190,"top":617},"Classname":"android.widget.TextView","Packagename":"com.justwayward.readerer","Text":"电子竞技"},{"Bounds":{"bottom":907,"left":0,"right":720,"top":701},"Classname":"android.widget.TextView","Packagename":"com.justwayward.readerer","Text":"【2018王者荣耀文学大赛 · 征文参赛作品】天才打野少女荀倾城在游戏中撩妹无数，从未翻车。可是谁能来告诉她！为什么这个她无意中撩到的小姐姐摇身一变，变成了一个男人？还是个微博粉丝上千万的男人？！这个男人，人前冷漠无情，却在她面前整天嘤嘤嘤！说好的霸道冷酷总裁人设呢？咱们崩了啊崩了啊！这个小奶狗是什么鬼啊！怎么把一个男神级别的人物掰回正道，在线等，挺急的！"},{"Bounds":{"bottom":1028,"left":0,"right":180,"top":927},"Classname":"android.widget.TextView","Packagename":"com.justwayward.readerer","Text":"热门书评"},{"Bounds":{"bottom":1028,"left":180,"right":720,"top":927},"Classname":"android.widget.TextView","Packagename":"com.justwayward.readerer","Text":"更多"},{"Bounds":{"bottom":1084,"left":150,"right":228,"top":1048},"Classname":"android.widget.TextView","Packagename":"com.justwayward.readerer","Text":"子非丶"},{"Bounds":{"bottom":1084,"left":228,"right":274,"top":1048},"Classname":"android.widget.TextView","Packagename":"com.justwayward.readerer","Text":" lv.8"},{"Bounds":{"bottom":1132,"left":150,"right":255,"top":1094},"Classname":"android.widget.TextView","Packagename":"com.justwayward.readerer","Text":"超级棒！"},{"Bounds":{"bottom":1172,"left":150,"right":180,"top":1142},"Classname":"android.widget.CheckBox","Packagename":"com.justwayward.readerer","Text":""},{"Bounds":{"bottom":1172,"left":184,"right":214,"top":1142},"Classname":"android.widget.CheckBox","Packagename":"com.justwayward.readerer","Text":""},{"Bounds":{"bottom":1172,"left":218,"right":248,"top":1142},"Classname":"android.widget.CheckBox","Packagename":"com.justwayward.readerer","Text":""},{"Bounds":{"bottom":1172,"left":252,"right":282,"top":1142},"Classname":"android.widget.CheckBox","Packagename":"com.justwayward.readerer","Text":""},{"Bounds":{"bottom":1172,"left":286,"right":316,"top":1142},"Classname":"android.widget.CheckBox","Packagename":"com.justwayward.readerer","Text":""},{"Bounds":{"bottom":1248,"left":150,"right":700,"top":1182},"Classname":"android.widget.TextView","Packagename":"com.justwayward.readerer","Text":"umm王者类型的书看了不少，因为活动的原因。求更新~人设超喜欢！傲娇男主！！！作者大大加油 ヽ(°∀°)ﾉ女主打野强势是我想看很久的！无奈找不到 ⁽⁽ ◟(눈_눈)◞ ⁾⁾坐等更新"},{"Bounds":{"bottom":1280,"left":150,"right":199,"top":1258},"Classname":"android.widget.TextView","Packagename":"com.justwayward.readerer","Text":"4"},{"Bounds":{"bottom":1280,"left":150,"right":184,"top":1334},"Classname":"android.widget.TextView","Packagename":"com.justwayward.readerer","Text":"……"},{"Bounds":{"bottom":1280,"left":184,"right":230,"top":1334},"Classname":"android.widget.TextView","Packagename":"com.justwayward.readerer","Text":" lv.3"},{"Bounds":{"bottom":1280,"left":150,"right":535,"top":1380},"Classname":"android.widget.TextView","Packagename":"com.justwayward.readerer","Text":"第一次发，因为很喜欢这本小说"},{"Bounds":{"bottom":1280,"left":150,"right":180,"top":1428},"Classname":"android.widget.CheckBox","Packagename":"com.justwayward.readerer","Text":""},{"Bounds":{"bottom":1280,"left":184,"right":214,"top":1428},"Classname":"android.widget.CheckBox","Packagename":"com.justwayward.readerer","Text":""},{"Bounds":{"bottom":1280,"left":218,"right":248,"top":1428},"Classname":"android.widget.CheckBox","Packagename":"com.justwayward.readerer","Text":""},{"Bounds":{"bottom":1280,"left":252,"right":282,"top":1428},"Classname":"android.widget.CheckBox","Packagename":"com.justwayward.readerer","Text":""},{"Bounds":{"bottom":1280,"left":286,"right":316,"top":1428},"Classname":"android.widget.CheckBox","Packagename":"com.justwayward.readerer","Text":""},{"Bounds":{"bottom":1280,"left":150,"right":700,"top":1468},"Classname":"android.widget.TextView","Packagename":"com.justwayward.readerer","Text":"小说很好看，王者的内容也很多，现实游戏衔接的也很好，反正我就是喜欢这部小说，可惜内容少希望作者大大发得再多点，王者类小说不多，好看的也不多，但我真心觉得这本不错"},{"Bounds":{"bottom":1280,"left":150,"right":199,"top":1544},"Classname":"android.widget.TextView","Packagename":"com.justwayward.readerer","Text":"1"},{"Bounds":{"bottom":1280,"left":30,"right":443,"top":1650},"Classname":"android.widget.TextView","Packagename":"com.justwayward.readerer","Text":"王者峡谷：错撩了个大神的社区"},{"Bounds":{"bottom":1280,"left":30,"right":175,"top":1701},"Classname":"android.widget.TextView","Packagename":"com.justwayward.readerer","Text":"共有1个帖子"},{"Bounds":{"bottom":1280,"left":0,"right":180,"top":1787},"Classname":"android.widget.TextView","Packagename":"com.justwayward.readerer","Text":"推荐书单"},{"Bounds":{"bottom":1280,"left":130,"right":442,"top":1908},"Classname":"android.widget.TextView","Packagename":"com.justwayward.readerer","Text":"自己看的，不要点进来"},{"Bounds":{"bottom":1280,"left":130,"right":202,"top":1971},"Classname":"android.widget.TextView","Packagename":"com.justwayward.readerer","Text":"梓晨、"},{"Bounds":{"bottom":1280,"left":130,"right":234,"top":2027},"Classname":"android.widget.TextView","Packagename":"com.justwayward.readerer","Text":"不喜勿喷"},{"Bounds":{"bottom":1280,"left":130,"right":271,"top":2083},"Classname":"android.widget.TextView","Packagename":"com.justwayward.readerer","Text":"共276本书 | "},{"Bounds":{"bottom":1280,"left":271,"right":364,"top":2083},"Classname":"android.widget.TextView","Packagename":"com.justwayward.readerer","Text":"2人收藏"}],"packagename":"com.example.a10628.myapplication","width":1080}