{"events":[{"eventname":"TYPE_VIEW_SCROLLED","source":{"Bounds":{"bottom":1280,"left":0,"right":720,"top":160},"Classname":"android.widget.ListView","Packagename":"com.zhihu.daily.android","Text":""}},{"eventname":"TYPE_VIEW_SCROLLED","source":{"Bounds":{"bottom":1280,"left":0,"right":720,"top":160},"Classname":"android.widget.ListView","Packagename":"com.zhihu.daily.android","Text":""}},{"eventname":"TYPE_VIEW_SCROLLED","source":{"Bounds":{"bottom":1280,"left":0,"right":720,"top":160},"Classname":"android.widget.ListView","Packagename":"com.zhihu.daily.android","Text":""}}],"height":1920,"hovertime":4215,"nodes":[{"Bounds":{"bottom":160,"left":0,"right":112,"top":48},"Classname":"android.widget.ImageButton","Packagename":"com.zhihu.daily.android","Text":""},{"Bounds":{"bottom":128,"left":144,"right":360,"top":79},"Classname":"android.widget.TextView","Packagename":"com.zhihu.daily.android","Text":"用户推荐日报"},{"Bounds":{"bottom":152,"left":618,"right":720,"top":56},"Classname":"android.widget.TextView","Packagename":"com.zhihu.daily.android","Text":""},{"Bounds":{"bottom":228,"left":48,"right":672,"top":160},"Classname":"android.widget.TextView","Packagename":"com.zhihu.daily.android","Text":"你曾被哪个戏剧场景瞬间击中？"},{"Bounds":{"bottom":388,"left":48,"right":492,"top":297},"Classname":"android.widget.TextView","Packagename":"com.zhihu.daily.android","Text":"奔驰 AMG 车型车系代号后的数字是什么意思？"},{"Bounds":{"bottom":600,"left":48,"right":672,"top":509},"Classname":"android.widget.TextView","Packagename":"com.zhihu.daily.android","Text":"自动挡的 S 档和 D 档有什么区别？"},{"Bounds":{"bottom":760,"left":48,"right":672,"top":669},"Classname":"android.widget.TextView","Packagename":"com.zhihu.daily.android","Text":"为什么对孟京辉的评价，褒贬的两极分化体现得十分明显？"},{"Bounds":{"bottom":920,"left":48,"right":672,"top":829},"Classname":"android.widget.TextView","Packagename":"com.zhihu.daily.android","Text":"剧团经理在巡演中应该如何统筹各路人员？"},{"Bounds":{"bottom":1080,"left":48,"right":672,"top":989},"Classname":"android.widget.TextView","Packagename":"com.zhihu.daily.android","Text":"西班牙有哪5个地方最值得去？"},{"Bounds":{"bottom":1240,"left":48,"right":672,"top":1149},"Classname":"android.widget.TextView","Packagename":"com.zhihu.daily.android","Text":"初级画水彩要用比较好的纸吗？"},{"Bounds":{"bottom":1280,"left":48,"right":672,"top":1309},"Classname":"android.widget.TextView","Packagename":"com.zhihu.daily.android","Text":"较落后的非洲国家的生活是怎样的？（多图）"},{"Bounds":{"bottom":110,"left":32,"right":688,"top":160},"Classname":"android.widget.TextView","Packagename":"com.zhihu.daily.android","Text":"内容由知乎用户推荐，海纳主题百万，趣味上天入地"},{"Bounds":{"bottom":144,"left":688,"right":688,"top":160},"Classname":"android.widget.TextView","Packagename":"com.zhihu.daily.android","Text":""}],"packagename":"com.example.a10628.myapplication","width":1080}