{"events":[{"eventname":"TYPE_VIEW_SCROLLED","source":{"Bounds":{"bottom":1280,"left":0,"right":720,"top":0},"Classname":"android.support.v7.widget.RecyclerView","Packagename":"com.douban.frodo","Text":""}}],"height":1920,"hovertime":4126,"nodes":[{"Bounds":{"bottom":0,"left":273,"right":447,"top":0},"Classname":"android.widget.TextView","Packagename":"com.douban.frodo","Text":"下拉有惊喜"},{"Bounds":{"bottom":-126,"left":28,"right":132,"top":0},"Classname":"android.widget.TextView","Packagename":"com.douban.frodo","Text":"获奖记录"},{"Bounds":{"bottom":-126,"left":651,"right":692,"top":0},"Classname":"android.widget.TextView","Packagename":"com.douban.frodo","Text":"6"},{"Bounds":{"bottom":-65,"left":28,"right":302,"top":0},"Classname":"android.widget.TextView","Packagename":"com.douban.frodo","Text":"第66届奥斯卡金像奖"},{"Bounds":{"bottom":-29,"left":28,"right":692,"top":0},"Classname":"android.widget.TextView","Packagename":"com.douban.frodo","Text":"最佳外语片（提名）"},{"Bounds":{"bottom":31,"left":28,"right":272,"top":0},"Classname":"android.widget.TextView","Packagename":"com.douban.frodo","Text":"第46届戛纳电影节"},{"Bounds":{"bottom":67,"left":28,"right":692,"top":31},"Classname":"android.widget.TextView","Packagename":"com.douban.frodo","Text":"主竞赛单元 金棕榈奖 陈凯歌"},{"Bounds":{"bottom":67,"left":0,"right":720,"top":67},"Classname":"android.widget.LinearLayout","Packagename":"com.douban.frodo","Text":""},{"Bounds":{"bottom":207,"left":0,"right":720,"top":115},"Classname":"android.widget.TextView","Packagename":"com.douban.frodo","Text":"相关推荐"},{"Bounds":{"bottom":248,"left":40,"right":206,"top":207},"Classname":"android.widget.TextView","Packagename":"com.douban.frodo","Text":"原著小说"},{"Bounds":{"bottom":344,"left":210,"right":422,"top":298},"Classname":"android.widget.TextView","Packagename":"com.douban.frodo","Text":"霸王别姬 青蛇"},{"Bounds":{"bottom":379,"left":210,"right":330,"top":355},"Classname":"android.widget.RatingBar","Packagename":"com.douban.frodo","Text":""},{"Bounds":{"bottom":382,"left":338,"right":368,"top":352},"Classname":"android.widget.TextView","Packagename":"com.douban.frodo","Text":"8.9"},{"Bounds":{"bottom":426,"left":210,"right":650,"top":390},"Classname":"android.widget.TextView","Packagename":"com.douban.frodo","Text":"李碧华 / 2001 / 花城出版社"},{"Bounds":{"bottom":626,"left":150,"right":210,"top":585},"Classname":"android.widget.TextView","Packagename":"com.douban.frodo","Text":"评论"},{"Bounds":{"bottom":626,"left":495,"right":585,"top":585},"Classname":"android.widget.TextView","Packagename":"com.douban.frodo","Text":"讨论区"},{"Bounds":{"bottom":762,"left":0,"right":100,"top":716},"Classname":"android.widget.TextView","Packagename":"com.douban.frodo","Text":"短评"},{"Bounds":{"bottom":764,"left":576,"right":680,"top":716},"Classname":"android.widget.TextView","Packagename":"com.douban.frodo","Text":"写短评"},{"Bounds":{"bottom":864,"left":32,"right":92,"top":804},"Classname":"android.widget.ImageView","Packagename":"com.douban.frodo","Text":""},{"Bounds":{"bottom":848,"left":112,"right":172,"top":807},"Classname":"android.widget.TextView","Packagename":"com.douban.frodo","Text":"无声"},{"Bounds":{"bottom":840,"left":182,"right":302,"top":816},"Classname":"android.widget.RatingBar","Packagename":"com.douban.frodo","Text":""},{"Bounds":{"bottom":847,"left":312,"right":312,"top":809},"Classname":"android.widget.TextView","Packagename":"com.douban.frodo","Text":""},{"Bounds":{"bottom":852,"left":561,"right":680,"top":804},"Classname":"android.view.View","Packagename":"com.douban.frodo","Text":""},{"Bounds":{"bottom":936,"left":112,"right":680,"top":856},"Classname":"android.widget.TextView","Packagename":"com.douban.frodo","Text":"如果拍完这部电影就死去，陈凯歌就不朽了！！可惜他后来又拍了不少电影。。。"},{"Bounds":{"bottom":980,"left":112,"right":295,"top":944},"Classname":"android.widget.TextView","Packagename":"com.douban.frodo","Text":"2011年5月15日"},{"Bounds":{"bottom":1080,"left":32,"right":92,"top":1020},"Classname":"android.widget.ImageView","Packagename":"com.douban.frodo","Text":""},{"Bounds":{"bottom":1064,"left":112,"right":212,"top":1023},"Classname":"android.widget.TextView","Packagename":"com.douban.frodo","Text":"phoebe"},{"Bounds":{"bottom":1056,"left":222,"right":342,"top":1032},"Classname":"android.widget.RatingBar","Packagename":"com.douban.frodo","Text":""},{"Bounds":{"bottom":1063,"left":352,"right":352,"top":1025},"Classname":"android.widget.TextView","Packagename":"com.douban.frodo","Text":""},{"Bounds":{"bottom":1068,"left":561,"right":680,"top":1020},"Classname":"android.view.View","Packagename":"com.douban.frodo","Text":""},{"Bounds":{"bottom":1152,"left":112,"right":680,"top":1072},"Classname":"android.widget.TextView","Packagename":"com.douban.frodo","Text":"陈凯歌可以靠它吃两辈子饭了，现在看来江郎才尽也情有可原"},{"Bounds":{"bottom":1196,"left":112,"right":310,"top":1160},"Classname":"android.widget.TextView","Packagename":"com.douban.frodo","Text":"2007年11月21日"},{"Bounds":{"bottom":1280,"left":32,"right":92,"top":1236},"Classname":"android.widget.ImageView","Packagename":"com.douban.frodo","Text":""},{"Bounds":{"bottom":1280,"left":112,"right":262,"top":1239},"Classname":"android.widget.TextView","Packagename":"com.douban.frodo","Text":"老鸡｜扶立"},{"Bounds":{"bottom":1272,"left":272,"right":392,"top":1248},"Classname":"android.widget.RatingBar","Packagename":"com.douban.frodo","Text":""},{"Bounds":{"bottom":1279,"left":402,"right":402,"top":1241},"Classname":"android.widget.TextView","Packagename":"com.douban.frodo","Text":""},{"Bounds":{"bottom":1280,"left":561,"right":680,"top":1236},"Classname":"android.view.View","Packagename":"com.douban.frodo","Text":""},{"Bounds":{"bottom":1280,"left":112,"right":680,"top":1288},"Classname":"android.widget.TextView","Packagename":"com.douban.frodo","Text":"在野路子出身的张国荣面前，学院出身的张丰毅显得那么单薄"},{"Bounds":{"bottom":1280,"left":112,"right":295,"top":1376},"Classname":"android.widget.TextView","Packagename":"com.douban.frodo","Text":"2008年1月10日"},{"Bounds":{"bottom":1280,"left":32,"right":92,"top":1452},"Classname":"android.widget.ImageView","Packagename":"com.douban.frodo","Text":""},{"Bounds":{"bottom":1280,"left":112,"right":202,"top":1455},"Classname":"android.widget.TextView","Packagename":"com.douban.frodo","Text":"曲非烟"},{"Bounds":{"bottom":1280,"left":212,"right":332,"top":1464},"Classname":"android.widget.RatingBar","Packagename":"com.douban.frodo","Text":""},{"Bounds":{"bottom":1280,"left":342,"right":342,"top":1457},"Classname":"android.widget.TextView","Packagename":"com.douban.frodo","Text":""},{"Bounds":{"bottom":1280,"left":561,"right":680,"top":1452},"Classname":"android.view.View","Packagename":"com.douban.frodo","Text":""},{"Bounds":{"bottom":1280,"left":112,"right":680,"top":1504},"Classname":"android.widget.TextView","Packagename":"com.douban.frodo","Text":"说好了一辈子，少一年、一天、一个时辰，都不是一辈子。"},{"Bounds":{"bottom":1280,"left":112,"right":295,"top":1592},"Classname":"android.widget.TextView","Packagename":"com.douban.frodo","Text":"2006年3月17日"},{"Bounds":{"bottom":1280,"left":32,"right":92,"top":1668},"Classname":"android.widget.ImageView","Packagename":"com.douban.frodo","Text":""},{"Bounds":{"bottom":1280,"left":112,"right":172,"top":1671},"Classname":"android.widget.TextView","Packagename":"com.douban.frodo","Text":"沉歌"},{"Bounds":{"bottom":1280,"left":182,"right":302,"top":1680},"Classname":"android.widget.RatingBar","Packagename":"com.douban.frodo","Text":""},{"Bounds":{"bottom":1280,"left":312,"right":312,"top":1673},"Classname":"android.widget.TextView","Packagename":"com.douban.frodo","Text":""},{"Bounds":{"bottom":1280,"left":561,"right":680,"top":1668},"Classname":"android.view.View","Packagename":"com.douban.frodo","Text":""},{"Bounds":{"bottom":1280,"left":112,"right":680,"top":1720},"Classname":"android.widget.TextView","Packagename":"com.douban.frodo","Text":"他竟当面一语点破：虞姬是真虞姬，霸王是假霸王。"},{"Bounds":{"bottom":1280,"left":112,"right":310,"top":1808},"Classname":"android.widget.TextView","Packagename":"com.douban.frodo","Text":"2007年10月14日"},{"Bounds":{"bottom":1280,"left":0,"right":720,"top":1864},"Classname":"android.widget.TextView","Packagename":"com.douban.frodo","Text":"全部短评174880个"},{"Bounds":{"bottom":144,"left":0,"right":112,"top":48},"Classname":"android.widget.ImageButton","Packagename":"com.douban.frodo","Text":""},{"Bounds":{"bottom":119,"left":144,"right":152,"top":73},"Classname":"android.widget.TextView","Packagename":"com.douban.frodo","Text":" "},{"Bounds":{"bottom":119,"left":292,"right":428,"top":73},"Classname":"android.widget.TextView","Packagename":"com.douban.frodo","Text":"霸王别姬"},{"Bounds":{"bottom":144,"left":624,"right":720,"top":48},"Classname":"android.widget.TextView","Packagename":"com.douban.frodo","Text":""},{"Bounds":{"bottom":640,"left":360,"right":360,"top":640},"Classname":"android.widget.FrameLayout","Packagename":"com.douban.frodo","Text":""}],"packagename":"com.example.a10628.myapplication","width":1080}