{"events":[{"eventname":"TYPE_VIEW_SCROLLED","source":{"Bounds":{"bottom":1280,"left":0,"right":720,"top":160},"Classname":"android.widget.ListView","Packagename":"com.zhihu.daily.android","Text":""}},{"eventname":"TYPE_VIEW_SCROLLED","source":{"Bounds":{"bottom":1280,"left":0,"right":720,"top":160},"Classname":"android.widget.ListView","Packagename":"com.zhihu.daily.android","Text":""}},{"eventname":"TYPE_VIEW_SCROLLED","source":{"Bounds":{"bottom":1280,"left":0,"right":720,"top":160},"Classname":"android.widget.ListView","Packagename":"com.zhihu.daily.android","Text":""}},{"eventname":"TYPE_VIEW_SCROLLED","source":{"Bounds":{"bottom":1280,"left":0,"right":720,"top":160},"Classname":"android.widget.ListView","Packagename":"com.zhihu.daily.android","Text":""}}],"height":1920,"hovertime":1541,"nodes":[{"Bounds":{"bottom":160,"left":0,"right":112,"top":48},"Classname":"android.widget.ImageButton","Packagename":"com.zhihu.daily.android","Text":""},{"Bounds":{"bottom":128,"left":144,"right":324,"top":79},"Classname":"android.widget.TextView","Packagename":"com.zhihu.daily.android","Text":"日常心理学"},{"Bounds":{"bottom":152,"left":618,"right":720,"top":56},"Classname":"android.widget.TextView","Packagename":"com.zhihu.daily.android","Text":""},{"Bounds":{"bottom":177,"left":48,"right":672,"top":160},"Classname":"android.widget.TextView","Packagename":"com.zhihu.daily.android","Text":"心理咨询的时间为什么要控制在一小时左右？"},{"Bounds":{"bottom":337,"left":48,"right":672,"top":246},"Classname":"android.widget.TextView","Packagename":"com.zhihu.daily.android","Text":"我们应该如何正确对待特殊儿童？"},{"Bounds":{"bottom":497,"left":48,"right":672,"top":406},"Classname":"android.widget.TextView","Packagename":"com.zhihu.daily.android","Text":"家庭原因造就的童年心理创伤有可能被修复吗？"},{"Bounds":{"bottom":657,"left":48,"right":672,"top":566},"Classname":"android.widget.TextView","Packagename":"com.zhihu.daily.android","Text":"家庭原因造就的童年心理创伤有可能被修复吗？"},{"Bounds":{"bottom":817,"left":48,"right":672,"top":726},"Classname":"android.widget.TextView","Packagename":"com.zhihu.daily.android","Text":"幼儿教育通过虚拟的金钱来奖励是否合适？"},{"Bounds":{"bottom":977,"left":48,"right":672,"top":886},"Classname":"android.widget.TextView","Packagename":"com.zhihu.daily.android","Text":"对恐怖谷现象的一种解释"},{"Bounds":{"bottom":1179,"left":48,"right":672,"top":1046},"Classname":"android.widget.TextView","Packagename":"com.zhihu.daily.android","Text":"为什么刚出生不久时我们可以根据听到的语言来学习母语，长大后却丧失了这种技能？"},{"Bounds":{"bottom":1280,"left":48,"right":492,"top":1247},"Classname":"android.widget.TextView","Packagename":"com.zhihu.daily.android","Text":"如何长时间高效学习？"},{"Bounds":{"bottom":110,"left":32,"right":688,"top":160},"Classname":"android.widget.TextView","Packagename":"com.zhihu.daily.android","Text":"了解自己和别人，了解彼此的欲望和局限。"},{"Bounds":{"bottom":144,"left":688,"right":688,"top":160},"Classname":"android.widget.TextView","Packagename":"com.zhihu.daily.android","Text":""}],"packagename":"com.example.a10628.myapplication","width":1080}