{"events":[{"eventname":"TYPE_VIEW_SCROLLED","source":{"Bounds":{"bottom":1280,"left":0,"right":720,"top":241},"Classname":"android.support.v7.widget.RecyclerView","Packagename":"com.justwayward.readerer","Text":""}},{"eventname":"TYPE_VIEW_CLICKED","source":{"Bounds":{"bottom":1225,"left":0,"right":720,"top":1051},"Classname":"android.widget.RelativeLayout","Packagename":"com.justwayward.readerer","Text":""}},{"eventname":"TYPE_WINDOW_STATE_CHANGED","source":{"Bounds":{"bottom":1280,"left":0,"right":720,"top":0},"Classname":"android.widget.FrameLayout","Packagename":"com.justwayward.readerer","Text":""}},{"eventname":"TYPE_VIEW_FOCUSED","source":{"Bounds":{"bottom":1280,"left":0,"right":720,"top":160},"Classname":"android.support.v7.widget.RecyclerView","Packagename":"com.justwayward.readerer","Text":""}}],"height":1920,"hovertime":4341,"nodes":[{"Bounds":{"bottom":160,"left":0,"right":112,"top":48},"Classname":"android.widget.ImageButton","Packagename":"com.justwayward.readerer","Text":""},{"Bounds":{"bottom":131,"left":120,"right":320,"top":77},"Classname":"android.widget.TextView","Packagename":"com.justwayward.readerer","Text":"综合讨论区"},{"Bounds":{"bottom":221,"left":134,"right":194,"top":180},"Classname":"android.widget.TextView","Packagename":"com.justwayward.readerer","Text":"全部"},{"Bounds":{"bottom":221,"left":464,"right":584,"top":180},"Classname":"android.widget.TextView","Packagename":"com.justwayward.readerer","Text":"默认排序"},{"Bounds":{"bottom":199,"left":150,"right":234,"top":241},"Classname":"android.widget.TextView","Packagename":"com.justwayward.readerer","Text":"青🎐缘"},{"Bounds":{"bottom":199,"left":234,"right":280,"top":241},"Classname":"android.widget.TextView","Packagename":"com.justwayward.readerer","Text":" lv.9"},{"Bounds":{"bottom":199,"left":648,"right":700,"top":241},"Classname":"android.widget.TextView","Packagename":"com.justwayward.readerer","Text":"昨天"},{"Bounds":{"bottom":280,"left":150,"right":700,"top":241},"Classname":"android.widget.TextView","Packagename":"com.justwayward.readerer","Text":"锦句 | 心若没有栖息的地方，到哪里都是在流浪。"},{"Bounds":{"bottom":330,"left":150,"right":220,"top":290},"Classname":"android.widget.TextView","Packagename":"com.justwayward.readerer","Text":"15"},{"Bounds":{"bottom":330,"left":240,"right":298,"top":290},"Classname":"android.widget.TextView","Packagename":"com.justwayward.readerer","Text":"7"},{"Bounds":{"bottom":407,"left":150,"right":384,"top":371},"Classname":"android.widget.TextView","Packagename":"com.justwayward.readerer","Text":"︶￣发发我的小脾气"},{"Bounds":{"bottom":407,"left":384,"right":430,"top":371},"Classname":"android.widget.TextView","Packagename":"com.justwayward.readerer","Text":" lv.9"},{"Bounds":{"bottom":407,"left":648,"right":700,"top":371},"Classname":"android.widget.TextView","Packagename":"com.justwayward.readerer","Text":"昨天"},{"Bounds":{"bottom":455,"left":150,"right":689,"top":417},"Classname":"android.widget.TextView","Packagename":"com.justwayward.readerer","Text":"【推书】母亲是一本你读不完，也读不懂的书"},{"Bounds":{"bottom":505,"left":150,"right":220,"top":465},"Classname":"android.widget.TextView","Packagename":"com.justwayward.readerer","Text":"27"},{"Bounds":{"bottom":505,"left":240,"right":313,"top":465},"Classname":"android.widget.TextView","Packagename":"com.justwayward.readerer","Text":"22"},{"Bounds":{"bottom":582,"left":150,"right":176,"top":546},"Classname":"android.widget.TextView","Packagename":"com.justwayward.readerer","Text":"珊"},{"Bounds":{"bottom":582,"left":176,"right":237,"top":546},"Classname":"android.widget.TextView","Packagename":"com.justwayward.readerer","Text":" lv.10"},{"Bounds":{"bottom":582,"left":648,"right":700,"top":546},"Classname":"android.widget.TextView","Packagename":"com.justwayward.readerer","Text":"昨天"},{"Bounds":{"bottom":630,"left":150,"right":659,"top":592},"Classname":"android.widget.TextView","Packagename":"com.justwayward.readerer","Text":"#树洞# 脑洞“炎炎夏日背心发凉之不敢说”"},{"Bounds":{"bottom":680,"left":150,"right":220,"top":640},"Classname":"android.widget.TextView","Packagename":"com.justwayward.readerer","Text":"34"},{"Bounds":{"bottom":680,"left":240,"right":313,"top":640},"Classname":"android.widget.TextView","Packagename":"com.justwayward.readerer","Text":"37"},{"Bounds":{"bottom":757,"left":150,"right":202,"top":721},"Classname":"android.widget.TextView","Packagename":"com.justwayward.readerer","Text":"修魔"},{"Bounds":{"bottom":757,"left":202,"right":248,"top":721},"Classname":"android.widget.TextView","Packagename":"com.justwayward.readerer","Text":" lv.9"},{"Bounds":{"bottom":757,"left":592,"right":700,"top":721},"Classname":"android.widget.TextView","Packagename":"com.justwayward.readerer","Text":"22小时前"},{"Bounds":{"bottom":805,"left":150,"right":306,"top":767},"Classname":"android.widget.TextView","Packagename":"com.justwayward.readerer","Text":"＃7日挑战＃"},{"Bounds":{"bottom":855,"left":150,"right":220,"top":815},"Classname":"android.widget.TextView","Packagename":"com.justwayward.readerer","Text":"23"},{"Bounds":{"bottom":855,"left":240,"right":313,"top":815},"Classname":"android.widget.TextView","Packagename":"com.justwayward.readerer","Text":"12"},{"Bounds":{"bottom":932,"left":150,"right":228,"top":896},"Classname":"android.widget.TextView","Packagename":"com.justwayward.readerer","Text":"六斤鑫"},{"Bounds":{"bottom":932,"left":228,"right":274,"top":896},"Classname":"android.widget.TextView","Packagename":"com.justwayward.readerer","Text":" lv.8"},{"Bounds":{"bottom":932,"left":592,"right":700,"top":896},"Classname":"android.widget.TextView","Packagename":"com.justwayward.readerer","Text":"22小时前"},{"Bounds":{"bottom":980,"left":150,"right":520,"top":942},"Classname":"android.widget.TextView","Packagename":"com.justwayward.readerer","Text":"#树洞#胡乱写些不想说的话吧"},{"Bounds":{"bottom":1030,"left":150,"right":205,"top":990},"Classname":"android.widget.TextView","Packagename":"com.justwayward.readerer","Text":"9"},{"Bounds":{"bottom":1030,"left":225,"right":283,"top":990},"Classname":"android.widget.TextView","Packagename":"com.justwayward.readerer","Text":"8"},{"Bounds":{"bottom":1107,"left":150,"right":332,"top":1071},"Classname":"android.widget.TextView","Packagename":"com.justwayward.readerer","Text":"我信了你的邪丶"},{"Bounds":{"bottom":1107,"left":332,"right":393,"top":1071},"Classname":"android.widget.TextView","Packagename":"com.justwayward.readerer","Text":" lv.10"},{"Bounds":{"bottom":1107,"left":592,"right":700,"top":1071},"Classname":"android.widget.TextView","Packagename":"com.justwayward.readerer","Text":"15小时前"},{"Bounds":{"bottom":1155,"left":150,"right":696,"top":1117},"Classname":"android.widget.TextView","Packagename":"com.justwayward.readerer","Text":"我看今日头条看到好多都是关于东莞的😂😂"},{"Bounds":{"bottom":1205,"left":150,"right":205,"top":1165},"Classname":"android.widget.TextView","Packagename":"com.justwayward.readerer","Text":"6"},{"Bounds":{"bottom":1205,"left":225,"right":283,"top":1165},"Classname":"android.widget.TextView","Packagename":"com.justwayward.readerer","Text":"4"},{"Bounds":{"bottom":1280,"left":150,"right":391,"top":1246},"Classname":"android.widget.TextView","Packagename":"com.justwayward.readerer","Text":"因渡劫从lv.9999降至"},{"Bounds":{"bottom":1280,"left":391,"right":437,"top":1246},"Classname":"android.widget.TextView","Packagename":"com.justwayward.readerer","Text":" lv.9"},{"Bounds":{"bottom":1280,"left":592,"right":700,"top":1246},"Classname":"android.widget.TextView","Packagename":"com.justwayward.readerer","Text":"15小时前"},{"Bounds":{"bottom":1280,"left":150,"right":700,"top":1292},"Classname":"android.widget.TextView","Packagename":"com.justwayward.readerer","Text":"话说，追书里面那个神秘功能你们都解开了么，里面是什么东西？"},{"Bounds":{"bottom":1280,"left":150,"right":205,"top":1373},"Classname":"android.widget.TextView","Packagename":"com.justwayward.readerer","Text":"4"},{"Bounds":{"bottom":1280,"left":225,"right":283,"top":1373},"Classname":"android.widget.TextView","Packagename":"com.justwayward.readerer","Text":"2"}],"packagename":"com.example.a10628.myapplication","width":1080}