{"events":[{"eventname":"TYPE_VIEW_CLICKED","source":{"Bounds":{"bottom":610,"left":0,"right":720,"top":160},"Classname":"android.widget.RelativeLayout","Packagename":"com.zhihu.daily.android","Text":""}},{"eventname":"TYPE_WINDOW_STATE_CHANGED","source":{"Bounds":{"bottom":1280,"left":0,"right":720,"top":0},"Classname":"android.widget.FrameLayout","Packagename":"com.zhihu.daily.android","Text":""}}],"height":1920,"hovertime":3738,"nodes":[{"Bounds":{"bottom":160,"left":0,"right":112,"top":48},"Classname":"android.widget.ImageButton","Packagename":"com.zhihu.daily.android","Text":""},{"Bounds":{"bottom":128,"left":144,"right":216,"top":79},"Classname":"android.widget.TextView","Packagename":"com.zhihu.daily.android","Text":"首页"},{"Bounds":{"bottom":152,"left":528,"right":640,"top":56},"Classname":"android.widget.TextView","Packagename":"com.zhihu.daily.android","Text":""},{"Bounds":{"bottom":152,"left":640,"right":720,"top":56},"Classname":"android.widget.ImageView","Packagename":"com.zhihu.daily.android","Text":""},{"Bounds":{"bottom":560,"left":32,"right":688,"top":449},"Classname":"android.widget.TextView","Packagename":"com.zhihu.daily.android","Text":"- 她刚刚在跟我调情吧？\r\n- 醒醒吧你"},{"Bounds":{"bottom":560,"left":752,"right":720,"top":449},"Classname":"android.widget.TextView","Packagename":"com.zhihu.daily.android","Text":"为什么汶川地震之前，龙门山地震带被认为几乎不可能发生大地震？"},{"Bounds":{"bottom":677,"left":32,"right":144,"top":639},"Classname":"android.widget.TextView","Packagename":"com.zhihu.daily.android","Text":"今日热闻"},{"Bounds":{"bottom":829,"left":48,"right":492,"top":738},"Classname":"android.widget.TextView","Packagename":"com.zhihu.daily.android","Text":"小事 · 幸存之后"},{"Bounds":{"bottom":1083,"left":48,"right":492,"top":950},"Classname":"android.widget.TextView","Packagename":"com.zhihu.daily.android","Text":"它的出现与惨淡收场，标志着中国历史剧黄金时代的离去"},{"Bounds":{"bottom":1253,"left":48,"right":492,"top":1162},"Classname":"android.widget.TextView","Packagename":"com.zhihu.daily.android","Text":"汶川十年 · 后来的守卫者"}],"packagename":"com.example.a10628.myapplication","width":1080}