{"events":[{"eventname":"TYPE_VIEW_SCROLLED","source":{"Bounds":{"bottom":1280,"left":0,"right":720,"top":0},"Classname":"android.webkit.WebView","Packagename":"com.baycode.tianya","Text":""}}],"height":1920,"hovertime":7377,"nodes":[{"Bounds":{"bottom":2,"left":10,"right":122,"top":0},"Classname":"android.view.View","Packagename":"com.baycode.tianya","Text":"只看楼主"},{"Bounds":{"bottom":2,"left":10,"right":710,"top":0},"Classname":"android.view.View","Packagename":"com.baycode.tianya","Text":"詹姆斯03选秀有多抢手？联盟很多球队为他摆烂，有多少球队想得到他？(转载)"},{"Bounds":{"bottom":2,"left":0,"right":720,"top":0},"Classname":"android.view.View","Packagename":"com.baycode.tianya","Text":"第1页 | 共1页   访问235 | 回复0"},{"Bounds":{"bottom":2,"left":8,"right":712,"top":0},"Classname":"android.view.View","Packagename":"com.baycode.tianya","Text":"少剑波20122018-05-10 12:36:24"},{"Bounds":{"bottom":1280,"left":10,"right":710,"top":0},"Classname":"android.view.View","Packagename":"com.baycode.tianya","Text":"　　勒布朗-詹姆斯是03年的状元秀，可以说03年是继96黄金一代之后的白金一代，03年选秀的最终排名分别是詹姆斯状元、达科·米利西奇榜眼、安东尼探花、波什第四、韦德第五，其余的新秀后来在联盟基本都打出名堂！\n　　詹姆斯在阿克伦加入了圣文森特·圣玛丽高中，他在打球的头一年就成为了先发球员。所在球队取得27胜0负的战绩，决赛中73-55大胜对手，赢得州冠军，决赛中詹姆斯得25分9个篮板以及4次助攻。整个赛季，平均得18分6个篮板\n　　第二个赛季带领球队获得26胜1负的战绩，并在决赛中以63-53击败对手，赢得了州冠军，球队被《今日美国》评为25强中的第五位。詹姆斯也因此入选《今日美国》全美第一球队阵容，并且成为该评选中第一位入选的高一学生。这个赛季詹姆斯平均得25.2分、7.2个篮板、5.8次助攻和3.8次抢断。另外，詹姆斯还入选了俄亥俄州足球第一球队阵容\n　　高三篮球赛季开始以前，詹姆斯还带领橄榄球队打进了州半决赛，但是不幸在比赛中弄伤了左手食指。因为圣文森-圣玛丽高中的生源大增使得球队不得不升级到更具挑战性的二级联赛（俄亥俄州的高中篮球根据生源多少分为四个不同等级的联赛）。获得23胜4负的战绩，在分区赛第二轮中以63-71输给了辛辛那提的罗杰-贝肯队，获得州亚军，詹姆斯这个赛季平均得29分8.3个篮板5.7次助攻以及3.3次抢断，正是在那段时间，包括美联社在内都管他叫起了绰号“皇帝”，KingJames）。他出现在《灌篮》（SLAM）杂志封面上，这是他全国性的曝光的开端\n　　高四时詹姆斯带领球队取得25胜1负的惊人战绩，被《今日美国》评为虚拟美国高中篮球冠军。而在此赛季中，唯一的一场落败记录是因为詹姆斯所在的SVSM队因为违规而被判输球。这个赛季中，SVSM赢得了第三个州冠军，在2003年3月22日于俄亥俄州首府哥伦布市进行的最后一场比赛中，球队40-36击败了凯特灵改变队，詹姆斯得25分11个篮板。这个赛季詹姆斯平均得到31.6分、9.6个篮板、4.6次助攻以及3.4次抢断。在拿下橡树山学院队的比赛中，詹姆斯得31分13个篮板以及6次助攻，由此SVSM球队被认为达到美国最高水平。在与来自洛杉矶的罗切斯特高中比赛中，詹姆斯得52分，投球命中率到达35投21中。2002年夏天AAU篮球比赛中，詹姆斯的左手手腕不幸受伤。截止那时为止，詹姆斯已经出现在了体育画报和ESPN杂志的封面上。他的受欢迎程度之高，导致他的球队不得不将他们练习的场地从学校体育馆迁至临近的阿克伦大学的James A. Rhodes球馆。像沙奎尔-奥尼尔这样的NBA球星也来观看他的比赛，而詹姆斯的一些比赛甚至在ESPN2全国直播和地方付费频道上转播\n　　詹姆斯史无前例地三度入选全美第一队，也三度当选俄亥俄州篮球先生。他得到了麦当劳全美高中明星赛、美国高中圆球经典赛和乔丹高中慈善赛的MVP的荣誉。因为参加了两次以上的高中全明星赛，詹姆斯高中生涯总共得到2657分、892个篮板以及523次助攻。应美国篮球名人堂之邀，圣文森特-圣玛丽高中将詹姆斯的23号球衣送到了马萨诸塞州的篮球名人堂！\n　　那么詹姆斯作为状元之才，天之骄子，当年选秀的时候有多抢手？又有多少球队想得到他？\n　　当时安东尼和詹姆斯被誉为绝代双雄，当时选秀前造的声势是五五开的，可以说在詹姆斯高中无敌，唯一败仗输给了安东尼所在的高中。后来安东尼在NCAA的疯狂三月和四强里大杀四方让他有跟詹姆斯一样的人气\n\n　　好了，回到正题，如果说所有的球队都想要詹姆斯那么是夸张了点，但至少百分之70%以上的球队都想要詹姆斯肯定是有的。为什么怎么说呢？\n\n　　因为以詹姆斯在高中时候的表现，他就是03年毫无悬念的状元。对于NBA球队来说，有实力进入季后赛争冠的球队他们自然不会想要摆烂而去争状元，将希望全部压在一个高中生身上，尽管这个高中生已经名震全美，让众多的专家与球星对他顶礼膜拜\n\n　　那一年摆烂最凶的当属骑士与掘金，这两支球队最终都只拿到了17场胜利，那一年为了拿到状元签，骑士队可谓无所不用其极，他们将队中主要的球员悉数交易走，并且球队的老板直接给主教练下人物，必须给年轻球员更多的上场时间，并且不能够赢球，要将摆烂进行到底。最终骑士得偿所愿选中了詹姆斯开启了球队的复兴之路，而掘金最后只拿到了探花签，选中安东尼。\n　　在詹姆斯之前高中生成名的例子已经不少见，尤其是当加内特、科比、麦迪等天才高中纷纷打出身价，成为联盟的巨星之时，詹姆斯凭借着更为劲爆身体、弹跳、爆发力、组织进攻能力等近乎完美的篮球天赋与实力成为了各支球队争抢的对象，可谓合情合理。\n　　现在想想，骑士队队史做得最为伟大的一件事就是摆烂选中詹姆斯了，他们这一事迹完全可以媲美当年马刺队摆烂选中状元秀邓肯，后者也为马刺贡献整个职业生涯！\n　　也正是马刺、骑士、76人这些球队的先例，近几个赛季NBA摆烂之风越来越盛行！\n　　原文链接：https://mp.weixin.qq.com/s/fd41iFiC_516RXYhcXEC4A"},{"Bounds":{"bottom":1280,"left":20,"right":700,"top":1278},"Classname":"android.view.View","Packagename":"com.baycode.tianya","Text":"推广 搜狐新闻 别再乱吃了！公认的第一类致癌物是它！下载APP查看 "},{"Bounds":{"bottom":1280,"left":648,"right":700,"top":1278},"Classname":"android.view.View","Packagename":"com.baycode.tianya","Text":"回复"},{"Bounds":{"bottom":1280,"left":108,"right":182,"top":1278},"Classname":"android.view.View","Packagename":"com.baycode.tianya","Text":"返回"},{"Bounds":{"bottom":1280,"left":200,"right":274,"top":1278},"Classname":"android.view.View","Packagename":"com.baycode.tianya","Text":"上页"},{"Bounds":{"bottom":1280,"left":282,"right":438,"top":1278},"Classname":"android.view.View","Packagename":"com.baycode.tianya","Text":"第1页 | 共1页"},{"Bounds":{"bottom":1280,"left":446,"right":520,"top":1278},"Classname":"android.view.View","Packagename":"com.baycode.tianya","Text":"下页"},{"Bounds":{"bottom":1280,"left":538,"right":612,"top":1278},"Classname":"android.view.View","Packagename":"com.baycode.tianya","Text":"末页"},{"Bounds":{"bottom":1280,"left":40,"right":680,"top":1278},"Classname":"android.view.View","Packagename":"com.baycode.tianya","Text":"查看原文"},{"Bounds":{"bottom":1280,"left":40,"right":680,"top":1278},"Classname":"android.view.View","Packagename":"com.baycode.tianya","Text":"转发分享"},{"Bounds":{"bottom":554,"left":0,"right":88,"top":434},"Classname":"android.view.View","Packagename":"com.baycode.tianya","Text":""},{"Bounds":{"bottom":1280,"left":660,"right":720,"top":1260},"Classname":"android.view.View","Packagename":"com.baycode.tianya","Text":""},{"Bounds":{"bottom":1182,"left":0,"right":720,"top":1180},"Classname":"android.view.View","Packagename":"com.baycode.tianya","Text":"javascript:;"},{"Bounds":{"bottom":1280,"left":0,"right":720,"top":1180},"Classname":"android.view.View","Packagename":"com.baycode.tianya","Text":"高薪招按摩师 gdtclick.58.com "}],"packagename":"com.example.a10628.myapplication","width":1080}