{"events":[{"eventname":"TYPE_VIEW_SCROLLED","source":{"Bounds":{"bottom":1280,"left":0,"right":720,"top":48},"Classname":"android.widget.ScrollView","Packagename":"com.zhihu.daily.android","Text":""}},{"eventname":"TYPE_VIEW_SCROLLED","source":{"Bounds":{"bottom":1280,"left":0,"right":720,"top":48},"Classname":"android.widget.ScrollView","Packagename":"com.zhihu.daily.android","Text":""}},{"eventname":"TYPE_VIEW_SCROLLED","source":{"Bounds":{"bottom":1280,"left":0,"right":720,"top":48},"Classname":"android.widget.ScrollView","Packagename":"com.zhihu.daily.android","Text":""}},{"eventname":"TYPE_VIEW_SCROLLED","source":{"Bounds":{"bottom":1280,"left":0,"right":720,"top":48},"Classname":"android.widget.ScrollView","Packagename":"com.zhihu.daily.android","Text":""}}],"height":1920,"hovertime":11682,"nodes":[{"Bounds":{"bottom":48,"left":0,"right":0,"top":48},"Classname":"android.webkit.WebView","Packagename":"com.zhihu.daily.android","Text":""},{"Bounds":{"bottom":-4053,"left":30,"right":690,"top":48},"Classname":"android.widget.TextView","Packagename":"com.zhihu.daily.android","Text":"去台湾旅游，有哪些事情值得一做？"},{"Bounds":{"bottom":-4053,"left":690,"right":690,"top":48},"Classname":"android.widget.TextView","Packagename":"com.zhihu.daily.android","Text":""},{"Bounds":{"bottom":-3909,"left":0,"right":720,"top":-4013},"Classname":"android.view.View","Packagename":"com.zhihu.daily.android","Text":"去台湾旅游，有哪些事情值得一做？"},{"Bounds":{"bottom":-3829,"left":40,"right":680,"top":-3829},"Classname":"android.view.View","Packagename":"com.zhihu.daily.android","Text":""},{"Bounds":{"bottom":-3785,"left":40,"right":80,"top":-3825},"Classname":"android.widget.Image","Packagename":"com.zhihu.daily.android","Text":"default_pic_content_image_loading_light"},{"Bounds":{"bottom":-3789,"left":90,"right":98,"top":-3827},"Classname":"android.view.View","Packagename":"com.zhihu.daily.android","Text":" "},{"Bounds":{"bottom":-3787,"left":96,"right":258,"top":-3825},"Classname":"android.view.View","Packagename":"com.zhihu.daily.android","Text":"Joye Hou，"},{"Bounds":{"bottom":-3789,"left":256,"right":266,"top":-3827},"Classname":"android.view.View","Packagename":"com.zhihu.daily.android","Text":" "},{"Bounds":{"bottom":-3787,"left":264,"right":654,"top":-3825},"Classname":"android.view.View","Packagename":"com.zhihu.daily.android","Text":"影视专业，美妆爱好者，准留学狗"},{"Bounds":{"bottom":-3643,"left":40,"right":680,"top":-3751},"Classname":"android.view.View","Packagename":"com.zhihu.daily.android","Text":"大段文字无图片！（真相是我换了电脑照片全丢了啊啊啊啊啊！！！）"},{"Bounds":{"bottom":-3501,"left":40,"right":680,"top":-3609},"Classname":"android.view.View","Packagename":"com.zhihu.daily.android","Text":"作为一个在台湾读过书的同学，以下的推荐都是我个人的爱好。"},{"Bounds":{"bottom":-3413,"left":40,"right":680,"top":-3467},"Classname":"android.view.View","Packagename":"com.zhihu.daily.android","Text":"0.（最重要所以排在最前面）"},{"Bounds":{"bottom":-3055,"left":40,"right":680,"top":-3379},"Classname":"android.view.View","Packagename":"com.zhihu.daily.android","Text":"在台北和高雄中选择一个城市住三天以上，不要安排任何景点观光（或者只是安排台大这种观赏性较低的景点），然后，尽量和本地人交流。可以是芒果冰店里短暂的聊天，也可以是和老人一起坐在长椅上的谈话，相信我，你一定会受益匪浅。"},{"Bounds":{"bottom":-2643,"left":40,"right":680,"top":-3021},"Classname":"android.view.View","Packagename":"com.zhihu.daily.android","Text":"之所以选择这两个城市，是因为这里的人对大陆人最为亲善（注：我不是说台湾人抵触大陆人，相反，台湾民间对大陆都没有什么负面情绪，只是大城市的人更喜欢也更适应和大陆人接触，因此才更容易敞开心扉和你聊天）。之所以选择观赏性较低的景点，也是为了减少周围环境对谈话的分散性。"},{"Bounds":{"bottom":-1907,"left":40,"right":680,"top":-2609},"Classname":"android.view.View","Packagename":"com.zhihu.daily.android","Text":"我当时是在台北市上学，和旅游不同，我肯定会非常多地和台湾人接触。我记得那时候我和一个老师关系不错，如果他没事就会打电话给我一起出去喝东西或者夜游（当然这个老师早就过了骑机车夜冲的年纪了，所以我们只是开车在台北市高架上看夜景）。通过和他的交流，真的让我明白许多关于台湾情况更深层次的原因，小到台湾的热带水果为什么比大陆还贵，大到台湾整个经济局势的发展以及 parties 之间的关系，当然还有哪家的凤梨酥 / 牛肉面 / 木瓜牛奶最好吃，当然这不是重点，如果大家感兴趣我会再补充。"},{"Bounds":{"bottom":-1549,"left":40,"right":680,"top":-1873},"Classname":"android.view.View","Packagename":"com.zhihu.daily.android","Text":"总之，一个本地人（最好不要是年轻人，台湾年轻人真的是……怎么说呢……天真？……）会让你对台湾有完全不一样的认识。而且我非常喜欢台湾人与人之间的关系，如果你用心体会，真的会觉得我们社会人与人之间太冷漠了，而他们那里简直就是桃源。"},{"Bounds":{"bottom":-1407,"left":40,"right":680,"top":-1515},"Classname":"android.view.View","Packagename":"com.zhihu.daily.android","Text":"1.以下提到的是台湾比较有名的一些活动，可以根据时间自由选择。"},{"Bounds":{"bottom":-1319,"left":40,"right":680,"top":-1373},"Classname":"android.view.View","Packagename":"com.zhihu.daily.android","Text":"a. 台北市一零一大楼跨年演唱会"},{"Bounds":{"bottom":-1231,"left":40,"right":680,"top":-1285},"Classname":"android.view.View","Packagename":"com.zhihu.daily.android","Text":"时间：12.31 19：00 至天亮"},{"Bounds":{"bottom":-1035,"left":40,"right":680,"top":-1197},"Classname":"android.view.View","Packagename":"com.zhihu.daily.android","Text":"全程站立，请穿平底鞋，根据自身情况考虑是否需要带尿不湿。当然如果你想能看清楚最起码要提前一个半小时占位。"},{"Bounds":{"bottom":-947,"left":40,"right":680,"top":-1001},"Classname":"android.view.View","Packagename":"com.zhihu.daily.android","Text":"b. 垦丁春浪音乐节"},{"Bounds":{"bottom":-859,"left":40,"right":680,"top":-913},"Classname":"android.view.View","Packagename":"com.zhihu.daily.android","Text":"时间：每年四月初"},{"Bounds":{"bottom":-231,"left":40,"right":680,"top":-825},"Classname":"android.view.View","Packagename":"com.zhihu.daily.android","Text":"非常多的大牌明星都会来表演，苏打绿啊五月天都是常客，而且全部免费！当然那时候的住宿问题会非常紧张，价格也会相应提升，请提前在网上预定好房间，当然如果你有钱任性可以住得起高级套房，那就当我没说……建议住民宿，原因见 0。当然垦丁大部分民宿经营的已经非常成熟了，基本都是三层小洋房，几个房间装饰的各有特色。我还记得我当初住的房主还请我吃了一只我叫不出名字的超大的贝类海鲜，他说是他朋友刚从澳大利亚空运来的（桃源啊桃源）"},{"Bounds":{"bottom":235,"left":40,"right":680,"top":-197},"Classname":"android.view.View","Packagename":"com.zhihu.daily.android","Text":"另外，请妹子一定着比基尼参加，因为现场基本所有妹子都是比基尼，你穿连体会显得很奇怪……而且垦丁有许多又好看又便宜的比基尼，比大陆这边选择多得多，所以没有比基尼的妹子完全可以去了再买，这个是不会涨价滴~（真的很便宜，我的第一套比基尼就是在垦丁买的，合人民币还不到一百块……）"},{"Bounds":{"bottom":323,"left":40,"right":680,"top":269},"Classname":"android.view.View","Packagename":"com.zhihu.daily.android","Text":"c. 同志大游行"},{"Bounds":{"bottom":465,"left":40,"right":680,"top":357},"Classname":"android.view.View","Packagename":"com.zhihu.daily.android","Text":"时间：每年 10 月（具体时间真的记不清了……）"},{"Bounds":{"bottom":877,"left":40,"right":680,"top":499},"Classname":"android.view.View","Packagename":"com.zhihu.daily.android","Text":"作为一个一向积极支持同性权益的姑 fu 娘 nv，这是我参加过的最印象深刻的游行活动。我们大陆孩子一般很少有机会参加游行，到时候很值得去体会一下（顺便看看帅哥啊，满大街只穿着三角裤的肌肉男啊！）现场还会有人免费发 con，有需要的可以多领几个……"},{"Bounds":{"bottom":965,"left":40,"right":680,"top":911},"Classname":"android.view.View","Packagename":"com.zhihu.daily.android","Text":"d. 各种游行"},{"Bounds":{"bottom":1053,"left":40,"right":680,"top":999},"Classname":"android.view.View","Packagename":"com.zhihu.daily.android","Text":"时间：随时发生……"},{"Bounds":{"bottom":1179,"left":40,"right":680,"top":1087},"Classname":"android.view.View","Packagename":"com.zhihu.daily.android","Text":"理由同上。我记得在我离台前 4 天还发生了一场 20 万人反对马英九的大游行。"},{"Bounds":{"bottom":1179,"left":40,"right":680,"top":1177},"Classname":"android.view.View","Packagename":"com.zhihu.daily.android","Text":"e. 百货公司店庆月"},{"Bounds":{"bottom":1179,"left":40,"right":680,"top":1177},"Classname":"android.view.View","Packagename":"com.zhihu.daily.android","Text":"时间：每年九月底预热，十月初正式开始"},{"Bounds":{"bottom":1179,"left":40,"right":680,"top":1177},"Classname":"android.view.View","Packagename":"com.zhihu.daily.android","Text":"姑娘们不能错过的好时机啊！台湾受日本影响很深，所以日妆也非常多，在那边买护肤品比在大陆要合适多了，而每年店庆月活动力度都非常大，我会说我买的护肤品在回到大陆之后又用了整整一年半吗！请别问我到底买了多少，看我个人介绍就知道（捂脸）。那边的赠品可不是什么小样中样，是真真正正的正装产品好吗！我曾经做到过赠品的价值超过花钱购买的产品……"},{"Bounds":{"bottom":1179,"left":40,"right":680,"top":1177},"Classname":"android.view.View","Packagename":"com.zhihu.daily.android","Text":"2. 接下来是景点推荐，太热门的我就不说了，说一些比较少提到的。"},{"Bounds":{"bottom":1179,"left":40,"right":680,"top":1177},"Classname":"android.view.View","Packagename":"com.zhihu.daily.android","Text":"a. 国父纪念馆"},{"Bounds":{"bottom":1179,"left":40,"right":680,"top":1177},"Classname":"android.view.View","Packagename":"com.zhihu.daily.android","Text":"不管你对中山先生有没有兴趣都值得去看一看，不为别的，就为了每个整点的卫兵交接仪式也值得，我第一次见到有人可以把正步踢得那么慢那么高，看着好累……"},{"Bounds":{"bottom":1179,"left":40,"right":680,"top":1177},"Classname":"android.view.View","Packagename":"com.zhihu.daily.android","Text":"当然我个人更感兴趣的是纪念馆外面的某不能说名字组织。该组织常年驻扎在国父纪念馆（不知道是不是为了寻求中山先生的庇佑……），看看他们练功，一度以为只是普通气功，再看看展示牌，不禁笑出声。内容非常有趣。"},{"Bounds":{"bottom":1179,"left":40,"right":680,"top":1177},"Classname":"android.view.View","Packagename":"com.zhihu.daily.android","Text":"注意：请勿和中正纪念堂弄混，中正纪念堂只是一个巨大的广场，主体建筑为一个神庙一样的建筑，硕大的中正像俯瞰着广场……我是觉得没什么意思，感兴趣的人可以去打卡。"},{"Bounds":{"bottom":1179,"left":40,"right":680,"top":1177},"Classname":"android.view.View","Packagename":"com.zhihu.daily.android","Text":"捷运均可直达。"},{"Bounds":{"bottom":1179,"left":40,"right":680,"top":1177},"Classname":"android.view.View","Packagename":"com.zhihu.daily.android","Text":"b. 太鲁阁"},{"Bounds":{"bottom":1179,"left":40,"right":680,"top":1177},"Classname":"android.view.View","Packagename":"com.zhihu.daily.android","Text":"居然没人提到太鲁阁吗！！！这是我觉得台湾自然景观最棒的景点没有之一！（是的！在我心里超过阿里山日月潭！）超级美的峡谷，山路全是村民自己手工凿出来的，所以路况不是特别好，有时候会封山，看大家的运气了。"},{"Bounds":{"bottom":1179,"left":40,"right":680,"top":1177},"Classname":"android.view.View","Packagename":"com.zhihu.daily.android","Text":"同时太鲁阁距离花莲不远，建议坐火车去，沿途是台湾东海岸，非常漂亮，海水的颜色是分层的。白天在太鲁阁游览（还可以漂流，但具体地点记不清了）之后，晚上在花莲泡一个温泉，然后住在小木屋里，人生啊~"},{"Bounds":{"bottom":1179,"left":40,"right":680,"top":1177},"Classname":"android.view.View","Packagename":"com.zhihu.daily.android","Text":"c. 猫空"},{"Bounds":{"bottom":1179,"left":40,"right":680,"top":1177},"Classname":"android.view.View","Packagename":"com.zhihu.daily.android","Text":"这个不算非常小众，但是她的名气远远没有达到该有的程度。猫空就在台北市立动物园旁边，需要乘坐缆车到达山顶。注意缆车分为两种，一种是普通的，还有一种是“猫缆之眼”，脚下是完全透明的强化玻璃，两种缆车收费相同，但是数量约为 5：1，也就是说想坐“猫缆之眼”需要排更久的队。据说很多人觉得脚下是玻璃非常刺激，可是我真的对高度无感……不过我还是排了“猫缆之眼”，反正我有时间……建议如果行程不赶的话可以体验一下，毕竟价钱是一样的，而行程赶的话也不用觉得遗憾，因为山上还有更好的风光。"},{"Bounds":{"bottom":1179,"left":40,"right":680,"top":1177},"Classname":"android.view.View","Packagename":"com.zhihu.daily.android","Text":"猫空这里是大片的茶园，山上空气非常好，有许多和茶有关的店铺，可以在这里买伴手礼（详见“伴手礼”部分）。但是我最爱的是这里的茶餐，味道非常好。推荐“大茶壶”，注意这家餐厅一层和二层不是一家，一层的才是真正的大茶壶餐厅。有套餐可以选择，1000 台币两个人还有剩，味道非常好。"},{"Bounds":{"bottom":1179,"left":40,"right":680,"top":1177},"Classname":"android.view.View","Packagename":"com.zhihu.daily.android","Text":"d. 地火"},{"Bounds":{"bottom":1179,"left":40,"right":680,"top":1177},"Classname":"android.view.View","Packagename":"com.zhihu.daily.android","Text":"地火在垦丁，是一处天然燃气行程的地面着火的奇观（名字够直接吧），附近有烟花和红薯买，可以用地火烤红薯，放烟花，还可以利用单反和烟花拍出空中画图的照片（我本来有很多照片的！！换了电脑之后所有照片全部丢了！你们一定能理解我对不对！！！）当然烤红薯也很好吃……"},{"Bounds":{"bottom":1179,"left":40,"right":680,"top":1177},"Classname":"android.view.View","Packagename":"com.zhihu.daily.android","Text":"e. motel"},{"Bounds":{"bottom":1179,"left":40,"right":680,"top":1177},"Classname":"android.view.View","Packagename":"com.zhihu.daily.android","Text":"这个严格意义上来说不算是景点，但是也算是台湾特色。国外的 motel 都是在路边供赶路的人休息的破旧小旅馆，台湾的 motel 却是非常华丽，就像我们的主题酒店的升级版，大房间甚至能达到四百平米，有室内泳池和游戏室等等，价格虽然比普通快捷酒店高一些，但是和一般的星级酒店相比性价比还是非常高的（不知道现在有没有涨价）。非常多台湾艺人来这里开房……"},{"Bounds":{"bottom":1179,"left":40,"right":680,"top":1177},"Classname":"android.view.View","Packagename":"com.zhihu.daily.android","Text":"建议经费不很紧张的都可以去住一晚体验一下。"},{"Bounds":{"bottom":1179,"left":40,"right":680,"top":1177},"Classname":"android.view.View","Packagename":"com.zhihu.daily.android","Text":"f. 五分埔"},{"Bounds":{"bottom":1179,"left":40,"right":680,"top":1177},"Classname":"android.view.View","Packagename":"com.zhihu.daily.android","Text":"答主最爱去的买衣服圣地！衬衣 T 恤价格不过百，裤子外套价格不过两百（都是人民币），简直是北京动物园啊！可是衣服的质量相当好，60 块买的 T 恤我现在还在穿……款式和质量都很棒，强烈推荐。"},{"Bounds":{"bottom":1179,"left":40,"right":680,"top":1177},"Classname":"android.view.View","Packagename":"com.zhihu.daily.android","Text":"3. 终于谈到了美食！依然是不推荐热门的原则，下面都是答主私人干货。"},{"Bounds":{"bottom":1179,"left":40,"right":680,"top":1177},"Classname":"android.view.View","Packagename":"com.zhihu.daily.android","Text":"a. 大 diao 烧"},{"Bounds":{"bottom":1179,"left":40,"right":680,"top":1177},"Classname":"android.view.View","Packagename":"com.zhihu.daily.android","Text":"一上来就这么口味重是不是不好……可是这真的是一个既有外在又有内在（……）的小吃啊！再一次感慨我为什么脑残把照片都删掉了……"},{"Bounds":{"bottom":1179,"left":40,"right":680,"top":1177},"Classname":"android.view.View","Packagename":"com.zhihu.daily.android","Text":"台湾人很爱吃鸡蛋糕这种小吃，而大 diao 烧就是鸡蛋糕的升级版，形如其名（很大很生动），内里有各种馅料可以选择，有香肠、巧克力，还有邪恶的奶油馅……其实真的挺好吃的，只要你不在意在众人面前吃这个……"},{"Bounds":{"bottom":1179,"left":40,"right":680,"top":1177},"Classname":"android.view.View","Packagename":"com.zhihu.daily.android","Text":"地点：士林夜市沿着右边那条路一直走，走过小吃部分进入服装百货部分右手边就是"},{"Bounds":{"bottom":1179,"left":40,"right":680,"top":1177},"Classname":"android.view.View","Packagename":"com.zhihu.daily.android","Text":"b. 生鱼片"},{"Bounds":{"bottom":1179,"left":40,"right":680,"top":1177},"Classname":"android.view.View","Packagename":"com.zhihu.daily.android","Text":"去垦丁必须要吃的东西！其实台湾的海鲜都很好吃很便宜，不过垦丁的生鱼片是我吃过的和大陆价差最大的东西！台币 100 就 20 片啊！合人民币一块钱一片！每片的厚度都在 1.5cm 以上，简直是生鱼块好吗！绝对新鲜，还可以几种生鱼片拼盘，我在那里把我后半辈子的生鱼片都吃了……"},{"Bounds":{"bottom":1179,"left":40,"right":680,"top":1177},"Classname":"android.view.View","Packagename":"com.zhihu.daily.android","Text":"地点：垦丁某海鲜夜市（记不清具体位置了，到那里一问就知道）"},{"Bounds":{"bottom":1179,"left":40,"right":680,"top":1177},"Classname":"android.view.View","Packagename":"com.zhihu.daily.android","Text":"c. 鲜奶"},{"Bounds":{"bottom":1179,"left":40,"right":680,"top":1177},"Classname":"android.view.View","Packagename":"com.zhihu.daily.android","Text":"是的，你没看错，就是鲜奶！我从小就不爱喝牛奶，觉得有股腥味，但是去到台湾之后彻底改变了我的想法。我最爱喝的是瑞穗鮮奶，台湾最有名的则是林鳳英鮮奶，两者味道略有不同，可以自己选择。瑞穗奶味非常浓，喝了瑞穗我才知道我以前喝的奶究竟加了多少水……"},{"Bounds":{"bottom":1179,"left":40,"right":680,"top":1177},"Classname":"android.view.View","Packagename":"com.zhihu.daily.android","Text":"在这里我想顺便说一下木瓜牛奶，也是台湾非常有名的饮品，但是我觉得太甜了，个人不太爱吃甜，但是奶味还是很浓的，各位可自行选择。"},{"Bounds":{"bottom":1179,"left":40,"right":680,"top":1177},"Classname":"android.view.View","Packagename":"com.zhihu.daily.android","Text":"d. 盐酥鸡"},{"Bounds":{"bottom":1179,"left":40,"right":680,"top":1177},"Classname":"android.view.View","Packagename":"com.zhihu.daily.android","Text":"我们当初宿舍在山上，山下有一个小店面卖盐酥鸡，每次没有搭上校车的时候就需要自己走上山，这时候就会在那里买一份盐酥鸡鼓励自己。这家店我最喜欢的除了鸡肉鲜嫩酥脆弹牙之外，还会在丢一把空心菜炸一下，一份盐酥鸡有肉有菜，空心菜炸过也是出人意料的好吃，伴我走过漫漫上山路……"},{"Bounds":{"bottom":1179,"left":40,"right":680,"top":1177},"Classname":"android.view.View","Packagename":"com.zhihu.daily.android","Text":"不过那个地方不是景点，没有必要专门找那家店，台湾还有很多家店也是这样做盐酥鸡的，各位看到了可以来一份，"},{"Bounds":{"bottom":1179,"left":40,"right":680,"top":1177},"Classname":"android.view.View","Packagename":"com.zhihu.daily.android","Text":"e. 牛肉面"},{"Bounds":{"bottom":1179,"left":40,"right":680,"top":1177},"Classname":"android.view.View","Packagename":"com.zhihu.daily.android","Text":"北方人的救星，我说真的。台湾小吃固然好吃，可是作为一个重口味的北方人，在这么一个重油重糖偏偏不肯放盐的地方也是活得很艰难，毕竟不能天天把小吃当正餐吧……牛肉面是这边最符合北方人口味的食物。推荐九份老街的牛肉面，汤头浓郁，牛肉也很入味，入口即烂（不说了，我去找点吃的……）"},{"Bounds":{"bottom":1179,"left":40,"right":680,"top":1177},"Classname":"android.view.View","Packagename":"com.zhihu.daily.android","Text":"4. 伴手礼"},{"Bounds":{"bottom":1179,"left":40,"right":680,"top":1177},"Classname":"android.view.View","Packagename":"com.zhihu.daily.android","Text":"书啊，音乐 CD 啊之类的我就不推荐了，推荐一些稍微比较难想到，好带又不会出错的东西吧。"},{"Bounds":{"bottom":1179,"left":40,"right":680,"top":1177},"Classname":"android.view.View","Packagename":"com.zhihu.daily.android","Text":"a. 东方美人茶"},{"Bounds":{"bottom":1179,"left":40,"right":680,"top":1177},"Classname":"android.view.View","Packagename":"com.zhihu.daily.android","Text":"这是台湾最出名的茶，但是假货也不少（不要以为只有大陆有假货哦），真正的东方美人茶一罐不会低于 3500NTD（当年的价格）。当然如果是要送不太懂茶的人，那么就算买到假的也没关系，其实所谓假货很可能只是低等品而已，反正我喝起来还是觉得香气扑鼻，回甘也不错。"},{"Bounds":{"bottom":1179,"left":40,"right":680,"top":1177},"Classname":"android.view.View","Packagename":"com.zhihu.daily.android","Text":"b. 3c 产品"},{"Bounds":{"bottom":1179,"left":40,"right":680,"top":1177},"Classname":"android.view.View","Packagename":"com.zhihu.daily.android","Text":"台湾是 3c 高产的地方，也是性价比最高的地方，有 3c 爱好者可以趁着旅行入一些单反（单眼相机）啊镜头啊移动硬盘之类的东西，但是不推荐买游戏碟，所有有知识产权的东西在那边都要贵一些，打算收藏的随意。"},{"Bounds":{"bottom":1179,"left":40,"right":680,"top":1177},"Classname":"android.view.View","Packagename":"com.zhihu.daily.android","Text":"c. 美妆产品"},{"Bounds":{"bottom":1179,"left":40,"right":680,"top":1177},"Classname":"android.view.View","Packagename":"com.zhihu.daily.android","Text":"送女人护肤品永远都不会错。如果不清楚对方的肤质，就根据预算买最大众的牌子。我觉得女人好像没有不喜欢 la mer 的……当然还是日妆价差最大，比如 skii，也是一个不容易出错的选择。实在不行的话，买欧舒丹护手霜，绝对受欢迎！而且欧舒丹在那边柜台非常多，周年庆力度非常大，值得留意。"},{"Bounds":{"bottom":1179,"left":40,"right":680,"top":1177},"Classname":"android.view.View","Packagename":"com.zhihu.daily.android","Text":"d. 土凤梨酥"},{"Bounds":{"bottom":1179,"left":40,"right":680,"top":1177},"Classname":"android.view.View","Packagename":"com.zhihu.daily.android","Text":"首推微热山丘！要知道我们平时吃的凤梨酥其实都是冬瓜馅的，包括绝大部分台湾生产贩卖的凤梨酥。作为一个不爱吃甜食的人，那味道我真是爱不起来。真正凤梨馅的凤梨酥叫做土凤梨酥，酸甜适中。微热山丘是无数个台湾本地人强推的凤梨酥品牌，外皮非常酥软，奶香浓郁，和内馅的酸甜融合的恰到好处。我带回家了四盒，第二天就被洗劫一空。"},{"Bounds":{"bottom":1179,"left":40,"right":680,"top":1177},"Classname":"android.view.View","Packagename":"com.zhihu.daily.android","Text":"不过微热山丘只在台中有店面，其他地方需要邮寄，购买有些不方便，可以提前预定，算准日子寄到酒店。上海其实也有卖，就是价格贵了许多。"},{"Bounds":{"bottom":1179,"left":40,"right":680,"top":1177},"Classname":"android.view.View","Packagename":"com.zhihu.daily.android","Text":"另外要注意的是，微热山丘没有添加防腐剂，所以保质期只有 15 天，注意购买时间。"},{"Bounds":{"bottom":1179,"left":40,"right":680,"top":1177},"Classname":"android.view.View","Packagename":"com.zhihu.daily.android","Text":"补充：经评论区知友 @Holien Lee 补充，现在台北市也有微热山丘店面啦，地址是台北市松山區民生東路五段 36 巷 4 弄 1 號"},{"Bounds":{"bottom":1179,"left":40,"right":680,"top":1177},"Classname":"android.view.View","Packagename":"com.zhihu.daily.android","Text":"暂时就想到这么多，以后想到再补充。"},{"Bounds":{"bottom":1179,"left":40,"right":680,"top":1177},"Classname":"android.view.View","Packagename":"com.zhihu.daily.android","Text":"查看知乎讨论"},{"Bounds":{"bottom":1179,"left":40,"right":590,"top":1177},"Classname":"android.view.View","Packagename":"com.zhihu.daily.android","Text":"本文来自：用户推荐日报"},{"Bounds":{"bottom":1179,"left":590,"right":680,"top":1177},"Classname":"android.view.View","Packagename":"com.zhihu.daily.android","Text":"关注"},{"Bounds":{"bottom":48,"left":720,"right":720,"top":48},"Classname":"android.webkit.WebView","Packagename":"com.zhihu.daily.android","Text":""}],"packagename":"com.example.a10628.myapplication","width":1080}