{"events":[{"eventname":"TYPE_VIEW_CLICKED","source":{"Bounds":{"bottom":1192,"left":0,"right":720,"top":408},"Classname":"android.widget.LinearLayout","Packagename":"com.sina.weibo","Text":""}},{"eventname":"TYPE_VIEW_SELECTED","source":{"Bounds":{"bottom":1192,"left":24,"right":694,"top":1219},"Classname":"android.widget.ProgressBar","Packagename":"com.sina.weibo","Text":""}},{"eventname":"TYPE_WINDOW_STATE_CHANGED","source":{"Bounds":{"bottom":1280,"left":0,"right":720,"top":0},"Classname":"android.widget.FrameLayout","Packagename":"com.sina.weibo","Text":""}},{"eventname":"TYPE_VIEW_SCROLLED","source":{"Bounds":{"bottom":1280,"left":0,"right":720,"top":136},"Classname":"android.widget.ListView","Packagename":"com.sina.weibo","Text":""}}],"height":1920,"hovertime":1183,"nodes":[{"Bounds":{"bottom":123,"left":24,"right":88,"top":59},"Classname":"android.widget.TextView","Packagename":"com.sina.weibo","Text":"注册"},{"Bounds":{"bottom":114,"left":250,"right":318,"top":68},"Classname":"android.widget.TextView","Packagename":"com.sina.weibo","Text":"关注"},{"Bounds":{"bottom":114,"left":392,"right":460,"top":68},"Classname":"android.widget.TextView","Packagename":"com.sina.weibo","Text":"热门"},{"Bounds":{"bottom":124,"left":632,"right":696,"top":60},"Classname":"android.widget.TextView","Packagename":"com.sina.weibo","Text":"登录"},{"Bounds":{"bottom":135,"left":0,"right":0,"top":135},"Classname":"android.widget.LinearLayout","Packagename":"com.sina.weibo","Text":""},{"Bounds":{"bottom":773,"left":0,"right":-74,"top":694},"Classname":"android.widget.TextView","Packagename":"com.sina.weibo","Text":"你还没有关注的人。关注自己感兴趣的人，可在这里看到他们发布的内容。"},{"Bounds":{"bottom":895,"left":0,"right":-87,"top":803},"Classname":"android.widget.Button","Packagename":"com.sina.weibo","Text":"找感兴趣的人"},{"Bounds":{"bottom":-113,"left":0,"right":470,"top":135},"Classname":"android.view.View","Packagename":"com.sina.weibo","Text":""},{"Bounds":{"bottom":-56,"left":24,"right":696,"top":135},"Classname":"android.view.View","Packagename":"com.sina.weibo","Text":""},{"Bounds":{"bottom":388,"left":58,"right":112,"top":316},"Classname":"android.widget.ImageView","Packagename":"com.sina.weibo","Text":""},{"Bounds":{"bottom":371,"left":113,"right":173,"top":333},"Classname":"android.widget.TextView","Packagename":"com.sina.weibo","Text":"25万"},{"Bounds":{"bottom":388,"left":306,"right":360,"top":316},"Classname":"android.widget.ImageView","Packagename":"com.sina.weibo","Text":""},{"Bounds":{"bottom":371,"left":361,"right":405,"top":333},"Classname":"android.widget.TextView","Packagename":"com.sina.weibo","Text":"5万"},{"Bounds":{"bottom":388,"left":538,"right":592,"top":316},"Classname":"android.widget.ImageView","Packagename":"com.sina.weibo","Text":""},{"Bounds":{"bottom":371,"left":593,"right":653,"top":333},"Classname":"android.widget.TextView","Packagename":"com.sina.weibo","Text":"36万"},{"Bounds":{"bottom":518,"left":0,"right":470,"top":408},"Classname":"android.view.View","Packagename":"com.sina.weibo","Text":""},{"Bounds":{"bottom":833,"left":24,"right":696,"top":532},"Classname":"android.view.View","Packagename":"com.sina.weibo","Text":""},{"Bounds":{"bottom":1192,"left":44,"right":191,"top":1181},"Classname":"android.widget.TextView","Packagename":"com.sina.weibo","Text":"2129万次播放"},{"Bounds":{"bottom":1192,"left":625,"right":674,"top":1181},"Classname":"android.widget.TextView","Packagename":"com.sina.weibo","Text":"4:05"},{"Bounds":{"bottom":1192,"left":56,"right":110,"top":1249},"Classname":"android.widget.ImageView","Packagename":"com.sina.weibo","Text":""},{"Bounds":{"bottom":1192,"left":111,"right":175,"top":1266},"Classname":"android.widget.TextView","Packagename":"com.sina.weibo","Text":"4029"},{"Bounds":{"bottom":1192,"left":307,"right":361,"top":1249},"Classname":"android.widget.ImageView","Packagename":"com.sina.weibo","Text":""},{"Bounds":{"bottom":1192,"left":362,"right":403,"top":1266},"Classname":"android.widget.TextView","Packagename":"com.sina.weibo","Text":"1万"},{"Bounds":{"bottom":1192,"left":536,"right":590,"top":1249},"Classname":"android.widget.ImageView","Packagename":"com.sina.weibo","Text":""},{"Bounds":{"bottom":1192,"left":591,"right":655,"top":1266},"Classname":"android.widget.TextView","Packagename":"com.sina.weibo","Text":"9092"},{"Bounds":{"bottom":1280,"left":0,"right":144,"top":1192},"Classname":"android.view.View","Packagename":"com.sina.weibo","Text":""},{"Bounds":{"bottom":1280,"left":144,"right":288,"top":1192},"Classname":"android.view.View","Packagename":"com.sina.weibo","Text":""},{"Bounds":{"bottom":1274,"left":316,"right":404,"top":1198},"Classname":"android.widget.ImageView","Packagename":"com.sina.weibo","Text":""},{"Bounds":{"bottom":1280,"left":432,"right":576,"top":1192},"Classname":"android.view.View","Packagename":"com.sina.weibo","Text":""},{"Bounds":{"bottom":1280,"left":576,"right":720,"top":1192},"Classname":"android.view.ViewGroup","Packagename":"com.sina.weibo","Text":""}],"packagename":"com.example.a10628.myapplication","width":1080}