{"events":[{"eventname":"TYPE_VIEW_SCROLLED","source":{"Bounds":{"bottom":1280,"left":0,"right":720,"top":160},"Classname":"android.webkit.WebView","Packagename":"com.zhihu.android","Text":""}}],"height":1920,"hovertime":5056,"nodes":[{"Bounds":{"bottom":160,"left":0,"right":112,"top":48},"Classname":"android.widget.ImageButton","Packagename":"com.zhihu.android","Text":""},{"Bounds":{"bottom":131,"left":128,"right":536,"top":77},"Classname":"android.widget.TextView","Packagename":"com.zhihu.android","Text":"如何看待生活大爆炸第十一季24集？"},{"Bounds":{"bottom":152,"left":544,"right":640,"top":56},"Classname":"android.widget.TextView","Packagename":"com.zhihu.android","Text":""},{"Bounds":{"bottom":152,"left":640,"right":720,"top":56},"Classname":"android.widget.ImageView","Packagename":"com.zhihu.android","Text":""},{"Bounds":{"bottom":162,"left":32,"right":692,"top":160},"Classname":"android.view.View","Packagename":"com.zhihu.android","Text":""},{"Bounds":{"bottom":162,"left":32,"right":692,"top":160},"Classname":"android.view.View","Packagename":"com.zhihu.android","Text":"追到11季，终于迎来谢尔顿和艾米的婚礼！艾米眼里全是爱！❤谢尔顿是最会讲情话的理工男了！直白质朴又感人！！变得更可爱了！呜呜呜！！感动暴哭！！证婚人天行者卢克也感动到说不出话来！真是又哭又笑！呜呜呜~(\u003e_\u003c)~\n“Even if i can\u0027t tell you now how i feel，\nI will spend my life showing you how much I love you.”❤\n爱你 我会用一生来证明\n"},{"Bounds":{"bottom":162,"left":0,"right":720,"top":160},"Classname":"android.widget.Image","Packagename":"com.zhihu.android","Text":"v2-a7e1f836a476564fafd635943e12ebde_hd"},{"Bounds":{"bottom":162,"left":32,"right":692,"top":160},"Classname":"android.view.View","Packagename":"com.zhihu.android","Text":"\n"},{"Bounds":{"bottom":1280,"left":0,"right":720,"top":160},"Classname":"android.widget.Image","Packagename":"com.zhihu.android","Text":"v2-86ed38b33326d542475c887c4279f36e_hd"},{"Bounds":{"bottom":1280,"left":32,"right":692,"top":1278},"Classname":"android.view.View","Packagename":"com.zhihu.android","Text":"\n"},{"Bounds":{"bottom":1280,"left":0,"right":720,"top":1278},"Classname":"android.view.View","Packagename":"com.zhihu.android","Text":""},{"Bounds":{"bottom":1280,"left":32,"right":692,"top":1278},"Classname":"android.view.View","Packagename":"com.zhihu.android","Text":"\n"},{"Bounds":{"bottom":1280,"left":32,"right":692,"top":1278},"Classname":"android.view.View","Packagename":"com.zhihu.android","Text":"\n理工男的浪漫\n“我们有一生的时间可以一起做科研”\n"},{"Bounds":{"bottom":1280,"left":0,"right":720,"top":1278},"Classname":"android.view.View","Packagename":"com.zhihu.android","Text":""},{"Bounds":{"bottom":1280,"left":32,"right":692,"top":1278},"Classname":"android.view.View","Packagename":"com.zhihu.android","Text":"而你不仅是艾米的合法“麻烦”"},{"Bounds":{"bottom":1280,"left":32,"right":692,"top":1278},"Classname":"android.view.View","Packagename":"com.zhihu.android","Text":"还永远都会是莱纳德的“麻烦”"},{"Bounds":{"bottom":1280,"left":0,"right":720,"top":1278},"Classname":"android.view.View","Packagename":"com.zhihu.android","Text":""},{"Bounds":{"bottom":1280,"left":436,"right":692,"top":1278},"Classname":"android.view.View","Packagename":"com.zhihu.android","Text":"编辑于 昨天 16:38"},{"Bounds":{"bottom":1280,"left":32,"right":692,"top":1278},"Classname":"android.view.View","Packagename":"com.zhihu.android","Text":"著作权归作者所有"},{"Bounds":{"bottom":1280,"left":0,"right":720,"top":1278},"Classname":"android.view.View","Packagename":"com.zhihu.android","Text":"推荐阅读"},{"Bounds":{"bottom":1280,"left":32,"right":688,"top":1278},"Classname":"android.view.View","Packagename":"com.zhihu.android","Text":"作为父母，孩子「会玩」和「爱玩」的区别你知道吗？ 天猫超级懂 天猫超级懂 天猫超级懂 天猫超级懂 天猫超级懂 的广告"},{"Bounds":{"bottom":1280,"left":32,"right":688,"top":1278},"Classname":"android.view.View","Packagename":"com.zhihu.android","Text":"如何评价《生活大爆炸》里的 Bernadette？ 智商和情商都极高，独立自主，个子小小但有强大自我意志的女强人。 无论是学术和事业都非常出色，而且十分明确自己想要什么。真爱Howard但不做男人的附属品，我非常喜欢她的独立意志。提到我这一定要夸一波Howard，我很萌她和H这一对儿，H平时虽然像个孩子，但H其实非常尊重B的自主性，这也是他俩爱情能持久和感人原因之一。 并且………她超级可爱啊！！！各种意义上的可爱！不仅是外貌上小小的萌萌的，人设性格简直可爱得不行了… 一个僵尸号 的回答 · 73 赞同 "},{"Bounds":{"bottom":1280,"left":32,"right":688,"top":1278},"Classname":"android.view.View","Packagename":"com.zhihu.android","Text":"《生活大爆炸》片头里的画面都是什么？ 写了很长时间的，求点赞-----其他答案无论是本人写的还是给的链接都有很多错误，我想在此更正一下。这是其他答案。生活大爆炸片头，每帧画面知识大扫盲 生活大爆炸 片头图片考：深度扒加历史知识扫盲贴 写的很不错，但是我也得多BB几句。-----------1： [图片] 嗯，这是恐龙，但倒是说清楚是什么龙啊。剑龙（左）腕龙（知乎网友罗数更正）：剑龙背脊上有两排整齐的骨板,它那条长尾巴上还有两对尖锐的角。 2. \u003cimg src\u003d\"https://pic3.zhimg.com/df4e790c5a853a67b0387e26cbe7645e_b.png … 一条斑马树 的回答 · 634 赞同 "},{"Bounds":{"bottom":600,"left":752,"right":1412,"top":600},"Classname":"android.view.View","Packagename":"com.zhihu.android","Text":""},{"Bounds":{"bottom":736,"left":752,"right":1412,"top":628},"Classname":"android.view.View","Packagename":"com.zhihu.android","Text":"如果霍金爷爷在的话，他肯定是谢耳朵的证婚人。"},{"Bounds":{"bottom":882,"left":1156,"right":1412,"top":844},"Classname":"android.view.View","Packagename":"com.zhihu.android","Text":"发布于 昨天 15:12"},{"Bounds":{"bottom":944,"left":752,"right":1412,"top":890},"Classname":"android.view.View","Packagename":"com.zhihu.android","Text":"著作权归作者所有"},{"Bounds":{"bottom":-254,"left":0,"right":720,"top":160},"Classname":"android.widget.TextView","Packagename":"com.zhihu.android","Text":"如何看待生活大爆炸第十一季24集？"},{"Bounds":{"bottom":-200,"left":136,"right":367,"top":160},"Classname":"android.widget.TextView","Packagename":"com.zhihu.android","Text":"生活大爆炸 第十季"},{"Bounds":{"bottom":-162,"left":136,"right":288,"top":160},"Classname":"android.widget.TextView","Packagename":"com.zhihu.android","Text":"猫眼评分 9.1   "},{"Bounds":{"bottom":-35,"left":32,"right":184,"top":160},"Classname":"android.widget.TextView","Packagename":"com.zhihu.android","Text":"写回答"},{"Bounds":{"bottom":-11,"left":398,"right":688,"top":160},"Classname":"android.widget.TextView","Packagename":"com.zhihu.android","Text":"查看全部 140 个回答"},{"Bounds":{"bottom":95,"left":128,"right":332,"top":160},"Classname":"android.widget.TextView","Packagename":"com.zhihu.android","Text":"再胖也是小猫猫"},{"Bounds":{"bottom":76,"left":332,"right":332,"top":160},"Classname":"android.view.View","Packagename":"com.zhihu.android","Text":""},{"Bounds":{"bottom":108,"left":544,"right":688,"top":160},"Classname":"android.widget.TextView","Packagename":"com.zhihu.android","Text":"关注"},{"Bounds":{"bottom":1256,"left":34,"right":259,"top":1192},"Classname":"android.widget.TextView","Packagename":"com.zhihu.android","Text":"赞同 1.1K"},{"Bounds":{"bottom":1256,"left":271,"right":363,"top":1192},"Classname":"android.widget.TextView","Packagename":"com.zhihu.android","Text":""},{"Bounds":{"bottom":1262,"left":421,"right":461,"top":1234},"Classname":"android.widget.TextView","Packagename":"com.zhihu.android","Text":"感谢"},{"Bounds":{"bottom":1262,"left":529,"right":569,"top":1234},"Classname":"android.widget.TextView","Packagename":"com.zhihu.android","Text":"收藏"},{"Bounds":{"bottom":1262,"left":646,"right":668,"top":1234},"Classname":"android.widget.TextView","Packagename":"com.zhihu.android","Text":"98"}],"packagename":"com.example.a10628.myapplication","width":1080}