{"events":[{"eventname":"TYPE_VIEW_SCROLLED","source":{"Bounds":{"bottom":1192,"left":0,"right":720,"top":135},"Classname":"android.widget.ListView","Packagename":"com.sina.weibo","Text":""}}],"height":1920,"hovertime":12865,"nodes":[{"Bounds":{"bottom":123,"left":24,"right":88,"top":59},"Classname":"android.widget.TextView","Packagename":"com.sina.weibo","Text":"注册"},{"Bounds":{"bottom":114,"left":250,"right":318,"top":68},"Classname":"android.widget.TextView","Packagename":"com.sina.weibo","Text":"关注"},{"Bounds":{"bottom":114,"left":392,"right":460,"top":68},"Classname":"android.widget.TextView","Packagename":"com.sina.weibo","Text":"热门"},{"Bounds":{"bottom":124,"left":632,"right":696,"top":60},"Classname":"android.widget.TextView","Packagename":"com.sina.weibo","Text":"登录"},{"Bounds":{"bottom":135,"left":0,"right":0,"top":135},"Classname":"android.widget.LinearLayout","Packagename":"com.sina.weibo","Text":""},{"Bounds":{"bottom":773,"left":0,"right":-74,"top":694},"Classname":"android.widget.TextView","Packagename":"com.sina.weibo","Text":"你还没有关注的人。关注自己感兴趣的人，可在这里看到他们发布的内容。"},{"Bounds":{"bottom":895,"left":0,"right":-87,"top":803},"Classname":"android.widget.Button","Packagename":"com.sina.weibo","Text":"找感兴趣的人"},{"Bounds":{"bottom":-356,"left":0,"right":470,"top":135},"Classname":"android.view.View","Packagename":"com.sina.weibo","Text":""},{"Bounds":{"bottom":-84,"left":24,"right":696,"top":135},"Classname":"android.view.View","Packagename":"com.sina.weibo","Text":""},{"Bounds":{"bottom":228,"left":24,"right":696,"top":135},"Classname":"android.view.View","Packagename":"com.sina.weibo","Text":""},{"Bounds":{"bottom":673,"left":56,"right":110,"top":601},"Classname":"android.widget.ImageView","Packagename":"com.sina.weibo","Text":""},{"Bounds":{"bottom":656,"left":111,"right":175,"top":618},"Classname":"android.widget.TextView","Packagename":"com.sina.weibo","Text":"8069"},{"Bounds":{"bottom":673,"left":307,"right":361,"top":601},"Classname":"android.widget.ImageView","Packagename":"com.sina.weibo","Text":""},{"Bounds":{"bottom":656,"left":362,"right":403,"top":618},"Classname":"android.widget.TextView","Packagename":"com.sina.weibo","Text":"1万"},{"Bounds":{"bottom":673,"left":547,"right":601,"top":601},"Classname":"android.widget.ImageView","Packagename":"com.sina.weibo","Text":""},{"Bounds":{"bottom":656,"left":602,"right":643,"top":618},"Classname":"android.widget.TextView","Packagename":"com.sina.weibo","Text":"1万"},{"Bounds":{"bottom":803,"left":0,"right":470,"top":693},"Classname":"android.view.View","Packagename":"com.sina.weibo","Text":""},{"Bounds":{"bottom":903,"left":24,"right":696,"top":817},"Classname":"android.view.View","Packagename":"com.sina.weibo","Text":""},{"Bounds":{"bottom":1137,"left":24,"right":242,"top":919},"Classname":"android.widget.ImageView","Packagename":"com.sina.weibo","Text":""},{"Bounds":{"bottom":1192,"left":56,"right":110,"top":1613},"Classname":"android.widget.ImageView","Packagename":"com.sina.weibo","Text":""},{"Bounds":{"bottom":1192,"left":111,"right":175,"top":1630},"Classname":"android.widget.TextView","Packagename":"com.sina.weibo","Text":"5522"},{"Bounds":{"bottom":1192,"left":297,"right":351,"top":1613},"Classname":"android.widget.ImageView","Packagename":"com.sina.weibo","Text":""},{"Bounds":{"bottom":1192,"left":352,"right":413,"top":1630},"Classname":"android.widget.TextView","Packagename":"com.sina.weibo","Text":"1423"},{"Bounds":{"bottom":1192,"left":547,"right":601,"top":1613},"Classname":"android.widget.ImageView","Packagename":"com.sina.weibo","Text":""},{"Bounds":{"bottom":1192,"left":602,"right":643,"top":1630},"Classname":"android.widget.TextView","Packagename":"com.sina.weibo","Text":"1万"},{"Bounds":{"bottom":1280,"left":0,"right":144,"top":1192},"Classname":"android.view.View","Packagename":"com.sina.weibo","Text":""},{"Bounds":{"bottom":1280,"left":144,"right":288,"top":1192},"Classname":"android.view.View","Packagename":"com.sina.weibo","Text":""},{"Bounds":{"bottom":1274,"left":316,"right":404,"top":1198},"Classname":"android.widget.ImageView","Packagename":"com.sina.weibo","Text":""},{"Bounds":{"bottom":1280,"left":432,"right":576,"top":1192},"Classname":"android.view.View","Packagename":"com.sina.weibo","Text":""},{"Bounds":{"bottom":1280,"left":576,"right":720,"top":1192},"Classname":"android.view.ViewGroup","Packagename":"com.sina.weibo","Text":""}],"packagename":"com.example.a10628.myapplication","width":1080}