{"events":[{"eventname":"TYPE_VIEW_SCROLLED","source":{"Bounds":{"bottom":1280,"left":0,"right":720,"top":241},"Classname":"android.support.v7.widget.RecyclerView","Packagename":"com.justwayward.readerer","Text":""}}],"height":1920,"hovertime":3361,"nodes":[{"Bounds":{"bottom":160,"left":0,"right":112,"top":48},"Classname":"android.widget.ImageButton","Packagename":"com.justwayward.readerer","Text":""},{"Bounds":{"bottom":131,"left":120,"right":240,"top":77},"Classname":"android.widget.TextView","Packagename":"com.justwayward.readerer","Text":"原创区"},{"Bounds":{"bottom":221,"left":134,"right":194,"top":180},"Classname":"android.widget.TextView","Packagename":"com.justwayward.readerer","Text":"全部"},{"Bounds":{"bottom":221,"left":464,"right":584,"top":180},"Classname":"android.widget.TextView","Packagename":"com.justwayward.readerer","Text":"默认排序"},{"Bounds":{"bottom":267,"left":150,"right":332,"top":241},"Classname":"android.widget.TextView","Packagename":"com.justwayward.readerer","Text":"追书家的眼镜娘"},{"Bounds":{"bottom":267,"left":332,"right":378,"top":241},"Classname":"android.widget.TextView","Packagename":"com.justwayward.readerer","Text":" lv.9"},{"Bounds":{"bottom":267,"left":633,"right":700,"top":241},"Classname":"android.widget.TextView","Packagename":"com.justwayward.readerer","Text":"3月前"},{"Bounds":{"bottom":348,"left":150,"right":700,"top":277},"Classname":"android.widget.TextView","Packagename":"com.justwayward.readerer","Text":"【汇总】追书社区书友原创小说精彩集锦（第二十一期~第三十期）"},{"Bounds":{"bottom":398,"left":150,"right":235,"top":358},"Classname":"android.widget.TextView","Packagename":"com.justwayward.readerer","Text":"153"},{"Bounds":{"bottom":398,"left":255,"right":328,"top":358},"Classname":"android.widget.TextView","Packagename":"com.justwayward.readerer","Text":"27"},{"Bounds":{"bottom":475,"left":150,"right":254,"top":439},"Classname":"android.widget.TextView","Packagename":"com.justwayward.readerer","Text":"薄荷之恋"},{"Bounds":{"bottom":475,"left":254,"right":300,"top":439},"Classname":"android.widget.TextView","Packagename":"com.justwayward.readerer","Text":" lv.9"},{"Bounds":{"bottom":475,"left":592,"right":700,"top":439},"Classname":"android.widget.TextView","Packagename":"com.justwayward.readerer","Text":"18小时前"},{"Bounds":{"bottom":556,"left":150,"right":700,"top":485},"Classname":"android.widget.TextView","Packagename":"com.justwayward.readerer","Text":"#悬赏#刀没扎在你身上，你永远不知道有多痛。"},{"Bounds":{"bottom":606,"left":150,"right":220,"top":566},"Classname":"android.widget.TextView","Packagename":"com.justwayward.readerer","Text":"12"},{"Bounds":{"bottom":606,"left":240,"right":313,"top":566},"Classname":"android.widget.TextView","Packagename":"com.justwayward.readerer","Text":"13"},{"Bounds":{"bottom":683,"left":150,"right":202,"top":647},"Classname":"android.widget.TextView","Packagename":"com.justwayward.readerer","Text":"無戒"},{"Bounds":{"bottom":683,"left":202,"right":248,"top":647},"Classname":"android.widget.TextView","Packagename":"com.justwayward.readerer","Text":" lv.5"},{"Bounds":{"bottom":683,"left":592,"right":700,"top":647},"Classname":"android.widget.TextView","Packagename":"com.justwayward.readerer","Text":"20小时前"},{"Bounds":{"bottom":764,"left":150,"right":700,"top":693},"Classname":"android.widget.TextView","Packagename":"com.justwayward.readerer","Text":"（长篇）《独家军妓》\u0026第六章 ――无妄〔耽美，慎入！〕"},{"Bounds":{"bottom":814,"left":150,"right":205,"top":774},"Classname":"android.widget.TextView","Packagename":"com.justwayward.readerer","Text":"9"},{"Bounds":{"bottom":814,"left":225,"right":283,"top":774},"Classname":"android.widget.TextView","Packagename":"com.justwayward.readerer","Text":"3"},{"Bounds":{"bottom":891,"left":150,"right":324,"top":855},"Classname":"android.widget.TextView","Packagename":"com.justwayward.readerer","Text":"༺༽初夏༼༻"},{"Bounds":{"bottom":891,"left":324,"right":370,"top":855},"Classname":"android.widget.TextView","Packagename":"com.justwayward.readerer","Text":" lv.4"},{"Bounds":{"bottom":891,"left":592,"right":700,"top":855},"Classname":"android.widget.TextView","Packagename":"com.justwayward.readerer","Text":"19小时前"},{"Bounds":{"bottom":939,"left":150,"right":656,"top":901},"Classname":"android.widget.TextView","Packagename":"com.justwayward.readerer","Text":"（短篇）第一章《不败魔帝》  ――君临天下"},{"Bounds":{"bottom":989,"left":150,"right":205,"top":949},"Classname":"android.widget.TextView","Packagename":"com.justwayward.readerer","Text":"6"},{"Bounds":{"bottom":989,"left":225,"right":283,"top":949},"Classname":"android.widget.TextView","Packagename":"com.justwayward.readerer","Text":"0"},{"Bounds":{"bottom":1066,"left":150,"right":254,"top":1030},"Classname":"android.widget.TextView","Packagename":"com.justwayward.readerer","Text":"意味伸长"},{"Bounds":{"bottom":1066,"left":254,"right":300,"top":1030},"Classname":"android.widget.TextView","Packagename":"com.justwayward.readerer","Text":" lv.9"},{"Bounds":{"bottom":1066,"left":607,"right":700,"top":1030},"Classname":"android.widget.TextView","Packagename":"com.justwayward.readerer","Text":"8小时前"},{"Bounds":{"bottom":1114,"left":150,"right":600,"top":1076},"Classname":"android.widget.TextView","Packagename":"com.justwayward.readerer","Text":"《你大概不知道我这个是满级角色》2"},{"Bounds":{"bottom":1164,"left":150,"right":205,"top":1124},"Classname":"android.widget.TextView","Packagename":"com.justwayward.readerer","Text":"0"},{"Bounds":{"bottom":1164,"left":225,"right":283,"top":1124},"Classname":"android.widget.TextView","Packagename":"com.justwayward.readerer","Text":"0"},{"Bounds":{"bottom":1241,"left":150,"right":358,"top":1205},"Classname":"android.widget.TextView","Packagename":"com.justwayward.readerer","Text":"我若相依你莫离别"},{"Bounds":{"bottom":1241,"left":358,"right":404,"top":1205},"Classname":"android.widget.TextView","Packagename":"com.justwayward.readerer","Text":" lv.2"},{"Bounds":{"bottom":1241,"left":607,"right":700,"top":1205},"Classname":"android.widget.TextView","Packagename":"com.justwayward.readerer","Text":"9小时前"},{"Bounds":{"bottom":1280,"left":150,"right":318,"top":1251},"Classname":"android.widget.TextView","Packagename":"com.justwayward.readerer","Text":"在成长的路上"},{"Bounds":{"bottom":1280,"left":150,"right":205,"top":1299},"Classname":"android.widget.TextView","Packagename":"com.justwayward.readerer","Text":"0"},{"Bounds":{"bottom":1280,"left":225,"right":283,"top":1299},"Classname":"android.widget.TextView","Packagename":"com.justwayward.readerer","Text":"1"}],"packagename":"com.example.a10628.myapplication","width":1080}