{"events":[{"eventname":"TYPE_VIEW_SCROLLED","source":{"Bounds":{"bottom":1280,"left":208,"right":706,"top":151},"Classname":"android.widget.ListView","Packagename":"com.tmall.wireless","Text":""}},{"eventname":"TYPE_VIEW_SCROLLED","source":{"Bounds":{"bottom":1280,"left":208,"right":706,"top":151},"Classname":"android.widget.ListView","Packagename":"com.tmall.wireless","Text":""}},{"eventname":"TYPE_VIEW_SCROLLED","source":{"Bounds":{"bottom":1280,"left":208,"right":706,"top":151},"Classname":"android.widget.ListView","Packagename":"com.tmall.wireless","Text":""}}],"height":1920,"hovertime":2552,"nodes":[{"Bounds":{"bottom":144,"left":1,"right":105,"top":48},"Classname":"android.widget.TextView","Packagename":"com.tmall.wireless","Text":""},{"Bounds":{"bottom":128,"left":113,"right":603,"top":64},"Classname":"android.widget.EditText","Packagename":"com.tmall.wireless","Text":"宝宝出行必备"},{"Bounds":{"bottom":114,"left":125,"right":159,"top":77},"Classname":"android.widget.TextView","Packagename":"com.tmall.wireless","Text":""},{"Bounds":{"bottom":144,"left":616,"right":720,"top":48},"Classname":"android.widget.TextView","Packagename":"com.tmall.wireless","Text":""},{"Bounds":{"bottom":229,"left":0,"right":192,"top":145},"Classname":"android.widget.CheckedTextView","Packagename":"com.tmall.wireless","Text":"家装"},{"Bounds":{"bottom":341,"left":0,"right":192,"top":231},"Classname":"android.widget.CheckedTextView","Packagename":"com.tmall.wireless","Text":"家纺"},{"Bounds":{"bottom":453,"left":0,"right":192,"top":343},"Classname":"android.widget.CheckedTextView","Packagename":"com.tmall.wireless","Text":"居家"},{"Bounds":{"bottom":565,"left":0,"right":192,"top":455},"Classname":"android.widget.CheckedTextView","Packagename":"com.tmall.wireless","Text":"鲜花园艺"},{"Bounds":{"bottom":677,"left":0,"right":192,"top":567},"Classname":"android.widget.CheckedTextView","Packagename":"com.tmall.wireless","Text":"配饰"},{"Bounds":{"bottom":789,"left":0,"right":192,"top":679},"Classname":"android.widget.CheckedTextView","Packagename":"com.tmall.wireless","Text":"食品"},{"Bounds":{"bottom":901,"left":0,"right":192,"top":791},"Classname":"android.widget.CheckedTextView","Packagename":"com.tmall.wireless","Text":"生鲜"},{"Bounds":{"bottom":1013,"left":0,"right":192,"top":903},"Classname":"android.widget.CheckedTextView","Packagename":"com.tmall.wireless","Text":"汽车摩托"},{"Bounds":{"bottom":1125,"left":0,"right":192,"top":1015},"Classname":"android.widget.CheckedTextView","Packagename":"com.tmall.wireless","Text":"医药"},{"Bounds":{"bottom":1237,"left":0,"right":192,"top":1127},"Classname":"android.widget.CheckedTextView","Packagename":"com.tmall.wireless","Text":"图书"},{"Bounds":{"bottom":1280,"left":0,"right":192,"top":1239},"Classname":"android.widget.CheckedTextView","Packagename":"com.tmall.wireless","Text":"通信"},{"Bounds":{"bottom":238,"left":401,"right":513,"top":199},"Classname":"android.widget.TextView","Packagename":"com.tmall.wireless","Text":"儿童读物"},{"Bounds":{"bottom":462,"left":237,"right":333,"top":429},"Classname":"android.widget.TextView","Packagename":"com.tmall.wireless","Text":"益智游戏"},{"Bounds":{"bottom":462,"left":409,"right":505,"top":429},"Classname":"android.widget.TextView","Packagename":"com.tmall.wireless","Text":"科普百科"},{"Bounds":{"bottom":462,"left":581,"right":677,"top":429},"Classname":"android.widget.TextView","Packagename":"com.tmall.wireless","Text":"儿童文学"},{"Bounds":{"bottom":698,"left":237,"right":333,"top":665},"Classname":"android.widget.TextView","Packagename":"com.tmall.wireless","Text":"亲子读物"},{"Bounds":{"bottom":698,"left":409,"right":505,"top":665},"Classname":"android.widget.TextView","Packagename":"com.tmall.wireless","Text":"少儿英语"},{"Bounds":{"bottom":698,"left":577,"right":680,"top":665},"Classname":"android.widget.TextView","Packagename":"com.tmall.wireless","Text":"启蒙/认知"},{"Bounds":{"bottom":780,"left":401,"right":513,"top":741},"Classname":"android.widget.TextView","Packagename":"com.tmall.wireless","Text":"教育考试"},{"Bounds":{"bottom":1004,"left":261,"right":309,"top":971},"Classname":"android.widget.TextView","Packagename":"com.tmall.wireless","Text":"考研"},{"Bounds":{"bottom":1004,"left":409,"right":505,"top":971},"Classname":"android.widget.TextView","Packagename":"com.tmall.wireless","Text":"外语考试"},{"Bounds":{"bottom":1004,"left":569,"right":689,"top":971},"Classname":"android.widget.TextView","Packagename":"com.tmall.wireless","Text":"公务员考试"},{"Bounds":{"bottom":1240,"left":237,"right":333,"top":1207},"Classname":"android.widget.TextView","Packagename":"com.tmall.wireless","Text":"司法考试"},{"Bounds":{"bottom":1240,"left":388,"right":526,"top":1207},"Classname":"android.widget.TextView","Packagename":"com.tmall.wireless","Text":"医药卫生考试"},{"Bounds":{"bottom":1240,"left":560,"right":698,"top":1207},"Classname":"android.widget.TextView","Packagename":"com.tmall.wireless","Text":"会计/证券/进入职称"},{"Bounds":{"bottom":1280,"left":225,"right":345,"top":1443},"Classname":"android.widget.TextView","Packagename":"com.tmall.wireless","Text":"计算机考试"},{"Bounds":{"bottom":1280,"left":388,"right":526,"top":1443},"Classname":"android.widget.TextView","Packagename":"com.tmall.wireless","Text":"外语/语言文字"},{"Bounds":{"bottom":1280,"left":560,"right":698,"top":1443},"Classname":"android.widget.TextView","Packagename":"com.tmall.wireless","Text":"建筑工程考试"}],"packagename":"com.example.a10628.myapplication","width":1080}