{"events":[{"eventname":"TYPE_VIEW_SCROLLED","source":{"Bounds":{"bottom":1280,"left":0,"right":720,"top":160},"Classname":"android.support.v7.widget.RecyclerView","Packagename":"com.justwayward.readerer","Text":""}}],"height":1920,"hovertime":6042,"nodes":[{"Bounds":{"bottom":160,"left":0,"right":112,"top":48},"Classname":"android.widget.ImageButton","Packagename":"com.justwayward.readerer","Text":""},{"Bounds":{"bottom":131,"left":120,"right":200,"top":77},"Classname":"android.widget.TextView","Packagename":"com.justwayward.readerer","Text":"详情"},{"Bounds":{"bottom":226,"left":150,"right":332,"top":190},"Classname":"android.widget.TextView","Packagename":"com.justwayward.readerer","Text":"我信了你的邪丶"},{"Bounds":{"bottom":274,"left":150,"right":266,"top":236},"Classname":"android.widget.TextView","Packagename":"com.justwayward.readerer","Text":"15小时前"},{"Bounds":{"bottom":403,"left":0,"right":720,"top":360},"Classname":"android.widget.TextView","Packagename":"com.justwayward.readerer","Text":"我看今日头条看到好多都是关于东莞的😂😂"},{"Bounds":{"bottom":666,"left":0,"right":720,"top":423},"Classname":"android.widget.TextView","Packagename":"com.justwayward.readerer","Text":"最嚣张的治安要失业了😂😂😂\n那时候东莞的治安比土匪都牛\n曾因暂住证问题被押到樟木头的请点赞😂😂😂😂\n当初，是为了做人的尊严而来的！现在，仍然是为了人的尊严而离开！"},{"Bounds":{"bottom":749,"left":30,"right":118,"top":696},"Classname":"android.widget.TextView","Packagename":"com.justwayward.readerer","Text":"同感"},{"Bounds":{"bottom":884,"left":0,"right":720,"top":786},"Classname":"android.widget.TextView","Packagename":"com.justwayward.readerer","Text":"共6条评论"},{"Bounds":{"bottom":950,"left":120,"right":167,"top":914},"Classname":"android.widget.TextView","Packagename":"com.justwayward.readerer","Text":"6楼 "},{"Bounds":{"bottom":950,"left":167,"right":271,"top":914},"Classname":"android.widget.TextView","Packagename":"com.justwayward.readerer","Text":"导人向善"},{"Bounds":{"bottom":950,"left":271,"right":317,"top":914},"Classname":"android.widget.TextView","Packagename":"com.justwayward.readerer","Text":" lv.9"},{"Bounds":{"bottom":950,"left":582,"right":690,"top":914},"Classname":"android.widget.TextView","Packagename":"com.justwayward.readerer","Text":"10小时前"},{"Bounds":{"bottom":998,"left":120,"right":232,"top":960},"Classname":"android.widget.TextView","Packagename":"com.justwayward.readerer","Text":"我在东莞"},{"Bounds":{"bottom":1095,"left":120,"right":167,"top":1059},"Classname":"android.widget.TextView","Packagename":"com.justwayward.readerer","Text":"5楼 "},{"Bounds":{"bottom":1095,"left":167,"right":271,"top":1059},"Classname":"android.widget.TextView","Packagename":"com.justwayward.readerer","Text":"熊猫酒仙"},{"Bounds":{"bottom":1095,"left":271,"right":317,"top":1059},"Classname":"android.widget.TextView","Packagename":"com.justwayward.readerer","Text":" lv.9"},{"Bounds":{"bottom":1095,"left":582,"right":690,"top":1059},"Classname":"android.widget.TextView","Packagename":"com.justwayward.readerer","Text":"14小时前"},{"Bounds":{"bottom":1143,"left":120,"right":316,"top":1105},"Classname":"android.widget.TextView","Packagename":"com.justwayward.readerer","Text":"又到东莞吃鸡了"},{"Bounds":{"bottom":1240,"left":120,"right":167,"top":1204},"Classname":"android.widget.TextView","Packagename":"com.justwayward.readerer","Text":"4楼 "},{"Bounds":{"bottom":1240,"left":167,"right":271,"top":1204},"Classname":"android.widget.TextView","Packagename":"com.justwayward.readerer","Text":"熊猫酒仙"},{"Bounds":{"bottom":1240,"left":271,"right":317,"top":1204},"Classname":"android.widget.TextView","Packagename":"com.justwayward.readerer","Text":" lv.9"},{"Bounds":{"bottom":1240,"left":582,"right":690,"top":1204},"Classname":"android.widget.TextView","Packagename":"com.justwayward.readerer","Text":"14小时前"},{"Bounds":{"bottom":1280,"left":120,"right":176,"top":1250},"Classname":"android.widget.TextView","Packagename":"com.justwayward.readerer","Text":"暖贴"}],"packagename":"com.example.a10628.myapplication","width":1080}