{"events":[{"eventname":"TYPE_VIEW_SCROLLED","source":{"Bounds":{"bottom":1280,"left":0,"right":720,"top":136},"Classname":"android.widget.ListView","Packagename":"com.sina.weibo","Text":""}}],"height":1920,"hovertime":2731,"nodes":[{"Bounds":{"bottom":122,"left":14,"right":74,"top":62},"Classname":"android.widget.TextView","Packagename":"com.sina.weibo","Text":""},{"Bounds":{"bottom":110,"left":350,"right":428,"top":74},"Classname":"android.widget.TextView","Packagename":"com.sina.weibo","Text":"张国立"},{"Bounds":{"bottom":116,"left":488,"right":612,"top":68},"Classname":"android.view.View","Packagename":"com.sina.weibo","Text":""},{"Bounds":{"bottom":122,"left":646,"right":706,"top":62},"Classname":"android.widget.TextView","Packagename":"com.sina.weibo","Text":""},{"Bounds":{"bottom":215,"left":124,"right":696,"top":136},"Classname":"android.widget.TextView","Packagename":"com.sina.weibo","Text":"小莫_2002回复@代代最勇敢了呢:[允悲]这么可爱又有趣的小天使都让我粉上了[爱你]"},{"Bounds":{"bottom":260,"left":144,"right":309,"top":222},"Classname":"android.widget.TextView","Packagename":"com.sina.weibo","Text":"共18条回复   "},{"Bounds":{"bottom":330,"left":124,"right":243,"top":297},"Classname":"android.widget.TextView","Packagename":"com.sina.weibo","Text":"4-21 00:43"},{"Bounds":{"bottom":348,"left":416,"right":492,"top":280},"Classname":"android.widget.ImageView","Packagename":"com.sina.weibo","Text":""},{"Bounds":{"bottom":348,"left":492,"right":568,"top":280},"Classname":"android.widget.ImageView","Packagename":"com.sina.weibo","Text":""},{"Bounds":{"bottom":330,"left":654,"right":696,"top":297},"Classname":"android.widget.TextView","Packagename":"com.sina.weibo","Text":"636"},{"Bounds":{"bottom":444,"left":24,"right":100,"top":368},"Classname":"android.widget.FrameLayout","Packagename":"com.sina.weibo","Text":""},{"Bounds":{"bottom":402,"left":124,"right":224,"top":364},"Classname":"android.widget.TextView","Packagename":"com.sina.weibo","Text":"这桩xx"},{"Bounds":{"bottom":452,"left":124,"right":696,"top":398},"Classname":"android.widget.TextView","Packagename":"com.sina.weibo","Text":"第一个赞 "},{"Bounds":{"bottom":866,"left":144,"right":550,"top":828},"Classname":"android.widget.TextView","Packagename":"com.sina.weibo","Text":"不解釋的憂傷等人  共27条回复   "},{"Bounds":{"bottom":932,"left":124,"right":242,"top":899},"Classname":"android.widget.TextView","Packagename":"com.sina.weibo","Text":"4-21 00:27"},{"Bounds":{"bottom":950,"left":416,"right":492,"top":882},"Classname":"android.widget.ImageView","Packagename":"com.sina.weibo","Text":""},{"Bounds":{"bottom":950,"left":492,"right":568,"top":882},"Classname":"android.widget.ImageView","Packagename":"com.sina.weibo","Text":""},{"Bounds":{"bottom":932,"left":654,"right":696,"top":899},"Classname":"android.widget.TextView","Packagename":"com.sina.weibo","Text":"648"},{"Bounds":{"bottom":1046,"left":24,"right":100,"top":970},"Classname":"android.widget.FrameLayout","Packagename":"com.sina.weibo","Text":""},{"Bounds":{"bottom":1004,"left":124,"right":306,"top":966},"Classname":"android.widget.TextView","Packagename":"com.sina.weibo","Text":"国之恒立论坛"},{"Bounds":{"bottom":1192,"left":124,"right":696,"top":1000},"Classname":"android.widget.TextView","Packagename":"com.sina.weibo","Text":"是我们立立小天使了[爱你][爱你][爱你]别无他求，对自己好一点，已经陪伴了我们走过童年和青春的天使，请继续陪我们成家立业结婚生子[抱抱]"},{"Bounds":{"bottom":1260,"left":144,"right":506,"top":1222},"Classname":"android.widget.TextView","Packagename":"com.sina.weibo","Text":"桥头刘二狗等人  共2条回复   "},{"Bounds":{"bottom":1280,"left":124,"right":243,"top":1293},"Classname":"android.widget.TextView","Packagename":"com.sina.weibo","Text":"4-21 07:03"},{"Bounds":{"bottom":1280,"left":417,"right":493,"top":1276},"Classname":"android.widget.ImageView","Packagename":"com.sina.weibo","Text":""},{"Bounds":{"bottom":1280,"left":493,"right":569,"top":1276},"Classname":"android.widget.ImageView","Packagename":"com.sina.weibo","Text":""},{"Bounds":{"bottom":1280,"left":655,"right":696,"top":1293},"Classname":"android.widget.TextView","Packagename":"com.sina.weibo","Text":"255"},{"Bounds":{"bottom":224,"left":8,"right":163,"top":136},"Classname":"android.widget.TextView","Packagename":"com.sina.weibo","Text":"转发 2万"},{"Bounds":{"bottom":224,"left":163,"right":318,"top":136},"Classname":"android.widget.TextView","Packagename":"com.sina.weibo","Text":"评论 3万"},{"Bounds":{"bottom":224,"left":584,"right":696,"top":136},"Classname":"android.widget.TextView","Packagename":"com.sina.weibo","Text":"赞 24万"},{"Bounds":{"bottom":1280,"left":0,"right":239,"top":1192},"Classname":"android.view.View","Packagename":"com.sina.weibo","Text":""},{"Bounds":{"bottom":1280,"left":240,"right":479,"top":1192},"Classname":"android.view.View","Packagename":"com.sina.weibo","Text":""},{"Bounds":{"bottom":1258,"left":608,"right":640,"top":1214},"Classname":"android.widget.TextView","Packagename":"com.sina.weibo","Text":"赞"}],"packagename":"com.example.a10628.myapplication","width":1080}