{"events":[{"eventname":"TYPE_VIEW_SCROLLED","source":{"Bounds":{"bottom":1280,"left":0,"right":720,"top":143},"Classname":"android.webkit.WebView","Packagename":"cn.amazon.mShop.android","Text":""}},{"eventname":"TYPE_VIEW_SCROLLED","source":{"Bounds":{"bottom":1280,"left":0,"right":720,"top":143},"Classname":"android.webkit.WebView","Packagename":"cn.amazon.mShop.android","Text":""}}],"height":1920,"hovertime":2354,"nodes":[{"Bounds":{"bottom":140,"left":0,"right":92,"top":48},"Classname":"android.widget.LinearLayout","Packagename":"cn.amazon.mShop.android","Text":""},{"Bounds":{"bottom":120,"left":300,"right":420,"top":68},"Classname":"android.widget.ImageView","Packagename":"cn.amazon.mShop.android","Text":""},{"Bounds":{"bottom":140,"left":532,"right":624,"top":48},"Classname":"android.widget.ImageButton","Packagename":"cn.amazon.mShop.android","Text":""},{"Bounds":{"bottom":140,"left":624,"right":716,"top":48},"Classname":"android.widget.ImageView","Packagename":"cn.amazon.mShop.android","Text":""},{"Bounds":{"bottom":140,"left":656,"right":684,"top":62},"Classname":"android.widget.TextView","Packagename":"cn.amazon.mShop.android","Text":"0"},{"Bounds":{"bottom":145,"left":0,"right":720,"top":143},"Classname":"android.view.View","Packagename":"cn.amazon.mShop.android","Text":""},{"Bounds":{"bottom":145,"left":0,"right":720,"top":143},"Classname":"android.widget.Image","Packagename":"cn.amazon.mShop.android","Text":""},{"Bounds":{"bottom":145,"left":636,"right":696,"top":143},"Classname":"android.view.View","Packagename":"cn.amazon.mShop.android","Text":"广告"},{"Bounds":{"bottom":145,"left":-12,"right":732,"top":143},"Classname":"android.view.View","Packagename":"cn.amazon.mShop.android","Text":"亚马逊海外购"},{"Bounds":{"bottom":145,"left":714,"right":716,"top":143},"Classname":"android.view.View","Packagename":"cn.amazon.mShop.android","Text":"亚马逊海外购"},{"Bounds":{"bottom":145,"left":714,"right":716,"top":143},"Classname":"android.view.View","Packagename":"cn.amazon.mShop.android","Text":"亚马逊海外购"},{"Bounds":{"bottom":145,"left":714,"right":716,"top":143},"Classname":"android.view.View","Packagename":"cn.amazon.mShop.android","Text":"亚马逊海外购"},{"Bounds":{"bottom":145,"left":714,"right":716,"top":143},"Classname":"android.view.View","Packagename":"cn.amazon.mShop.android","Text":"亚马逊海外购Comotomo"},{"Bounds":{"bottom":145,"left":714,"right":716,"top":143},"Classname":"android.view.View","Packagename":"cn.amazon.mShop.android","Text":"亚马逊海外购写乐"},{"Bounds":{"bottom":145,"left":714,"right":716,"top":143},"Classname":"android.view.View","Packagename":"cn.amazon.mShop.android","Text":"亚马逊海外购Zojirushi"},{"Bounds":{"bottom":145,"left":714,"right":716,"top":143},"Classname":"android.view.View","Packagename":"cn.amazon.mShop.android","Text":"亚马逊海外购Anne Klein"},{"Bounds":{"bottom":145,"left":250,"right":266,"top":143},"Classname":"android.view.View","Packagename":"cn.amazon.mShop.android","Text":""},{"Bounds":{"bottom":145,"left":278,"right":294,"top":143},"Classname":"android.view.View","Packagename":"cn.amazon.mShop.android","Text":""},{"Bounds":{"bottom":145,"left":308,"right":324,"top":143},"Classname":"android.view.View","Packagename":"cn.amazon.mShop.android","Text":""},{"Bounds":{"bottom":145,"left":338,"right":354,"top":143},"Classname":"android.view.View","Packagename":"cn.amazon.mShop.android","Text":""},{"Bounds":{"bottom":145,"left":366,"right":382,"top":143},"Classname":"android.view.View","Packagename":"cn.amazon.mShop.android","Text":""},{"Bounds":{"bottom":145,"left":396,"right":412,"top":143},"Classname":"android.view.View","Packagename":"cn.amazon.mShop.android","Text":""},{"Bounds":{"bottom":145,"left":426,"right":442,"top":143},"Classname":"android.view.View","Packagename":"cn.amazon.mShop.android","Text":""},{"Bounds":{"bottom":145,"left":454,"right":470,"top":143},"Classname":"android.view.View","Packagename":"cn.amazon.mShop.android","Text":""},{"Bounds":{"bottom":145,"left":42,"right":182,"top":143},"Classname":"android.view.View","Packagename":"cn.amazon.mShop.android","Text":"母婴玩具"},{"Bounds":{"bottom":145,"left":208,"right":348,"top":143},"Classname":"android.view.View","Packagename":"cn.amazon.mShop.android","Text":"大牌鞋靴"},{"Bounds":{"bottom":145,"left":372,"right":512,"top":143},"Classname":"android.view.View","Packagename":"cn.amazon.mShop.android","Text":"服装箱包"},{"Bounds":{"bottom":145,"left":538,"right":678,"top":143},"Classname":"android.view.View","Packagename":"cn.amazon.mShop.android","Text":"美妆个护"},{"Bounds":{"bottom":145,"left":42,"right":182,"top":143},"Classname":"android.view.View","Packagename":"cn.amazon.mShop.android","Text":"时尚手表"},{"Bounds":{"bottom":145,"left":208,"right":348,"top":143},"Classname":"android.view.View","Packagename":"cn.amazon.mShop.android","Text":"电子数码"},{"Bounds":{"bottom":145,"left":372,"right":512,"top":143},"Classname":"android.view.View","Packagename":"cn.amazon.mShop.android","Text":"厨具家居"},{"Bounds":{"bottom":145,"left":538,"right":678,"top":143},"Classname":"android.view.View","Packagename":"cn.amazon.mShop.android","Text":"运动户外"},{"Bounds":{"bottom":145,"left":18,"right":702,"top":143},"Classname":"android.widget.Button","Packagename":"cn.amazon.mShop.android","Text":"还不是Prime会员? 立即加入吧\u003e\u003e"},{"Bounds":{"bottom":145,"left":16,"right":704,"top":143},"Classname":"android.widget.Image","Packagename":"cn.amazon.mShop.android","Text":""},{"Bounds":{"bottom":145,"left":16,"right":704,"top":143},"Classname":"android.view.View","Packagename":"cn.amazon.mShop.android","Text":"ref\u003dmh_agsbrand1_US_fine?node\u003d1559273071\u0026pf_rd_p\u003d2d443ec1-ac0c-4d8d-97b7-43df2a10c011\u0026pf_rd_s\u003dmobile-hybrid-7\u0026pf_rd_t\u003d30901\u0026pf_rd_i\u003d1841388071\u0026pf_rd_m\u003dA1AJ19PSB66TGU\u0026pf_rd_r\u003dWS3XQDM5A14QM8C7G5ES\u0026pf_rd_r\u003dWS3XQDM5A14QM8C7G5ES\u0026pf_rd_p\u003d2d443ec1-ac0c-4d8d-97b7-43df2a10c011"},{"Bounds":{"bottom":145,"left":16,"right":704,"top":143},"Classname":"android.view.View","Packagename":"cn.amazon.mShop.android","Text":"ref\u003dmh_agsbrand2_US_fine?node\u003d1559274071\u0026pf_rd_p\u003d2d443ec1-ac0c-4d8d-97b7-43df2a10c011\u0026pf_rd_s\u003dmobile-hybrid-7\u0026pf_rd_t\u003d30901\u0026pf_rd_i\u003d1841388071\u0026pf_rd_m\u003dA1AJ19PSB66TGU\u0026pf_rd_r\u003dWS3XQDM5A14QM8C7G5ES\u0026pf_rd_r\u003dWS3XQDM5A14QM8C7G5ES\u0026pf_rd_p\u003d2d443ec1-ac0c-4d8d-97b7-43df2a10c011"},{"Bounds":{"bottom":145,"left":16,"right":704,"top":143},"Classname":"android.view.View","Packagename":"cn.amazon.mShop.android","Text":"ref\u003dmh_agsbrand3_US_fine?node\u003d1495117071\u0026pf_rd_p\u003d2d443ec1-ac0c-4d8d-97b7-43df2a10c011\u0026pf_rd_s\u003dmobile-hybrid-7\u0026pf_rd_t\u003d30901\u0026pf_rd_i\u003d1841388071\u0026pf_rd_m\u003dA1AJ19PSB66TGU\u0026pf_rd_r\u003dWS3XQDM5A14QM8C7G5ES\u0026pf_rd_r\u003dWS3XQDM5A14QM8C7G5ES\u0026pf_rd_p\u003d2d443ec1-ac0c-4d8d-97b7-43df2a10c011"},{"Bounds":{"bottom":145,"left":16,"right":704,"top":143},"Classname":"android.view.View","Packagename":"cn.amazon.mShop.android","Text":"ref\u003dmh_agsbrand4_US_fine?node\u003d1558889071\u0026pf_rd_p\u003d2d443ec1-ac0c-4d8d-97b7-43df2a10c011\u0026pf_rd_s\u003dmobile-hybrid-7\u0026pf_rd_t\u003d30901\u0026pf_rd_i\u003d1841388071\u0026pf_rd_m\u003dA1AJ19PSB66TGU\u0026pf_rd_r\u003dWS3XQDM5A14QM8C7G5ES\u0026pf_rd_r\u003dWS3XQDM5A14QM8C7G5ES\u0026pf_rd_p\u003d2d443ec1-ac0c-4d8d-97b7-43df2a10c011"},{"Bounds":{"bottom":265,"left":16,"right":704,"top":143},"Classname":"android.view.View","Packagename":"cn.amazon.mShop.android","Text":"ref\u003dmh_agsbrand5_US_fine?node\u003d1837113071\u0026pf_rd_p\u003d2d443ec1-ac0c-4d8d-97b7-43df2a10c011\u0026pf_rd_s\u003dmobile-hybrid-7\u0026pf_rd_t\u003d30901\u0026pf_rd_i\u003d1841388071\u0026pf_rd_m\u003dA1AJ19PSB66TGU\u0026pf_rd_r\u003dWS3XQDM5A14QM8C7G5ES\u0026pf_rd_r\u003dWS3XQDM5A14QM8C7G5ES\u0026pf_rd_p\u003d2d443ec1-ac0c-4d8d-97b7-43df2a10c011"},{"Bounds":{"bottom":521,"left":16,"right":704,"top":275},"Classname":"android.view.View","Packagename":"cn.amazon.mShop.android","Text":"ref\u003dmh_agsbrand6_US_fine?srs\u003d1546136071\u0026rh\u003di%3Abeauty%2Cp_89%3AAveeno%20%E8%89%BE%E7%BB%B4%E8%AF%BA\u0026bbn\u003d1403206071\u0026rw_html_to_wsrp\u003d1\u0026pf_rd_p\u003d2d443ec1-ac0c-4d8d-97b7-43df2a10c011\u0026pf_rd_s\u003dmobile-hybrid-7\u0026pf_rd_t\u003d30901\u0026pf_rd_i\u003d1841388071\u0026pf_rd_m\u003dA1AJ19PSB66TGU\u0026pf_rd_r\u003dWS3XQDM5A14QM8C7G5ES\u0026pf_rd_r\u003dWS3XQDM5A14QM8C7G5ES\u0026pf_rd_p\u003d2d443ec1-ac0c-4d8d-97b7-43df2a10c011"},{"Bounds":{"bottom":775,"left":16,"right":704,"top":531},"Classname":"android.view.View","Packagename":"cn.amazon.mShop.android","Text":"ref\u003dmh_agsbrand7_US_fine?srs\u003d1830653071\u0026rh\u003di%3Ahpc%2Cn%3A852803051%2Cn%3A%21852804051%2Cn%3A836317051%2Cp_6%3AA2EDK7H33M5FFG%7CA3TEGLC21NOO5Y\u0026bbn\u003d836317051\u0026rw_html_to_wsrp\u003d1\u0026pf_rd_p\u003d2d443ec1-ac0c-4d8d-97b7-43df2a10c011\u0026pf_rd_s\u003dmobile-hybrid-7\u0026pf_rd_t\u003d30901\u0026pf_rd_i\u003d1841388071\u0026pf_rd_m\u003dA1AJ19PSB66TGU\u0026pf_rd_r\u003dWS3XQDM5A14QM8C7G5ES\u0026pf_rd_r\u003dWS3XQDM5A14QM8C7G5ES\u0026pf_rd_p\u003d2d443ec1-ac0c-4d8d-97b7-43df2a10c011"},{"Bounds":{"bottom":1031,"left":16,"right":704,"top":785},"Classname":"android.view.View","Packagename":"cn.amazon.mShop.android","Text":"ref\u003dmh_agsbrand8_US_fine?rh\u003di%3Aapparel%2Ck%3AAlpha%20Industry%2Cn%3A1403206071%2Cn%3A2016156051\u0026bbn\u003d1403206071\u0026sort\u003dpopularity-rank\u0026rw_html_to_wsrp\u003d1\u0026pf_rd_p\u003d2d443ec1-ac0c-4d8d-97b7-43df2a10c011\u0026pf_rd_s\u003dmobile-hybrid-7\u0026pf_rd_t\u003d30901\u0026pf_rd_i\u003d1841388071\u0026pf_rd_m\u003dA1AJ19PSB66TGU\u0026pf_rd_r\u003dWS3XQDM5A14QM8C7G5ES\u0026pf_rd_r\u003dWS3XQDM5A14QM8C7G5ES\u0026pf_rd_p\u003d2d443ec1-ac0c-4d8d-97b7-43df2a10c011"},{"Bounds":{"bottom":1280,"left":16,"right":704,"top":1041},"Classname":"android.view.View","Packagename":"cn.amazon.mShop.android","Text":"ref\u003dmh_agsbrand9_US_fine?srs\u003d1494169071\u0026rh\u003di%3Ababy%2Cn%3A42692071%2Cn%3A%2142693071%2Cn%3A79192071%2Cp_n_special_merchandising_browse-bin%3A1414288071\u0026bbn\u003d79192071\u0026rw_html_to_wsrp\u003d1\u0026pf_rd_p\u003d2d443ec1-ac0c-4d8d-97b7-43df2a10c011\u0026pf_rd_s\u003dmobile-hybrid-7\u0026pf_rd_t\u003d30901\u0026pf_rd_i\u003d1841388071\u0026pf_rd_m\u003dA1AJ19PSB66TGU\u0026pf_rd_r\u003dWS3XQDM5A14QM8C7G5ES\u0026pf_rd_r\u003dWS3XQDM5A14QM8C7G5ES\u0026pf_rd_p\u003d2d443ec1-ac0c-4d8d-97b7-43df2a10c011"},{"Bounds":{"bottom":1280,"left":16,"right":704,"top":1279},"Classname":"android.view.View","Packagename":"cn.amazon.mShop.android","Text":"ref\u003dmh_agsbrand10_US_fine?rh\u003di%3Aaps%2Ck%3Acoach%2Cp_n_special_merchandising_browse-bin%3A1414288071%2Cp_89%3ACoach%20%E8%94%BB%E9%A9%B0\u0026rw_html_to_wsrp\u003d1\u0026pf_rd_p\u003d2d443ec1-ac0c-4d8d-97b7-43df2a10c011\u0026pf_rd_s\u003dmobile-hybrid-7\u0026pf_rd_t\u003d30901\u0026pf_rd_i\u003d1841388071\u0026pf_rd_m\u003dA1AJ19PSB66TGU\u0026pf_rd_r\u003dWS3XQDM5A14QM8C7G5ES\u0026pf_rd_r\u003dWS3XQDM5A14QM8C7G5ES\u0026pf_rd_p\u003d2d443ec1-ac0c-4d8d-97b7-43df2a10c011"},{"Bounds":{"bottom":1280,"left":16,"right":704,"top":1279},"Classname":"android.view.View","Packagename":"cn.amazon.mShop.android","Text":"ref\u003dmh_agsbrand11_US_fine?rh\u003di%3Asporting%2Cn%3A836312051%2Cn%3A%212146658051%2Cn%3A%212146660051%2Cn%3A1546066071%2Cp_n_special_merchandising_browse-bin%3A1414288071\u0026bbn\u003d1546066071\u0026rw_html_to_wsrp\u003d1\u0026pf_rd_p\u003d10301b92-8052-4f83-94e8-735aa6168ab9\u0026pf_rd_s\u003dmobile-hybrid-8\u0026pf_rd_t\u003d30901\u0026pf_rd_i\u003d1841388071\u0026pf_rd_m\u003dA1AJ19PSB66TGU\u0026pf_rd_r\u003dWS3XQDM5A14QM8C7G5ES\u0026pf_rd_r\u003dWS3XQDM5A14QM8C7G5ES\u0026pf_rd_p\u003d10301b92-8052-4f83-94e8-735aa6168ab9"},{"Bounds":{"bottom":1280,"left":16,"right":704,"top":1279},"Classname":"android.view.View","Packagename":"cn.amazon.mShop.android","Text":"ref\u003dmh_agsbrand12_US_fine?rh\u003di%3Ashoes%2Cn%3A2029189051%2Cn%3A%212146652051%2Cn%3A%212146654051%2Cn%3A1778852071%2Cp_n_special_merchandising_browse-bin%3A1414288071\u0026bbn\u003d1778852071\u0026rw_html_to_wsrp\u003d1\u0026pf_rd_p\u003d10301b92-8052-4f83-94e8-735aa6168ab9\u0026pf_rd_s\u003dmobile-hybrid-8\u0026pf_rd_t\u003d30901\u0026pf_rd_i\u003d1841388071\u0026pf_rd_m\u003dA1AJ19PSB66TGU\u0026pf_rd_r\u003dWS3XQDM5A14QM8C7G5ES\u0026pf_rd_r\u003dWS3XQDM5A14QM8C7G5ES\u0026pf_rd_p\u003d10301b92-8052-4f83-94e8-735aa6168ab9"},{"Bounds":{"bottom":1280,"left":16,"right":704,"top":1279},"Classname":"android.view.View","Packagename":"cn.amazon.mShop.android","Text":"ref\u003dmh_agsbrand13_US_fine?rh\u003di%3Aapparel%2Cn%3A2016156051%2Cn%3A%212146610051%2Cn%3A%212146611051%2Cn%3A1480729071%2Cp_n_special_merchandising_browse-bin%3A1414288071\u0026bbn\u003d1480729071\u0026rw_html_to_wsrp\u003d1\u0026pf_rd_p\u003d10301b92-8052-4f83-94e8-735aa6168ab9\u0026pf_rd_s\u003dmobile-hybrid-8\u0026pf_rd_t\u003d30901\u0026pf_rd_i\u003d1841388071\u0026pf_rd_m\u003dA1AJ19PSB66TGU\u0026pf_rd_r\u003dWS3XQDM5A14QM8C7G5ES\u0026pf_rd_r\u003dWS3XQDM5A14QM8C7G5ES\u0026pf_rd_p\u003d10301b92-8052-4f83-94e8-735aa6168ab9"},{"Bounds":{"bottom":1280,"left":16,"right":704,"top":1279},"Classname":"android.view.View","Packagename":"cn.amazon.mShop.android","Text":"ref\u003dmh_agsbrand14_US_fine?rh\u003di%3Ashoes%2Cn%3A2029189051%2Ck%3APUMA%2Cp_6%3AA3TEGLC21NOO5Y%7CA2EDK7H33M5FFG%7CA26HDXW89ZT98L%2Cp_n_special_merchandising_browse-bin%3A1414288071\u0026rw_html_to_wsrp\u003d1\u0026pf_rd_p\u003d10301b92-8052-4f83-94e8-735aa6168ab9\u0026pf_rd_s\u003dmobile-hybrid-8\u0026pf_rd_t\u003d30901\u0026pf_rd_i\u003d1841388071\u0026pf_rd_m\u003dA1AJ19PSB66TGU\u0026pf_rd_r\u003dWS3XQDM5A14QM8C7G5ES\u0026pf_rd_r\u003dWS3XQDM5A14QM8C7G5ES\u0026pf_rd_p\u003d10301b92-8052-4f83-94e8-735aa6168ab9"},{"Bounds":{"bottom":1280,"left":16,"right":704,"top":1279},"Classname":"android.view.View","Packagename":"cn.amazon.mShop.android","Text":"ref\u003dmh_agsbrand15_US_fine?rh\u003di%3Aapparel%2Ck%3Amichael%20kors%2Cn%3A1403206071%2Cn%3A2016156051%2Cp_n_special_merchandising_browse-bin%3A1414288071\u0026bbn\u003d1403206071\u0026rw_html_to_wsrp\u003d1\u0026pf_rd_p\u003d10301b92-8052-4f83-94e8-735aa6168ab9\u0026pf_rd_s\u003dmobile-hybrid-8\u0026pf_rd_t\u003d30901\u0026pf_rd_i\u003d1841388071\u0026pf_rd_m\u003dA1AJ19PSB66TGU\u0026pf_rd_r\u003dWS3XQDM5A14QM8C7G5ES\u0026pf_rd_r\u003dWS3XQDM5A14QM8C7G5ES\u0026pf_rd_p\u003d10301b92-8052-4f83-94e8-735aa6168ab9"},{"Bounds":{"bottom":1280,"left":16,"right":704,"top":1279},"Classname":"android.view.View","Packagename":"cn.amazon.mShop.android","Text":"ref\u003dmh_agsbrand16_US_fine?rh\u003dn%3A746776051%2Ck%3ABurt%27s%20Bees%20%E5%B0%8F%E8%9C%9C%E8%9C%82%2Cp_n_special_merchandising_browse-bin%3A1414288071\u0026rw_html_to_wsrp\u003d1\u0026pf_rd_p\u003d10301b92-8052-4f83-94e8-735aa6168ab9\u0026pf_rd_s\u003dmobile-hybrid-8\u0026pf_rd_t\u003d30901\u0026pf_rd_i\u003d1841388071\u0026pf_rd_m\u003dA1AJ19PSB66TGU\u0026pf_rd_r\u003dWS3XQDM5A14QM8C7G5ES\u0026pf_rd_r\u003dWS3XQDM5A14QM8C7G5ES\u0026pf_rd_p\u003d10301b92-8052-4f83-94e8-735aa6168ab9"},{"Bounds":{"bottom":1280,"left":16,"right":704,"top":1279},"Classname":"android.view.View","Packagename":"cn.amazon.mShop.android","Text":"ref\u003dmh_agsbrand17_US_fine?rh\u003di%3Ahome%2Ck%3Athermos%2Cn%3A1403206071%2Cn%3A2016126051%2Cp_n_special_merchandising_browse-bin%3A1414288071%2Cp_n_global_store_origin_marketplace%3A1827360071%7C1844252071%7C1879515071%7C1901313071%2Cp_89%3ATHERMOS%20%E8%86%B3%E9%AD%94%E5%B8%88\u0026bbn\u003d1403206071\u0026rw_html_to_wsrp\u003d1\u0026pf_rd_p\u003d10301b92-8052-4f83-94e8-735aa6168ab9\u0026pf_rd_s\u003dmobile-hybrid-8\u0026pf_rd_t\u003d30901\u0026pf_rd_i\u003d1841388071\u0026pf_rd_m\u003dA1AJ19PSB66TGU\u0026pf_rd_r\u003dWS3XQDM5A14QM8C7G5ES\u0026pf_rd_r\u003dWS3XQDM5A14QM8C7G5ES\u0026pf_rd_p\u003d10301b92-8052-4f83-94e8-735aa6168ab9"},{"Bounds":{"bottom":1280,"left":16,"right":704,"top":1279},"Classname":"android.view.View","Packagename":"cn.amazon.mShop.android","Text":"ref\u003dmh_agsbrand18_US_fine?rh\u003di%3Ajewelry%2Ck%3ASwarovski%2Cn%3A1403206071%2Cn%3A816482051%2Cp_n_special_merchandising_browse-bin%3A1414288071\u0026bbn\u003d1403206071\u0026rw_html_to_wsrp\u003d1\u0026pf_rd_p\u003d10301b92-8052-4f83-94e8-735aa6168ab9\u0026pf_rd_s\u003dmobile-hybrid-8\u0026pf_rd_t\u003d30901\u0026pf_rd_i\u003d1841388071\u0026pf_rd_m\u003dA1AJ19PSB66TGU\u0026pf_rd_r\u003dWS3XQDM5A14QM8C7G5ES\u0026pf_rd_r\u003dWS3XQDM5A14QM8C7G5ES\u0026pf_rd_p\u003d10301b92-8052-4f83-94e8-735aa6168ab9"},{"Bounds":{"bottom":1280,"left":16,"right":704,"top":1279},"Classname":"android.view.View","Packagename":"cn.amazon.mShop.android","Text":"ref\u003dmh_agsbrand19_US_fine?rh\u003di%3Aaps%2Ck%3AContigo%2Cp_n_special_merchandising_browse-bin%3A1414288071\u0026rw_html_to_wsrp\u003d1\u0026pf_rd_p\u003d10301b92-8052-4f83-94e8-735aa6168ab9\u0026pf_rd_s\u003dmobile-hybrid-8\u0026pf_rd_t\u003d30901\u0026pf_rd_i\u003d1841388071\u0026pf_rd_m\u003dA1AJ19PSB66TGU\u0026pf_rd_r\u003dWS3XQDM5A14QM8C7G5ES\u0026pf_rd_r\u003dWS3XQDM5A14QM8C7G5ES\u0026pf_rd_p\u003d10301b92-8052-4f83-94e8-735aa6168ab9"},{"Bounds":{"bottom":1280,"left":16,"right":704,"top":1279},"Classname":"android.view.View","Packagename":"cn.amazon.mShop.android","Text":"ref\u003dmh_agsbrand20_US_fine?rh\u003di%3Aapparel%2Cn%3A2016156051%2Cn%3A%212146610051%2Cn%3A%212146612051%2Cn%3A1536482071%2Cp_n_special_merchandising_browse-bin%3A1414288071\u0026bbn\u003d1536482071\u0026rw_html_to_wsrp\u003d1\u0026pf_rd_p\u003d10301b92-8052-4f83-94e8-735aa6168ab9\u0026pf_rd_s\u003dmobile-hybrid-8\u0026pf_rd_t\u003d30901\u0026pf_rd_i\u003d1841388071\u0026pf_rd_m\u003dA1AJ19PSB66TGU\u0026pf_rd_r\u003dWS3XQDM5A14QM8C7G5ES\u0026pf_rd_r\u003dWS3XQDM5A14QM8C7G5ES\u0026pf_rd_p\u003d10301b92-8052-4f83-94e8-735aa6168ab9"},{"Bounds":{"bottom":1280,"left":16,"right":704,"top":1279},"Classname":"android.widget.Image","Packagename":"cn.amazon.mShop.android","Text":""},{"Bounds":{"bottom":1280,"left":16,"right":704,"top":1279},"Classname":"android.view.View","Packagename":"cn.amazon.mShop.android","Text":"?node\u003d1756067071\u0026pf_rd_p\u003dece77d22-a75e-4689-95f4-f875aa4b5a39\u0026pf_rd_s\u003dmobile-hybrid-9\u0026pf_rd_t\u003d30901\u0026pf_rd_i\u003d1841388071\u0026pf_rd_m\u003dA1AJ19PSB66TGU\u0026pf_rd_r\u003dWS3XQDM5A14QM8C7G5ES\u0026pf_rd_r\u003dWS3XQDM5A14QM8C7G5ES\u0026pf_rd_p\u003dece77d22-a75e-4689-95f4-f875aa4b5a39"},{"Bounds":{"bottom":1280,"left":16,"right":704,"top":1279},"Classname":"android.view.View","Packagename":"cn.amazon.mShop.android","Text":"与您浏览过的商品相关的推荐"},{"Bounds":{"bottom":1280,"left":20,"right":210,"top":1279},"Classname":"android.view.View","Packagename":"cn.amazon.mShop.android","Text":"Lenovo 联想 ThinkPad T 420 商务笔记本电脑 14 \"，Intel Core i5，4 GB RAM，160 GB 硬盘，WLAN，网络摄像头，DVD 驱动器，win10 专业版（经认证和翻新）"},{"Bounds":{"bottom":1280,"left":20,"right":210,"top":1279},"Classname":"android.view.View","Packagename":"cn.amazon.mShop.android","Text":"Lenovo 联想 ThinkPad T 420 商务笔记本电脑 14..."},{"Bounds":{"bottom":1280,"left":20,"right":210,"top":1279},"Classname":"android.view.View","Packagename":"cn.amazon.mShop.android","Text":"￥ 1,750.71  "},{"Bounds":{"bottom":1280,"left":250,"right":440,"top":1279},"Classname":"android.view.View","Packagename":"cn.amazon.mShop.android","Text":"  "},{"Bounds":{"bottom":1280,"left":250,"right":440,"top":1279},"Classname":"android.view.View","Packagename":"cn.amazon.mShop.android","Text":"HP 惠普1UR51EA#ABD 17-bs001ng 笔记本电脑 黑色"},{"Bounds":{"bottom":1280,"left":250,"right":440,"top":1279},"Classname":"android.view.View","Packagename":"cn.amazon.mShop.android","Text":"￥ 2,266.76  "},{"Bounds":{"bottom":1280,"left":480,"right":670,"top":1279},"Classname":"android.view.View","Packagename":"cn.amazon.mShop.android","Text":"HP 惠普 EliteBook 8470p 商务笔记本电脑 14 \"， Intel Core i5，4 GB RAM， 320 GB HDD，WLAN， 网络摄像头 ，USB 3.0，Win10Pro （经认证和翻新）"},{"Bounds":{"bottom":1280,"left":480,"right":670,"top":1279},"Classname":"android.view.View","Packagename":"cn.amazon.mShop.android","Text":"HP 惠普 EliteBook 8470p 商务笔记本电脑 14..."},{"Bounds":{"bottom":1280,"left":480,"right":670,"top":1279},"Classname":"android.view.View","Packagename":"cn.amazon.mShop.android","Text":"￥ 2,264.00  "},{"Bounds":{"bottom":1280,"left":16,"right":704,"top":1279},"Classname":"android.widget.Image","Packagename":"cn.amazon.mShop.android","Text":""},{"Bounds":{"bottom":1280,"left":16,"right":704,"top":1279},"Classname":"android.view.View","Packagename":"cn.amazon.mShop.android","Text":"s?srs\u003d1494170071\u0026rh\u003di%3Atoys-and-games%2Cn%3A647070051%2Cp_n_special_merchandising_browse-bin%3A1414288071%2Cp_6%3AA2EDK7H33M5FFG\u0026bbn\u003d647070051\u0026rw_html_to_wsrp\u003d1\u0026pf_rd_p\u003d9267dcf0-af2b-486c-9091-61fc03f99147\u0026pf_rd_s\u003dmobile-hybrid-11\u0026pf_rd_t\u003d30901\u0026pf_rd_i\u003d1841388071\u0026pf_rd_m\u003dA1AJ19PSB66TGU\u0026pf_rd_r\u003dWS3XQDM5A14QM8C7G5ES\u0026pf_rd_r\u003dWS3XQDM5A14QM8C7G5ES\u0026pf_rd_p\u003d9267dcf0-af2b-486c-9091-61fc03f99147"},{"Bounds":{"bottom":1280,"left":16,"right":704,"top":1279},"Classname":"android.view.View","Packagename":"cn.amazon.mShop.android","Text":"母婴玩具卖单品推荐"},{"Bounds":{"bottom":1280,"left":20,"right":210,"top":1279},"Classname":"android.view.View","Packagename":"cn.amazon.mShop.android","Text":"Comotomo 可么多么奶瓶，绿色，8 Ounces（227g）两只装"},{"Bounds":{"bottom":1280,"left":20,"right":210,"top":1279},"Classname":"android.view.View","Packagename":"cn.amazon.mShop.android","Text":"Comotomo 可么多么奶瓶，绿色，8 Ounces（227g）两只装"},{"Bounds":{"bottom":1280,"left":20,"right":210,"top":1279},"Classname":"android.view.View","Packagename":"cn.amazon.mShop.android","Text":"COMOTOMO 可么多么"},{"Bounds":{"bottom":1280,"left":20,"right":210,"top":1279},"Classname":"android.view.View","Packagename":"cn.amazon.mShop.android","Text":"￥ 202.99  "},{"Bounds":{"bottom":1280,"left":250,"right":440,"top":1279},"Classname":"android.view.View","Packagename":"cn.amazon.mShop.android","Text":"Think Fun 重力逃生迷宫"},{"Bounds":{"bottom":1280,"left":250,"right":440,"top":1279},"Classname":"android.view.View","Packagename":"cn.amazon.mShop.android","Text":"Think Fun 重力逃生迷宫"},{"Bounds":{"bottom":1280,"left":250,"right":440,"top":1279},"Classname":"android.view.View","Packagename":"cn.amazon.mShop.android","Text":"￥ 224.03  "},{"Bounds":{"bottom":1280,"left":480,"right":670,"top":1279},"Classname":"android.view.View","Packagename":"cn.amazon.mShop.android","Text":"Marvel Legends 漫威超级英雄系列钢铁侠角色扮演头盔，双眼处带 LED 灯，配备电子音效和可拆式磁化面板，红色和金色，均码，可调节，适合 15 岁以上用户"},{"Bounds":{"bottom":1280,"left":480,"right":670,"top":1279},"Classname":"android.view.View","Packagename":"cn.amazon.mShop.android","Text":"Marvel Legends 漫威超级英雄系列钢铁侠角色扮演头盔，双眼处带..."},{"Bounds":{"bottom":1280,"left":480,"right":670,"top":1279},"Classname":"android.view.View","Packagename":"cn.amazon.mShop.android","Text":"Avengers"},{"Bounds":{"bottom":1280,"left":480,"right":670,"top":1279},"Classname":"android.view.View","Packagename":"cn.amazon.mShop.android","Text":"￥ 3,301.25  "},{"Bounds":{"bottom":1280,"left":16,"right":704,"top":1279},"Classname":"android.view.View","Packagename":"cn.amazon.mShop.android","Text":"s?rh\u003di%3Aapparel%2Cn%3A1403206071%2Cn%3A2016156051%2Cn%3A%212016157051%2Cn%3A865184051\u0026bbn\u003d1403206071\u0026sort\u003dpopularity-rank\u0026rw_html_to_wsrp\u003d1\u0026pf_rd_p\u003dc6d0e5b6-effc-4f3a-9bcc-e64a24585f92\u0026pf_rd_s\u003dmobile-hybrid-13\u0026pf_rd_t\u003d30901\u0026pf_rd_i\u003d1841388071\u0026pf_rd_m\u003dA1AJ19PSB66TGU\u0026pf_rd_r\u003dWS3XQDM5A14QM8C7G5ES\u0026pf_rd_r\u003dWS3XQDM5A14QM8C7G5ES\u0026pf_rd_p\u003dc6d0e5b6-effc-4f3a-9bcc-e64a24585f92"},{"Bounds":{"bottom":1280,"left":16,"right":704,"top":1279},"Classname":"android.view.View","Packagename":"cn.amazon.mShop.android","Text":"大牌箱包热卖单品推荐"},{"Bounds":{"bottom":1280,"left":20,"right":210,"top":1279},"Classname":"android.view.View","Packagename":"cn.amazon.mShop.android","Text":"  "},{"Bounds":{"bottom":1280,"left":20,"right":210,"top":1279},"Classname":"android.view.View","Packagename":"cn.amazon.mShop.android","Text":"Rebecca Minkoff 菱格小包,海军蓝,均码"},{"Bounds":{"bottom":1280,"left":20,"right":210,"top":1279},"Classname":"android.view.View","Packagename":"cn.amazon.mShop.android","Text":"Rebecca Minkoff 瑞贝卡 明可弗"},{"Bounds":{"bottom":1280,"left":20,"right":210,"top":1279},"Classname":"android.view.View","Packagename":"cn.amazon.mShop.android","Text":"￥ 1,247.53  "},{"Bounds":{"bottom":1280,"left":250,"right":440,"top":1279},"Classname":"android.view.View","Packagename":"cn.amazon.mShop.android","Text":"  "},{"Bounds":{"bottom":1280,"left":250,"right":440,"top":1279},"Classname":"android.view.View","Packagename":"cn.amazon.mShop.android","Text":"Rebecca Minkoff Cleo Wallet On A..."},{"Bounds":{"bottom":1280,"left":250,"right":440,"top":1279},"Classname":"android.view.View","Packagename":"cn.amazon.mShop.android","Text":"Rebecca Minkoff 瑞贝卡 明可弗"},{"Bounds":{"bottom":1280,"left":250,"right":440,"top":1279},"Classname":"android.view.View","Packagename":"cn.amazon.mShop.android","Text":"￥ 559.74  "},{"Bounds":{"bottom":1280,"left":480,"right":670,"top":1279},"Classname":"android.view.View","Packagename":"cn.amazon.mShop.android","Text":"  "},{"Bounds":{"bottom":1280,"left":480,"right":670,"top":1279},"Classname":"android.view.View","Packagename":"cn.amazon.mShop.android","Text":"Rebecca Minkoff 瑞贝卡·明可弗 Regan..."},{"Bounds":{"bottom":1280,"left":480,"right":670,"top":1279},"Classname":"android.view.View","Packagename":"cn.amazon.mShop.android","Text":"Rebecca Minkoff 瑞贝卡 明可弗"},{"Bounds":{"bottom":1280,"left":480,"right":670,"top":1279},"Classname":"android.view.View","Packagename":"cn.amazon.mShop.android","Text":"￥ 1,247.53  "},{"Bounds":{"bottom":1280,"left":16,"right":704,"top":1279},"Classname":"android.view.View","Packagename":"cn.amazon.mShop.android","Text":"s?rh\u003di%3Amusic-players%2Cn%3A1403206071%2Cn%3A2016116051%2Cn%3A%212016117051%2Cn%3A760233051%2Cn%3A1397649071\u0026bbn\u003d1403206071\u0026rw_html_to_wsrp\u003d1\u0026pf_rd_p\u003d90b15039-515c-49ed-8b68-c5cd2fe132a6\u0026pf_rd_s\u003dmobile-hybrid-15\u0026pf_rd_t\u003d30901\u0026pf_rd_i\u003d1841388071\u0026pf_rd_m\u003dA1AJ19PSB66TGU\u0026pf_rd_r\u003dWS3XQDM5A14QM8C7G5ES\u0026pf_rd_r\u003dWS3XQDM5A14QM8C7G5ES\u0026pf_rd_p\u003d90b15039-515c-49ed-8b68-c5cd2fe132a6"},{"Bounds":{"bottom":1280,"left":16,"right":704,"top":1279},"Classname":"android.view.View","Packagename":"cn.amazon.mShop.android","Text":"数码影音热卖单品推荐"},{"Bounds":{"bottom":1280,"left":20,"right":210,"top":1279},"Classname":"android.view.View","Packagename":"cn.amazon.mShop.android","Text":"Sony MDR10RNCIP iPad/iPhone/iPod Noise-Canceling Wired Headphones (White)"},{"Bounds":{"bottom":1280,"left":20,"right":210,"top":1279},"Classname":"android.view.View","Packagename":"cn.amazon.mShop.android","Text":"Sony MDR10RNCIP iPad/iPhone/iPod..."},{"Bounds":{"bottom":1280,"left":20,"right":210,"top":1279},"Classname":"android.view.View","Packagename":"cn.amazon.mShop.android","Text":"Sony 索尼"},{"Bounds":{"bottom":1280,"left":20,"right":210,"top":1279},"Classname":"android.view.View","Packagename":"cn.amazon.mShop.android","Text":"￥ 866.24  "},{"Bounds":{"bottom":1280,"left":250,"right":440,"top":1279},"Classname":"android.view.View","Packagename":"cn.amazon.mShop.android","Text":"Sennheiser 森海塞尔 PXC 550 蓝牙降噪 耳机"},{"Bounds":{"bottom":1280,"left":250,"right":440,"top":1279},"Classname":"android.view.View","Packagename":"cn.amazon.mShop.android","Text":"Sennheiser 森海塞尔 PXC 550 蓝牙降噪 耳机"},{"Bounds":{"bottom":1280,"left":250,"right":418,"top":1279},"Classname":"android.view.View","Packagename":"cn.amazon.mShop.android","Text":"￥ 2,329.00  "},{"Bounds":{"bottom":1280,"left":250,"right":358,"top":1279},"Classname":"android.widget.Image","Packagename":"cn.amazon.mShop.android","Text":"Prime"},{"Bounds":{"bottom":1280,"left":480,"right":670,"top":1279},"Classname":"android.view.View","Packagename":"cn.amazon.mShop.android","Text":"Sennheiser森海塞尔HD 700耳机 （插头¼“（6.3毫米）立体声）"},{"Bounds":{"bottom":1280,"left":480,"right":670,"top":1279},"Classname":"android.view.View","Packagename":"cn.amazon.mShop.android","Text":"Sennheiser森海塞尔HD 700耳机 （插头¼“（6.3毫米）立体声）"},{"Bounds":{"bottom":1280,"left":480,"right":670,"top":1279},"Classname":"android.view.View","Packagename":"cn.amazon.mShop.android","Text":"Sennheiser 森海塞尔"},{"Bounds":{"bottom":1280,"left":480,"right":670,"top":1279},"Classname":"android.view.View","Packagename":"cn.amazon.mShop.android","Text":"￥ 3,186.31  "},{"Bounds":{"bottom":1280,"left":16,"right":704,"top":1279},"Classname":"android.view.View","Packagename":"cn.amazon.mShop.android","Text":"s?rh\u003di%3Aoffice-products%2Cn%3A1403206071%2Cn%3A2127221051\u0026bbn\u003d1403206071\u0026rw_html_to_wsrp\u003d1\u0026pf_rd_p\u003d7745b6ed-efe1-4cc9-a9e1-037d7b92c25c\u0026pf_rd_s\u003dmobile-hybrid-17\u0026pf_rd_t\u003d30901\u0026pf_rd_i\u003d1841388071\u0026pf_rd_m\u003dA1AJ19PSB66TGU\u0026pf_rd_r\u003dWS3XQDM5A14QM8C7G5ES\u0026pf_rd_r\u003dWS3XQDM5A14QM8C7G5ES\u0026pf_rd_p\u003d7745b6ed-efe1-4cc9-a9e1-037d7b92c25c"},{"Bounds":{"bottom":1280,"left":16,"right":704,"top":1279},"Classname":"android.view.View","Packagename":"cn.amazon.mShop.android","Text":"办公用品热卖单品推荐"},{"Bounds":{"bottom":1280,"left":20,"right":210,"top":1279},"Classname":"android.view.View","Packagename":"cn.amazon.mShop.android","Text":"Canon 佳能 PIXMA MX922 无线办公室多合一打印机"},{"Bounds":{"bottom":1280,"left":20,"right":210,"top":1279},"Classname":"android.view.View","Packagename":"cn.amazon.mShop.android","Text":"Canon 佳能 PIXMA MX922 无线办公室多合一打印机"},{"Bounds":{"bottom":1280,"left":20,"right":210,"top":1279},"Classname":"android.view.View","Packagename":"cn.amazon.mShop.android","Text":"￥ 2,429.15  "},{"Bounds":{"bottom":1280,"left":250,"right":440,"top":1279},"Classname":"android.view.View","Packagename":"cn.amazon.mShop.android","Text":"Pilot MR Animal Collection Fountain Pen Matte Plum with Leopard Accent Medium Nib Black Ink (91133)"},{"Bounds":{"bottom":1280,"left":250,"right":440,"top":1279},"Classname":"android.view.View","Packagename":"cn.amazon.mShop.android","Text":"Pilot MR Animal Collection Fountain..."},{"Bounds":{"bottom":1280,"left":250,"right":440,"top":1279},"Classname":"android.view.View","Packagename":"cn.amazon.mShop.android","Text":"PILOT 百乐"},{"Bounds":{"bottom":1280,"left":250,"right":440,"top":1279},"Classname":"android.view.View","Packagename":"cn.amazon.mShop.android","Text":"￥ 119.73  "},{"Bounds":{"bottom":1280,"left":480,"right":670,"top":1279},"Classname":"android.view.View","Packagename":"cn.amazon.mShop.android","Text":"Boogie Board Jot 8.5 LCD eWriter速记本，蓝色（J32220001）"},{"Bounds":{"bottom":1280,"left":480,"right":670,"top":1279},"Classname":"android.view.View","Packagename":"cn.amazon.mShop.android","Text":"Boogie Board Jot 8.5 LCD eWriter速记本..."},{"Bounds":{"bottom":1280,"left":480,"right":670,"top":1279},"Classname":"android.view.View","Packagename":"cn.amazon.mShop.android","Text":"Boogie board"},{"Bounds":{"bottom":1280,"left":480,"right":670,"top":1279},"Classname":"android.view.View","Packagename":"cn.amazon.mShop.android","Text":"￥ 158.93  "},{"Bounds":{"bottom":1280,"left":16,"right":704,"top":1279},"Classname":"android.view.View","Packagename":"cn.amazon.mShop.android","Text":"Mobile"},{"Bounds":{"bottom":1280,"left":16,"right":438,"top":1279},"Classname":"android.view.View","Packagename":"cn.amazon.mShop.android","Text":"全部分类 中的热门搜索结果"},{"Bounds":{"bottom":1280,"left":16,"right":340,"top":1279},"Classname":"android.view.View","Packagename":"cn.amazon.mShop.android","Text":"Comotomo 可么多么奶瓶，绿色，8 Ounces（227g）两只装 Comotomo 可么多么奶瓶，绿色，8 Ounces（227g）两只装 COMOTOMO 可么多么 ￥202.99 ￥148.91 5 种购买选项 平均 4.4 星 (822)"},{"Bounds":{"bottom":1280,"left":360,"right":684,"top":1279},"Classname":"android.view.View","Packagename":"cn.amazon.mShop.android","Text":"【自营】 美国 Munchkin 满趣健 炙手可热婴幼儿安全汤匙，4支装MK43682 【自营】 美国 Munchkin 满趣健 炙手可热婴幼儿安全汤匙，4支装MK43682 Munchkin 满趣健 ￥59.00 ￥40.00 7 种购买选项 平均 4.6 星 (288)"},{"Bounds":{"bottom":1280,"left":16,"right":340,"top":1279},"Classname":"android.view.View","Packagename":"cn.amazon.mShop.android","Text":"OLAY 玉兰油 超润身体乳液 含有乳木果油和维生素E及B3，20.2盎司（600ml/瓶）2瓶装 OLAY 玉兰油 超润身体乳液 含有乳木果油和维生素E及B3，20.2盎司（600ml/瓶）2瓶装 OLAY 玉兰油 ￥167.00 ￥118.77 7 种购买选项 平均 4.4 星 (59)"},{"Bounds":{"bottom":1280,"left":360,"right":684,"top":1279},"Classname":"android.view.View","Packagename":"cn.amazon.mShop.android","Text":"Move Free维骨力氨基葡萄糖软骨素二甲基砜透明质酸联合补充剂 120粒 Move Free维骨力氨基葡萄糖软骨素二甲基砜透明质酸联合补充剂 120粒 Move Free ￥132.75 ￥132.75 3 种购买选项 平均 4.3 星 (155)"},{"Bounds":{"bottom":1280,"left":16,"right":340,"top":1279},"Classname":"android.view.View","Packagename":"cn.amazon.mShop.android","Text":"Champion 男士 Classic Jersey 印花 T恤 Champion 男士 Classic Jersey 印花 T恤 Champion ￥82.82 - ￥166.53 平均 4.1 星 (42)"},{"Bounds":{"bottom":1280,"left":360,"right":684,"top":1279},"Classname":"android.view.View","Packagename":"cn.amazon.mShop.android","Text":"Melissa \u0026 Doug 家庭悬挂平衡游戏（31根） Melissa \u0026 Doug 家庭悬挂平衡游戏（31根） Melissa \u0026 Doug ￥105.30 平均 3.7 星 (10)"},{"Bounds":{"bottom":1280,"left":16,"right":340,"top":1279},"Classname":"android.view.View","Packagename":"cn.amazon.mShop.android","Text":"B.Toys 比乐 捏捏乐数字浮雕软积木玩具 无毒可啃咬 牙胶 感官训练 早教 数字形状认知 6个月+ BX1002Z B.Toys 比乐 捏捏乐数字浮雕软积木玩具 无毒可啃咬 牙胶 感官训练 早教 数字形状认知 6个月+ BX1002Z B.toys ￥99.00 ￥99.00 2 种购买选项 平均 4 星 (293)"},{"Bounds":{"bottom":1280,"left":360,"right":684,"top":1279},"Classname":"android.view.View","Packagename":"cn.amazon.mShop.android","Text":"SEAGATE 希捷 Backup Plus Hub 8TB外置式桌面硬盘存储器（STEL8000100） SEAGATE 希捷 Backup Plus Hub 8TB外置式桌面硬盘存储器（STEL8000100） SEAGATE ￥982.99 ￥982.99 7 种购买选项 平均 4.4 星 (143)"},{"Bounds":{"bottom":1280,"left":16,"right":340,"top":1279},"Classname":"android.view.View","Packagename":"cn.amazon.mShop.android","Text":"crocs 伊莎贝拉果冻 II 平底女式凉鞋 crocs 伊莎贝拉果冻 II 平底女式凉鞋 Crocs 卡骆驰 ￥71.20 - ￥320.47 平均 5 星 (2)"},{"Bounds":{"bottom":1280,"left":360,"right":684,"top":1279},"Classname":"android.view.View","Packagename":"cn.amazon.mShop.android","Text":"Champion 男式冠军我们的父亲可调帽配件 Champion 男式冠军我们的父亲可调帽配件 Champion ￥140.48 - ￥140.75 平均 5 星 (2)"},{"Bounds":{"bottom":1280,"left":16,"right":340,"top":1279},"Classname":"android.view.View","Packagename":"cn.amazon.mShop.android","Text":"Earth\u0027s Best 全麦米粉 8盎司(227克)（12包装）（包装随机发货） Earth\u0027s Best 全麦米粉 8盎司(227克)（12包装）（包装随机发货） Earth\u0027s Best 世界最好 ￥313.33(￥3.26/Ounce) 平均 4.4 星 (99)"},{"Bounds":{"bottom":1280,"left":360,"right":684,"top":1279},"Classname":"android.view.View","Packagename":"cn.amazon.mShop.android","Text":"PURSONIC牙刷头 兼容飞利浦Sonicare / Flexcare / Diamond Clean，8支装 PURSONIC牙刷头 兼容飞利浦Sonicare / Flexcare / Diamond Clean，8支装 PURSONIC ￥63.92 ￥63.92 5 种购买选项 平均 4.3 星 (299)"},{"Bounds":{"bottom":1280,"left":16,"right":340,"top":1279},"Classname":"android.view.View","Packagename":"cn.amazon.mShop.android","Text":"mifold Grab-and-Go 安全座椅增高垫 带收纳包，蓝/灰 mifold Grab-and-Go 安全座椅增高垫 带收纳包，蓝/灰 mifold ￥410.00 ￥319.21 3 种购买选项 平均 4.5 星 (41)"},{"Bounds":{"bottom":1280,"left":360,"right":684,"top":1279},"Classname":"android.view.View","Packagename":"cn.amazon.mShop.android","Text":"Learning Resources 抽插式拼接玩具，“海洋”和几何构建组合 Learning Resources 抽插式拼接玩具，“海洋”和几何构建组合 Learning Resources ￥173.75 平均 5 星 (13)"},{"Bounds":{"bottom":1280,"left":0,"right":720,"top":1279},"Classname":"android.view.View","Packagename":"cn.amazon.mShop.android","Text":""},{"Bounds":{"bottom":1280,"left":0,"right":2,"top":1279},"Classname":"android.widget.Image","Packagename":"cn.amazon.mShop.android","Text":""},{"Bounds":{"bottom":1280,"left":2,"right":4,"top":1279},"Classname":"android.widget.Image","Packagename":"cn.amazon.mShop.android","Text":""},{"Bounds":{"bottom":1280,"left":0,"right":720,"top":1279},"Classname":"android.view.View","Packagename":"cn.amazon.mShop.android","Text":""},{"Bounds":{"bottom":1280,"left":0,"right":720,"top":1279},"Classname":"android.view.View","Packagename":"cn.amazon.mShop.android","Text":""},{"Bounds":{"bottom":145,"left":0,"right":720,"top":143},"Classname":"android.view.View","Packagename":"cn.amazon.mShop.android","Text":""},{"Bounds":{"bottom":145,"left":0,"right":720,"top":143},"Classname":"android.view.View","Packagename":"cn.amazon.mShop.android","Text":""}],"packagename":"com.example.a10628.myapplication","width":1080}