{"events":[{"eventname":"TYPE_VIEW_SELECTED","source":{"Bounds":{"bottom":1280,"left":166,"right":286,"top":1797},"Classname":"android.widget.RatingBar","Packagename":"com.douban.frodo","Text":""}}],"height":1920,"hovertime":2740,"nodes":[{"Bounds":{"bottom":0,"left":273,"right":447,"top":0},"Classname":"android.widget.TextView","Packagename":"com.douban.frodo","Text":"下拉有惊喜"},{"Bounds":{"bottom":3,"left":0,"right":92,"top":0},"Classname":"android.widget.TextView","Packagename":"com.douban.frodo","Text":"剧照"},{"Bounds":{"bottom":303,"left":40,"right":414,"top":23},"Classname":"android.widget.ImageView","Packagename":"com.douban.frodo","Text":""},{"Bounds":{"bottom":303,"left":424,"right":720,"top":23},"Classname":"android.widget.ImageView","Packagename":"com.douban.frodo","Text":""},{"Bounds":{"bottom":163,"left":360,"right":360,"top":163},"Classname":"android.widget.FrameLayout","Packagename":"com.douban.frodo","Text":""},{"Bounds":{"bottom":399,"left":28,"right":132,"top":363},"Classname":"android.widget.TextView","Packagename":"com.douban.frodo","Text":"获奖记录"},{"Bounds":{"bottom":460,"left":28,"right":272,"top":419},"Classname":"android.widget.TextView","Packagename":"com.douban.frodo","Text":"第13届报知映画赏"},{"Bounds":{"bottom":496,"left":28,"right":692,"top":460},"Classname":"android.widget.TextView","Packagename":"com.douban.frodo","Text":"最佳导演 宫崎骏"},{"Bounds":{"bottom":496,"left":0,"right":720,"top":496},"Classname":"android.widget.LinearLayout","Packagename":"com.douban.frodo","Text":""},{"Bounds":{"bottom":626,"left":150,"right":210,"top":585},"Classname":"android.widget.TextView","Packagename":"com.douban.frodo","Text":"评论"},{"Bounds":{"bottom":626,"left":495,"right":585,"top":585},"Classname":"android.widget.TextView","Packagename":"com.douban.frodo","Text":"讨论区"},{"Bounds":{"bottom":762,"left":0,"right":100,"top":716},"Classname":"android.widget.TextView","Packagename":"com.douban.frodo","Text":"短评"},{"Bounds":{"bottom":764,"left":576,"right":680,"top":716},"Classname":"android.widget.TextView","Packagename":"com.douban.frodo","Text":"写短评"},{"Bounds":{"bottom":864,"left":32,"right":92,"top":804},"Classname":"android.widget.ImageView","Packagename":"com.douban.frodo","Text":""},{"Bounds":{"bottom":848,"left":112,"right":172,"top":807},"Classname":"android.widget.TextView","Packagename":"com.douban.frodo","Text":"寂地"},{"Bounds":{"bottom":840,"left":182,"right":302,"top":816},"Classname":"android.widget.RatingBar","Packagename":"com.douban.frodo","Text":""},{"Bounds":{"bottom":847,"left":312,"right":312,"top":809},"Classname":"android.widget.TextView","Packagename":"com.douban.frodo","Text":""},{"Bounds":{"bottom":852,"left":574,"right":680,"top":804},"Classname":"android.view.View","Packagename":"com.douban.frodo","Text":""},{"Bounds":{"bottom":1014,"left":112,"right":680,"top":856},"Classname":"android.widget.TextView","Packagename":"com.douban.frodo","Text":"那音乐壮丽的响起的时候，觉得心里被一种温暖充满，然后实在控制不住眼泪了，不是因为伤心，而是因为，它给人的感觉，实在美好到无法表达了．"},{"Bounds":{"bottom":1058,"left":112,"right":280,"top":1022},"Classname":"android.widget.TextView","Packagename":"com.douban.frodo","Text":"2006年1月3日"},{"Bounds":{"bottom":1158,"left":32,"right":92,"top":1098},"Classname":"android.widget.ImageView","Packagename":"com.douban.frodo","Text":""},{"Bounds":{"bottom":1142,"left":112,"right":202,"top":1101},"Classname":"android.widget.TextView","Packagename":"com.douban.frodo","Text":"mjxian"},{"Bounds":{"bottom":1134,"left":212,"right":332,"top":1110},"Classname":"android.widget.RatingBar","Packagename":"com.douban.frodo","Text":""},{"Bounds":{"bottom":1141,"left":342,"right":342,"top":1103},"Classname":"android.widget.TextView","Packagename":"com.douban.frodo","Text":""},{"Bounds":{"bottom":1146,"left":574,"right":680,"top":1098},"Classname":"android.view.View","Packagename":"com.douban.frodo","Text":""},{"Bounds":{"bottom":1269,"left":112,"right":680,"top":1150},"Classname":"android.widget.TextView","Packagename":"com.douban.frodo","Text":"如果你在下雨天的车站，遇到被淋湿的妖怪，请把雨伞借给它，你会得到森林的通行证哦"},{"Bounds":{"bottom":1280,"left":112,"right":295,"top":1277},"Classname":"android.widget.TextView","Packagename":"com.douban.frodo","Text":"2012年9月19日"},{"Bounds":{"bottom":1280,"left":32,"right":92,"top":1353},"Classname":"android.widget.ImageView","Packagename":"com.douban.frodo","Text":""},{"Bounds":{"bottom":1280,"left":112,"right":221,"top":1356},"Classname":"android.widget.TextView","Packagename":"com.douban.frodo","Text":"Lan~die"},{"Bounds":{"bottom":1280,"left":231,"right":351,"top":1365},"Classname":"android.widget.RatingBar","Packagename":"com.douban.frodo","Text":""},{"Bounds":{"bottom":1280,"left":361,"right":361,"top":1358},"Classname":"android.widget.TextView","Packagename":"com.douban.frodo","Text":""},{"Bounds":{"bottom":1280,"left":574,"right":680,"top":1353},"Classname":"android.view.View","Packagename":"com.douban.frodo","Text":""},{"Bounds":{"bottom":1280,"left":112,"right":680,"top":1405},"Classname":"android.widget.TextView","Packagename":"com.douban.frodo","Text":"龙猫，好烂漫的幻想。\n消失的乡下风景、慈祥的爷爷奶奶、嬉笑追逐的儿时玩伴，是童年最纯真美好的回忆。"},{"Bounds":{"bottom":1280,"left":112,"right":295,"top":1532},"Classname":"android.widget.TextView","Packagename":"com.douban.frodo","Text":"2007年2月10日"},{"Bounds":{"bottom":1280,"left":32,"right":92,"top":1608},"Classname":"android.widget.ImageView","Packagename":"com.douban.frodo","Text":""},{"Bounds":{"bottom":1280,"left":112,"right":172,"top":1611},"Classname":"android.widget.TextView","Packagename":"com.douban.frodo","Text":"苏比"},{"Bounds":{"bottom":1280,"left":182,"right":302,"top":1620},"Classname":"android.widget.RatingBar","Packagename":"com.douban.frodo","Text":""},{"Bounds":{"bottom":1280,"left":312,"right":312,"top":1613},"Classname":"android.widget.TextView","Packagename":"com.douban.frodo","Text":""},{"Bounds":{"bottom":1280,"left":574,"right":680,"top":1608},"Classname":"android.view.View","Packagename":"com.douban.frodo","Text":""},{"Bounds":{"bottom":1280,"left":112,"right":680,"top":1660},"Classname":"android.widget.TextView","Packagename":"com.douban.frodo","Text":"原来龙猫的戏份这么少啊。"},{"Bounds":{"bottom":1280,"left":112,"right":295,"top":1709},"Classname":"android.widget.TextView","Packagename":"com.douban.frodo","Text":"2011年1月20日"},{"Bounds":{"bottom":1280,"left":32,"right":92,"top":1785},"Classname":"android.widget.ImageView","Packagename":"com.douban.frodo","Text":""},{"Bounds":{"bottom":1280,"left":112,"right":156,"top":1788},"Classname":"android.widget.TextView","Packagename":"com.douban.frodo","Text":"Q。"},{"Bounds":{"bottom":1280,"left":166,"right":286,"top":1797},"Classname":"android.widget.RatingBar","Packagename":"com.douban.frodo","Text":""},{"Bounds":{"bottom":1280,"left":296,"right":296,"top":1790},"Classname":"android.widget.TextView","Packagename":"com.douban.frodo","Text":""},{"Bounds":{"bottom":1280,"left":587,"right":680,"top":1785},"Classname":"android.view.View","Packagename":"com.douban.frodo","Text":""},{"Bounds":{"bottom":1280,"left":112,"right":680,"top":1837},"Classname":"android.widget.TextView","Packagename":"com.douban.frodo","Text":"人人心中都有个龙猫，童年就永远不会消失，爱是最美的拥有～\n\n★★★★★"},{"Bounds":{"bottom":1280,"left":112,"right":280,"top":2003},"Classname":"android.widget.TextView","Packagename":"com.douban.frodo","Text":"2008年9月1日"},{"Bounds":{"bottom":1280,"left":0,"right":720,"top":2059},"Classname":"android.widget.TextView","Packagename":"com.douban.frodo","Text":"全部短评84685个"},{"Bounds":{"bottom":144,"left":0,"right":112,"top":48},"Classname":"android.widget.ImageButton","Packagename":"com.douban.frodo","Text":""},{"Bounds":{"bottom":119,"left":144,"right":152,"top":73},"Classname":"android.widget.TextView","Packagename":"com.douban.frodo","Text":" "},{"Bounds":{"bottom":119,"left":326,"right":394,"top":73},"Classname":"android.widget.TextView","Packagename":"com.douban.frodo","Text":"龙猫"},{"Bounds":{"bottom":144,"left":624,"right":720,"top":48},"Classname":"android.widget.TextView","Packagename":"com.douban.frodo","Text":""},{"Bounds":{"bottom":640,"left":360,"right":360,"top":640},"Classname":"android.widget.FrameLayout","Packagename":"com.douban.frodo","Text":""}],"packagename":"com.example.a10628.myapplication","width":1080}