{"events":[{"eventname":"TYPE_VIEW_SCROLLED","source":{"Bounds":{"bottom":1280,"left":0,"right":720,"top":326},"Classname":"android.widget.ListView","Packagename":"com.baycode.tianya","Text":""}}],"height":1920,"hovertime":2828,"nodes":[{"Bounds":{"bottom":136,"left":0,"right":720,"top":48},"Classname":"android.widget.TextView","Packagename":"com.baycode.tianya","Text":"南方体育"},{"Bounds":{"bottom":136,"left":0,"right":720,"top":48},"Classname":"android.widget.TextView","Packagename":"com.baycode.tianya","Text":""},{"Bounds":{"bottom":124,"left":20,"right":84,"top":60},"Classname":"android.widget.Button","Packagename":"com.baycode.tianya","Text":""},{"Bounds":{"bottom":112,"left":659,"right":720,"top":71},"Classname":"android.widget.ImageButton","Packagename":"com.baycode.tianya","Text":""},{"Bounds":{"bottom":216,"left":0,"right":720,"top":136},"Classname":"android.widget.HorizontalScrollView","Packagename":"com.baycode.tianya","Text":""},{"Bounds":{"bottom":160,"left":274,"right":445,"top":216},"Classname":"android.widget.TextView","Packagename":"com.baycode.tianya","Text":"下拉刷新…"},{"Bounds":{"bottom":216,"left":0,"right":720,"top":216},"Classname":"android.widget.FrameLayout","Packagename":"com.baycode.tianya","Text":""},{"Bounds":{"bottom":315,"left":16,"right":704,"top":221},"Classname":"android.widget.TextView","Packagename":"com.baycode.tianya","Text":"超萌超可爱的兔兔，终于免费上线观看了！"},{"Bounds":{"bottom":353,"left":16,"right":245,"top":315},"Classname":"android.widget.TextView","Packagename":"com.baycode.tianya","Text":""},{"Bounds":{"bottom":353,"left":245,"right":474,"top":315},"Classname":"android.widget.TextView","Packagename":"com.baycode.tianya","Text":""},{"Bounds":{"bottom":353,"left":474,"right":704,"top":315},"Classname":"android.widget.TextView","Packagename":"com.baycode.tianya","Text":"推广"},{"Bounds":{"bottom":456,"left":16,"right":704,"top":362},"Classname":"android.widget.TextView","Packagename":"com.baycode.tianya","Text":"深蹲日记"},{"Bounds":{"bottom":494,"left":16,"right":245,"top":456},"Classname":"android.widget.TextView","Packagename":"com.baycode.tianya","Text":"回复:0"},{"Bounds":{"bottom":494,"left":245,"right":474,"top":456},"Classname":"android.widget.TextView","Packagename":"com.baycode.tianya","Text":"04-21 20:22"},{"Bounds":{"bottom":494,"left":474,"right":704,"top":456},"Classname":"android.widget.TextView","Packagename":"com.baycode.tianya","Text":"山影响"},{"Bounds":{"bottom":597,"left":16,"right":704,"top":503},"Classname":"android.widget.TextView","Packagename":"com.baycode.tianya","Text":"有谁与nba总裁写过信吗"},{"Bounds":{"bottom":635,"left":16,"right":245,"top":597},"Classname":"android.widget.TextView","Packagename":"com.baycode.tianya","Text":"回复:0"},{"Bounds":{"bottom":635,"left":245,"right":474,"top":597},"Classname":"android.widget.TextView","Packagename":"com.baycode.tianya","Text":"03-11 22:55"},{"Bounds":{"bottom":635,"left":474,"right":704,"top":597},"Classname":"android.widget.TextView","Packagename":"com.baycode.tianya","Text":"forxcy"},{"Bounds":{"bottom":738,"left":16,"right":704,"top":644},"Classname":"android.widget.TextView","Packagename":"com.baycode.tianya","Text":"这才是开了挂的人生，恭喜老大科比获得奥斯卡小金人，一“冠”超乔丹(转载)"},{"Bounds":{"bottom":776,"left":16,"right":245,"top":738},"Classname":"android.widget.TextView","Packagename":"com.baycode.tianya","Text":"回复:0"},{"Bounds":{"bottom":776,"left":245,"right":474,"top":738},"Classname":"android.widget.TextView","Packagename":"com.baycode.tianya","Text":"03-06 15:51"},{"Bounds":{"bottom":776,"left":474,"right":704,"top":738},"Classname":"android.widget.TextView","Packagename":"com.baycode.tianya","Text":"熊猫大声笑出来"},{"Bounds":{"bottom":879,"left":16,"right":704,"top":785},"Classname":"android.widget.TextView","Packagename":"com.baycode.tianya","Text":"孙喜双:一方目标不仅仅是冲超 将为百万球迷而战"},{"Bounds":{"bottom":917,"left":16,"right":245,"top":879},"Classname":"android.widget.TextView","Packagename":"com.baycode.tianya","Text":"回复:0"},{"Bounds":{"bottom":917,"left":245,"right":474,"top":879},"Classname":"android.widget.TextView","Packagename":"com.baycode.tianya","Text":"03-06 11:42"},{"Bounds":{"bottom":917,"left":474,"right":704,"top":879},"Classname":"android.widget.TextView","Packagename":"com.baycode.tianya","Text":"看客丙啦"},{"Bounds":{"bottom":1020,"left":16,"right":704,"top":926},"Classname":"android.widget.TextView","Packagename":"com.baycode.tianya","Text":"科比获奥斯卡最佳动画短片奖，没有谁来祝贺一下吗？"},{"Bounds":{"bottom":1058,"left":16,"right":245,"top":1020},"Classname":"android.widget.TextView","Packagename":"com.baycode.tianya","Text":"回复:0"},{"Bounds":{"bottom":1058,"left":245,"right":474,"top":1020},"Classname":"android.widget.TextView","Packagename":"com.baycode.tianya","Text":"03-05 16:38"},{"Bounds":{"bottom":1058,"left":474,"right":704,"top":1020},"Classname":"android.widget.TextView","Packagename":"com.baycode.tianya","Text":"小搜2017"},{"Bounds":{"bottom":1161,"left":16,"right":704,"top":1067},"Classname":"android.widget.TextView","Packagename":"com.baycode.tianya","Text":"一方集团董事长孙喜双：一方队的目标不只是冲超"},{"Bounds":{"bottom":1199,"left":16,"right":245,"top":1161},"Classname":"android.widget.TextView","Packagename":"com.baycode.tianya","Text":"回复:0"},{"Bounds":{"bottom":1199,"left":245,"right":474,"top":1161},"Classname":"android.widget.TextView","Packagename":"com.baycode.tianya","Text":"02-25 13:14"},{"Bounds":{"bottom":1199,"left":474,"right":704,"top":1161},"Classname":"android.widget.TextView","Packagename":"com.baycode.tianya","Text":"华美守护阅"},{"Bounds":{"bottom":1280,"left":16,"right":704,"top":1208},"Classname":"android.widget.TextView","Packagename":"com.baycode.tianya","Text":"想学健身教练了，有没有一起的？"},{"Bounds":{"bottom":1280,"left":16,"right":245,"top":1302},"Classname":"android.widget.TextView","Packagename":"com.baycode.tianya","Text":"回复:0"},{"Bounds":{"bottom":1280,"left":245,"right":474,"top":1302},"Classname":"android.widget.TextView","Packagename":"com.baycode.tianya","Text":"01-24 15:27"},{"Bounds":{"bottom":1280,"left":474,"right":704,"top":1302},"Classname":"android.widget.TextView","Packagename":"com.baycode.tianya","Text":"爱健身的人"}],"packagename":"com.example.a10628.myapplication","width":1080}