{"events":[{"eventname":"TYPE_VIEW_SCROLLED","source":{"Bounds":{"bottom":1192,"left":0,"right":720,"top":0},"Classname":"android.widget.ListView","Packagename":"com.sina.weibo","Text":""}},{"eventname":"TYPE_VIEW_CLICKED","source":{"Bounds":{"bottom":122,"left":16,"right":76,"top":62},"Classname":"android.widget.ImageView","Packagename":"com.sina.weibo","Text":""}},{"eventname":"TYPE_WINDOW_STATE_CHANGED","source":{"Bounds":{"bottom":1280,"left":0,"right":720,"top":0},"Classname":"android.widget.FrameLayout","Packagename":"com.sina.weibo","Text":""}}],"height":1920,"hovertime":1557,"nodes":[{"Bounds":{"bottom":-144,"left":23,"right":352,"top":0},"Classname":"android.widget.ImageView","Packagename":"com.sina.weibo","Text":""},{"Bounds":{"bottom":-144,"left":368,"right":697,"top":0},"Classname":"android.widget.ImageView","Packagename":"com.sina.weibo","Text":""},{"Bounds":{"bottom":-46,"left":23,"right":352,"top":0},"Classname":"android.widget.TextView","Packagename":"com.sina.weibo","Text":"自从\"和小刚\"的搜索被某某..."},{"Bounds":{"bottom":-46,"left":368,"right":697,"top":0},"Classname":"android.widget.TextView","Packagename":"com.sina.weibo","Text":"\"我给我的胖娘子戴发间…\"..."},{"Bounds":{"bottom":121,"left":24,"right":612,"top":53},"Classname":"android.widget.TextView","Packagename":"com.sina.weibo","Text":"相册"},{"Bounds":{"bottom":103,"left":628,"right":676,"top":70},"Classname":"android.widget.TextView","Packagename":"com.sina.weibo","Text":"更多"},{"Bounds":{"bottom":602,"left":0,"right":720,"top":121},"Classname":"android.view.View","Packagename":"com.sina.weibo","Text":""},{"Bounds":{"bottom":842,"left":0,"right":720,"top":602},"Classname":"android.view.View","Packagename":"com.sina.weibo","Text":""},{"Bounds":{"bottom":911,"left":24,"right":688,"top":843},"Classname":"android.widget.TextView","Packagename":"com.sina.weibo","Text":"问答"},{"Bounds":{"bottom":987,"left":290,"right":430,"top":911},"Classname":"android.widget.TextView","Packagename":"com.sina.weibo","Text":"向大家提问"},{"Bounds":{"bottom":1076,"left":23,"right":613,"top":1008},"Classname":"android.widget.TextView","Packagename":"com.sina.weibo","Text":"聊天室"},{"Bounds":{"bottom":1058,"left":629,"right":677,"top":1025},"Classname":"android.widget.TextView","Packagename":"com.sina.weibo","Text":"更多"},{"Bounds":{"bottom":1172,"left":264,"right":456,"top":1096},"Classname":"android.widget.TextView","Packagename":"com.sina.weibo","Text":"查看全部帖子 \u003e"},{"Bounds":{"bottom":346,"left":744,"right":720,"top":166},"Classname":"android.widget.ImageView","Packagename":"com.sina.weibo","Text":""},{"Bounds":{"bottom":204,"left":948,"right":720,"top":162},"Classname":"android.widget.TextView","Packagename":"com.sina.weibo","Text":"王刚超话  "},{"Bounds":{"bottom":346,"left":744,"right":720,"top":310},"Classname":"android.widget.TextView","Packagename":"com.sina.weibo","Text":""},{"Bounds":{"bottom":312,"left":948,"right":720,"top":280},"Classname":"android.widget.TextView","Packagename":"com.sina.weibo","Text":"阅读8993.3万　帖子428　粉丝554"},{"Bounds":{"bottom":346,"left":948,"right":720,"top":314},"Classname":"android.widget.TextView","Packagename":"com.sina.weibo","Text":"加关注签到发帖得经验值\u003e\u003e"},{"Bounds":{"bottom":500,"left":720,"right":720,"top":484},"Classname":"android.view.View","Packagename":"com.sina.weibo","Text":""},{"Bounds":{"bottom":1192,"left":720,"right":720,"top":500},"Classname":"android.widget.FrameLayout","Packagename":"com.sina.weibo","Text":""},{"Bounds":{"bottom":346,"left":1464,"right":720,"top":166},"Classname":"android.widget.ImageView","Packagename":"com.sina.weibo","Text":""},{"Bounds":{"bottom":204,"left":1668,"right":720,"top":162},"Classname":"android.widget.TextView","Packagename":"com.sina.weibo","Text":"王刚超话  "},{"Bounds":{"bottom":346,"left":1464,"right":720,"top":310},"Classname":"android.widget.TextView","Packagename":"com.sina.weibo","Text":""},{"Bounds":{"bottom":312,"left":1668,"right":720,"top":280},"Classname":"android.widget.TextView","Packagename":"com.sina.weibo","Text":"阅读8993.3万　帖子428　粉丝554"},{"Bounds":{"bottom":346,"left":1668,"right":720,"top":314},"Classname":"android.widget.TextView","Packagename":"com.sina.weibo","Text":"加关注签到发帖得经验值\u003e\u003e"},{"Bounds":{"bottom":500,"left":1440,"right":720,"top":484},"Classname":"android.view.View","Packagename":"com.sina.weibo","Text":""},{"Bounds":{"bottom":1192,"left":1440,"right":720,"top":500},"Classname":"android.widget.FrameLayout","Packagename":"com.sina.weibo","Text":""},{"Bounds":{"bottom":346,"left":2184,"right":720,"top":166},"Classname":"android.widget.ImageView","Packagename":"com.sina.weibo","Text":""},{"Bounds":{"bottom":204,"left":2388,"right":720,"top":162},"Classname":"android.widget.TextView","Packagename":"com.sina.weibo","Text":"王刚超话  "},{"Bounds":{"bottom":346,"left":2184,"right":720,"top":310},"Classname":"android.widget.TextView","Packagename":"com.sina.weibo","Text":""},{"Bounds":{"bottom":312,"left":2388,"right":720,"top":280},"Classname":"android.widget.TextView","Packagename":"com.sina.weibo","Text":"阅读8993.3万　帖子428　粉丝554"},{"Bounds":{"bottom":346,"left":2388,"right":720,"top":314},"Classname":"android.widget.TextView","Packagename":"com.sina.weibo","Text":"加关注签到发帖得经验值\u003e\u003e"},{"Bounds":{"bottom":500,"left":2160,"right":720,"top":484},"Classname":"android.view.View","Packagename":"com.sina.weibo","Text":""},{"Bounds":{"bottom":1192,"left":2160,"right":720,"top":500},"Classname":"android.widget.FrameLayout","Packagename":"com.sina.weibo","Text":""},{"Bounds":{"bottom":346,"left":2904,"right":720,"top":166},"Classname":"android.widget.ImageView","Packagename":"com.sina.weibo","Text":""},{"Bounds":{"bottom":204,"left":3108,"right":720,"top":162},"Classname":"android.widget.TextView","Packagename":"com.sina.weibo","Text":"王刚超话  "},{"Bounds":{"bottom":346,"left":2904,"right":720,"top":310},"Classname":"android.widget.TextView","Packagename":"com.sina.weibo","Text":""},{"Bounds":{"bottom":312,"left":3108,"right":720,"top":280},"Classname":"android.widget.TextView","Packagename":"com.sina.weibo","Text":"阅读8993.3万　帖子428　粉丝554"},{"Bounds":{"bottom":346,"left":3108,"right":720,"top":314},"Classname":"android.widget.TextView","Packagename":"com.sina.weibo","Text":"加关注签到发帖得经验值\u003e\u003e"},{"Bounds":{"bottom":500,"left":2880,"right":720,"top":484},"Classname":"android.view.View","Packagename":"com.sina.weibo","Text":""},{"Bounds":{"bottom":1192,"left":2880,"right":720,"top":500},"Classname":"android.widget.FrameLayout","Packagename":"com.sina.weibo","Text":""},{"Bounds":{"bottom":82,"left":24,"right":204,"top":0},"Classname":"android.widget.ImageView","Packagename":"com.sina.weibo","Text":""},{"Bounds":{"bottom":-59,"left":228,"right":468,"top":0},"Classname":"android.widget.TextView","Packagename":"com.sina.weibo","Text":"王刚超话  "},{"Bounds":{"bottom":82,"left":24,"right":204,"top":46},"Classname":"android.widget.TextView","Packagename":"com.sina.weibo","Text":""},{"Bounds":{"bottom":48,"left":228,"right":604,"top":16},"Classname":"android.widget.TextView","Packagename":"com.sina.weibo","Text":"阅读8993.3万　帖子428　粉丝554"},{"Bounds":{"bottom":82,"left":228,"right":522,"top":50},"Classname":"android.widget.TextView","Packagename":"com.sina.weibo","Text":"加关注签到发帖得经验值\u003e\u003e"},{"Bounds":{"bottom":202,"left":91,"right":151,"top":153},"Classname":"android.widget.TextView","Packagename":"com.sina.weibo","Text":"主页"},{"Bounds":{"bottom":202,"left":203,"right":263,"top":153},"Classname":"android.widget.TextView","Packagename":"com.sina.weibo","Text":"帖子"},{"Bounds":{"bottom":202,"left":315,"right":375,"top":153},"Classname":"android.widget.TextView","Packagename":"com.sina.weibo","Text":"精华"},{"Bounds":{"bottom":202,"left":427,"right":487,"top":153},"Classname":"android.widget.TextView","Packagename":"com.sina.weibo","Text":"相册"},{"Bounds":{"bottom":202,"left":539,"right":629,"top":153},"Classname":"android.widget.TextView","Packagename":"com.sina.weibo","Text":"名人堂"},{"Bounds":{"bottom":122,"left":16,"right":76,"top":62},"Classname":"android.widget.ImageView","Packagename":"com.sina.weibo","Text":""},{"Bounds":{"bottom":119,"left":164,"right":556,"top":65},"Classname":"android.widget.TextView","Packagename":"com.sina.weibo","Text":"王刚超话"},{"Bounds":{"bottom":122,"left":556,"right":616,"top":62},"Classname":"android.widget.ImageView","Packagename":"com.sina.weibo","Text":""},{"Bounds":{"bottom":122,"left":644,"right":704,"top":62},"Classname":"android.widget.ImageView","Packagename":"com.sina.weibo","Text":""},{"Bounds":{"bottom":1252,"left":173,"right":229,"top":1219},"Classname":"android.widget.TextView","Packagename":"com.sina.weibo","Text":"关注"},{"Bounds":{"bottom":1252,"left":538,"right":594,"top":1219},"Classname":"android.widget.TextView","Packagename":"com.sina.weibo","Text":"发帖"}],"packagename":"com.example.a10628.myapplication","width":1080}