{"events":[{"eventname":"TYPE_VIEW_SCROLLED","source":{"Bounds":{"bottom":1280,"left":0,"right":720,"top":0},"Classname":"android.support.v7.widget.RecyclerView","Packagename":"com.douban.frodo","Text":""}},{"eventname":"TYPE_VIEW_SCROLLED","source":{"Bounds":{"bottom":1280,"left":0,"right":720,"top":0},"Classname":"android.support.v7.widget.RecyclerView","Packagename":"com.douban.frodo","Text":""}}],"height":1920,"hovertime":2021,"nodes":[{"Bounds":{"bottom":0,"left":273,"right":447,"top":0},"Classname":"android.widget.TextView","Packagename":"com.douban.frodo","Text":"下拉有惊喜"},{"Bounds":{"bottom":-582,"left":0,"right":184,"top":0},"Classname":"android.widget.TextView","Packagename":"com.douban.frodo","Text":"所属频道"},{"Bounds":{"bottom":-494,"left":40,"right":212,"top":0},"Classname":"android.widget.TextView","Packagename":"com.douban.frodo","Text":"日本电影"},{"Bounds":{"bottom":-494,"left":232,"right":352,"top":0},"Classname":"android.widget.TextView","Packagename":"com.douban.frodo","Text":"童年"},{"Bounds":{"bottom":-494,"left":372,"right":492,"top":0},"Classname":"android.widget.TextView","Packagename":"com.douban.frodo","Text":"成长"},{"Bounds":{"bottom":-494,"left":512,"right":632,"top":0},"Classname":"android.widget.TextView","Packagename":"com.douban.frodo","Text":"童话"},{"Bounds":{"bottom":-416,"left":40,"right":96,"top":0},"Classname":"android.widget.ImageView","Packagename":"com.douban.frodo","Text":""},{"Bounds":{"bottom":-320,"left":0,"right":132,"top":0},"Classname":"android.widget.TextView","Packagename":"com.douban.frodo","Text":"简介"},{"Bounds":{"bottom":257,"left":40,"right":680,"top":0},"Classname":"android.widget.TextView","Packagename":"com.douban.frodo","Text":"小月的母亲生病住院了，父亲带着她与四岁的妹妹小梅到乡间的居住。她们对那里的环境都感到十分新奇，也发现了很多有趣的事情。她们遇到了很多小精灵，她们来到属于她们的环境中，看到了她们世界中很多的奇怪事物，更与一只大大胖胖的龙猫成为了朋友。龙猫与小精灵们利用他们的神奇力量，为小月与妹妹带来了很多神奇的景观，令她们大开眼界。\n妹妹小梅常常挂念生病中的母亲，嚷着要姐姐带着她去看母亲，但小月拒绝了。小梅竟然自己前往，不料途中迷路了，小月只好寻找她的龙猫及小精灵朋友们帮助。©豆瓣"},{"Bounds":{"bottom":391,"left":0,"right":720,"top":327},"Classname":"android.widget.TextView","Packagename":"com.douban.frodo","Text":"影人"},{"Bounds":{"bottom":664,"left":40,"right":200,"top":615},"Classname":"android.widget.TextView","Packagename":"com.douban.frodo","Text":"宫崎骏"},{"Bounds":{"bottom":702,"left":40,"right":200,"top":664},"Classname":"android.widget.TextView","Packagename":"com.douban.frodo","Text":"导演"},{"Bounds":{"bottom":664,"left":224,"right":384,"top":615},"Classname":"android.widget.TextView","Packagename":"com.douban.frodo","Text":"日高法子"},{"Bounds":{"bottom":702,"left":224,"right":384,"top":664},"Classname":"android.widget.TextView","Packagename":"com.douban.frodo","Text":"饰: 小月 サツキ Satsuki"},{"Bounds":{"bottom":664,"left":408,"right":568,"top":615},"Classname":"android.widget.TextView","Packagename":"com.douban.frodo","Text":"坂本千夏"},{"Bounds":{"bottom":702,"left":408,"right":568,"top":664},"Classname":"android.widget.TextView","Packagename":"com.douban.frodo","Text":"饰: 小梅 メイ Mei"},{"Bounds":{"bottom":664,"left":592,"right":720,"top":615},"Classname":"android.widget.TextView","Packagename":"com.douban.frodo","Text":"糸井重里"},{"Bounds":{"bottom":702,"left":592,"right":720,"top":664},"Classname":"android.widget.TextView","Packagename":"com.douban.frodo","Text":"饰: 爸爸 / 草壁先生 とうさん Tatsuo Kusakabe"},{"Bounds":{"bottom":702,"left":0,"right":72,"top":702},"Classname":"android.support.v7.widget.RecyclerView","Packagename":"com.douban.frodo","Text":""},{"Bounds":{"bottom":798,"left":0,"right":92,"top":762},"Classname":"android.widget.TextView","Packagename":"com.douban.frodo","Text":"剧照"},{"Bounds":{"bottom":1098,"left":40,"right":414,"top":818},"Classname":"android.widget.ImageView","Packagename":"com.douban.frodo","Text":""},{"Bounds":{"bottom":1098,"left":424,"right":720,"top":818},"Classname":"android.widget.ImageView","Packagename":"com.douban.frodo","Text":""},{"Bounds":{"bottom":958,"left":360,"right":360,"top":958},"Classname":"android.widget.FrameLayout","Packagename":"com.douban.frodo","Text":""},{"Bounds":{"bottom":1194,"left":28,"right":132,"top":1158},"Classname":"android.widget.TextView","Packagename":"com.douban.frodo","Text":"获奖记录"},{"Bounds":{"bottom":1255,"left":28,"right":272,"top":1214},"Classname":"android.widget.TextView","Packagename":"com.douban.frodo","Text":"第13届报知映画赏"},{"Bounds":{"bottom":1280,"left":28,"right":692,"top":1255},"Classname":"android.widget.TextView","Packagename":"com.douban.frodo","Text":"最佳导演 宫崎骏"},{"Bounds":{"bottom":144,"left":0,"right":112,"top":48},"Classname":"android.widget.ImageButton","Packagename":"com.douban.frodo","Text":""},{"Bounds":{"bottom":119,"left":144,"right":152,"top":73},"Classname":"android.widget.TextView","Packagename":"com.douban.frodo","Text":" "},{"Bounds":{"bottom":119,"left":326,"right":394,"top":73},"Classname":"android.widget.TextView","Packagename":"com.douban.frodo","Text":"龙猫"},{"Bounds":{"bottom":144,"left":624,"right":720,"top":48},"Classname":"android.widget.TextView","Packagename":"com.douban.frodo","Text":""},{"Bounds":{"bottom":640,"left":360,"right":360,"top":640},"Classname":"android.widget.FrameLayout","Packagename":"com.douban.frodo","Text":""}],"packagename":"com.example.a10628.myapplication","width":1080}