{"events":[{"eventname":"TYPE_VIEW_SCROLLED","source":{"Bounds":{"bottom":1179,"left":0,"right":720,"top":136},"Classname":"android.widget.ScrollView","Packagename":"com.netease.pris","Text":""}},{"eventname":"TYPE_VIEW_CLICKED","source":{"Bounds":{"bottom":136,"left":0,"right":108,"top":48},"Classname":"android.widget.ImageView","Packagename":"com.netease.pris","Text":""}},{"eventname":"TYPE_WINDOW_STATE_CHANGED","source":{"Bounds":{"bottom":1280,"left":0,"right":720,"top":0},"Classname":"android.widget.FrameLayout","Packagename":"com.netease.pris","Text":""}},{"eventname":"TYPE_VIEW_CLICKED","source":{"Bounds":{"bottom":1114,"left":90,"right":290,"top":769},"Classname":"android.widget.LinearLayout","Packagename":"com.netease.pris","Text":""}},{"eventname":"TYPE_WINDOW_STATE_CHANGED","source":{"Bounds":{"bottom":1280,"left":0,"right":720,"top":0},"Classname":"android.widget.FrameLayout","Packagename":"com.netease.pris","Text":""}}],"height":1920,"hovertime":3631,"nodes":[{"Bounds":{"bottom":136,"left":0,"right":108,"top":48},"Classname":"android.widget.ImageView","Packagename":"com.netease.pris","Text":""},{"Bounds":{"bottom":114,"left":360,"right":360,"top":69},"Classname":"android.widget.TextView","Packagename":"com.netease.pris","Text":""},{"Bounds":{"bottom":114,"left":572,"right":612,"top":70},"Classname":"android.widget.RelativeLayout","Packagename":"com.netease.pris","Text":""},{"Bounds":{"bottom":114,"left":644,"right":688,"top":70},"Classname":"android.widget.Button","Packagename":"com.netease.pris","Text":""},{"Bounds":{"bottom":-165,"left":12,"right":228,"top":136},"Classname":"android.widget.ImageView","Packagename":"com.netease.pris","Text":""},{"Bounds":{"bottom":-373,"left":238,"right":708,"top":136},"Classname":"android.widget.TextView","Packagename":"com.netease.pris","Text":"PingWest·壹周精选（第11期）"},{"Bounds":{"bottom":-327,"left":238,"right":340,"top":136},"Classname":"android.widget.TextView","Packagename":"com.netease.pris","Text":"PingWest"},{"Bounds":{"bottom":-291,"left":234,"right":384,"top":136},"Classname":"android.widget.RatingBar","Packagename":"com.netease.pris","Text":""},{"Bounds":{"bottom":-247,"left":238,"right":365,"top":136},"Classname":"android.widget.TextView","Packagename":"com.netease.pris","Text":"大小：901K"},{"Bounds":{"bottom":-247,"left":399,"right":504,"top":136},"Classname":"android.widget.TextView","Packagename":"com.netease.pris","Text":"2.7万点击"},{"Bounds":{"bottom":79,"left":0,"right":720,"top":136},"Classname":"android.widget.TextView","Packagename":"com.netease.pris","Text":"Coursera创始人是怎样定义“先进教育学”的？百度如何在硅谷开启“2.0时代”？Facebook190亿美元收购WhatsApp有哪些幕后故事？Siri的前世今生是怎样的？技术如何解放双手？硅谷知名硬件孵化器创始人又有哪些心得？……在硅谷，PingWest直面科技公司创始人，为您带来最一线的报道和最前沿的对话。"},{"Bounds":{"bottom":139,"left":30,"right":126,"top":136},"Classname":"android.widget.TextView","Packagename":"com.netease.pris","Text":"授权方："},{"Bounds":{"bottom":139,"left":126,"right":462,"top":136},"Classname":"android.widget.TextView","Packagename":"com.netease.pris","Text":"浙江出版集团数字传媒有限公司"},{"Bounds":{"bottom":185,"left":30,"right":246,"top":139},"Classname":"android.widget.TextView","Packagename":"com.netease.pris","Text":"作品类型：免费全本"},{"Bounds":{"bottom":290,"left":94,"right":666,"top":262},"Classname":"android.widget.TextView","Packagename":"com.netease.pris","Text":"共15章"},{"Bounds":{"bottom":412,"left":47,"right":552,"top":367},"Classname":"android.widget.TextView","Packagename":"com.netease.pris","Text":"最新评论"},{"Bounds":{"bottom":418,"left":552,"right":690,"top":362},"Classname":"android.widget.TextView","Packagename":"com.netease.pris","Text":"写评论"},{"Bounds":{"bottom":562,"left":25,"right":99,"top":488},"Classname":"android.widget.ImageView","Packagename":"com.netease.pris","Text":""},{"Bounds":{"bottom":520,"left":128,"right":244,"top":488},"Classname":"android.widget.TextView","Packagename":"com.netease.pris","Text":"小玉姐33"},{"Bounds":{"bottom":515,"left":256,"right":305,"top":493},"Classname":"android.widget.TextView","Packagename":"com.netease.pris","Text":"LV.17"},{"Bounds":{"bottom":562,"left":128,"right":278,"top":536},"Classname":"android.widget.RatingBar","Packagename":"com.netease.pris","Text":""},{"Bounds":{"bottom":564,"left":298,"right":474,"top":536},"Classname":"android.widget.TextView","Packagename":"com.netease.pris","Text":"2015年04月17日"},{"Bounds":{"bottom":541,"left":642,"right":720,"top":488},"Classname":"android.widget.LinearLayout","Packagename":"com.netease.pris","Text":""},{"Bounds":{"bottom":612,"left":130,"right":158,"top":580},"Classname":"android.widget.TextView","Packagename":"com.netease.pris","Text":"好"},{"Bounds":{"bottom":744,"left":47,"right":227,"top":699},"Classname":"android.widget.TextView","Packagename":"com.netease.pris","Text":"用户还喜欢"},{"Bounds":{"bottom":1066,"left":50,"right":210,"top":1029},"Classname":"android.widget.TextView","Packagename":"com.netease.pris","Text":"一别锦年"},{"Bounds":{"bottom":1114,"left":50,"right":210,"top":1084},"Classname":"android.widget.TextView","Packagename":"com.netease.pris","Text":"简宁"},{"Bounds":{"bottom":1101,"left":250,"right":410,"top":1029},"Classname":"android.widget.TextView","Packagename":"com.netease.pris","Text":"PingWest·壹周精选（第10期）"},{"Bounds":{"bottom":1149,"left":250,"right":410,"top":1119},"Classname":"android.widget.TextView","Packagename":"com.netease.pris","Text":"PingWest"},{"Bounds":{"bottom":1101,"left":450,"right":610,"top":1029},"Classname":"android.widget.TextView","Packagename":"com.netease.pris","Text":"PingWest·壹周精选（第12期）"},{"Bounds":{"bottom":1149,"left":450,"right":610,"top":1119},"Classname":"android.widget.TextView","Packagename":"com.netease.pris","Text":"PingWest"},{"Bounds":{"bottom":1101,"left":650,"right":720,"top":1029},"Classname":"android.widget.TextView","Packagename":"com.netease.pris","Text":"万里诗书路·文化卷"},{"Bounds":{"bottom":1149,"left":650,"right":720,"top":1119},"Classname":"android.widget.TextView","Packagename":"com.netease.pris","Text":"冯志远"},{"Bounds":{"bottom":1280,"left":0,"right":359,"top":1180},"Classname":"android.widget.Button","Packagename":"com.netease.pris","Text":"加入书架"},{"Bounds":{"bottom":1280,"left":361,"right":720,"top":1180},"Classname":"android.widget.Button","Packagename":"com.netease.pris","Text":"免费阅读"}],"packagename":"com.example.a10628.myapplication","width":1080}