{"events":[{"eventname":"TYPE_VIEW_SCROLLED","source":{"Bounds":{"bottom":1280,"left":0,"right":720,"top":0},"Classname":"android.webkit.WebView","Packagename":"com.baycode.tianya","Text":""}}],"height":1920,"hovertime":2594,"nodes":[{"Bounds":{"bottom":4,"left":10,"right":122,"top":2},"Classname":"android.view.View","Packagename":"com.baycode.tianya","Text":"只看楼主"},{"Bounds":{"bottom":4,"left":10,"right":710,"top":2},"Classname":"android.view.View","Packagename":"com.baycode.tianya","Text":"竞技体育届除了用来说詹姆斯，还有谁会被用决赛胜率说事？(转载)"},{"Bounds":{"bottom":4,"left":0,"right":720,"top":2},"Classname":"android.view.View","Packagename":"com.baycode.tianya","Text":"第1页 | 共1页   访问208 | 回复4"},{"Bounds":{"bottom":4,"left":8,"right":712,"top":2},"Classname":"android.view.View","Packagename":"com.baycode.tianya","Text":"少剑波20122018-05-11 17:23:33"},{"Bounds":{"bottom":1280,"left":10,"right":710,"top":2},"Classname":"android.view.View","Packagename":"com.baycode.tianya","Text":"　　竞技体育不管是个人项目还是团队运动，诚然冠军是最后的大赢家，但在詹姆斯之前，从未听说一个运动员因为连续进入总决赛，因为夺冠失败而被反讽的。\n　　首先，我们看几个个人项目的英雄\n　　费德勒，网球运动的泰斗，历史第一人，生涯20座大满贯，但其实他是30次大满贯决赛，有10次亚军，但也有多次止步四强、止步八强，但真正体现他巅峰持久统治力的是他曾经连续第23次打进大满贯赛事男单四强，各种球星对他10+连败，35岁还能连夺大满贯；\n　　林丹，羽毛球运动史上最伟大的运动员，生涯19次世界冠军，然而也在04年奥运会首轮出局，多次大赛爆冷，长期被讽“林一轮”，当然他从此进化，08\u002612奥运男单两连冠，16年4强。\n　　亨得利，台球皇帝，斯诺克世锦赛七冠王，实际上他生涯世锦赛有9次进决赛，还有12次止步四强，19次止步八强。\n\n　　再谈团队运动项目，与篮球相似的第一大球运动足球：\n　　以皇马欧冠为例，作为欧冠历史上夺冠次数最多的球队，12次夺冠，但也有4次决赛失利，其他诸如止步四强八强甚至止步小组赛更是次数繁多，不胜枚举；\n　　再说说C罗，皇马阵中的头牌，从曼联到皇马，4次欧冠夺冠，斩落金球奖5冠王，并列历史第一，从07起，已经9次金球奖评选前三，这正体现了他的巅峰持久统治力；\n　　…………\n　　其实不管哪一项运动，哪怕是顶尖的运动员，通常运动生涯都仅仅只有十余年，保持巅峰水准达到10年的更是少之又少，足球界的C罗梅西堪称瑜亮争辉，而再看NBA的球星，恐怕现役也只有詹姆斯了，翻翻詹姆斯的生涯，我们可以看到:\n　　团队成绩上，生涯连续12个赛季带队进入季后赛并打入次轮，连续7年带队总决赛，3次夺冠，3次荣膺FMVP；\n　　个人表现上，基础数据连续15年20+5+5+1，连续14年25+6+6+1，33岁依然27.5+8.7+9.1；\n　　个人荣誉上，MVP评选上连续15年前9，连续14年前4，并且4次拿奖；同时连续14年最佳阵容，其中12个一阵（默认今年获奖），2个二阵；另外还有连续6年最佳防守阵容，其中5个一阵，1个二阵。\n\n　　篮球作为团队运动，个人荣誉表现，跟团队成绩当然是直接挂钩的，但并不是完全重叠的，NBA的常规赛+季后赛的赛制如同足球里的联赛+洲际冠军，夺得最后的季后赛冠军是最大的荣誉成绩，但能够常年带队冲击决赛本身就证明了超凡的统治力和持久的巅峰水准，这个成绩本身就需要团队管理层、教练层和队友共同达成，而非一人之功，更掩盖不了个人的实力表现。\n　　现在的詹姆斯团队荣誉上离乔丹确实有较大的差距，1MVP+3个冠军（含FMVP），但差距并非因为决赛失败多，而是因为冠军少，正是因为詹姆斯个人的超凡表现才一次次把不可能闯进决赛的队伍带到了总决赛（07、15），而对手往往就是冠军实力的团队，相比之下失冠变成一种悲情的必然。\n　　詹姆斯：15年生涯（进行中），12次季后赛分区决赛，8次总决赛，3个冠军\n　　乔丹：13年生涯（不含暮年复出），13次季后赛（3次首轮出局），6次总决赛，6个冠军\n　　那么，我们做一个假设，如果同样是完整的职业生涯，詹姆斯能够12次打入总决赛，6次夺冠，乔丹只有6次打入总决赛，6次夺冠，谁更伟大？\n　　如果要说一句客观的话，必然是前者带队实力更牛，后者的决赛胜率只不过增添了传奇性罢了。\n　　如果你接受不了这个比喻，换一个说法，C罗梅西分别带领皇马和巴萨，一个10进欧冠决赛，一个6进欧冠决赛，都拿到6个欧冠冠军杯，谁更牛逼？\n\n　　所以，说到底，詹姆斯现在要做的是无须理会失败的带队多拿更多的冠军，而不是hates口中的决赛胜率这一滑稽问题，毕竟已经33岁半，留给他的机会也越少了。他的表现已经几乎完美，你不能再去挑剔什么，追逐冠军失败是一种遗憾，但绝不是个人无能的注脚。毕竟篮球是五个人的。他做不了乔丹，但他是唯一的詹姆斯。\n\n　　PS：在此，不想讨论所谓东西部实力不均的问题，东西部实力有差距，这是结果，不是原因，差距只是在于管理层的运作和球队经营的成熟度，而非球员本身，为什么西部自由球员不愿意三五成群去东部捡漏赚便宜而宁愿在西部扎堆挤暖等着被淘汰呢？要知道16年凯尔特人和奇才可都是脖子都伸长等着杜兰特加盟，他也没去。所以讨论口水一些没有发生的事情没有意义。"},{"Bounds":{"bottom":1280,"left":20,"right":700,"top":1280},"Classname":"android.view.View","Packagename":"com.baycode.tianya","Text":"推广 出差晚归的你需要男友接机么？ 知乎-发现更大的世界 "},{"Bounds":{"bottom":1280,"left":648,"right":700,"top":1280},"Classname":"android.view.View","Packagename":"com.baycode.tianya","Text":"回复"},{"Bounds":{"bottom":1280,"left":8,"right":712,"top":1280},"Classname":"android.view.View","Packagename":"com.baycode.tianya","Text":"詹韦连线20152018-05-11 17:40:29"},{"Bounds":{"bottom":1280,"left":10,"right":710,"top":1280},"Classname":"android.view.View","Packagename":"com.baycode.tianya","Text":"　　以前看足球都知道说荷兰，无冕之王\n　　全攻全守，好看、很有激情的足球\n　　以前可能网络上的少，感受不到黑子的力量"},{"Bounds":{"bottom":1280,"left":648,"right":700,"top":1280},"Classname":"android.view.View","Packagename":"com.baycode.tianya","Text":"回复"},{"Bounds":{"bottom":1280,"left":8,"right":712,"top":1280},"Classname":"android.view.View","Packagename":"com.baycode.tianya","Text":"詹韦连线20152018-05-12 08:55:11"},{"Bounds":{"bottom":1280,"left":10,"right":710,"top":1280},"Classname":"android.view.View","Packagename":"com.baycode.tianya","Text":"　　上校没设黑名单？"},{"Bounds":{"bottom":1280,"left":648,"right":700,"top":1280},"Classname":"android.view.View","Packagename":"com.baycode.tianya","Text":"回复"},{"Bounds":{"bottom":1280,"left":108,"right":182,"top":1280},"Classname":"android.view.View","Packagename":"com.baycode.tianya","Text":"返回"},{"Bounds":{"bottom":1280,"left":200,"right":274,"top":1280},"Classname":"android.view.View","Packagename":"com.baycode.tianya","Text":"上页"},{"Bounds":{"bottom":1280,"left":282,"right":438,"top":1280},"Classname":"android.view.View","Packagename":"com.baycode.tianya","Text":"第1页 | 共1页"},{"Bounds":{"bottom":1280,"left":446,"right":520,"top":1280},"Classname":"android.view.View","Packagename":"com.baycode.tianya","Text":"下页"},{"Bounds":{"bottom":1280,"left":538,"right":612,"top":1280},"Classname":"android.view.View","Packagename":"com.baycode.tianya","Text":"末页"},{"Bounds":{"bottom":1280,"left":40,"right":680,"top":1280},"Classname":"android.view.View","Packagename":"com.baycode.tianya","Text":"查看原文"},{"Bounds":{"bottom":1280,"left":40,"right":680,"top":1280},"Classname":"android.view.View","Packagename":"com.baycode.tianya","Text":"转发分享"},{"Bounds":{"bottom":642,"left":0,"right":88,"top":522},"Classname":"android.view.View","Packagename":"com.baycode.tianya","Text":""},{"Bounds":{"bottom":1280,"left":660,"right":720,"top":1260},"Classname":"android.view.View","Packagename":"com.baycode.tianya","Text":""},{"Bounds":{"bottom":1182,"left":0,"right":720,"top":1180},"Classname":"android.view.View","Packagename":"com.baycode.tianya","Text":"javascript:;"},{"Bounds":{"bottom":1280,"left":0,"right":720,"top":1180},"Classname":"android.view.View","Packagename":"com.baycode.tianya","Text":"javascript:;"}],"packagename":"com.example.a10628.myapplication","width":1080}