{"events":[{"eventname":"TYPE_VIEW_SCROLLED","source":{"Bounds":{"bottom":1192,"left":0,"right":720,"top":135},"Classname":"android.widget.ListView","Packagename":"com.sina.weibo","Text":""}},{"eventname":"TYPE_VIEW_SCROLLED","source":{"Bounds":{"bottom":1192,"left":0,"right":720,"top":135},"Classname":"android.widget.ListView","Packagename":"com.sina.weibo","Text":""}}],"height":1920,"hovertime":3992,"nodes":[{"Bounds":{"bottom":123,"left":24,"right":88,"top":59},"Classname":"android.widget.TextView","Packagename":"com.sina.weibo","Text":"注册"},{"Bounds":{"bottom":114,"left":250,"right":318,"top":68},"Classname":"android.widget.TextView","Packagename":"com.sina.weibo","Text":"关注"},{"Bounds":{"bottom":114,"left":392,"right":460,"top":68},"Classname":"android.widget.TextView","Packagename":"com.sina.weibo","Text":"热门"},{"Bounds":{"bottom":124,"left":632,"right":696,"top":60},"Classname":"android.widget.TextView","Packagename":"com.sina.weibo","Text":"登录"},{"Bounds":{"bottom":135,"left":0,"right":0,"top":135},"Classname":"android.widget.LinearLayout","Packagename":"com.sina.weibo","Text":""},{"Bounds":{"bottom":773,"left":0,"right":-74,"top":694},"Classname":"android.widget.TextView","Packagename":"com.sina.weibo","Text":"你还没有关注的人。关注自己感兴趣的人，可在这里看到他们发布的内容。"},{"Bounds":{"bottom":895,"left":0,"right":-87,"top":803},"Classname":"android.widget.Button","Packagename":"com.sina.weibo","Text":"找感兴趣的人"},{"Bounds":{"bottom":-467,"left":0,"right":620,"top":135},"Classname":"android.view.View","Packagename":"com.sina.weibo","Text":""},{"Bounds":{"bottom":-410,"left":24,"right":696,"top":135},"Classname":"android.view.View","Packagename":"com.sina.weibo","Text":""},{"Bounds":{"bottom":297,"left":65,"right":119,"top":225},"Classname":"android.widget.ImageView","Packagename":"com.sina.weibo","Text":""},{"Bounds":{"bottom":266,"left":120,"right":165,"top":228},"Classname":"android.widget.TextView","Packagename":"com.sina.weibo","Text":"814"},{"Bounds":{"bottom":266,"left":296,"right":350,"top":194},"Classname":"android.widget.ImageView","Packagename":"com.sina.weibo","Text":""},{"Bounds":{"bottom":238,"left":351,"right":415,"top":200},"Classname":"android.widget.TextView","Packagename":"com.sina.weibo","Text":"9326"},{"Bounds":{"bottom":246,"left":546,"right":600,"top":174},"Classname":"android.widget.ImageView","Packagename":"com.sina.weibo","Text":""},{"Bounds":{"bottom":222,"left":601,"right":645,"top":184},"Classname":"android.widget.TextView","Packagename":"com.sina.weibo","Text":"2万"},{"Bounds":{"bottom":501,"left":0,"right":620,"top":391},"Classname":"android.view.View","Packagename":"com.sina.weibo","Text":""},{"Bounds":{"bottom":644,"left":24,"right":696,"top":515},"Classname":"android.view.View","Packagename":"com.sina.weibo","Text":""},{"Bounds":{"bottom":1036,"left":44,"right":195,"top":992},"Classname":"android.widget.TextView","Packagename":"com.sina.weibo","Text":"2677万次播放"},{"Bounds":{"bottom":1036,"left":629,"right":674,"top":992},"Classname":"android.widget.TextView","Packagename":"com.sina.weibo","Text":"1:28"},{"Bounds":{"bottom":1132,"left":67,"right":121,"top":1060},"Classname":"android.widget.ImageView","Packagename":"com.sina.weibo","Text":""},{"Bounds":{"bottom":1115,"left":122,"right":163,"top":1077},"Classname":"android.widget.TextView","Packagename":"com.sina.weibo","Text":"1万"},{"Bounds":{"bottom":1132,"left":297,"right":351,"top":1060},"Classname":"android.widget.ImageView","Packagename":"com.sina.weibo","Text":""},{"Bounds":{"bottom":1115,"left":352,"right":413,"top":1077},"Classname":"android.widget.TextView","Packagename":"com.sina.weibo","Text":"1568"},{"Bounds":{"bottom":1132,"left":536,"right":590,"top":1060},"Classname":"android.widget.ImageView","Packagename":"com.sina.weibo","Text":""},{"Bounds":{"bottom":1115,"left":591,"right":655,"top":1077},"Classname":"android.widget.TextView","Packagename":"com.sina.weibo","Text":"5003"},{"Bounds":{"bottom":1192,"left":0,"right":620,"top":1152},"Classname":"android.view.View","Packagename":"com.sina.weibo","Text":""},{"Bounds":{"bottom":1192,"left":24,"right":696,"top":1276},"Classname":"android.view.View","Packagename":"com.sina.weibo","Text":""},{"Bounds":{"bottom":1192,"left":57,"right":111,"top":1803},"Classname":"android.widget.ImageView","Packagename":"com.sina.weibo","Text":""},{"Bounds":{"bottom":1192,"left":112,"right":173,"top":1820},"Classname":"android.widget.TextView","Packagename":"com.sina.weibo","Text":"1228"},{"Bounds":{"bottom":1192,"left":296,"right":350,"top":1803},"Classname":"android.widget.ImageView","Packagename":"com.sina.weibo","Text":""},{"Bounds":{"bottom":1192,"left":351,"right":415,"top":1820},"Classname":"android.widget.TextView","Packagename":"com.sina.weibo","Text":"2049"},{"Bounds":{"bottom":1192,"left":536,"right":590,"top":1803},"Classname":"android.widget.ImageView","Packagename":"com.sina.weibo","Text":""},{"Bounds":{"bottom":1192,"left":591,"right":655,"top":1820},"Classname":"android.widget.TextView","Packagename":"com.sina.weibo","Text":"2577"},{"Bounds":{"bottom":1280,"left":0,"right":144,"top":1192},"Classname":"android.view.View","Packagename":"com.sina.weibo","Text":""},{"Bounds":{"bottom":1280,"left":144,"right":288,"top":1192},"Classname":"android.view.View","Packagename":"com.sina.weibo","Text":""},{"Bounds":{"bottom":1274,"left":316,"right":404,"top":1198},"Classname":"android.widget.ImageView","Packagename":"com.sina.weibo","Text":""},{"Bounds":{"bottom":1280,"left":432,"right":576,"top":1192},"Classname":"android.view.View","Packagename":"com.sina.weibo","Text":""},{"Bounds":{"bottom":1280,"left":576,"right":720,"top":1192},"Classname":"android.view.ViewGroup","Packagename":"com.sina.weibo","Text":""}],"packagename":"com.example.a10628.myapplication","width":1080}