{"events":[{"eventname":"TYPE_VIEW_SCROLLED","source":{"Bounds":{"bottom":1280,"left":0,"right":720,"top":160},"Classname":"android.widget.ListView","Packagename":"com.zhihu.daily.android","Text":""}},{"eventname":"TYPE_VIEW_SCROLLED","source":{"Bounds":{"bottom":1280,"left":0,"right":720,"top":160},"Classname":"android.widget.ListView","Packagename":"com.zhihu.daily.android","Text":""}},{"eventname":"TYPE_VIEW_SCROLLED","source":{"Bounds":{"bottom":1280,"left":0,"right":720,"top":160},"Classname":"android.widget.ListView","Packagename":"com.zhihu.daily.android","Text":""}}],"height":1920,"hovertime":3602,"nodes":[{"Bounds":{"bottom":160,"left":0,"right":112,"top":48},"Classname":"android.widget.ImageButton","Packagename":"com.zhihu.daily.android","Text":""},{"Bounds":{"bottom":128,"left":144,"right":360,"top":79},"Classname":"android.widget.TextView","Packagename":"com.zhihu.daily.android","Text":"用户推荐日报"},{"Bounds":{"bottom":152,"left":618,"right":720,"top":56},"Classname":"android.widget.TextView","Packagename":"com.zhihu.daily.android","Text":""},{"Bounds":{"bottom":158,"left":48,"right":672,"top":160},"Classname":"android.widget.TextView","Packagename":"com.zhihu.daily.android","Text":"最让你欲罢不能的广东美食是什么？（多图）"},{"Bounds":{"bottom":318,"left":48,"right":672,"top":227},"Classname":"android.widget.TextView","Packagename":"com.zhihu.daily.android","Text":"如何向非物理专业的同学解释重整化群？"},{"Bounds":{"bottom":478,"left":48,"right":672,"top":387},"Classname":"android.widget.TextView","Packagename":"com.zhihu.daily.android","Text":"从这家伦敦最负盛名的百货商店，一窥辉煌的维多利亚时代"},{"Bounds":{"bottom":638,"left":48,"right":672,"top":547},"Classname":"android.widget.TextView","Packagename":"com.zhihu.daily.android","Text":"基辛格的敌人们"},{"Bounds":{"bottom":798,"left":48,"right":672,"top":707},"Classname":"android.widget.TextView","Packagename":"com.zhihu.daily.android","Text":"原来小餐厅利用空间的秘密武器是卡座（附实操攻略）"},{"Bounds":{"bottom":958,"left":48,"right":672,"top":867},"Classname":"android.widget.TextView","Packagename":"com.zhihu.daily.android","Text":"姑娘与姑娘的区别为什么这么大？"},{"Bounds":{"bottom":1118,"left":48,"right":672,"top":1027},"Classname":"android.widget.TextView","Packagename":"com.zhihu.daily.android","Text":"弗朗哥办公桌上的西班牙内战"},{"Bounds":{"bottom":1278,"left":48,"right":672,"top":1187},"Classname":"android.widget.TextView","Packagename":"com.zhihu.daily.android","Text":"中式园林与日本园林，从造景设计上来看，存在着哪些差异性？"},{"Bounds":{"bottom":110,"left":32,"right":688,"top":160},"Classname":"android.widget.TextView","Packagename":"com.zhihu.daily.android","Text":"内容由知乎用户推荐，海纳主题百万，趣味上天入地"},{"Bounds":{"bottom":144,"left":688,"right":688,"top":160},"Classname":"android.widget.TextView","Packagename":"com.zhihu.daily.android","Text":""}],"packagename":"com.example.a10628.myapplication","width":1080}