{"events":[{"eventname":"TYPE_WINDOW_STATE_CHANGED","source":{"Bounds":{"bottom":1280,"left":0,"right":720,"top":0},"Classname":"android.widget.FrameLayout","Packagename":"com.netease.pris","Text":""}},{"eventname":"TYPE_WINDOW_STATE_CHANGED","source":{"Bounds":{"bottom":1280,"left":0,"right":720,"top":0},"Classname":"android.widget.FrameLayout","Packagename":"com.netease.pris","Text":""}},{"eventname":"TYPE_VIEW_SCROLLED","source":{"Bounds":{"bottom":1174,"left":0,"right":-719,"top":172},"Classname":"android.widget.GridView","Packagename":"com.netease.pris","Text":""}},{"eventname":"TYPE_VIEW_SELECTED","source":{"Bounds":{"bottom":48,"left":0,"right":0,"top":48},"Classname":"android.support.v7.app.ActionBar$Tab","Packagename":"com.netease.pris","Text":""}}],"height":1920,"hovertime":2334,"nodes":[{"Bounds":{"bottom":1280,"left":0,"right":720,"top":0},"Classname":"android.widget.ImageView","Packagename":"com.netease.pris","Text":""},{"Bounds":{"bottom":54,"left":20,"right":82,"top":20},"Classname":"android.widget.TextView","Packagename":"com.netease.pris","Text":"广告"},{"Bounds":{"bottom":104,"left":514,"right":680,"top":40},"Classname":"android.widget.TextView","Packagename":"com.netease.pris","Text":"1s 跳过"},{"Bounds":{"bottom":1219,"left":642,"right":696,"top":1165},"Classname":"android.widget.ImageView","Packagename":"com.netease.pris","Text":""}],"packagename":"com.example.a10628.myapplication","width":1080}