{"events":[{"eventname":"TYPE_VIEW_SCROLLED","source":{"Bounds":{"bottom":1179,"left":0,"right":720,"top":136},"Classname":"android.widget.ScrollView","Packagename":"com.netease.pris","Text":""}},{"eventname":"TYPE_VIEW_CLICKED","source":{"Bounds":{"bottom":136,"left":0,"right":108,"top":48},"Classname":"android.widget.ImageView","Packagename":"com.netease.pris","Text":""}},{"eventname":"TYPE_WINDOW_STATE_CHANGED","source":{"Bounds":{"bottom":1280,"left":0,"right":720,"top":0},"Classname":"android.widget.FrameLayout","Packagename":"com.netease.pris","Text":""}}],"height":1920,"hovertime":2990,"nodes":[{"Bounds":{"bottom":136,"left":0,"right":108,"top":48},"Classname":"android.widget.ImageView","Packagename":"com.netease.pris","Text":""},{"Bounds":{"bottom":114,"left":360,"right":360,"top":69},"Classname":"android.widget.TextView","Packagename":"com.netease.pris","Text":""},{"Bounds":{"bottom":112,"left":378,"right":542,"top":72},"Classname":"android.widget.Button","Packagename":"com.netease.pris","Text":"加入购物车"},{"Bounds":{"bottom":114,"left":572,"right":612,"top":70},"Classname":"android.widget.RelativeLayout","Packagename":"com.netease.pris","Text":""},{"Bounds":{"bottom":114,"left":644,"right":688,"top":70},"Classname":"android.widget.Button","Packagename":"com.netease.pris","Text":""},{"Bounds":{"bottom":-1055,"left":12,"right":228,"top":136},"Classname":"android.widget.ImageView","Packagename":"com.netease.pris","Text":""},{"Bounds":{"bottom":-1263,"left":238,"right":708,"top":136},"Classname":"android.widget.TextView","Packagename":"com.netease.pris","Text":"终极算法：机器学习和人工智能如何重塑世界"},{"Bounds":{"bottom":-1217,"left":238,"right":310,"top":136},"Classname":"android.widget.TextView","Packagename":"com.netease.pris","Text":"计算机"},{"Bounds":{"bottom":-1217,"left":344,"right":596,"top":136},"Classname":"android.widget.TextView","Packagename":"com.netease.pris","Text":"【美】佩德罗·多明戈斯"},{"Bounds":{"bottom":-1181,"left":234,"right":384,"top":136},"Classname":"android.widget.RatingBar","Packagename":"com.netease.pris","Text":""},{"Bounds":{"bottom":-1137,"left":238,"right":364,"top":136},"Classname":"android.widget.TextView","Packagename":"com.netease.pris","Text":"大小：1.6M"},{"Bounds":{"bottom":-1137,"left":398,"right":496,"top":136},"Classname":"android.widget.TextView","Packagename":"com.netease.pris","Text":"10万点击"},{"Bounds":{"bottom":-1084,"left":238,"right":310,"top":136},"Classname":"android.widget.TextView","Packagename":"com.netease.pris","Text":"4080"},{"Bounds":{"bottom":-1086,"left":310,"right":358,"top":136},"Classname":"android.widget.TextView","Packagename":"com.netease.pris","Text":"阅点"},{"Bounds":{"bottom":-642,"left":0,"right":720,"top":136},"Classname":"android.widget.TextView","Packagename":"com.netease.pris","Text":"算法已在多大程度上影响我们的生活？购物网站用算法来为你推荐商品，点评网站用算法来帮你选择餐馆，GPS系统用算法来帮你选择好的路线，公司用算法来选择求职者……当机器最终学会如何学习时，将会发生什么？\n\n不同于传统算法，现在悄然主导我们生活的是“能够学习的机器”，它们通过学习我们琐碎的数据，来执行任务；它们甚至在我们还没提出要求，就能完成我们想做的事。"},{"Bounds":{"bottom":-582,"left":30,"right":126,"top":136},"Classname":"android.widget.TextView","Packagename":"com.netease.pris","Text":"授权方："},{"Bounds":{"bottom":-582,"left":126,"right":414,"top":136},"Classname":"android.widget.TextView","Packagename":"com.netease.pris","Text":"中信出版集团股份有限公司"},{"Bounds":{"bottom":-536,"left":30,"right":246,"top":136},"Classname":"android.widget.TextView","Packagename":"com.netease.pris","Text":"作品类型：付费作品"},{"Bounds":{"bottom":-431,"left":94,"right":666,"top":136},"Classname":"android.widget.TextView","Packagename":"com.netease.pris","Text":"共90章"},{"Bounds":{"bottom":-309,"left":47,"right":552,"top":136},"Classname":"android.widget.TextView","Packagename":"com.netease.pris","Text":"最新评论"},{"Bounds":{"bottom":-303,"left":552,"right":690,"top":136},"Classname":"android.widget.TextView","Packagename":"com.netease.pris","Text":"写评论"},{"Bounds":{"bottom":-159,"left":25,"right":99,"top":136},"Classname":"android.widget.ImageView","Packagename":"com.netease.pris","Text":""},{"Bounds":{"bottom":-201,"left":128,"right":184,"top":136},"Classname":"android.widget.TextView","Packagename":"com.netease.pris","Text":"云"},{"Bounds":{"bottom":-206,"left":196,"right":237,"top":136},"Classname":"android.widget.TextView","Packagename":"com.netease.pris","Text":"LV.1"},{"Bounds":{"bottom":-159,"left":128,"right":278,"top":136},"Classname":"android.widget.RatingBar","Packagename":"com.netease.pris","Text":""},{"Bounds":{"bottom":-157,"left":298,"right":474,"top":136},"Classname":"android.widget.TextView","Packagename":"com.netease.pris","Text":"2017年10月20日"},{"Bounds":{"bottom":-180,"left":637,"right":650,"top":136},"Classname":"android.widget.TextView","Packagename":"com.netease.pris","Text":"1"},{"Bounds":{"bottom":-109,"left":130,"right":354,"top":136},"Classname":"android.widget.TextView","Packagename":"com.netease.pris","Text":"很神奇的书！推荐"},{"Bounds":{"bottom":20,"left":25,"right":99,"top":136},"Classname":"android.widget.ImageView","Packagename":"com.netease.pris","Text":""},{"Bounds":{"bottom":-21,"left":128,"right":291,"top":136},"Classname":"android.widget.TextView","Packagename":"com.netease.pris","Text":"走路去MARS"},{"Bounds":{"bottom":-26,"left":303,"right":344,"top":136},"Classname":"android.widget.TextView","Packagename":"com.netease.pris","Text":"LV.3"},{"Bounds":{"bottom":20,"left":128,"right":278,"top":136},"Classname":"android.widget.RatingBar","Packagename":"com.netease.pris","Text":""},{"Bounds":{"bottom":22,"left":298,"right":474,"top":136},"Classname":"android.widget.TextView","Packagename":"com.netease.pris","Text":"2017年08月04日"},{"Bounds":{"bottom":0,"left":637,"right":650,"top":136},"Classname":"android.widget.TextView","Packagename":"com.netease.pris","Text":"1"},{"Bounds":{"bottom":154,"left":130,"right":668,"top":136},"Classname":"android.widget.TextView","Packagename":"com.netease.pris","Text":"买了一本纸质的，但是我觉得以后可以买纸质书送电子版，这样即使没带纸质书也能随时看，很方便"},{"Bounds":{"bottom":186,"left":0,"right":720,"top":170},"Classname":"android.widget.RelativeLayout","Packagename":"com.netease.pris","Text":""},{"Bounds":{"bottom":268,"left":0,"right":130,"top":186},"Classname":"android.widget.TextView","Packagename":"com.netease.pris","Text":""},{"Bounds":{"bottom":264,"left":150,"right":650,"top":190},"Classname":"android.widget.TextView","Packagename":"com.netease.pris","Text":"德玛西亚的荣光 回复 走路去MARS : 你这想法就很好，点个赞"},{"Bounds":{"bottom":350,"left":0,"right":130,"top":268},"Classname":"android.widget.TextView","Packagename":"com.netease.pris","Text":""},{"Bounds":{"bottom":346,"left":150,"right":650,"top":272},"Classname":"android.widget.TextView","Packagename":"com.netease.pris","Text":"195638927 回复 走路去MARS : 好主意！"},{"Bounds":{"bottom":464,"left":25,"right":99,"top":390},"Classname":"android.widget.ImageView","Packagename":"com.netease.pris","Text":""},{"Bounds":{"bottom":422,"left":128,"right":182,"top":390},"Classname":"android.widget.TextView","Packagename":"com.netease.pris","Text":"pine"},{"Bounds":{"bottom":417,"left":194,"right":235,"top":395},"Classname":"android.widget.TextView","Packagename":"com.netease.pris","Text":"LV.2"},{"Bounds":{"bottom":464,"left":128,"right":278,"top":438},"Classname":"android.widget.RatingBar","Packagename":"com.netease.pris","Text":""},{"Bounds":{"bottom":466,"left":298,"right":474,"top":438},"Classname":"android.widget.TextView","Packagename":"com.netease.pris","Text":"2017年06月17日"},{"Bounds":{"bottom":443,"left":637,"right":650,"top":390},"Classname":"android.widget.TextView","Packagename":"com.netease.pris","Text":"1"},{"Bounds":{"bottom":514,"left":130,"right":354,"top":482},"Classname":"android.widget.TextView","Packagename":"com.netease.pris","Text":"先随便打个分再看"},{"Bounds":{"bottom":546,"left":0,"right":720,"top":530},"Classname":"android.widget.RelativeLayout","Packagename":"com.netease.pris","Text":""},{"Bounds":{"bottom":628,"left":0,"right":130,"top":546},"Classname":"android.widget.TextView","Packagename":"com.netease.pris","Text":""},{"Bounds":{"bottom":624,"left":150,"right":650,"top":550},"Classname":"android.widget.TextView","Packagename":"com.netease.pris","Text":"摩西阳光 回复 pine : 牛反反复复反反复复"},{"Bounds":{"bottom":744,"left":47,"right":227,"top":699},"Classname":"android.widget.TextView","Packagename":"com.netease.pris","Text":"用户还喜欢"},{"Bounds":{"bottom":1066,"left":50,"right":210,"top":1029},"Classname":"android.widget.TextView","Packagename":"com.netease.pris","Text":"奇点临近"},{"Bounds":{"bottom":1114,"left":50,"right":210,"top":1084},"Classname":"android.widget.TextView","Packagename":"com.netease.pris","Text":"【美】雷·库兹韦尔"},{"Bounds":{"bottom":1101,"left":250,"right":410,"top":1029},"Classname":"android.widget.TextView","Packagename":"com.netease.pris","Text":"灰犀牛：如何应对大概率危机"},{"Bounds":{"bottom":1149,"left":250,"right":410,"top":1119},"Classname":"android.widget.TextView","Packagename":"com.netease.pris","Text":"【美】米歇尔·渥克"},{"Bounds":{"bottom":1101,"left":450,"right":610,"top":1029},"Classname":"android.widget.TextView","Packagename":"com.netease.pris","Text":"深入理解计算机网络"},{"Bounds":{"bottom":1149,"left":450,"right":610,"top":1119},"Classname":"android.widget.TextView","Packagename":"com.netease.pris","Text":"王达"},{"Bounds":{"bottom":1101,"left":650,"right":720,"top":1029},"Classname":"android.widget.TextView","Packagename":"com.netease.pris","Text":"白话大数据与机器学习"},{"Bounds":{"bottom":1149,"left":650,"right":720,"top":1119},"Classname":"android.widget.TextView","Packagename":"com.netease.pris","Text":"高扬"},{"Bounds":{"bottom":1280,"left":0,"right":239,"top":1180},"Classname":"android.widget.Button","Packagename":"com.netease.pris","Text":"加入书架"},{"Bounds":{"bottom":1280,"left":241,"right":480,"top":1180},"Classname":"android.widget.Button","Packagename":"com.netease.pris","Text":"购买"},{"Bounds":{"bottom":1280,"left":480,"right":720,"top":1180},"Classname":"android.widget.Button","Packagename":"com.netease.pris","Text":"立即阅读"}],"packagename":"com.example.a10628.myapplication","width":1080}