{"events":[{"eventname":"TYPE_VIEW_SCROLLED","source":{"Bounds":{"bottom":1280,"left":0,"right":720,"top":160},"Classname":"android.widget.ListView","Packagename":"com.zhihu.daily.android","Text":""}},{"eventname":"TYPE_VIEW_SCROLLED","source":{"Bounds":{"bottom":1280,"left":0,"right":720,"top":160},"Classname":"android.widget.ListView","Packagename":"com.zhihu.daily.android","Text":""}}],"height":1920,"hovertime":1238,"nodes":[{"Bounds":{"bottom":160,"left":0,"right":112,"top":48},"Classname":"android.widget.ImageButton","Packagename":"com.zhihu.daily.android","Text":""},{"Bounds":{"bottom":128,"left":144,"right":324,"top":79},"Classname":"android.widget.TextView","Packagename":"com.zhihu.daily.android","Text":"大公司日报"},{"Bounds":{"bottom":152,"left":618,"right":720,"top":56},"Classname":"android.widget.TextView","Packagename":"com.zhihu.daily.android","Text":""},{"Bounds":{"bottom":77,"left":48,"right":492,"top":160},"Classname":"android.widget.TextView","Packagename":"com.zhihu.daily.android","Text":"Adobe 的黑科技，自动抹掉照片中的路人甲"},{"Bounds":{"bottom":289,"left":48,"right":492,"top":198},"Classname":"android.widget.TextView","Packagename":"com.zhihu.daily.android","Text":"中兴华为供应商跑路 3800名工人维权"},{"Bounds":{"bottom":501,"left":48,"right":492,"top":410},"Classname":"android.widget.TextView","Packagename":"com.zhihu.daily.android","Text":"马云和马化腾化敌为友了吗？"},{"Bounds":{"bottom":713,"left":48,"right":492,"top":622},"Classname":"android.widget.TextView","Packagename":"com.zhihu.daily.android","Text":"电子医疗系统实现“自我护理”"},{"Bounds":{"bottom":967,"left":48,"right":492,"top":834},"Classname":"android.widget.TextView","Packagename":"com.zhihu.daily.android","Text":"滴滴CEO程维：私家车可以做专车 但不能和出租车抢生意"},{"Bounds":{"bottom":1179,"left":48,"right":492,"top":1046},"Classname":"android.widget.TextView","Packagename":"com.zhihu.daily.android","Text":"《琅琊榜》出品公司估值一年翻倍 13亿身家的柯氏兄弟谋求单独上市"},{"Bounds":{"bottom":1280,"left":48,"right":492,"top":1258},"Classname":"android.widget.TextView","Packagename":"com.zhihu.daily.android","Text":"独家：美团点评合并，估值150亿美元，中国互联网第五极诞生？"},{"Bounds":{"bottom":110,"left":32,"right":688,"top":160},"Classname":"android.widget.TextView","Packagename":"com.zhihu.daily.android","Text":"商业世界变化越来越快，就是这些家伙干的"},{"Bounds":{"bottom":144,"left":688,"right":688,"top":160},"Classname":"android.widget.TextView","Packagename":"com.zhihu.daily.android","Text":""}],"packagename":"com.example.a10628.myapplication","width":1080}