{"events":[{"eventname":"TYPE_VIEW_SCROLLED","source":{"Bounds":{"bottom":1280,"left":0,"right":720,"top":136},"Classname":"android.widget.ListView","Packagename":"com.sina.weibo","Text":""}}],"height":1920,"hovertime":3569,"nodes":[{"Bounds":{"bottom":-117,"left":96,"right":224,"top":0},"Classname":"android.widget.TextView","Packagename":"com.sina.weibo","Text":"微博热搜"},{"Bounds":{"bottom":-117,"left":240,"right":408,"top":0},"Classname":"android.widget.TextView","Packagename":"com.sina.weibo","Text":"每分钟更新一次"},{"Bounds":{"bottom":36,"left":0,"right":720,"top":0},"Classname":"android.view.View","Packagename":"com.sina.weibo","Text":""},{"Bounds":{"bottom":123,"left":0,"right":70,"top":63},"Classname":"android.widget.ImageView","Packagename":"com.sina.weibo","Text":""},{"Bounds":{"bottom":120,"left":122,"right":190,"top":66},"Classname":"android.widget.TextView","Packagename":"com.sina.weibo","Text":"视频"},{"Bounds":{"bottom":120,"left":258,"right":326,"top":66},"Classname":"android.widget.TextView","Packagename":"com.sina.weibo","Text":"头条"},{"Bounds":{"bottom":120,"left":394,"right":462,"top":66},"Classname":"android.widget.TextView","Packagename":"com.sina.weibo","Text":"榜单"},{"Bounds":{"bottom":120,"left":530,"right":598,"top":66},"Classname":"android.widget.TextView","Packagename":"com.sina.weibo","Text":"南京"},{"Bounds":{"bottom":-221,"left":202,"right":258,"top":0},"Classname":"android.widget.ImageView","Packagename":"com.sina.weibo","Text":""},{"Bounds":{"bottom":-221,"left":262,"right":529,"top":0},"Classname":"android.widget.EditText","Packagename":"com.sina.weibo","Text":"大家正在搜：2018msi"},{"Bounds":{"bottom":204,"left":0,"right":-573,"top":156},"Classname":"android.widget.TextView","Packagename":"com.sina.weibo","Text":"24小时"},{"Bounds":{"bottom":204,"left":0,"right":-417,"top":156},"Classname":"android.widget.TextView","Packagename":"com.sina.weibo","Text":"热舞"},{"Bounds":{"bottom":204,"left":0,"right":-261,"top":156},"Classname":"android.widget.TextView","Packagename":"com.sina.weibo","Text":"美妆护肤"},{"Bounds":{"bottom":204,"left":0,"right":-105,"top":156},"Classname":"android.widget.TextView","Packagename":"com.sina.weibo","Text":"美食烹饪"},{"Bounds":{"bottom":204,"left":0,"right":0,"top":156},"Classname":"android.widget.TextView","Packagename":"com.sina.weibo","Text":"吃货直播"},{"Bounds":{"bottom":204,"left":84,"right":0,"top":156},"Classname":"android.widget.TextView","Packagename":"com.sina.weibo","Text":"烘焙"},{"Bounds":{"bottom":204,"left":240,"right":0,"top":156},"Classname":"android.widget.TextView","Packagename":"com.sina.weibo","Text":"母婴育儿"},{"Bounds":{"bottom":204,"left":396,"right":0,"top":156},"Classname":"android.widget.TextView","Packagename":"com.sina.weibo","Text":"萌娃萌宠"},{"Bounds":{"bottom":204,"left":552,"right":0,"top":156},"Classname":"android.widget.TextView","Packagename":"com.sina.weibo","Text":"明星综艺"},{"Bounds":{"bottom":204,"left":708,"right":0,"top":156},"Classname":"android.widget.TextView","Packagename":"com.sina.weibo","Text":"搞笑"},{"Bounds":{"bottom":204,"left":864,"right":0,"top":156},"Classname":"android.widget.TextView","Packagename":"com.sina.weibo","Text":"微天下"},{"Bounds":{"bottom":204,"left":1020,"right":0,"top":156},"Classname":"android.widget.TextView","Packagename":"com.sina.weibo","Text":"影视"},{"Bounds":{"bottom":204,"left":1176,"right":0,"top":156},"Classname":"android.widget.TextView","Packagename":"com.sina.weibo","Text":"体育健身"},{"Bounds":{"bottom":204,"left":1332,"right":0,"top":156},"Classname":"android.widget.TextView","Packagename":"com.sina.weibo","Text":"旅游"},{"Bounds":{"bottom":627,"left":0,"right":-23,"top":249},"Classname":"android.widget.ImageView","Packagename":"com.sina.weibo","Text":""},{"Bounds":{"bottom":627,"left":0,"right":-23,"top":249},"Classname":"android.view.View","Packagename":"com.sina.weibo","Text":""},{"Bounds":{"bottom":615,"left":0,"right":-565,"top":583},"Classname":"android.widget.TextView","Packagename":"com.sina.weibo","Text":"5万次播放"},{"Bounds":{"bottom":615,"left":0,"right":-43,"top":583},"Classname":"android.widget.TextView","Packagename":"com.sina.weibo","Text":"02:28"},{"Bounds":{"bottom":502,"left":0,"right":-295,"top":374},"Classname":"android.widget.ImageView","Packagename":"com.sina.weibo","Text":""},{"Bounds":{"bottom":737,"left":0,"right":-25,"top":651},"Classname":"android.widget.TextView","Packagename":"com.sina.weibo","Text":"揭秘阿伟决赛帮跳兄弟团，小白蔡亮李琰舞者归来！#battle的正确姿势##这就是街舞##一起..."},{"Bounds":{"bottom":821,"left":0,"right":-633,"top":761},"Classname":"android.widget.FrameLayout","Packagename":"com.sina.weibo","Text":""},{"Bounds":{"bottom":809,"left":0,"right":-509,"top":773},"Classname":"android.widget.TextView","Packagename":"com.sina.weibo","Text":"玖点观影"},{"Bounds":{"bottom":821,"left":0,"right":-248,"top":761},"Classname":"android.widget.TextView","Packagename":"com.sina.weibo","Text":""},{"Bounds":{"bottom":821,"left":0,"right":-112,"top":761},"Classname":"android.widget.TextView","Packagename":"com.sina.weibo","Text":""},{"Bounds":{"bottom":809,"left":0,"right":-25,"top":773},"Classname":"android.widget.TextView","Packagename":"com.sina.weibo","Text":"16"},{"Bounds":{"bottom":1269,"left":0,"right":-23,"top":891},"Classname":"android.widget.ImageView","Packagename":"com.sina.weibo","Text":""},{"Bounds":{"bottom":1269,"left":0,"right":-23,"top":891},"Classname":"android.view.View","Packagename":"com.sina.weibo","Text":""},{"Bounds":{"bottom":1257,"left":0,"right":-540,"top":1225},"Classname":"android.widget.TextView","Packagename":"com.sina.weibo","Text":"108万次播放"},{"Bounds":{"bottom":1257,"left":0,"right":-43,"top":1225},"Classname":"android.widget.TextView","Packagename":"com.sina.weibo","Text":"00:32"},{"Bounds":{"bottom":1144,"left":0,"right":-295,"top":1016},"Classname":"android.widget.ImageView","Packagename":"com.sina.weibo","Text":""},{"Bounds":{"bottom":1280,"left":0,"right":-25,"top":1293},"Classname":"android.widget.TextView","Packagename":"com.sina.weibo","Text":"周星驰，成龙在同一个城市拍戏，然后两大主演就互相客串了一把。周星驰只出镜了几十秒，..."},{"Bounds":{"bottom":1280,"left":0,"right":-633,"top":1403},"Classname":"android.widget.FrameLayout","Packagename":"com.sina.weibo","Text":""},{"Bounds":{"bottom":1280,"left":0,"right":-405,"top":1415},"Classname":"android.widget.TextView","Packagename":"com.sina.weibo","Text":"不要再叫我老公了"},{"Bounds":{"bottom":1280,"left":0,"right":-281,"top":1403},"Classname":"android.widget.TextView","Packagename":"com.sina.weibo","Text":""},{"Bounds":{"bottom":1280,"left":0,"right":-259,"top":1409},"Classname":"android.widget.TextView","Packagename":"com.sina.weibo","Text":"285"},{"Bounds":{"bottom":1280,"left":0,"right":-145,"top":1403},"Classname":"android.widget.TextView","Packagename":"com.sina.weibo","Text":""},{"Bounds":{"bottom":1280,"left":0,"right":-25,"top":1415},"Classname":"android.widget.TextView","Packagename":"com.sina.weibo","Text":"3890"},{"Bounds":{"bottom":150,"left":24,"right":696,"top":136},"Classname":"android.widget.TextView","Packagename":"com.sina.weibo","Text":"宋祖儿发一张脱了的照片获10万赞，网友：好像看到什么，发育真好？？"},{"Bounds":{"bottom":325,"left":24,"right":242,"top":162},"Classname":"android.widget.ImageView","Packagename":"com.sina.weibo","Text":""},{"Bounds":{"bottom":325,"left":250,"right":468,"top":162},"Classname":"android.widget.ImageView","Packagename":"com.sina.weibo","Text":""},{"Bounds":{"bottom":325,"left":476,"right":694,"top":162},"Classname":"android.widget.ImageView","Packagename":"com.sina.weibo","Text":""},{"Bounds":{"bottom":379,"left":654,"right":720,"top":337},"Classname":"android.widget.LinearLayout","Packagename":"com.sina.weibo","Text":""},{"Bounds":{"bottom":367,"left":24,"right":120,"top":337},"Classname":"android.widget.TextView","Packagename":"com.sina.weibo","Text":"全是知识"},{"Bounds":{"bottom":367,"left":140,"right":216,"top":337},"Classname":"android.widget.TextView","Packagename":"com.sina.weibo","Text":"74评论"},{"Bounds":{"bottom":477,"left":24,"right":696,"top":388},"Classname":"android.widget.TextView","Packagename":"com.sina.weibo","Text":"杨幂被曝与男闺蜜同游日本，刘恺威发文：已离婚！她和谁睡过无所谓！"},{"Bounds":{"bottom":652,"left":24,"right":242,"top":489},"Classname":"android.widget.ImageView","Packagename":"com.sina.weibo","Text":""},{"Bounds":{"bottom":652,"left":250,"right":468,"top":489},"Classname":"android.widget.ImageView","Packagename":"com.sina.weibo","Text":""},{"Bounds":{"bottom":652,"left":476,"right":694,"top":489},"Classname":"android.widget.ImageView","Packagename":"com.sina.weibo","Text":""},{"Bounds":{"bottom":706,"left":654,"right":720,"top":664},"Classname":"android.widget.LinearLayout","Packagename":"com.sina.weibo","Text":""},{"Bounds":{"bottom":694,"left":24,"right":144,"top":664},"Classname":"android.widget.TextView","Packagename":"com.sina.weibo","Text":"美妆大大大"},{"Bounds":{"bottom":694,"left":164,"right":254,"top":664},"Classname":"android.widget.TextView","Packagename":"com.sina.weibo","Text":"300评论"},{"Bounds":{"bottom":727,"left":219,"right":500,"top":697},"Classname":"android.widget.TextView","Packagename":"com.sina.weibo","Text":"下面还有新文章，接着看看吧"},{"Bounds":{"bottom":855,"left":24,"right":696,"top":766},"Classname":"android.widget.TextView","Packagename":"com.sina.weibo","Text":"16岁留守女生4年内遭5人性侵怀孕其中一人系大学生"},{"Bounds":{"bottom":1030,"left":24,"right":242,"top":867},"Classname":"android.widget.ImageView","Packagename":"com.sina.weibo","Text":""},{"Bounds":{"bottom":1030,"left":250,"right":468,"top":867},"Classname":"android.widget.ImageView","Packagename":"com.sina.weibo","Text":""},{"Bounds":{"bottom":1030,"left":476,"right":694,"top":867},"Classname":"android.widget.ImageView","Packagename":"com.sina.weibo","Text":""},{"Bounds":{"bottom":1084,"left":654,"right":720,"top":1042},"Classname":"android.widget.LinearLayout","Packagename":"com.sina.weibo","Text":""},{"Bounds":{"bottom":1072,"left":24,"right":168,"top":1042},"Classname":"android.widget.TextView","Packagename":"com.sina.weibo","Text":"时尚潮流改革"},{"Bounds":{"bottom":1072,"left":188,"right":272,"top":1042},"Classname":"android.widget.TextView","Packagename":"com.sina.weibo","Text":"191评论"},{"Bounds":{"bottom":1191,"left":24,"right":696,"top":1102},"Classname":"android.widget.TextView","Packagename":"com.sina.weibo","Text":"女子出租房内洗澡房东屡次开门进入，一丝不挂全被看光"},{"Bounds":{"bottom":1280,"left":24,"right":242,"top":1203},"Classname":"android.widget.ImageView","Packagename":"com.sina.weibo","Text":""},{"Bounds":{"bottom":1280,"left":250,"right":468,"top":1203},"Classname":"android.widget.ImageView","Packagename":"com.sina.weibo","Text":""},{"Bounds":{"bottom":1280,"left":476,"right":694,"top":1203},"Classname":"android.widget.ImageView","Packagename":"com.sina.weibo","Text":""},{"Bounds":{"bottom":1280,"left":654,"right":720,"top":1378},"Classname":"android.widget.LinearLayout","Packagename":"com.sina.weibo","Text":""},{"Bounds":{"bottom":1280,"left":24,"right":144,"top":1378},"Classname":"android.widget.TextView","Packagename":"com.sina.weibo","Text":"九八爱电影"},{"Bounds":{"bottom":1280,"left":164,"right":223,"top":1378},"Classname":"android.widget.TextView","Packagename":"com.sina.weibo","Text":"1评论"},{"Bounds":{"bottom":206,"left":24,"right":132,"top":156},"Classname":"android.widget.TextView","Packagename":"com.sina.weibo","Text":"热点"},{"Bounds":{"bottom":206,"left":166,"right":273,"top":156},"Classname":"android.widget.TextView","Packagename":"com.sina.weibo","Text":"视频"},{"Bounds":{"bottom":206,"left":307,"right":414,"top":156},"Classname":"android.widget.TextView","Packagename":"com.sina.weibo","Text":"军事"},{"Bounds":{"bottom":206,"left":448,"right":555,"top":156},"Classname":"android.widget.TextView","Packagename":"com.sina.weibo","Text":"北京"},{"Bounds":{"bottom":206,"left":589,"right":696,"top":156},"Classname":"android.widget.TextView","Packagename":"com.sina.weibo","Text":"更多"},{"Bounds":{"bottom":206,"left":24,"right":132,"top":156},"Classname":"android.widget.TextView","Packagename":"com.sina.weibo","Text":"热点"},{"Bounds":{"bottom":206,"left":166,"right":273,"top":156},"Classname":"android.widget.TextView","Packagename":"com.sina.weibo","Text":"视频"},{"Bounds":{"bottom":206,"left":307,"right":414,"top":156},"Classname":"android.widget.TextView","Packagename":"com.sina.weibo","Text":"军事"},{"Bounds":{"bottom":206,"left":448,"right":555,"top":156},"Classname":"android.widget.TextView","Packagename":"com.sina.weibo","Text":"北京"},{"Bounds":{"bottom":206,"left":589,"right":696,"top":156},"Classname":"android.widget.TextView","Packagename":"com.sina.weibo","Text":"更多"},{"Bounds":{"bottom":204,"left":744,"right":720,"top":156},"Classname":"android.widget.TextView","Packagename":"com.sina.weibo","Text":"男榜"},{"Bounds":{"bottom":204,"left":900,"right":720,"top":156},"Classname":"android.widget.TextView","Packagename":"com.sina.weibo","Text":"女榜"},{"Bounds":{"bottom":204,"left":1056,"right":720,"top":156},"Classname":"android.widget.TextView","Packagename":"com.sina.weibo","Text":"小时榜"},{"Bounds":{"bottom":204,"left":1212,"right":720,"top":156},"Classname":"android.widget.TextView","Packagename":"com.sina.weibo","Text":"昨日"},{"Bounds":{"bottom":204,"left":1368,"right":720,"top":156},"Classname":"android.widget.TextView","Packagename":"com.sina.weibo","Text":"前日"},{"Bounds":{"bottom":204,"left":1524,"right":720,"top":156},"Classname":"android.widget.TextView","Packagename":"com.sina.weibo","Text":"周榜"},{"Bounds":{"bottom":136,"left":1440,"right":720,"top":136},"Classname":"android.widget.FrameLayout","Packagename":"com.sina.weibo","Text":""},{"Bounds":{"bottom":1280,"left":0,"right":144,"top":1280},"Classname":"android.view.View","Packagename":"com.sina.weibo","Text":""},{"Bounds":{"bottom":1280,"left":144,"right":288,"top":1280},"Classname":"android.view.View","Packagename":"com.sina.weibo","Text":""},{"Bounds":{"bottom":1280,"left":316,"right":404,"top":1286},"Classname":"android.widget.ImageView","Packagename":"com.sina.weibo","Text":""},{"Bounds":{"bottom":1280,"left":432,"right":576,"top":1280},"Classname":"android.view.View","Packagename":"com.sina.weibo","Text":""},{"Bounds":{"bottom":1280,"left":576,"right":720,"top":1280},"Classname":"android.view.ViewGroup","Packagename":"com.sina.weibo","Text":""}],"packagename":"com.example.a10628.myapplication","width":1080}