{"events":[{"eventname":"TYPE_VIEW_SCROLLED","source":{"Bounds":{"bottom":1180,"left":0,"right":720,"top":252},"Classname":"android.widget.ListView","Packagename":"com.baycode.tianya","Text":""}}],"height":1920,"hovertime":1471,"nodes":[{"Bounds":{"bottom":136,"left":0,"right":720,"top":48},"Classname":"android.widget.TextView","Packagename":"com.baycode.tianya","Text":"天涯热帖"},{"Bounds":{"bottom":81,"left":274,"right":445,"top":136},"Classname":"android.widget.TextView","Packagename":"com.baycode.tianya","Text":"下拉刷新…"},{"Bounds":{"bottom":137,"left":0,"right":720,"top":137},"Classname":"android.widget.FrameLayout","Packagename":"com.baycode.tianya","Text":""},{"Bounds":{"bottom":236,"left":16,"right":704,"top":142},"Classname":"android.widget.TextView","Packagename":"com.baycode.tianya","Text":"男子意外拍下天空的“鱼群”，吓傻了！"},{"Bounds":{"bottom":274,"left":16,"right":245,"top":236},"Classname":"android.widget.TextView","Packagename":"com.baycode.tianya","Text":""},{"Bounds":{"bottom":274,"left":245,"right":474,"top":236},"Classname":"android.widget.TextView","Packagename":"com.baycode.tianya","Text":""},{"Bounds":{"bottom":274,"left":474,"right":704,"top":236},"Classname":"android.widget.TextView","Packagename":"com.baycode.tianya","Text":"推广"},{"Bounds":{"bottom":377,"left":16,"right":704,"top":283},"Classname":"android.widget.TextView","Packagename":"com.baycode.tianya","Text":"我从没想过，男朋友会是我经手的第一个命案死者"},{"Bounds":{"bottom":415,"left":16,"right":245,"top":377},"Classname":"android.widget.TextView","Packagename":"com.baycode.tianya","Text":"莲蓬鬼话"},{"Bounds":{"bottom":415,"left":245,"right":474,"top":377},"Classname":"android.widget.TextView","Packagename":"com.baycode.tianya","Text":"05-12 00:00"},{"Bounds":{"bottom":415,"left":474,"right":704,"top":377},"Classname":"android.widget.TextView","Packagename":"com.baycode.tianya","Text":"好多鱼2018"},{"Bounds":{"bottom":518,"left":16,"right":704,"top":424},"Classname":"android.widget.TextView","Packagename":"com.baycode.tianya","Text":"【有奖征集】为涯叔打CALL，说出真心话，狂赢天涯钻"},{"Bounds":{"bottom":556,"left":16,"right":245,"top":518},"Classname":"android.widget.TextView","Packagename":"com.baycode.tianya","Text":"天涯实验场"},{"Bounds":{"bottom":556,"left":245,"right":474,"top":518},"Classname":"android.widget.TextView","Packagename":"com.baycode.tianya","Text":"05-12 22:52"},{"Bounds":{"bottom":556,"left":474,"right":704,"top":518},"Classname":"android.widget.TextView","Packagename":"com.baycode.tianya","Text":"天涯服务"},{"Bounds":{"bottom":659,"left":16,"right":704,"top":565},"Classname":"android.widget.TextView","Packagename":"com.baycode.tianya","Text":"记录一下我在会计师事务所工作的日子。"},{"Bounds":{"bottom":697,"left":16,"right":245,"top":659},"Classname":"android.widget.TextView","Packagename":"com.baycode.tianya","Text":"工薪一族"},{"Bounds":{"bottom":697,"left":245,"right":474,"top":659},"Classname":"android.widget.TextView","Packagename":"com.baycode.tianya","Text":"05-12 23:47"},{"Bounds":{"bottom":697,"left":474,"right":704,"top":659},"Classname":"android.widget.TextView","Packagename":"com.baycode.tianya","Text":"懒豆豆dou"},{"Bounds":{"bottom":800,"left":16,"right":704,"top":706},"Classname":"android.widget.TextView","Packagename":"com.baycode.tianya","Text":"父亲意外离世，和后妈的尴尬生活"},{"Bounds":{"bottom":838,"left":16,"right":245,"top":800},"Classname":"android.widget.TextView","Packagename":"com.baycode.tianya","Text":"舞文弄墨"},{"Bounds":{"bottom":838,"left":245,"right":474,"top":800},"Classname":"android.widget.TextView","Packagename":"com.baycode.tianya","Text":"05-11 09:23"},{"Bounds":{"bottom":838,"left":474,"right":704,"top":800},"Classname":"android.widget.TextView","Packagename":"com.baycode.tianya","Text":"萧易V"},{"Bounds":{"bottom":941,"left":16,"right":704,"top":847},"Classname":"android.widget.TextView","Packagename":"com.baycode.tianya","Text":"史上最弱除妖人，被妖怪打上门还得认错"},{"Bounds":{"bottom":979,"left":16,"right":245,"top":941},"Classname":"android.widget.TextView","Packagename":"com.baycode.tianya","Text":"莲蓬鬼话"},{"Bounds":{"bottom":979,"left":245,"right":474,"top":941},"Classname":"android.widget.TextView","Packagename":"com.baycode.tianya","Text":"05-12 00:00"},{"Bounds":{"bottom":979,"left":474,"right":704,"top":941},"Classname":"android.widget.TextView","Packagename":"com.baycode.tianya","Text":"糖世子"},{"Bounds":{"bottom":1082,"left":16,"right":704,"top":988},"Classname":"android.widget.TextView","Packagename":"com.baycode.tianya","Text":"大家一起聊聊对目前房价的感受！"},{"Bounds":{"bottom":1120,"left":16,"right":245,"top":1082},"Classname":"android.widget.TextView","Packagename":"com.baycode.tianya","Text":"房产观澜"},{"Bounds":{"bottom":1120,"left":245,"right":474,"top":1082},"Classname":"android.widget.TextView","Packagename":"com.baycode.tianya","Text":"05-12 23:53"},{"Bounds":{"bottom":1120,"left":474,"right":704,"top":1082},"Classname":"android.widget.TextView","Packagename":"com.baycode.tianya","Text":"shenqiqiling"},{"Bounds":{"bottom":1180,"left":16,"right":704,"top":1129},"Classname":"android.widget.TextView","Packagename":"com.baycode.tianya","Text":"【今言野语】中国出轨率世界第一的原因是什么？"},{"Bounds":{"bottom":1180,"left":16,"right":245,"top":1223},"Classname":"android.widget.TextView","Packagename":"com.baycode.tianya","Text":"新闻众评"},{"Bounds":{"bottom":1180,"left":245,"right":474,"top":1223},"Classname":"android.widget.TextView","Packagename":"com.baycode.tianya","Text":"05-12 23:45"},{"Bounds":{"bottom":1180,"left":474,"right":704,"top":1223},"Classname":"android.widget.TextView","Packagename":"com.baycode.tianya","Text":"天涯海角客1"},{"Bounds":{"bottom":1280,"left":46,"right":98,"top":1244},"Classname":"android.widget.TextView","Packagename":"com.baycode.tianya","Text":"热帖"},{"Bounds":{"bottom":1280,"left":190,"right":242,"top":1244},"Classname":"android.widget.TextView","Packagename":"com.baycode.tianya","Text":"聚焦"},{"Bounds":{"bottom":1280,"left":334,"right":386,"top":1244},"Classname":"android.widget.TextView","Packagename":"com.baycode.tianya","Text":"书签"},{"Bounds":{"bottom":1280,"left":478,"right":530,"top":1244},"Classname":"android.widget.TextView","Packagename":"com.baycode.tianya","Text":"版块"},{"Bounds":{"bottom":1280,"left":622,"right":674,"top":1244},"Classname":"android.widget.TextView","Packagename":"com.baycode.tianya","Text":"设置"}],"packagename":"com.example.a10628.myapplication","width":1080}