{"events":[{"eventname":"TYPE_VIEW_SCROLLED","source":{"Bounds":{"bottom":1280,"left":16,"right":704,"top":144},"Classname":"android.widget.ListView","Packagename":"com.cundong.izhihu","Text":""}},{"eventname":"TYPE_VIEW_SCROLLED","source":{"Bounds":{"bottom":1280,"left":16,"right":704,"top":144},"Classname":"android.widget.ListView","Packagename":"com.cundong.izhihu","Text":""}}],"height":1920,"hovertime":4045,"nodes":[{"Bounds":{"bottom":120,"left":97,"right":241,"top":71},"Classname":"android.widget.TextView","Packagename":"com.cundong.izhihu","Text":"新奇日报"},{"Bounds":{"bottom":144,"left":496,"right":608,"top":48},"Classname":"android.widget.TextView","Packagename":"com.cundong.izhihu","Text":""},{"Bounds":{"bottom":144,"left":608,"right":720,"top":48},"Classname":"android.widget.ImageButton","Packagename":"com.cundong.izhihu","Text":""},{"Bounds":{"bottom":252,"left":48,"right":228,"top":144},"Classname":"android.widget.ImageView","Packagename":"com.cundong.izhihu","Text":""},{"Bounds":{"bottom":199,"left":244,"right":672,"top":144},"Classname":"android.widget.TextView","Packagename":"com.cundong.izhihu","Text":"苍井优拿影后，才不是因为这整整五场床戏"},{"Bounds":{"bottom":460,"left":48,"right":228,"top":316},"Classname":"android.widget.ImageView","Packagename":"com.cundong.izhihu","Text":""},{"Bounds":{"bottom":407,"left":244,"right":672,"top":316},"Classname":"android.widget.TextView","Packagename":"com.cundong.izhihu","Text":"好奇心不一定害死猫，但你点的一小块蚊香可能会"},{"Bounds":{"bottom":668,"left":48,"right":228,"top":524},"Classname":"android.widget.ImageView","Packagename":"com.cundong.izhihu","Text":""},{"Bounds":{"bottom":615,"left":244,"right":672,"top":524},"Classname":"android.widget.TextView","Packagename":"com.cundong.izhihu","Text":"虚拟主播之春"},{"Bounds":{"bottom":876,"left":48,"right":228,"top":732},"Classname":"android.widget.ImageView","Packagename":"com.cundong.izhihu","Text":""},{"Bounds":{"bottom":823,"left":244,"right":672,"top":732},"Classname":"android.widget.TextView","Packagename":"com.cundong.izhihu","Text":"3 个案例告诉你，一名优秀的风投人要做到什么"},{"Bounds":{"bottom":1084,"left":48,"right":228,"top":940},"Classname":"android.widget.ImageView","Packagename":"com.cundong.izhihu","Text":""},{"Bounds":{"bottom":1073,"left":244,"right":672,"top":940},"Classname":"android.widget.TextView","Packagename":"com.cundong.izhihu","Text":"大部分鱼都是背朝上，偏偏有一些「奇葩」，喜欢翻过来游"},{"Bounds":{"bottom":1280,"left":48,"right":228,"top":1148},"Classname":"android.widget.ImageView","Packagename":"com.cundong.izhihu","Text":""},{"Bounds":{"bottom":1239,"left":244,"right":672,"top":1148},"Classname":"android.widget.TextView","Packagename":"com.cundong.izhihu","Text":"难怪我老板不是个好领导，他真该好好补习一下了……"}],"packagename":"com.example.a10628.myapplication","width":1080}