{"events":[{"eventname":"TYPE_VIEW_FOCUSED","source":{"Bounds":{"bottom":48,"left":0,"right":0,"top":48},"Classname":"android.webkit.WebView","Packagename":"com.douban.frodo","Text":""}},{"eventname":"TYPE_VIEW_CLICKED","source":{"Bounds":{"bottom":1280,"left":142,"right":288,"top":1184},"Classname":"android.widget.RelativeLayout","Packagename":"com.douban.frodo","Text":""}}],"height":1920,"hovertime":6885,"nodes":[{"Bounds":{"bottom":130,"left":24,"right":608,"top":62},"Classname":"android.widget.TextView","Packagename":"com.douban.frodo","Text":"影视 图书 唱片 小组 舞台剧等"},{"Bounds":{"bottom":130,"left":524,"right":608,"top":62},"Classname":"android.widget.ImageView","Packagename":"com.douban.frodo","Text":""},{"Bounds":{"bottom":144,"left":0,"right":0,"top":48},"Classname":"android.widget.RelativeLayout","Packagename":"com.douban.frodo","Text":""},{"Bounds":{"bottom":47,"left":0,"right":-203,"top":144},"Classname":"android.widget.TextView","Packagename":"com.douban.frodo","Text":"世界欠中国民科一个诺贝尔数学奖"},{"Bounds":{"bottom":118,"left":0,"right":-203,"top":144},"Classname":"android.widget.TextView","Packagename":"com.douban.frodo","Text":"撰文 | 师岑 吴鼎 出品 |网易浪潮工作室 除了靳东，很多人都知道诺贝尔并没有数学奖。但中国民科在数学界的“成就”一直举世瞩目，例如蒋春暄。 或许你没听说过蒋春暄这个名字，但你可能听说过他“成功证明”过的一些理论：费马大定理和哥德巴赫猜想。听上去，他本该是和欧拉、高斯一起进入高数课本的大师。 可为什么你从来没听说过他？这是因为他遭到了数学界“幕后黑手”的迫害，论文被撤，原本属于他的奖项也被夺走，甚至抹黑他是个“神经病”。 蒋春暄，看起来是个以一人之力挑..."},{"Bounds":{"bottom":157,"left":0,"right":-117,"top":144},"Classname":"android.widget.TextView","Packagename":"com.douban.frodo","Text":"浪潮工作室"},{"Bounds":{"bottom":156,"left":0,"right":-19,"top":144},"Classname":"android.widget.ImageView","Packagename":"com.douban.frodo","Text":""},{"Bounds":{"bottom":319,"left":0,"right":-203,"top":218},"Classname":"android.widget.TextView","Packagename":"com.douban.frodo","Text":"颜宁离开中国的一个被忽视的原因——撒贝宁踩了哪些“政治正确”和女权的“雷”"},{"Bounds":{"bottom":390,"left":0,"right":-203,"top":323},"Classname":"android.widget.TextView","Packagename":"com.douban.frodo","Text":"女科学家都去哪儿了？ 作者/扛霸君 编辑/Jungle 去年，颜宁离开清华大学，就任美国普林斯顿大学终身讲席教授的新闻火遍了网络。网络上再度出现各种对中国科研环境和学术氛围的质疑。 对于颜宁离开的原因，有人认为是中国高校学术氛围不够好，有人认为是中国高校过度行政化等等，甚至有人搬出她14年的博客，说是她申请国内科研基金失败导致的（当然，颜宁也对这予以坚决否认）。 其实如果你看过撒贝宁主持的电视演讲节目《开讲啦》，其中有一期是2016年颜宁的演讲，我们可以从中就能..."},{"Bounds":{"bottom":429,"left":0,"right":-117,"top":396},"Classname":"android.widget.TextView","Packagename":"com.douban.frodo","Text":"东观西望"},{"Bounds":{"bottom":428,"left":0,"right":-19,"top":398},"Classname":"android.widget.ImageView","Packagename":"com.douban.frodo","Text":""},{"Bounds":{"bottom":523,"left":0,"right":-499,"top":490},"Classname":"android.widget.TextView","Packagename":"com.douban.frodo","Text":"来自频道：英语"},{"Bounds":{"bottom":586,"left":0,"right":-203,"top":537},"Classname":"android.widget.TextView","Packagename":"com.douban.frodo","Text":"我是如何用英语挣钱的"},{"Bounds":{"bottom":657,"left":0,"right":-203,"top":590},"Classname":"android.widget.TextView","Packagename":"com.douban.frodo","Text":"英语能带你去更远的地方，赚更多的钱，在峡谷更高级地骂人。—— 新手射手陈怒 作为一个即将毕业于可能是全国帅哥最多大学的英专学生，我有一些生活的苦恼：每当一说出我大学名和专业名时，我就会遭到无情嘲笑：“哈哈哈哈？那里？学英语？” 我们系每一届学生都会相互吐槽这个问题。入学的时候我常常觉得羞耻，但是熬到了现在我愿意用“特别”来修饰它，因为我实实在在感受到一丝英专加专业的优越性。 我以后从事纯英语工作的机会并不大，但是我这些年还是多多少少用这个技能赚了..."},{"Bounds":{"bottom":744,"left":0,"right":-117,"top":711},"Classname":"android.widget.TextView","Packagename":"com.douban.frodo","Text":"陈怒"},{"Bounds":{"bottom":743,"left":0,"right":-19,"top":713},"Classname":"android.widget.ImageView","Packagename":"com.douban.frodo","Text":""},{"Bounds":{"bottom":854,"left":0,"right":-203,"top":805},"Classname":"android.widget.TextView","Packagename":"com.douban.frodo","Text":"父丧"},{"Bounds":{"bottom":925,"left":0,"right":-203,"top":858},"Classname":"android.widget.TextView","Packagename":"com.douban.frodo","Text":"父亲只有每个月给我打钱时，才会简短聊两句，从来不超过一分钟。我借着酒意拨通父亲的手机，只说了一句：爸，我喝多了，想你了。 一 父亲离开这个世界已经三个多月了，至今想起他，不仅仅是难过，还有一丝愤怒和无奈。 2017年下半年，母亲连续做了两次手术，甲状腺乳头癌及颈部淋巴结肿大。这并不是绝症，所花费的手术费用及其他费用也不是我们这个家庭无法承担的。 父亲是县城城关镇工商所的办公室主任，姐姐是县城高中的老师，我还有大半年就大学毕业了，已经报名了河南省公务员..."},{"Bounds":{"bottom":1012,"left":0,"right":-117,"top":979},"Classname":"android.widget.TextView","Packagename":"com.douban.frodo","Text":"全民故事计划"},{"Bounds":{"bottom":1011,"left":0,"right":-19,"top":981},"Classname":"android.widget.ImageView","Packagename":"com.douban.frodo","Text":""},{"Bounds":{"bottom":1122,"left":0,"right":0,"top":1073},"Classname":"android.widget.TextView","Packagename":"com.douban.frodo","Text":"助你1次考过CPA"},{"Bounds":{"bottom":1182,"left":0,"right":-39,"top":1142},"Classname":"android.widget.ImageView","Packagename":"com.douban.frodo","Text":""},{"Bounds":{"bottom":1182,"left":0,"right":-139,"top":1345},"Classname":"android.widget.TextView","Packagename":"com.douban.frodo","Text":"马上领取"},{"Bounds":{"bottom":1182,"left":0,"right":-39,"top":1341},"Classname":"android.widget.TextView","Packagename":"com.douban.frodo","Text":"广告"},{"Bounds":{"bottom":144,"left":0,"right":112,"top":48},"Classname":"android.widget.ImageButton","Packagename":"com.douban.frodo","Text":""},{"Bounds":{"bottom":119,"left":144,"right":152,"top":73},"Classname":"android.widget.TextView","Packagename":"com.douban.frodo","Text":" "},{"Bounds":{"bottom":119,"left":309,"right":411,"top":73},"Classname":"android.widget.TextView","Packagename":"com.douban.frodo","Text":"书影音"},{"Bounds":{"bottom":144,"left":512,"right":608,"top":48},"Classname":"android.widget.TextView","Packagename":"com.douban.frodo","Text":""},{"Bounds":{"bottom":144,"left":608,"right":720,"top":48},"Classname":"android.widget.RelativeLayout","Packagename":"com.douban.frodo","Text":""},{"Bounds":{"bottom":226,"left":0,"right":120,"top":146},"Classname":"android.widget.TextView","Packagename":"com.douban.frodo","Text":"电影"},{"Bounds":{"bottom":226,"left":120,"right":240,"top":146},"Classname":"android.widget.TextView","Packagename":"com.douban.frodo","Text":"电视"},{"Bounds":{"bottom":226,"left":240,"right":360,"top":146},"Classname":"android.widget.TextView","Packagename":"com.douban.frodo","Text":"综艺"},{"Bounds":{"bottom":226,"left":360,"right":480,"top":146},"Classname":"android.widget.TextView","Packagename":"com.douban.frodo","Text":"读书"},{"Bounds":{"bottom":226,"left":480,"right":600,"top":146},"Classname":"android.widget.TextView","Packagename":"com.douban.frodo","Text":"同城"},{"Bounds":{"bottom":226,"left":600,"right":720,"top":146},"Classname":"android.widget.TextView","Packagename":"com.douban.frodo","Text":"音乐"},{"Bounds":{"bottom":1182,"left":0,"right":720,"top":226},"Classname":"android.webkit.WebView","Packagename":"com.douban.frodo","Text":""},{"Bounds":{"bottom":144,"left":1440,"right":720,"top":48},"Classname":"android.widget.ImageButton","Packagename":"com.douban.frodo","Text":""},{"Bounds":{"bottom":119,"left":1800,"right":720,"top":73},"Classname":"android.widget.TextView","Packagename":"com.douban.frodo","Text":""},{"Bounds":{"bottom":1280,"left":51,"right":91,"top":1244},"Classname":"android.widget.TextView","Packagename":"com.douban.frodo","Text":"首页"},{"Bounds":{"bottom":1280,"left":185,"right":245,"top":1244},"Classname":"android.widget.TextView","Packagename":"com.douban.frodo","Text":"书影音"},{"Bounds":{"bottom":1280,"left":339,"right":379,"top":1244},"Classname":"android.widget.TextView","Packagename":"com.douban.frodo","Text":"广播"},{"Bounds":{"bottom":1280,"left":481,"right":521,"top":1244},"Classname":"android.widget.TextView","Packagename":"com.douban.frodo","Text":"小组"},{"Bounds":{"bottom":1280,"left":623,"right":663,"top":1244},"Classname":"android.widget.TextView","Packagename":"com.douban.frodo","Text":"我的"}],"packagename":"com.example.a10628.myapplication","width":1080}