{"events":[{"eventname":"TYPE_VIEW_SCROLLED","source":{"Bounds":{"bottom":1179,"left":0,"right":720,"top":136},"Classname":"android.widget.ScrollView","Packagename":"com.netease.pris","Text":""}}],"height":1920,"hovertime":1966,"nodes":[{"Bounds":{"bottom":136,"left":0,"right":108,"top":48},"Classname":"android.widget.ImageView","Packagename":"com.netease.pris","Text":""},{"Bounds":{"bottom":114,"left":360,"right":360,"top":69},"Classname":"android.widget.TextView","Packagename":"com.netease.pris","Text":""},{"Bounds":{"bottom":114,"left":644,"right":688,"top":70},"Classname":"android.widget.Button","Packagename":"com.netease.pris","Text":""},{"Bounds":{"bottom":-670,"left":12,"right":228,"top":136},"Classname":"android.widget.ImageView","Packagename":"com.netease.pris","Text":""},{"Bounds":{"bottom":-918,"left":238,"right":374,"top":136},"Classname":"android.widget.TextView","Packagename":"com.netease.pris","Text":"噬魂女帝"},{"Bounds":{"bottom":-872,"left":238,"right":334,"top":136},"Classname":"android.widget.TextView","Packagename":"com.netease.pris","Text":"仙侠幻情"},{"Bounds":{"bottom":-872,"left":368,"right":416,"top":136},"Classname":"android.widget.TextView","Packagename":"com.netease.pris","Text":"糖心"},{"Bounds":{"bottom":-836,"left":234,"right":384,"top":136},"Classname":"android.widget.RatingBar","Packagename":"com.netease.pris","Text":""},{"Bounds":{"bottom":-792,"left":238,"right":332,"top":136},"Classname":"android.widget.TextView","Packagename":"com.netease.pris","Text":"81.9万字"},{"Bounds":{"bottom":-792,"left":366,"right":484,"top":136},"Classname":"android.widget.TextView","Packagename":"com.netease.pris","Text":"33.2万点击"},{"Bounds":{"bottom":-739,"left":238,"right":256,"top":136},"Classname":"android.widget.TextView","Packagename":"com.netease.pris","Text":"5"},{"Bounds":{"bottom":-741,"left":256,"right":360,"top":136},"Classname":"android.widget.TextView","Packagename":"com.netease.pris","Text":"阅点/千字"},{"Bounds":{"bottom":-551,"left":0,"right":720,"top":136},"Classname":"android.widget.TextView","Packagename":"com.netease.pris","Text":"我要活着，我要变强，我要站在巅峰，欲毁我家园，奴役我族人？杀他一个浮尸千里，血流成河！天道降下劫雷，断我生路？我便用天雷淬体，成就..."},{"Bounds":{"bottom":-551,"left":653,"right":720,"top":136},"Classname":"android.widget.ImageView","Packagename":"com.netease.pris","Text":""},{"Bounds":{"bottom":-466,"left":94,"right":194,"top":136},"Classname":"android.widget.TextView","Packagename":"com.netease.pris","Text":"05月13号"},{"Bounds":{"bottom":-466,"left":204,"right":594,"top":136},"Classname":"android.widget.TextView","Packagename":"com.netease.pris","Text":"更至：第五十二章  会死的……"},{"Bounds":{"bottom":-466,"left":594,"right":690,"top":136},"Classname":"android.widget.TextView","Packagename":"com.netease.pris","Text":"连载中"},{"Bounds":{"bottom":-328,"left":64,"right":130,"top":136},"Classname":"android.widget.ImageView","Packagename":"com.netease.pris","Text":""},{"Bounds":{"bottom":-328,"left":140,"right":206,"top":136},"Classname":"android.widget.ImageView","Packagename":"com.netease.pris","Text":""},{"Bounds":{"bottom":-328,"left":216,"right":282,"top":136},"Classname":"android.widget.ImageView","Packagename":"com.netease.pris","Text":""},{"Bounds":{"bottom":-328,"left":292,"right":358,"top":136},"Classname":"android.widget.ImageView","Packagename":"com.netease.pris","Text":""},{"Bounds":{"bottom":-328,"left":368,"right":434,"top":136},"Classname":"android.widget.ImageView","Packagename":"com.netease.pris","Text":""},{"Bounds":{"bottom":-339,"left":520,"right":720,"top":136},"Classname":"android.widget.TextView","Packagename":"com.netease.pris","Text":"打赏"},{"Bounds":{"bottom":-202,"left":47,"right":552,"top":136},"Classname":"android.widget.TextView","Packagename":"com.netease.pris","Text":"大师来了"},{"Bounds":{"bottom":-196,"left":552,"right":690,"top":136},"Classname":"android.widget.TextView","Packagename":"com.netease.pris","Text":"写评论"},{"Bounds":{"bottom":-52,"left":25,"right":99,"top":136},"Classname":"android.widget.ImageView","Packagename":"com.netease.pris","Text":""},{"Bounds":{"bottom":-94,"left":128,"right":296,"top":136},"Classname":"android.widget.TextView","Packagename":"com.netease.pris","Text":"喜欢雨天发呆"},{"Bounds":{"bottom":-99,"left":308,"right":349,"top":136},"Classname":"android.widget.TextView","Packagename":"com.netease.pris","Text":"LV.6"},{"Bounds":{"bottom":-52,"left":128,"right":278,"top":136},"Classname":"android.widget.RatingBar","Packagename":"com.netease.pris","Text":""},{"Bounds":{"bottom":-50,"left":298,"right":464,"top":136},"Classname":"android.widget.TextView","Packagename":"com.netease.pris","Text":"04月15日 10:25"},{"Bounds":{"bottom":-73,"left":624,"right":650,"top":136},"Classname":"android.widget.TextView","Packagename":"com.netease.pris","Text":"17"},{"Bounds":{"bottom":125,"left":130,"right":668,"top":136},"Classname":"android.widget.TextView","Packagename":"com.netease.pris","Text":"仇，让女子增了血气；恨，让女子长了决绝；\n情，让女子多了妩媚；爱，让女子变了心性。"},{"Bounds":{"bottom":157,"left":0,"right":720,"top":141},"Classname":"android.widget.RelativeLayout","Packagename":"com.netease.pris","Text":""},{"Bounds":{"bottom":281,"left":0,"right":130,"top":157},"Classname":"android.widget.TextView","Packagename":"com.netease.pris","Text":""},{"Bounds":{"bottom":277,"left":150,"right":650,"top":161},"Classname":"android.widget.TextView","Packagename":"com.netease.pris","Text":"糖(❁´◡`❁)*✲ﾟ*心 (作者) 回复 喜欢雨天发呆 : 亲，好有才气啊。。。 非常感谢对女帝，对糖糖的支持！！！"},{"Bounds":{"bottom":447,"left":0,"right":130,"top":281},"Classname":"android.widget.TextView","Packagename":"com.netease.pris","Text":""},{"Bounds":{"bottom":443,"left":150,"right":650,"top":285},"Classname":"android.widget.TextView","Packagename":"com.netease.pris","Text":"白雪正看《七色霸绝录》 回复 喜欢雨天发呆 : 有些人想成功，有些人渴望成功，有些人努力实现成功。 😊😊😊😊😊😊😊"},{"Bounds":{"bottom":522,"left":47,"right":191,"top":477},"Classname":"android.widget.TextView","Packagename":"com.netease.pris","Text":"最新评论"},{"Bounds":{"bottom":666,"left":25,"right":99,"top":592},"Classname":"android.widget.ImageView","Packagename":"com.netease.pris","Text":""},{"Bounds":{"bottom":624,"left":128,"right":268,"top":592},"Classname":"android.widget.TextView","Packagename":"com.netease.pris","Text":"流星雨来临"},{"Bounds":{"bottom":619,"left":280,"right":321,"top":597},"Classname":"android.widget.TextView","Packagename":"com.netease.pris","Text":"LV.1"},{"Bounds":{"bottom":666,"left":128,"right":278,"top":640},"Classname":"android.widget.RatingBar","Packagename":"com.netease.pris","Text":""},{"Bounds":{"bottom":668,"left":298,"right":464,"top":640},"Classname":"android.widget.TextView","Packagename":"com.netease.pris","Text":"05月11日 22:49"},{"Bounds":{"bottom":645,"left":642,"right":720,"top":592},"Classname":"android.widget.LinearLayout","Packagename":"com.netease.pris","Text":""},{"Bounds":{"bottom":716,"left":130,"right":277,"top":684},"Classname":"android.widget.TextView","Packagename":"com.netease.pris","Text":"非常好看😊"},{"Bounds":{"bottom":846,"left":25,"right":99,"top":772},"Classname":"android.widget.ImageView","Packagename":"com.netease.pris","Text":""},{"Bounds":{"bottom":804,"left":128,"right":156,"top":772},"Classname":"android.widget.TextView","Packagename":"com.netease.pris","Text":"ljn"},{"Bounds":{"bottom":799,"left":168,"right":217,"top":777},"Classname":"android.widget.TextView","Packagename":"com.netease.pris","Text":"LV.14"},{"Bounds":{"bottom":846,"left":128,"right":278,"top":820},"Classname":"android.widget.RatingBar","Packagename":"com.netease.pris","Text":""},{"Bounds":{"bottom":848,"left":298,"right":464,"top":820},"Classname":"android.widget.TextView","Packagename":"com.netease.pris","Text":"01月18日 20:00"},{"Bounds":{"bottom":825,"left":637,"right":650,"top":772},"Classname":"android.widget.TextView","Packagename":"com.netease.pris","Text":"1"},{"Bounds":{"bottom":896,"left":130,"right":410,"top":864},"Classname":"android.widget.TextView","Packagename":"com.netease.pris","Text":"突然冒出章五毒，谁呀"},{"Bounds":{"bottom":928,"left":0,"right":720,"top":912},"Classname":"android.widget.RelativeLayout","Packagename":"com.netease.pris","Text":""},{"Bounds":{"bottom":1052,"left":0,"right":130,"top":928},"Classname":"android.widget.TextView","Packagename":"com.netease.pris","Text":""},{"Bounds":{"bottom":1048,"left":150,"right":650,"top":932},"Classname":"android.widget.TextView","Packagename":"com.netease.pris","Text":"糖(❁´◡`❁)*✲ﾟ*心 (作者) 回复 ljn : 咳咳，他是肖王府的客卿啊！ 感谢朋友一直对糖糖的支持！！！"},{"Bounds":{"bottom":1166,"left":25,"right":99,"top":1092},"Classname":"android.widget.ImageView","Packagename":"com.netease.pris","Text":""},{"Bounds":{"bottom":1124,"left":128,"right":324,"top":1092},"Classname":"android.widget.TextView","Packagename":"com.netease.pris","Text":"如果声音不记得"},{"Bounds":{"bottom":1119,"left":336,"right":377,"top":1097},"Classname":"android.widget.TextView","Packagename":"com.netease.pris","Text":"LV.7"},{"Bounds":{"bottom":1166,"left":128,"right":278,"top":1140},"Classname":"android.widget.RatingBar","Packagename":"com.netease.pris","Text":""},{"Bounds":{"bottom":1168,"left":298,"right":464,"top":1140},"Classname":"android.widget.TextView","Packagename":"com.netease.pris","Text":"01月15日 16:54"},{"Bounds":{"bottom":1145,"left":637,"right":650,"top":1092},"Classname":"android.widget.TextView","Packagename":"com.netease.pris","Text":"1"},{"Bounds":{"bottom":1179,"left":130,"right":394,"top":1184},"Classname":"android.widget.TextView","Packagename":"com.netease.pris","Text":"快更快更呀( ﹡ˆoˆ﹡ )"},{"Bounds":{"bottom":1179,"left":0,"right":720,"top":1232},"Classname":"android.widget.RelativeLayout","Packagename":"com.netease.pris","Text":""},{"Bounds":{"bottom":1179,"left":0,"right":130,"top":1248},"Classname":"android.widget.TextView","Packagename":"com.netease.pris","Text":""},{"Bounds":{"bottom":1179,"left":150,"right":650,"top":1252},"Classname":"android.widget.TextView","Packagename":"com.netease.pris","Text":"糖(❁´◡`❁)*✲ﾟ*心 (作者) 回复 如果声音不记得 : 昨天实在是突发情况，还请见谅，争取这两天补回来，感谢您一直对糖糖的支持！！！"},{"Bounds":{"bottom":1179,"left":25,"right":99,"top":1454},"Classname":"android.widget.ImageView","Packagename":"com.netease.pris","Text":""},{"Bounds":{"bottom":1179,"left":128,"right":240,"top":1454},"Classname":"android.widget.TextView","Packagename":"com.netease.pris","Text":"飘渺之雪"},{"Bounds":{"bottom":1179,"left":252,"right":293,"top":1459},"Classname":"android.widget.TextView","Packagename":"com.netease.pris","Text":"LV.5"},{"Bounds":{"bottom":1179,"left":128,"right":278,"top":1502},"Classname":"android.widget.RatingBar","Packagename":"com.netease.pris","Text":""},{"Bounds":{"bottom":1179,"left":298,"right":464,"top":1502},"Classname":"android.widget.TextView","Packagename":"com.netease.pris","Text":"01月05日 16:10"},{"Bounds":{"bottom":1179,"left":637,"right":650,"top":1454},"Classname":"android.widget.TextView","Packagename":"com.netease.pris","Text":"1"},{"Bounds":{"bottom":1179,"left":130,"right":505,"top":1546},"Classname":"android.widget.TextView","Packagename":"com.netease.pris","Text":"不高兴，这么快就没有了Ծ‸ Ծ "},{"Bounds":{"bottom":1179,"left":0,"right":720,"top":1594},"Classname":"android.widget.RelativeLayout","Packagename":"com.netease.pris","Text":""},{"Bounds":{"bottom":1179,"left":0,"right":130,"top":1610},"Classname":"android.widget.TextView","Packagename":"com.netease.pris","Text":""},{"Bounds":{"bottom":1179,"left":150,"right":650,"top":1614},"Classname":"android.widget.TextView","Packagename":"com.netease.pris","Text":"糖(❁´◡`❁)*✲ﾟ*心 (作者) 回复 飘渺之雪 : 感谢支持，糖糖一直在努力，耐心一点哦。。。"},{"Bounds":{"bottom":1179,"left":0,"right":130,"top":1734},"Classname":"android.widget.TextView","Packagename":"com.netease.pris","Text":""},{"Bounds":{"bottom":1179,"left":150,"right":650,"top":1738},"Classname":"android.widget.TextView","Packagename":"com.netease.pris","Text":"飘渺之雪 回复 糖(❁´◡`❁)*✲ﾟ*心 (作者) : OK，快更哦！"},{"Bounds":{"bottom":1179,"left":218,"right":502,"top":1886},"Classname":"android.widget.Button","Packagename":"com.netease.pris","Text":"查看全部评论"},{"Bounds":{"bottom":1179,"left":47,"right":227,"top":2057},"Classname":"android.widget.TextView","Packagename":"com.netease.pris","Text":"用户还喜欢"},{"Bounds":{"bottom":1179,"left":50,"right":210,"top":2387},"Classname":"android.widget.TextView","Packagename":"com.netease.pris","Text":"君引九重"},{"Bounds":{"bottom":1179,"left":50,"right":210,"top":2442},"Classname":"android.widget.TextView","Packagename":"com.netease.pris","Text":"上玖殿下"},{"Bounds":{"bottom":1179,"left":250,"right":410,"top":2387},"Classname":"android.widget.TextView","Packagename":"com.netease.pris","Text":"王府俏管家"},{"Bounds":{"bottom":1179,"left":250,"right":410,"top":2442},"Classname":"android.widget.TextView","Packagename":"com.netease.pris","Text":"梦见繁星"},{"Bounds":{"bottom":1179,"left":450,"right":610,"top":2387},"Classname":"android.widget.TextView","Packagename":"com.netease.pris","Text":"鬼医毒妾"},{"Bounds":{"bottom":1179,"left":450,"right":610,"top":2442},"Classname":"android.widget.TextView","Packagename":"com.netease.pris","Text":"北枝寒"},{"Bounds":{"bottom":1179,"left":650,"right":720,"top":2387},"Classname":"android.widget.TextView","Packagename":"com.netease.pris","Text":"簪花扶鬓长安步"},{"Bounds":{"bottom":1179,"left":650,"right":720,"top":2477},"Classname":"android.widget.TextView","Packagename":"com.netease.pris","Text":"桃花小茶"},{"Bounds":{"bottom":1280,"left":0,"right":239,"top":1180},"Classname":"android.widget.Button","Packagename":"com.netease.pris","Text":"加入书架"},{"Bounds":{"bottom":1280,"left":241,"right":480,"top":1180},"Classname":"android.widget.Button","Packagename":"com.netease.pris","Text":"购买"},{"Bounds":{"bottom":1280,"left":480,"right":720,"top":1180},"Classname":"android.widget.Button","Packagename":"com.netease.pris","Text":"立即阅读"}],"packagename":"com.example.a10628.myapplication","width":1080}