{"events":[{"eventname":"TYPE_VIEW_SCROLLED","source":{"Bounds":{"bottom":1280,"left":0,"right":720,"top":160},"Classname":"android.support.v7.widget.RecyclerView","Packagename":"com.justwayward.readerer","Text":""}},{"eventname":"TYPE_VIEW_CLICKED","source":{"Bounds":{"bottom":160,"left":0,"right":112,"top":48},"Classname":"android.widget.ImageButton","Packagename":"com.justwayward.readerer","Text":""}},{"eventname":"TYPE_WINDOW_STATE_CHANGED","source":{"Bounds":{"bottom":1280,"left":0,"right":720,"top":0},"Classname":"android.widget.FrameLayout","Packagename":"com.justwayward.readerer","Text":""}}],"height":1920,"hovertime":4217,"nodes":[{"Bounds":{"bottom":160,"left":0,"right":112,"top":48},"Classname":"android.widget.ImageButton","Packagename":"com.justwayward.readerer","Text":""},{"Bounds":{"bottom":131,"left":120,"right":200,"top":77},"Classname":"android.widget.TextView","Packagename":"com.justwayward.readerer","Text":"详情"},{"Bounds":{"bottom":226,"left":150,"right":202,"top":190},"Classname":"android.widget.TextView","Packagename":"com.justwayward.readerer","Text":"橘凉"},{"Bounds":{"bottom":274,"left":150,"right":266,"top":236},"Classname":"android.widget.TextView","Packagename":"com.justwayward.readerer","Text":"15小时前"},{"Bounds":{"bottom":403,"left":0,"right":720,"top":360},"Classname":"android.widget.TextView","Packagename":"com.justwayward.readerer","Text":"莫名的粉这对cp"},{"Bounds":{"bottom":586,"left":0,"right":720,"top":423},"Classname":"android.widget.TextView","Packagename":"com.justwayward.readerer","Text":"[升级最新版客户端，查看该贴图片详情]\n\n[升级最新版客户端，查看该贴图片详情]\n[升级最新版客户端，查看该贴图片详情]"},{"Bounds":{"bottom":669,"left":30,"right":118,"top":616},"Classname":"android.widget.TextView","Packagename":"com.justwayward.readerer","Text":"同感"},{"Bounds":{"bottom":804,"left":0,"right":720,"top":706},"Classname":"android.widget.TextView","Packagename":"com.justwayward.readerer","Text":"共16条评论"},{"Bounds":{"bottom":870,"left":120,"right":182,"top":834},"Classname":"android.widget.TextView","Packagename":"com.justwayward.readerer","Text":"16楼 "},{"Bounds":{"bottom":870,"left":182,"right":364,"top":834},"Classname":"android.widget.TextView","Packagename":"com.justwayward.readerer","Text":"老子名叫魏无羡"},{"Bounds":{"bottom":870,"left":364,"right":410,"top":834},"Classname":"android.widget.TextView","Packagename":"com.justwayward.readerer","Text":" lv.6"},{"Bounds":{"bottom":870,"left":597,"right":690,"top":834},"Classname":"android.widget.TextView","Packagename":"com.justwayward.readerer","Text":"8小时前"},{"Bounds":{"bottom":918,"left":120,"right":323,"top":880},"Classname":"android.widget.TextView","Packagename":"com.justwayward.readerer","Text":"天天就是天天😂"},{"Bounds":{"bottom":1015,"left":120,"right":182,"top":979},"Classname":"android.widget.TextView","Packagename":"com.justwayward.readerer","Text":"15楼 "},{"Bounds":{"bottom":1015,"left":182,"right":364,"top":979},"Classname":"android.widget.TextView","Packagename":"com.justwayward.readerer","Text":"蓝二哥哥家羡羡"},{"Bounds":{"bottom":1015,"left":364,"right":410,"top":979},"Classname":"android.widget.TextView","Packagename":"com.justwayward.readerer","Text":" lv.9"},{"Bounds":{"bottom":1015,"left":582,"right":690,"top":979},"Classname":"android.widget.TextView","Packagename":"com.justwayward.readerer","Text":"10小时前"},{"Bounds":{"bottom":1063,"left":120,"right":421,"top":1025},"Classname":"android.widget.TextView","Packagename":"com.justwayward.readerer","Text":"为什么，我看不见。。。。"},{"Bounds":{"bottom":1160,"left":120,"right":182,"top":1124},"Classname":"android.widget.TextView","Packagename":"com.justwayward.readerer","Text":"14楼 "},{"Bounds":{"bottom":1160,"left":182,"right":234,"top":1124},"Classname":"android.widget.TextView","Packagename":"com.justwayward.readerer","Text":"陈情"},{"Bounds":{"bottom":1160,"left":234,"right":280,"top":1124},"Classname":"android.widget.TextView","Packagename":"com.justwayward.readerer","Text":" lv.9"},{"Bounds":{"bottom":1160,"left":582,"right":690,"top":1124},"Classname":"android.widget.TextView","Packagename":"com.justwayward.readerer","Text":"13小时前"},{"Bounds":{"bottom":1208,"left":120,"right":421,"top":1170},"Classname":"android.widget.TextView","Packagename":"com.justwayward.readerer","Text":"啊，很喜欢很喜欢很喜欢"},{"Bounds":{"bottom":1280,"left":120,"right":182,"top":1269},"Classname":"android.widget.TextView","Packagename":"com.justwayward.readerer","Text":"13楼 "},{"Bounds":{"bottom":1280,"left":182,"right":364,"top":1269},"Classname":"android.widget.TextView","Packagename":"com.justwayward.readerer","Text":"心悦君兮君不知"},{"Bounds":{"bottom":1280,"left":364,"right":410,"top":1269},"Classname":"android.widget.TextView","Packagename":"com.justwayward.readerer","Text":" lv.7"},{"Bounds":{"bottom":1280,"left":582,"right":690,"top":1269},"Classname":"android.widget.TextView","Packagename":"com.justwayward.readerer","Text":"13小时前"},{"Bounds":{"bottom":1280,"left":120,"right":148,"top":1315},"Classname":"android.widget.TextView","Packagename":"com.justwayward.readerer","Text":"暖"}],"packagename":"com.example.a10628.myapplication","width":1080}