{"events":[{"eventname":"TYPE_VIEW_CLICKED","source":{"Bounds":{"bottom":118,"left":0,"right":94,"top":74},"Classname":"android.widget.TextView","Packagename":"com.tmall.wireless","Text":""}},{"eventname":"TYPE_WINDOW_STATE_CHANGED","source":{"Bounds":{"bottom":1280,"left":0,"right":720,"top":0},"Classname":"android.widget.FrameLayout","Packagename":"com.tmall.wireless","Text":""}}],"height":1920,"hovertime":5658,"nodes":[{"Bounds":{"bottom":53,"left":24,"right":668,"top":48},"Classname":"android.widget.TextView","Packagename":"com.tmall.wireless","Text":"选择颜色分类"},{"Bounds":{"bottom":53,"left":668,"right":668,"top":48},"Classname":"android.widget.TextView","Packagename":"com.tmall.wireless","Text":""},{"Bounds":{"bottom":48,"left":668,"right":696,"top":48},"Classname":"android.widget.TextView","Packagename":"com.tmall.wireless","Text":""},{"Bounds":{"bottom":94,"left":0,"right":720,"top":76},"Classname":"android.widget.LinearLayout","Packagename":"com.tmall.wireless","Text":""},{"Bounds":{"bottom":180,"left":0,"right":720,"top":94},"Classname":"android.widget.TextView","Packagename":"com.tmall.wireless","Text":"商品评价(76)"},{"Bounds":{"bottom":240,"left":24,"right":178,"top":180},"Classname":"android.widget.TextView","Packagename":"com.tmall.wireless","Text":"很实用(15)"},{"Bounds":{"bottom":240,"left":190,"right":359,"top":180},"Classname":"android.widget.TextView","Packagename":"com.tmall.wireless","Text":"快递不错(9)"},{"Bounds":{"bottom":240,"left":371,"right":541,"top":180},"Classname":"android.widget.TextView","Packagename":"com.tmall.wireless","Text":"质量不错(8)"},{"Bounds":{"bottom":316,"left":24,"right":193,"top":256},"Classname":"android.widget.TextView","Packagename":"com.tmall.wireless","Text":"款式好看(5)"},{"Bounds":{"bottom":316,"left":205,"right":398,"top":256},"Classname":"android.widget.TextView","Packagename":"com.tmall.wireless","Text":"颜值也很高(4)"},{"Bounds":{"bottom":394,"left":100,"right":168,"top":362},"Classname":"android.widget.TextView","Packagename":"com.tmall.wireless","Text":"王**哆"},{"Bounds":{"bottom":490,"left":24,"right":696,"top":418},"Classname":"android.widget.TextView","Packagename":"com.tmall.wireless","Text":"很方便，小巧可爱。一插电源就可以，煮粥了忘记拍照片了，上面一起蒸东西方便快捷。现在人生活节奏快，需要这种一体式的家电早上才能节约时间。谢谢商家生产这样的好产品。"},{"Bounds":{"bottom":538,"left":24,"right":153,"top":506},"Classname":"android.widget.TextView","Packagename":"com.tmall.wireless","Text":"2018-05-10"},{"Bounds":{"bottom":538,"left":177,"right":696,"top":506},"Classname":"android.widget.TextView","Packagename":"com.tmall.wireless","Text":"颜色分类:月牙白"},{"Bounds":{"bottom":638,"left":260,"right":460,"top":590},"Classname":"android.widget.TextView","Packagename":"com.tmall.wireless","Text":"查看全部评价"},{"Bounds":{"bottom":714,"left":0,"right":720,"top":696},"Classname":"android.widget.LinearLayout","Packagename":"com.tmall.wireless","Text":""},{"Bounds":{"bottom":791,"left":144,"right":368,"top":754},"Classname":"android.widget.TextView","Packagename":"com.tmall.wireless","Text":"德尔玛飞鱼专卖店"},{"Bounds":{"bottom":951,"left":46,"right":142,"top":873},"Classname":"android.widget.TextView","Packagename":"com.tmall.wireless","Text":"37\n全部宝贝"},{"Bounds":{"bottom":951,"left":190,"right":286,"top":873},"Classname":"android.widget.TextView","Packagename":"com.tmall.wireless","Text":"9\n上新宝贝"},{"Bounds":{"bottom":951,"left":334,"right":430,"top":873},"Classname":"android.widget.TextView","Packagename":"com.tmall.wireless","Text":"5.4万\n关注人数"},{"Bounds":{"bottom":889,"left":501,"right":672,"top":854},"Classname":"android.widget.TextView","Packagename":"com.tmall.wireless","Text":"宝贝描述 4.8 平"},{"Bounds":{"bottom":924,"left":501,"right":672,"top":889},"Classname":"android.widget.TextView","Packagename":"com.tmall.wireless","Text":"卖家服务 4.8 高"},{"Bounds":{"bottom":959,"left":501,"right":672,"top":924},"Classname":"android.widget.TextView","Packagename":"com.tmall.wireless","Text":"物流服务 4.7 平"},{"Bounds":{"bottom":1035,"left":180,"right":332,"top":987},"Classname":"android.widget.TextView","Packagename":"com.tmall.wireless","Text":"查看分类"},{"Bounds":{"bottom":1035,"left":388,"right":540,"top":987},"Classname":"android.widget.TextView","Packagename":"com.tmall.wireless","Text":"进店逛逛"},{"Bounds":{"bottom":1183,"left":0,"right":720,"top":1063},"Classname":"android.widget.TextView","Packagename":"com.tmall.wireless","Text":"继续拖动，查看图文详情"},{"Bounds":{"bottom":-233,"left":1464,"right":720,"top":144},"Classname":"android.widget.TextView","Packagename":"com.tmall.wireless","Text":"猪***e"},{"Bounds":{"bottom":-235,"left":2014,"right":720,"top":144},"Classname":"android.widget.TextView","Packagename":"com.tmall.wireless","Text":"2018.04.30"},{"Bounds":{"bottom":4,"left":1464,"right":720,"top":144},"Classname":"android.widget.TextView","Packagename":"com.tmall.wireless","Text":"灰常灰常方便，自从公司食堂没有早饭以后，每天早餐就是个很麻烦的问题，叫了一段时间外卖也都吃的够够的了。。。。现在好了，用他家的养生壶煮面条、饺子，用小火锅来蒸奶黄、红糖馒头还有小笼包，我觉得我可以在公司开个第二食堂增加收入了~~"},{"Bounds":{"bottom":159,"left":1464,"right":720,"top":144},"Classname":"android.widget.TextView","Packagename":"com.tmall.wireless","Text":"掌柜回复：谢谢亲选择咱家店铺宝贝，亲觉得好的话，麻烦多分享下您的感受和心得吧。商城店铺保证品质，亲是可以放心哦。感谢你选购德尔玛产品，小玛祝您生活愉快！"},{"Bounds":{"bottom":285,"left":1464,"right":720,"top":177},"Classname":"android.widget.ImageView","Packagename":"com.tmall.wireless","Text":""},{"Bounds":{"bottom":285,"left":1586,"right":720,"top":177},"Classname":"android.widget.ImageView","Packagename":"com.tmall.wireless","Text":""},{"Bounds":{"bottom":285,"left":1708,"right":720,"top":177},"Classname":"android.widget.ImageView","Packagename":"com.tmall.wireless","Text":""},{"Bounds":{"bottom":285,"left":1830,"right":720,"top":177},"Classname":"android.widget.ImageView","Packagename":"com.tmall.wireless","Text":""},{"Bounds":{"bottom":285,"left":1952,"right":720,"top":177},"Classname":"android.widget.ImageView","Packagename":"com.tmall.wireless","Text":""},{"Bounds":{"bottom":330,"left":1464,"right":720,"top":297},"Classname":"android.widget.TextView","Packagename":"com.tmall.wireless","Text":"颜色分类:月牙白  "},{"Bounds":{"bottom":426,"left":1464,"right":720,"top":388},"Classname":"android.widget.TextView","Packagename":"com.tmall.wireless","Text":"平***了"},{"Bounds":{"bottom":424,"left":2014,"right":720,"top":391},"Classname":"android.widget.TextView","Packagename":"com.tmall.wireless","Text":"2018.05.04"},{"Bounds":{"bottom":620,"left":1464,"right":720,"top":450},"Classname":"android.widget.TextView","Packagename":"com.tmall.wireless","Text":"可以说是很精致耐用型的了，非常适合学生使用，第一方便收拾整理，第二电压也很稳，第三操作简单一键开启。虽然只够单人使用吧，可还是比较适合学生加餐时使用 我觉得OK！"},{"Bounds":{"bottom":814,"left":1464,"right":720,"top":632},"Classname":"android.widget.TextView","Packagename":"com.tmall.wireless","Text":"掌柜回复：亲感谢您对我们德尔玛的支持，我们这款家用是很合适的哦，不但好用方便使用和操作，而且价格还是很公道合理的。我们价格便宜的同时而且质量还是有保证的，我们所有的机器保证正品的，亲们可以放心大胆的使用的哦！"},{"Bounds":{"bottom":940,"left":1464,"right":720,"top":832},"Classname":"android.widget.ImageView","Packagename":"com.tmall.wireless","Text":""},{"Bounds":{"bottom":940,"left":1586,"right":720,"top":832},"Classname":"android.widget.ImageView","Packagename":"com.tmall.wireless","Text":""},{"Bounds":{"bottom":940,"left":1708,"right":720,"top":832},"Classname":"android.widget.ImageView","Packagename":"com.tmall.wireless","Text":""},{"Bounds":{"bottom":940,"left":1830,"right":720,"top":832},"Classname":"android.widget.ImageView","Packagename":"com.tmall.wireless","Text":""},{"Bounds":{"bottom":940,"left":1952,"right":720,"top":832},"Classname":"android.widget.ImageView","Packagename":"com.tmall.wireless","Text":""},{"Bounds":{"bottom":985,"left":1464,"right":720,"top":952},"Classname":"android.widget.TextView","Packagename":"com.tmall.wireless","Text":"颜色分类:月牙白  "},{"Bounds":{"bottom":1081,"left":1464,"right":720,"top":1043},"Classname":"android.widget.TextView","Packagename":"com.tmall.wireless","Text":"n***琛"},{"Bounds":{"bottom":1079,"left":2014,"right":720,"top":1046},"Classname":"android.widget.TextView","Packagename":"com.tmall.wireless","Text":"2018.04.30"},{"Bounds":{"bottom":1183,"left":1464,"right":720,"top":1105},"Classname":"android.widget.TextView","Packagename":"com.tmall.wireless","Text":"收到宝贝被萌到了，很可爱，看到姐姐给娃熬粥的，也入了一个，很方便，不用看着火，材料往里面一扔就算完事啦，老公说买这个比买那些杂七杂八贴标的有保障，毕竟给孩子用的"},{"Bounds":{"bottom":1183,"left":1464,"right":720,"top":1287},"Classname":"android.widget.TextView","Packagename":"com.tmall.wireless","Text":"掌柜回复：亲爱的非常感谢您对我们的信赖和选择我们的产品、我们会再接再厉、我们会以更上一层楼的服务迎接亲的下次光临~！希望亲用的好的话也不要藏着哦~！分享给亲周围的朋友。感谢你选购德尔玛产品，小玛祝您生活愉快！"},{"Bounds":{"bottom":1183,"left":1464,"right":720,"top":1487},"Classname":"android.widget.ImageView","Packagename":"com.tmall.wireless","Text":""},{"Bounds":{"bottom":1183,"left":1586,"right":720,"top":1487},"Classname":"android.widget.ImageView","Packagename":"com.tmall.wireless","Text":""},{"Bounds":{"bottom":1183,"left":1708,"right":720,"top":1487},"Classname":"android.widget.ImageView","Packagename":"com.tmall.wireless","Text":""},{"Bounds":{"bottom":1183,"left":1830,"right":720,"top":1487},"Classname":"android.widget.ImageView","Packagename":"com.tmall.wireless","Text":""},{"Bounds":{"bottom":1183,"left":1952,"right":720,"top":1487},"Classname":"android.widget.ImageView","Packagename":"com.tmall.wireless","Text":""},{"Bounds":{"bottom":1183,"left":1464,"right":720,"top":1607},"Classname":"android.widget.TextView","Packagename":"com.tmall.wireless","Text":"颜色分类:月牙白  "},{"Bounds":{"bottom":224,"left":1474,"right":720,"top":173},"Classname":"android.widget.TextView","Packagename":"com.tmall.wireless","Text":"全部"},{"Bounds":{"bottom":224,"left":1587,"right":720,"top":173},"Classname":"android.widget.TextView","Packagename":"com.tmall.wireless","Text":"追加(4)"},{"Bounds":{"bottom":224,"left":1700,"right":720,"top":173},"Classname":"android.widget.TextView","Packagename":"com.tmall.wireless","Text":"有图(32)"},{"Bounds":{"bottom":224,"left":1826,"right":720,"top":173},"Classname":"android.widget.TextView","Packagename":"com.tmall.wireless","Text":"很实用(15)"},{"Bounds":{"bottom":290,"left":1474,"right":720,"top":239},"Classname":"android.widget.TextView","Packagename":"com.tmall.wireless","Text":"快递不错(9)"},{"Bounds":{"bottom":290,"left":1635,"right":720,"top":239},"Classname":"android.widget.TextView","Packagename":"com.tmall.wireless","Text":"质量不错(8)"},{"Bounds":{"bottom":290,"left":1796,"right":720,"top":239},"Classname":"android.widget.TextView","Packagename":"com.tmall.wireless","Text":"款式好看(5)"},{"Bounds":{"bottom":304,"left":1474,"right":720,"top":305},"Classname":"android.widget.TextView","Packagename":"com.tmall.wireless","Text":"颜值也很高(4)"},{"Bounds":{"bottom":364,"left":1440,"right":720,"top":304},"Classname":"android.widget.TextView","Packagename":"com.tmall.wireless","Text":""},{"Bounds":{"bottom":126,"left":22,"right":82,"top":66},"Classname":"android.widget.TextView","Packagename":"com.tmall.wireless","Text":""},{"Bounds":{"bottom":126,"left":560,"right":620,"top":66},"Classname":"android.widget.TextView","Packagename":"com.tmall.wireless","Text":""},{"Bounds":{"bottom":126,"left":640,"right":700,"top":66},"Classname":"android.widget.TextView","Packagename":"com.tmall.wireless","Text":""},{"Bounds":{"bottom":144,"left":1,"right":105,"top":48},"Classname":"android.widget.TextView","Packagename":"com.tmall.wireless","Text":""},{"Bounds":{"bottom":118,"left":171,"right":265,"top":74},"Classname":"android.widget.TextView","Packagename":"com.tmall.wireless","Text":"商品"},{"Bounds":{"bottom":118,"left":313,"right":407,"top":74},"Classname":"android.widget.TextView","Packagename":"com.tmall.wireless","Text":"详情"},{"Bounds":{"bottom":118,"left":455,"right":549,"top":74},"Classname":"android.widget.TextView","Packagename":"com.tmall.wireless","Text":"评价"},{"Bounds":{"bottom":144,"left":296,"right":424,"top":144},"Classname":"android.widget.TextView","Packagename":"com.tmall.wireless","Text":"图文详情"},{"Bounds":{"bottom":144,"left":539,"right":619,"top":48},"Classname":"android.widget.TextView","Packagename":"com.tmall.wireless","Text":""},{"Bounds":{"bottom":144,"left":620,"right":720,"top":48},"Classname":"android.widget.TextView","Packagename":"com.tmall.wireless","Text":""},{"Bounds":{"bottom":1235,"left":27,"right":67,"top":1195},"Classname":"android.widget.TextView","Packagename":"com.tmall.wireless","Text":""},{"Bounds":{"bottom":1268,"left":27,"right":67,"top":1241},"Classname":"android.widget.TextView","Packagename":"com.tmall.wireless","Text":"客服"},{"Bounds":{"bottom":1235,"left":124,"right":164,"top":1195},"Classname":"android.widget.TextView","Packagename":"com.tmall.wireless","Text":""},{"Bounds":{"bottom":1268,"left":124,"right":164,"top":1241},"Classname":"android.widget.TextView","Packagename":"com.tmall.wireless","Text":"店铺"},{"Bounds":{"bottom":1235,"left":221,"right":261,"top":1195},"Classname":"android.widget.TextView","Packagename":"com.tmall.wireless","Text":""},{"Bounds":{"bottom":1268,"left":221,"right":261,"top":1241},"Classname":"android.widget.TextView","Packagename":"com.tmall.wireless","Text":"收藏"},{"Bounds":{"bottom":1280,"left":289,"right":504,"top":1184},"Classname":"android.widget.TextView","Packagename":"com.tmall.wireless","Text":"加入购物车"},{"Bounds":{"bottom":1280,"left":504,"right":720,"top":1184},"Classname":"android.widget.TextView","Packagename":"com.tmall.wireless","Text":"立即购买"}],"packagename":"com.example.a10628.myapplication","width":1080}