{"events":[{"eventname":"TYPE_VIEW_SCROLLED","source":{"Bounds":{"bottom":1280,"left":0,"right":720,"top":143},"Classname":"android.webkit.WebView","Packagename":"cn.amazon.mShop.android","Text":""}},{"eventname":"TYPE_VIEW_SCROLLED","source":{"Bounds":{"bottom":1280,"left":0,"right":720,"top":145},"Classname":"android.webkit.WebView","Packagename":"cn.amazon.mShop.android","Text":"气质满分，恋上你的闪亮回眸~"}}],"height":1920,"hovertime":2096,"nodes":[{"Bounds":{"bottom":140,"left":0,"right":92,"top":48},"Classname":"android.widget.LinearLayout","Packagename":"cn.amazon.mShop.android","Text":""},{"Bounds":{"bottom":120,"left":300,"right":420,"top":68},"Classname":"android.widget.ImageView","Packagename":"cn.amazon.mShop.android","Text":""},{"Bounds":{"bottom":140,"left":532,"right":624,"top":48},"Classname":"android.widget.ImageButton","Packagename":"cn.amazon.mShop.android","Text":""},{"Bounds":{"bottom":140,"left":624,"right":716,"top":48},"Classname":"android.widget.ImageView","Packagename":"cn.amazon.mShop.android","Text":""},{"Bounds":{"bottom":140,"left":656,"right":684,"top":62},"Classname":"android.widget.TextView","Packagename":"cn.amazon.mShop.android","Text":"0"},{"Bounds":{"bottom":81,"left":0,"right":720,"top":143},"Classname":"android.widget.Image","Packagename":"cn.amazon.mShop.android","Text":""},{"Bounds":{"bottom":81,"left":0,"right":720,"top":143},"Classname":"android.view.View","Packagename":"cn.amazon.mShop.android","Text":""},{"Bounds":{"bottom":81,"left":0,"right":720,"top":143},"Classname":"android.view.View","Packagename":"cn.amazon.mShop.android","Text":"气质满分，恋上你的闪亮回眸~来自 精品超市"},{"Bounds":{"bottom":81,"left":34,"right":64,"top":143},"Classname":"android.widget.Image","Packagename":"cn.amazon.mShop.android","Text":""},{"Bounds":{"bottom":81,"left":64,"right":116,"top":143},"Classname":"android.view.View","Packagename":"cn.amazon.mShop.android","Text":" 已有"},{"Bounds":{"bottom":81,"left":114,"right":142,"top":143},"Classname":"android.view.View","Packagename":"cn.amazon.mShop.android","Text":"60"},{"Bounds":{"bottom":81,"left":140,"right":210,"top":143},"Classname":"android.view.View","Packagename":"cn.amazon.mShop.android","Text":"人喜欢"},{"Bounds":{"bottom":81,"left":34,"right":686,"top":143},"Classname":"android.view.View","Packagename":"cn.amazon.mShop.android","Text":"国际四大隐形眼镜品牌之一，带你感受每日崭新的视觉体验，助你开拓精彩视界！"},{"Bounds":{"bottom":81,"left":92,"right":148,"top":143},"Classname":"android.widget.Image","Packagename":"cn.amazon.mShop.android","Text":""},{"Bounds":{"bottom":81,"left":0,"right":240,"top":143},"Classname":"android.view.View","Packagename":"cn.amazon.mShop.android","Text":"分享"},{"Bounds":{"bottom":81,"left":332,"right":388,"top":143},"Classname":"android.widget.Image","Packagename":"cn.amazon.mShop.android","Text":""},{"Bounds":{"bottom":81,"left":238,"right":480,"top":143},"Classname":"android.view.View","Packagename":"cn.amazon.mShop.android","Text":"喜欢"},{"Bounds":{"bottom":81,"left":562,"right":636,"top":143},"Classname":"android.widget.Image","Packagename":"cn.amazon.mShop.android","Text":""},{"Bounds":{"bottom":81,"left":478,"right":720,"top":143},"Classname":"android.view.View","Packagename":"cn.amazon.mShop.android","Text":"我喜欢的"},{"Bounds":{"bottom":81,"left":0,"right":720,"top":143},"Classname":"android.view.View","Packagename":"cn.amazon.mShop.android","Text":""},{"Bounds":{"bottom":81,"left":0,"right":720,"top":143},"Classname":"android.view.View","Packagename":"cn.amazon.mShop.android","Text":""},{"Bounds":{"bottom":81,"left":0,"right":720,"top":143},"Classname":"android.view.View","Packagename":"cn.amazon.mShop.android","Text":""},{"Bounds":{"bottom":81,"left":34,"right":686,"top":143},"Classname":"android.view.View","Packagename":"cn.amazon.mShop.android","Text":"        CooperVision作为库博集团的一个业务分支，是全球领先的软性隐形眼镜制造商之一，致力于为隐形眼镜配戴者制作优质镜片，带来视力保健的清新感受。库博光学采用先进的镜片材质及技术，专业生产适用于散光、近视、远视及眼部干涩的软性隐行眼镜，旗下产品涵盖月抛、日抛型全系列选择，并提供专业的验光师支持服务。"},{"Bounds":{"bottom":81,"left":210,"right":510,"top":143},"Classname":"android.widget.Image","Packagename":"cn.amazon.mShop.android","Text":"inline-image-1502348659206._SL750_CB519983129_"},{"Bounds":{"bottom":249,"left":34,"right":686,"top":143},"Classname":"android.view.View","Packagename":"cn.amazon.mShop.android","Text":"        库博光学 CooperVision 恪守隐形眼镜设计创新的承诺，凭借丰富的生产资源，专注开发并提供行业先进的隐形眼镜材质及光学技术，其中包括蕴含的Aquaform Comfort Science技术的天然湿润的硅水凝胶镜片，以及采用独特的PC Technology 制造的宝晴 Proclear 系列隐形眼镜。库博光学 秉承诚实、坦率、信任和尊重的态度，以先进的制造及分销系统为使用者和验配师带来始终如一的优秀服务和产品品质。"},{"Bounds":{"bottom":561,"left":98,"right":622,"top":265},"Classname":"android.widget.Image","Packagename":"cn.amazon.mShop.android","Text":"inline-image-1502348687288._SL750_CB519983356_"},{"Bounds":{"bottom":771,"left":34,"right":686,"top":577},"Classname":"android.view.View","Packagename":"cn.amazon.mShop.android","Text":"        美国库博光学隐形眼镜致力于为您带来透氧保湿的舒适配戴体验,提供更丰富的多系列镜片.库博光学-国际知名隐形眼镜品牌之一,感受每日崭新视觉,助你开拓精彩视界!"},{"Bounds":{"bottom":787,"left":0,"right":720,"top":787},"Classname":"android.view.View","Packagename":"cn.amazon.mShop.android","Text":""},{"Bounds":{"bottom":845,"left":0,"right":720,"top":817},"Classname":"android.view.View","Packagename":"cn.amazon.mShop.android","Text":"- 相关商品推荐 -"},{"Bounds":{"bottom":1217,"left":34,"right":336,"top":891},"Classname":"android.view.View","Packagename":"cn.amazon.mShop.android","Text":"库博光学 佰视明硅水凝胶月抛 近视隐形眼镜3片 250度(医)(进口) 13 ￥131.00 "},{"Bounds":{"bottom":1217,"left":384,"right":686,"top":891},"Classname":"android.view.View","Packagename":"cn.amazon.mShop.android","Text":"库博光学 宝睛润日抛 近视隐形眼镜30片装 250度(医)(进口) 4 ￥197.00 "},{"Bounds":{"bottom":1217,"left":34,"right":336,"top":1215},"Classname":"android.view.View","Packagename":"cn.amazon.mShop.android","Text":"库博光学 宝睛润  日抛近视隐形眼镜10片 475度(医)(进口) 3 ￥366.00 "},{"Bounds":{"bottom":1217,"left":384,"right":686,"top":1215},"Classname":"android.view.View","Packagename":"cn.amazon.mShop.android","Text":"库博光学 欧柯莱视  日抛近视隐形眼镜10片 425度(医)(进口) 4 ￥64.00 "},{"Bounds":{"bottom":1217,"left":34,"right":336,"top":1215},"Classname":"android.view.View","Packagename":"cn.amazon.mShop.android","Text":"库博光学 欧柯莱视日抛 近视隐形眼镜30片 525度(医)(进口) 7 ￥119.00 "},{"Bounds":{"bottom":1217,"left":384,"right":686,"top":1215},"Classname":"android.view.View","Packagename":"cn.amazon.mShop.android","Text":"库博光学 欧柯莱视月抛 近视隐形眼镜6片 950度(医)(进口) 1 ￥132.00 "},{"Bounds":{"bottom":1217,"left":34,"right":336,"top":1215},"Classname":"android.view.View","Packagename":"cn.amazon.mShop.android","Text":"库博光学 倍明视倍新 月抛近视隐形眼镜6片 900度(医)(进口) 1 ￥82.00 "},{"Bounds":{"bottom":1217,"left":384,"right":686,"top":1215},"Classname":"android.view.View","Packagename":"cn.amazon.mShop.android","Text":"一分钟视力革命(7个神奇的视力恢复法眼睛自然好) 5 ￥23.10 "},{"Bounds":{"bottom":1217,"left":34,"right":336,"top":1215},"Classname":"android.view.View","Packagename":"cn.amazon.mShop.android","Text":"《12周摘掉眼镜恢复视力》（10周年纪念版）：一个新方法 一读就懂 一用就灵（... 61 ￥19.46 "},{"Bounds":{"bottom":1217,"left":384,"right":686,"top":1215},"Classname":"android.view.View","Packagename":"cn.amazon.mShop.android","Text":"COSPLAY道具制作专业教程 4 ￥71.30 "},{"Bounds":{"bottom":1217,"left":34,"right":336,"top":1215},"Classname":"android.view.View","Packagename":"cn.amazon.mShop.android","Text":"COSPLAY没有那么难-化妆篇 ￥28.00 "},{"Bounds":{"bottom":1217,"left":384,"right":686,"top":1215},"Classname":"android.view.View","Packagename":"cn.amazon.mShop.android","Text":"珍视明 护眼贴 通用型 15袋30贴 眼膜眼贴膜 94 ￥49.00 "},{"Bounds":{"bottom":1217,"left":34,"right":336,"top":1215},"Classname":"android.view.View","Packagename":"cn.amazon.mShop.android","Text":"养眼就是养精神 31 ￥4.99 "},{"Bounds":{"bottom":1217,"left":384,"right":686,"top":1215},"Classname":"android.view.View","Packagename":"cn.amazon.mShop.android","Text":"Tangle Teezer 豪华便携美发梳·玩趣睛彩-大眼睛(进) 195 ￥109.00 "},{"Bounds":{"bottom":1217,"left":34,"right":336,"top":1215},"Classname":"android.view.View","Packagename":"cn.amazon.mShop.android","Text":"日本Mellchan咪露 娃娃玩具女孩玩具洋娃娃过家家玩具 妹妹睡衣套装MEL... 50 ￥329.00 "},{"Bounds":{"bottom":1217,"left":384,"right":686,"top":1215},"Classname":"android.view.View","Packagename":"cn.amazon.mShop.android","Text":"与同 一口价1个 4.4cm圆形笑脸徽章胸针 笑脸微笑牌胸章 马口铁附纸 大眼... ￥5.80 "},{"Bounds":{"bottom":1217,"left":34,"right":336,"top":1215},"Classname":"android.view.View","Packagename":"cn.amazon.mShop.android","Text":"爱尔康（视康） 水润天天抛隐形眼镜30片装-5.00(医)(进口)(特卖)(包... 4 ￥128.00 "},{"Bounds":{"bottom":1217,"left":384,"right":686,"top":1215},"Classname":"android.view.View","Packagename":"cn.amazon.mShop.android","Text":"Tangle Teezer 豪华便携美发梳(进) 682 ￥77.81 "},{"Bounds":{"bottom":1217,"left":0,"right":720,"top":1215},"Classname":"android.view.View","Packagename":"cn.amazon.mShop.android","Text":"- 更多资讯 - "},{"Bounds":{"bottom":1217,"left":16,"right":704,"top":1215},"Classname":"android.view.View","Packagename":"cn.amazon.mShop.android","Text":"运动欢畅后，可不能带来损伤 精品超市 21 "},{"Bounds":{"bottom":1217,"left":16,"right":704,"top":1215},"Classname":"android.view.View","Packagename":"cn.amazon.mShop.android","Text":"小钙片也有大讲究，你究竟会吃吗？ 精品超市 32 "},{"Bounds":{"bottom":1217,"left":16,"right":704,"top":1215},"Classname":"android.view.View","Packagename":"cn.amazon.mShop.android","Text":"欧倍青的咖啡因“不喝就有效果” 精品超市 14 "},{"Bounds":{"bottom":1217,"left":0,"right":720,"top":1215},"Classname":"android.view.View","Packagename":"cn.amazon.mShop.android","Text":"ref\u003ddiscover_to_discover_kol?ie\u003dUTF8\u0026app-action\u003dwebview\u0026url\u003dhttps%3A%2F%2Fwww.amazon"},{"Bounds":{"bottom":1217,"left":0,"right":720,"top":1215},"Classname":"android.view.View","Packagename":"cn.amazon.mShop.android","Text":""},{"Bounds":{"bottom":1217,"left":0,"right":720,"top":1215},"Classname":"android.view.View","Packagename":"cn.amazon.mShop.android","Text":""}],"packagename":"com.example.a10628.myapplication","width":1080}