{"events":[{"eventname":"TYPE_VIEW_SCROLLED","source":{"Bounds":{"bottom":1280,"left":0,"right":720,"top":2},"Classname":"android.webkit.WebView","Packagename":"com.baycode.tianya","Text":""}}],"height":1920,"hovertime":4308,"nodes":[{"Bounds":{"bottom":4,"left":10,"right":122,"top":2},"Classname":"android.view.View","Packagename":"com.baycode.tianya","Text":"只看楼主"},{"Bounds":{"bottom":4,"left":10,"right":710,"top":2},"Classname":"android.view.View","Packagename":"com.baycode.tianya","Text":"这才是开了挂的人生，恭喜老大科比获得奥斯卡小金人，一“冠”超乔丹(转载)"},{"Bounds":{"bottom":4,"left":0,"right":720,"top":2},"Classname":"android.view.View","Packagename":"com.baycode.tianya","Text":"第1页 | 共1页   访问7 | 回复0"},{"Bounds":{"bottom":4,"left":8,"right":712,"top":2},"Classname":"android.view.View","Packagename":"com.baycode.tianya","Text":"熊猫大声笑出来2018-03-06 15:51:38"},{"Bounds":{"bottom":4,"left":10,"right":678,"top":2},"Classname":"android.view.View","Packagename":"com.baycode.tianya","Text":"　　https://www.bilibili.com/video/av20418018/"},{"Bounds":{"bottom":1280,"left":10,"right":710,"top":2},"Classname":"android.view.View","Packagename":"com.baycode.tianya","Text":"\n"},{"Bounds":{"bottom":1280,"left":10,"right":710,"top":2},"Classname":"android.view.View","Packagename":"com.baycode.tianya","Text":"\n"},{"Bounds":{"bottom":4,"left":10,"right":530,"top":2},"Classname":"android.view.View","Packagename":"com.baycode.tianya","Text":"　　传奇一般的人生，恭喜老大！！"},{"Bounds":{"bottom":1280,"left":10,"right":710,"top":2},"Classname":"android.view.View","Packagename":"com.baycode.tianya","Text":"\n"},{"Bounds":{"bottom":1280,"left":10,"right":710,"top":2},"Classname":"android.view.View","Packagename":"com.baycode.tianya","Text":"\n"},{"Bounds":{"bottom":1280,"left":10,"right":710,"top":2},"Classname":"android.view.View","Packagename":"com.baycode.tianya","Text":"\n"},{"Bounds":{"bottom":4,"left":10,"right":78,"top":2},"Classname":"android.view.View","Packagename":"com.baycode.tianya","Text":"　　"},{"Bounds":{"bottom":4,"left":10,"right":710,"top":2},"Classname":"android.widget.Image","Packagename":"com.baycode.tianya","Text":"点击图片查看幻灯模式"},{"Bounds":{"bottom":1280,"left":10,"right":710,"top":2},"Classname":"android.view.View","Packagename":"com.baycode.tianya","Text":"\n"},{"Bounds":{"bottom":4,"left":10,"right":78,"top":2},"Classname":"android.view.View","Packagename":"com.baycode.tianya","Text":"　　"},{"Bounds":{"bottom":348,"left":10,"right":710,"top":2},"Classname":"android.widget.Image","Packagename":"com.baycode.tianya","Text":"点击图片查看幻灯模式"},{"Bounds":{"bottom":1280,"left":10,"right":710,"top":2},"Classname":"android.view.View","Packagename":"com.baycode.tianya","Text":"\n"},{"Bounds":{"bottom":394,"left":10,"right":78,"top":352},"Classname":"android.view.View","Packagename":"com.baycode.tianya","Text":"　　"},{"Bounds":{"bottom":858,"left":10,"right":710,"top":420},"Classname":"android.widget.Image","Packagename":"com.baycode.tianya","Text":"点击图片查看幻灯模式"},{"Bounds":{"bottom":1280,"left":10,"right":710,"top":2},"Classname":"android.view.View","Packagename":"com.baycode.tianya","Text":"\n"},{"Bounds":{"bottom":904,"left":10,"right":78,"top":862},"Classname":"android.view.View","Packagename":"com.baycode.tianya","Text":"　　"},{"Bounds":{"bottom":1280,"left":10,"right":710,"top":930},"Classname":"android.widget.Image","Packagename":"com.baycode.tianya","Text":"点击图片查看幻灯模式"},{"Bounds":{"bottom":1280,"left":10,"right":710,"top":2},"Classname":"android.view.View","Packagename":"com.baycode.tianya","Text":"\n"},{"Bounds":{"bottom":1280,"left":20,"right":700,"top":1280},"Classname":"android.view.View","Packagename":"com.baycode.tianya","Text":"推广 优酷 超萌超可爱的兔兔，终于免费上线观看了！ "},{"Bounds":{"bottom":1280,"left":648,"right":700,"top":1280},"Classname":"android.view.View","Packagename":"com.baycode.tianya","Text":"回复"},{"Bounds":{"bottom":1280,"left":108,"right":182,"top":1280},"Classname":"android.view.View","Packagename":"com.baycode.tianya","Text":"返回"},{"Bounds":{"bottom":1280,"left":200,"right":274,"top":1280},"Classname":"android.view.View","Packagename":"com.baycode.tianya","Text":"上页"},{"Bounds":{"bottom":1280,"left":282,"right":438,"top":1280},"Classname":"android.view.View","Packagename":"com.baycode.tianya","Text":"第1页 | 共1页"},{"Bounds":{"bottom":1280,"left":446,"right":520,"top":1280},"Classname":"android.view.View","Packagename":"com.baycode.tianya","Text":"下页"},{"Bounds":{"bottom":1280,"left":538,"right":612,"top":1280},"Classname":"android.view.View","Packagename":"com.baycode.tianya","Text":"末页"},{"Bounds":{"bottom":1280,"left":40,"right":680,"top":1280},"Classname":"android.view.View","Packagename":"com.baycode.tianya","Text":"查看原文"},{"Bounds":{"bottom":1280,"left":40,"right":680,"top":1280},"Classname":"android.view.View","Packagename":"com.baycode.tianya","Text":"转发分享"},{"Bounds":{"bottom":758,"left":0,"right":88,"top":638},"Classname":"android.view.View","Packagename":"com.baycode.tianya","Text":""},{"Bounds":{"bottom":1270,"left":0,"right":102,"top":1202},"Classname":"android.widget.ImageButton","Packagename":"com.baycode.tianya","Text":""},{"Bounds":{"bottom":1270,"left":102,"right":205,"top":1202},"Classname":"android.widget.ImageButton","Packagename":"com.baycode.tianya","Text":""},{"Bounds":{"bottom":1270,"left":205,"right":308,"top":1202},"Classname":"android.widget.ImageButton","Packagename":"com.baycode.tianya","Text":""},{"Bounds":{"bottom":1270,"left":308,"right":411,"top":1202},"Classname":"android.widget.ImageButton","Packagename":"com.baycode.tianya","Text":""},{"Bounds":{"bottom":1270,"left":411,"right":514,"top":1202},"Classname":"android.widget.ImageButton","Packagename":"com.baycode.tianya","Text":""},{"Bounds":{"bottom":1270,"left":514,"right":617,"top":1202},"Classname":"android.widget.ImageButton","Packagename":"com.baycode.tianya","Text":""},{"Bounds":{"bottom":1270,"left":617,"right":720,"top":1202},"Classname":"android.widget.ImageButton","Packagename":"com.baycode.tianya","Text":""},{"Bounds":{"bottom":1280,"left":660,"right":720,"top":1260},"Classname":"android.view.View","Packagename":"com.baycode.tianya","Text":""},{"Bounds":{"bottom":1280,"left":0,"right":720,"top":1180},"Classname":"android.view.View","Packagename":"com.baycode.tianya","Text":"知乎 摄影构图有哪些技巧和标准？ "}],"packagename":"com.example.a10628.myapplication","width":1080}