{"events":[{"eventname":"TYPE_VIEW_SCROLLED","source":{"Bounds":{"bottom":1179,"left":0,"right":720,"top":1927},"Classname":"android.support.v7.widget.RecyclerView","Packagename":"com.netease.pris","Text":""}},{"eventname":"TYPE_VIEW_SELECTED","source":{"Bounds":{"bottom":1179,"left":128,"right":278,"top":1694},"Classname":"android.widget.RatingBar","Packagename":"com.netease.pris","Text":""}},{"eventname":"TYPE_VIEW_CLICKED","source":{"Bounds":{"bottom":555,"left":0,"right":720,"top":436},"Classname":"android.widget.TextView","Packagename":"com.netease.pris","Text":"儿子问她爹是谁，咬牙说了三个字杀千刀，哪料东玄大陆既有此人存在，这不是坑娘吗？更坑娘的事，原主人还嫁了一个呆萌的王爷，月曦看管你是不..."}}],"height":1920,"hovertime":1075,"nodes":[{"Bounds":{"bottom":136,"left":0,"right":108,"top":48},"Classname":"android.widget.ImageView","Packagename":"com.netease.pris","Text":""},{"Bounds":{"bottom":114,"left":360,"right":360,"top":69},"Classname":"android.widget.TextView","Packagename":"com.netease.pris","Text":""},{"Bounds":{"bottom":114,"left":644,"right":688,"top":70},"Classname":"android.widget.Button","Packagename":"com.netease.pris","Text":""},{"Bounds":{"bottom":436,"left":12,"right":228,"top":136},"Classname":"android.widget.ImageView","Packagename":"com.netease.pris","Text":""},{"Bounds":{"bottom":188,"left":238,"right":612,"top":146},"Classname":"android.widget.TextView","Packagename":"com.netease.pris","Text":"寻爹记：盗墓娘亲要淡定"},{"Bounds":{"bottom":234,"left":238,"right":334,"top":204},"Classname":"android.widget.TextView","Packagename":"com.netease.pris","Text":"仙侠幻情"},{"Bounds":{"bottom":234,"left":368,"right":440,"top":204},"Classname":"android.widget.TextView","Packagename":"com.netease.pris","Text":"小兔桑"},{"Bounds":{"bottom":270,"left":234,"right":384,"top":244},"Classname":"android.widget.RatingBar","Packagename":"com.netease.pris","Text":""},{"Bounds":{"bottom":314,"left":238,"right":345,"top":284},"Classname":"android.widget.TextView","Packagename":"com.netease.pris","Text":"116.3万字"},{"Bounds":{"bottom":314,"left":379,"right":497,"top":284},"Classname":"android.widget.TextView","Packagename":"com.netease.pris","Text":"42.6万点击"},{"Bounds":{"bottom":367,"left":238,"right":256,"top":328},"Classname":"android.widget.TextView","Packagename":"com.netease.pris","Text":"5"},{"Bounds":{"bottom":365,"left":256,"right":360,"top":335},"Classname":"android.widget.TextView","Packagename":"com.netease.pris","Text":"阅点/千字"},{"Bounds":{"bottom":555,"left":0,"right":720,"top":436},"Classname":"android.widget.TextView","Packagename":"com.netease.pris","Text":"儿子问她爹是谁，咬牙说了三个字杀千刀，哪料东玄大陆既有此人存在，这不是坑娘吗？更坑娘的事，原主人还嫁了一个呆萌的王爷，月曦看管你是不..."},{"Bounds":{"bottom":555,"left":653,"right":720,"top":524},"Classname":"android.widget.ImageView","Packagename":"com.netease.pris","Text":""},{"Bounds":{"bottom":640,"left":94,"right":574,"top":612},"Classname":"android.widget.TextView","Packagename":"com.netease.pris","Text":"共577章"},{"Bounds":{"bottom":640,"left":574,"right":690,"top":612},"Classname":"android.widget.TextView","Packagename":"com.netease.pris","Text":"已完结"},{"Bounds":{"bottom":762,"left":47,"right":552,"top":717},"Classname":"android.widget.TextView","Packagename":"com.netease.pris","Text":"最新评论"},{"Bounds":{"bottom":768,"left":552,"right":690,"top":712},"Classname":"android.widget.TextView","Packagename":"com.netease.pris","Text":"写评论"},{"Bounds":{"bottom":912,"left":25,"right":99,"top":838},"Classname":"android.widget.ImageView","Packagename":"com.netease.pris","Text":""},{"Bounds":{"bottom":870,"left":128,"right":184,"top":838},"Classname":"android.widget.TextView","Packagename":"com.netease.pris","Text":"安晴"},{"Bounds":{"bottom":865,"left":196,"right":245,"top":843},"Classname":"android.widget.TextView","Packagename":"com.netease.pris","Text":"LV.10"},{"Bounds":{"bottom":912,"left":128,"right":278,"top":886},"Classname":"android.widget.RatingBar","Packagename":"com.netease.pris","Text":""},{"Bounds":{"bottom":914,"left":298,"right":464,"top":886},"Classname":"android.widget.TextView","Packagename":"com.netease.pris","Text":"02月28日 20:35"},{"Bounds":{"bottom":891,"left":642,"right":720,"top":838},"Classname":"android.widget.LinearLayout","Packagename":"com.netease.pris","Text":""},{"Bounds":{"bottom":962,"left":130,"right":438,"top":930},"Classname":"android.widget.TextView","Packagename":"com.netease.pris","Text":"唐僧转世！太啰嗦！！！"},{"Bounds":{"bottom":1092,"left":25,"right":99,"top":1018},"Classname":"android.widget.ImageView","Packagename":"com.netease.pris","Text":""},{"Bounds":{"bottom":1050,"left":128,"right":212,"top":1018},"Classname":"android.widget.TextView","Packagename":"com.netease.pris","Text":"苏颜言"},{"Bounds":{"bottom":1045,"left":224,"right":265,"top":1023},"Classname":"android.widget.TextView","Packagename":"com.netease.pris","Text":"LV.5"},{"Bounds":{"bottom":1092,"left":128,"right":278,"top":1066},"Classname":"android.widget.RatingBar","Packagename":"com.netease.pris","Text":""},{"Bounds":{"bottom":1094,"left":298,"right":474,"top":1066},"Classname":"android.widget.TextView","Packagename":"com.netease.pris","Text":"2017年10月11日"},{"Bounds":{"bottom":1071,"left":642,"right":720,"top":1018},"Classname":"android.widget.LinearLayout","Packagename":"com.netease.pris","Text":""},{"Bounds":{"bottom":1179,"left":130,"right":668,"top":1110},"Classname":"android.widget.TextView","Packagename":"com.netease.pris","Text":"很无厘头。。。拜托，这种画风不要再写了好吗。。。旁白还多过剧情。。。😒😒😒🙄🙄🙄🙄"},{"Bounds":{"bottom":1179,"left":25,"right":99,"top":1282},"Classname":"android.widget.ImageView","Packagename":"com.netease.pris","Text":""},{"Bounds":{"bottom":1179,"left":128,"right":236,"top":1282},"Classname":"android.widget.TextView","Packagename":"com.netease.pris","Text":"Rochelle"},{"Bounds":{"bottom":1179,"left":248,"right":297,"top":1287},"Classname":"android.widget.TextView","Packagename":"com.netease.pris","Text":"LV.22"},{"Bounds":{"bottom":1179,"left":128,"right":278,"top":1330},"Classname":"android.widget.RatingBar","Packagename":"com.netease.pris","Text":""},{"Bounds":{"bottom":1179,"left":298,"right":474,"top":1330},"Classname":"android.widget.TextView","Packagename":"com.netease.pris","Text":"2017年06月07日"},{"Bounds":{"bottom":1179,"left":637,"right":650,"top":1282},"Classname":"android.widget.TextView","Packagename":"com.netease.pris","Text":"8"},{"Bounds":{"bottom":1179,"left":130,"right":606,"top":1376},"Classname":"android.widget.TextView","Packagename":"com.netease.pris","Text":"进阶玄幻小说，搞笑不断，还不错哈。"},{"Bounds":{"bottom":1179,"left":25,"right":99,"top":1464},"Classname":"android.widget.ImageView","Packagename":"com.netease.pris","Text":""},{"Bounds":{"bottom":1179,"left":128,"right":266,"top":1464},"Classname":"android.widget.TextView","Packagename":"com.netease.pris","Text":"Merida   梅"},{"Bounds":{"bottom":1179,"left":278,"right":327,"top":1469},"Classname":"android.widget.TextView","Packagename":"com.netease.pris","Text":"LV.26"},{"Bounds":{"bottom":1179,"left":128,"right":278,"top":1512},"Classname":"android.widget.RatingBar","Packagename":"com.netease.pris","Text":""},{"Bounds":{"bottom":1179,"left":298,"right":474,"top":1512},"Classname":"android.widget.TextView","Packagename":"com.netease.pris","Text":"2017年06月06日"},{"Bounds":{"bottom":1179,"left":637,"right":650,"top":1464},"Classname":"android.widget.TextView","Packagename":"com.netease.pris","Text":"8"},{"Bounds":{"bottom":1179,"left":130,"right":298,"top":1558},"Classname":"android.widget.TextView","Packagename":"com.netease.pris","Text":"他们搞笑呀！"},{"Bounds":{"bottom":1179,"left":25,"right":99,"top":1646},"Classname":"android.widget.ImageView","Packagename":"com.netease.pris","Text":""},{"Bounds":{"bottom":1179,"left":128,"right":184,"top":1646},"Classname":"android.widget.TextView","Packagename":"com.netease.pris","Text":"逸心"},{"Bounds":{"bottom":1179,"left":196,"right":237,"top":1651},"Classname":"android.widget.TextView","Packagename":"com.netease.pris","Text":"LV.2"},{"Bounds":{"bottom":1179,"left":128,"right":278,"top":1694},"Classname":"android.widget.RatingBar","Packagename":"com.netease.pris","Text":""},{"Bounds":{"bottom":1179,"left":298,"right":474,"top":1694},"Classname":"android.widget.TextView","Packagename":"com.netease.pris","Text":"2017年06月05日"},{"Bounds":{"bottom":1179,"left":624,"right":650,"top":1646},"Classname":"android.widget.TextView","Packagename":"com.netease.pris","Text":"11"},{"Bounds":{"bottom":1179,"left":130,"right":186,"top":1738},"Classname":"android.widget.TextView","Packagename":"com.netease.pris","Text":"沙发"},{"Bounds":{"bottom":1179,"left":47,"right":227,"top":1857},"Classname":"android.widget.TextView","Packagename":"com.netease.pris","Text":"用户还喜欢"},{"Bounds":{"bottom":1179,"left":50,"right":210,"top":2187},"Classname":"android.widget.TextView","Packagename":"com.netease.pris","Text":"寻寻觅觅"},{"Bounds":{"bottom":1179,"left":50,"right":210,"top":2242},"Classname":"android.widget.TextView","Packagename":"com.netease.pris","Text":"贝尔"},{"Bounds":{"bottom":1179,"left":250,"right":410,"top":2187},"Classname":"android.widget.TextView","Packagename":"com.netease.pris","Text":"坏男送上门"},{"Bounds":{"bottom":1179,"left":250,"right":410,"top":2242},"Classname":"android.widget.TextView","Packagename":"com.netease.pris","Text":"真绚丽"},{"Bounds":{"bottom":1179,"left":450,"right":610,"top":2187},"Classname":"android.widget.TextView","Packagename":"com.netease.pris","Text":"官梯"},{"Bounds":{"bottom":1179,"left":450,"right":610,"top":2242},"Classname":"android.widget.TextView","Packagename":"com.netease.pris","Text":"钓人的鱼"},{"Bounds":{"bottom":1179,"left":650,"right":720,"top":2187},"Classname":"android.widget.TextView","Packagename":"com.netease.pris","Text":"三生三世十里桃花"},{"Bounds":{"bottom":1179,"left":650,"right":720,"top":2277},"Classname":"android.widget.TextView","Packagename":"com.netease.pris","Text":"唐七公子"},{"Bounds":{"bottom":1280,"left":0,"right":239,"top":1180},"Classname":"android.widget.Button","Packagename":"com.netease.pris","Text":"加入书架"},{"Bounds":{"bottom":1280,"left":241,"right":480,"top":1180},"Classname":"android.widget.Button","Packagename":"com.netease.pris","Text":"购买"},{"Bounds":{"bottom":1280,"left":480,"right":720,"top":1180},"Classname":"android.widget.Button","Packagename":"com.netease.pris","Text":"立即阅读"}],"packagename":"com.example.a10628.myapplication","width":1080}