{"events":[{"eventname":"TYPE_VIEW_SCROLLED","source":{"Bounds":{"bottom":1280,"left":0,"right":720,"top":0},"Classname":"android.support.v7.widget.RecyclerView","Packagename":"com.douban.frodo","Text":""}},{"eventname":"TYPE_VIEW_SELECTED","source":{"Bounds":{"bottom":1040,"left":445,"right":575,"top":1014},"Classname":"android.widget.RatingBar","Packagename":"com.douban.frodo","Text":""}}],"height":1920,"hovertime":7329,"nodes":[{"Bounds":{"bottom":0,"left":273,"right":447,"top":0},"Classname":"android.widget.TextView","Packagename":"com.douban.frodo","Text":"下拉有惊喜"},{"Bounds":{"bottom":653,"left":190,"right":530,"top":170},"Classname":"android.widget.ImageView","Packagename":"com.douban.frodo","Text":""},{"Bounds":{"bottom":799,"left":40,"right":480,"top":737},"Classname":"android.widget.TextView","Packagename":"com.douban.frodo","Text":"恋爱回旋"},{"Bounds":{"bottom":943,"left":40,"right":480,"top":829},"Classname":"android.widget.TextView","Packagename":"com.douban.frodo","Text":"2017 / 喜剧 / 运动\n原名：ミックス。\n上映时间：2018-03-09(中国大陆)\n片长：119分钟"},{"Bounds":{"bottom":791,"left":556,"right":636,"top":763},"Classname":"android.widget.TextView","Packagename":"com.douban.frodo","Text":"豆瓣评分"},{"Bounds":{"bottom":869,"left":536,"right":656,"top":845},"Classname":"android.widget.RatingBar","Packagename":"com.douban.frodo","Text":""},{"Bounds":{"bottom":848,"left":563,"right":628,"top":786},"Classname":"android.widget.TextView","Packagename":"com.douban.frodo","Text":"7.3"},{"Bounds":{"bottom":899,"left":558,"right":633,"top":871},"Classname":"android.widget.TextView","Packagename":"com.douban.frodo","Text":"35454人"},{"Bounds":{"bottom":1046,"left":116,"right":172,"top":1008},"Classname":"android.widget.TextView","Packagename":"com.douban.frodo","Text":"想看"},{"Bounds":{"bottom":1046,"left":369,"right":425,"top":1008},"Classname":"android.widget.TextView","Packagename":"com.douban.frodo","Text":"看过"},{"Bounds":{"bottom":1040,"left":445,"right":575,"top":1014},"Classname":"android.widget.RatingBar","Packagename":"com.douban.frodo","Text":""},{"Bounds":{"bottom":1198,"left":90,"right":210,"top":1157},"Classname":"android.widget.TextView","Packagename":"com.douban.frodo","Text":"观看全片"},{"Bounds":{"bottom":1280,"left":0,"right":184,"top":1261},"Classname":"android.widget.TextView","Packagename":"com.douban.frodo","Text":"所属频道"},{"Bounds":{"bottom":1280,"left":40,"right":212,"top":1337},"Classname":"android.widget.TextView","Packagename":"com.douban.frodo","Text":"日本电影"},{"Bounds":{"bottom":1280,"left":232,"right":378,"top":1337},"Classname":"android.widget.TextView","Packagename":"com.douban.frodo","Text":"爱情片"},{"Bounds":{"bottom":1280,"left":398,"right":518,"top":1337},"Classname":"android.widget.TextView","Packagename":"com.douban.frodo","Text":"励志"},{"Bounds":{"bottom":1280,"left":538,"right":594,"top":1317},"Classname":"android.widget.ImageView","Packagename":"com.douban.frodo","Text":""},{"Bounds":{"bottom":1280,"left":0,"right":132,"top":1455},"Classname":"android.widget.TextView","Packagename":"com.douban.frodo","Text":"简介"},{"Bounds":{"bottom":1280,"left":40,"right":680,"top":1511},"Classname":"android.widget.TextView","Packagename":"com.douban.frodo","Text":"富田多满子（新垣结衣 饰）的母亲是一名十分优秀的乒乓球运动员，在母亲的严厉教导下，多满子的整个童年都在天才乒乓球少女的荣光之下度过。然而，多满子却并不是真心喜爱这项运...展开"},{"Bounds":{"bottom":144,"left":0,"right":112,"top":48},"Classname":"android.widget.ImageButton","Packagename":"com.douban.frodo","Text":""},{"Bounds":{"bottom":119,"left":144,"right":152,"top":73},"Classname":"android.widget.TextView","Packagename":"com.douban.frodo","Text":" "},{"Bounds":{"bottom":120,"left":302,"right":418,"top":72},"Classname":"android.widget.TextView","Packagename":"com.douban.frodo","Text":"电影"},{"Bounds":{"bottom":144,"left":624,"right":720,"top":48},"Classname":"android.widget.TextView","Packagename":"com.douban.frodo","Text":""},{"Bounds":{"bottom":640,"left":360,"right":360,"top":640},"Classname":"android.widget.FrameLayout","Packagename":"com.douban.frodo","Text":""}],"packagename":"com.example.a10628.myapplication","width":1080}