{"events":[{"eventname":"TYPE_VIEW_CLICKED","source":{"Bounds":{"bottom":136,"left":0,"right":88,"top":48},"Classname":"android.widget.FrameLayout","Packagename":"com.sina.weibo","Text":""}}],"height":1920,"hovertime":1378,"nodes":[{"Bounds":{"bottom":-428,"left":0,"right":470,"top":0},"Classname":"android.view.View","Packagename":"com.sina.weibo","Text":""},{"Bounds":{"bottom":-111,"left":24,"right":696,"top":0},"Classname":"android.view.View","Packagename":"com.sina.weibo","Text":""},{"Bounds":{"bottom":282,"left":24,"right":696,"top":0},"Classname":"android.widget.ImageView","Packagename":"com.sina.weibo","Text":""},{"Bounds":{"bottom":282,"left":24,"right":696,"top":0},"Classname":"android.view.View","Packagename":"com.sina.weibo","Text":""},{"Bounds":{"bottom":270,"left":44,"right":44,"top":238},"Classname":"android.widget.TextView","Packagename":"com.sina.weibo","Text":""},{"Bounds":{"bottom":270,"left":617,"right":676,"top":238},"Classname":"android.widget.TextView","Packagename":"com.sina.weibo","Text":"01:20"},{"Bounds":{"bottom":157,"left":296,"right":424,"top":29},"Classname":"android.widget.ImageView","Packagename":"com.sina.weibo","Text":""},{"Bounds":{"bottom":335,"left":24,"right":148,"top":302},"Classname":"android.widget.TextView","Packagename":"com.sina.weibo","Text":"38万次观看"},{"Bounds":{"bottom":431,"left":57,"right":111,"top":359},"Classname":"android.widget.ImageView","Packagename":"com.sina.weibo","Text":""},{"Bounds":{"bottom":414,"left":112,"right":173,"top":376},"Classname":"android.widget.TextView","Packagename":"com.sina.weibo","Text":"2512"},{"Bounds":{"bottom":431,"left":304,"right":358,"top":359},"Classname":"android.widget.ImageView","Packagename":"com.sina.weibo","Text":""},{"Bounds":{"bottom":414,"left":359,"right":407,"top":376},"Classname":"android.widget.TextView","Packagename":"com.sina.weibo","Text":"403"},{"Bounds":{"bottom":431,"left":537,"right":591,"top":359},"Classname":"android.widget.ImageView","Packagename":"com.sina.weibo","Text":""},{"Bounds":{"bottom":414,"left":592,"right":653,"top":376},"Classname":"android.widget.TextView","Packagename":"com.sina.weibo","Text":"3671"},{"Bounds":{"bottom":541,"left":0,"right":470,"top":431},"Classname":"android.view.View","Packagename":"com.sina.weibo","Text":""},{"Bounds":{"bottom":598,"left":24,"right":696,"top":555},"Classname":"android.view.View","Packagename":"com.sina.weibo","Text":""},{"Bounds":{"bottom":1154,"left":64,"right":118,"top":1082},"Classname":"android.widget.ImageView","Packagename":"com.sina.weibo","Text":""},{"Bounds":{"bottom":1137,"left":119,"right":167,"top":1099},"Classname":"android.widget.TextView","Packagename":"com.sina.weibo","Text":"333"},{"Bounds":{"bottom":1154,"left":305,"right":359,"top":1082},"Classname":"android.widget.ImageView","Packagename":"com.sina.weibo","Text":""},{"Bounds":{"bottom":1137,"left":360,"right":405,"top":1099},"Classname":"android.widget.TextView","Packagename":"com.sina.weibo","Text":"144"},{"Bounds":{"bottom":1154,"left":536,"right":590,"top":1082},"Classname":"android.widget.ImageView","Packagename":"com.sina.weibo","Text":""},{"Bounds":{"bottom":1137,"left":591,"right":655,"top":1099},"Classname":"android.widget.TextView","Packagename":"com.sina.weibo","Text":"4289"},{"Bounds":{"bottom":1192,"left":248,"right":472,"top":1175},"Classname":"android.widget.TextView","Packagename":"com.sina.weibo","Text":"查看他的全部微博"},{"Bounds":{"bottom":225,"left":720,"right":720,"top":0},"Classname":"android.widget.FrameLayout","Packagename":"com.sina.weibo","Text":""},{"Bounds":{"bottom":282,"left":720,"right":720,"top":225},"Classname":"android.widget.TextView","Packagename":"com.sina.weibo","Text":"全部微博(16912)"},{"Bounds":{"bottom":282,"left":1342,"right":720,"top":225},"Classname":"android.widget.TextView","Packagename":"com.sina.weibo","Text":"筛选"},{"Bounds":{"bottom":1192,"left":720,"right":720,"top":282},"Classname":"android.view.View","Packagename":"com.sina.weibo","Text":""},{"Bounds":{"bottom":225,"left":1440,"right":720,"top":0},"Classname":"android.widget.FrameLayout","Packagename":"com.sina.weibo","Text":""},{"Bounds":{"bottom":225,"left":1440,"right":720,"top":225},"Classname":"android.widget.LinearLayout","Packagename":"com.sina.weibo","Text":""},{"Bounds":{"bottom":1192,"left":1440,"right":720,"top":225},"Classname":"android.view.View","Packagename":"com.sina.weibo","Text":""},{"Bounds":{"bottom":225,"left":2160,"right":720,"top":0},"Classname":"android.widget.FrameLayout","Packagename":"com.sina.weibo","Text":""},{"Bounds":{"bottom":225,"left":2160,"right":720,"top":225},"Classname":"android.widget.LinearLayout","Packagename":"com.sina.weibo","Text":""},{"Bounds":{"bottom":1192,"left":2160,"right":720,"top":225},"Classname":"android.view.View","Packagename":"com.sina.weibo","Text":""},{"Bounds":{"bottom":137,"left":0,"right":720,"top":0},"Classname":"android.widget.ImageView","Packagename":"com.sina.weibo","Text":""},{"Bounds":{"bottom":-46,"left":278,"right":442,"top":0},"Classname":"android.widget.FrameLayout","Packagename":"com.sina.weibo","Text":""},{"Bounds":{"bottom":20,"left":58,"right":498,"top":0},"Classname":"android.widget.TextView","Packagename":"com.sina.weibo","Text":"生活大爆炸TBBT"},{"Bounds":{"bottom":27,"left":498,"right":662,"top":0},"Classname":"android.widget.LinearLayout","Packagename":"com.sina.weibo","Text":""},{"Bounds":{"bottom":62,"left":230,"right":278,"top":29},"Classname":"android.widget.TextView","Packagename":"com.sina.weibo","Text":"关注"},{"Bounds":{"bottom":62,"left":290,"right":332,"top":29},"Classname":"android.widget.TextView","Packagename":"com.sina.weibo","Text":"484"},{"Bounds":{"bottom":62,"left":389,"right":437,"top":29},"Classname":"android.widget.TextView","Packagename":"com.sina.weibo","Text":"粉丝"},{"Bounds":{"bottom":62,"left":449,"right":515,"top":29},"Classname":"android.widget.TextView","Packagename":"com.sina.weibo","Text":"508万"},{"Bounds":{"bottom":109,"left":148,"right":551,"top":73},"Classname":"android.widget.TextView","Packagename":"com.sina.weibo","Text":"微博认证:美剧达人，微博电视团成员…"},{"Bounds":{"bottom":203,"left":114,"right":174,"top":154},"Classname":"android.widget.TextView","Packagename":"com.sina.weibo","Text":"主页"},{"Bounds":{"bottom":203,"left":258,"right":318,"top":154},"Classname":"android.widget.TextView","Packagename":"com.sina.weibo","Text":"微博"},{"Bounds":{"bottom":203,"left":402,"right":462,"top":154},"Classname":"android.widget.TextView","Packagename":"com.sina.weibo","Text":"视频"},{"Bounds":{"bottom":203,"left":546,"right":606,"top":154},"Classname":"android.widget.TextView","Packagename":"com.sina.weibo","Text":"故事"},{"Bounds":{"bottom":122,"left":16,"right":76,"top":62},"Classname":"android.widget.ImageView","Packagename":"com.sina.weibo","Text":""},{"Bounds":{"bottom":115,"left":61,"right":659,"top":69},"Classname":"android.widget.TextView","Packagename":"com.sina.weibo","Text":"生活大爆炸TBBT"},{"Bounds":{"bottom":122,"left":556,"right":616,"top":62},"Classname":"android.widget.ImageView","Packagename":"com.sina.weibo","Text":""},{"Bounds":{"bottom":122,"left":644,"right":704,"top":62},"Classname":"android.widget.ImageView","Packagename":"com.sina.weibo","Text":""},{"Bounds":{"bottom":1192,"left":0,"right":0,"top":1192},"Classname":"android.widget.TextView","Packagename":"com.sina.weibo","Text":""},{"Bounds":{"bottom":1192,"left":0,"right":0,"top":1192},"Classname":"android.widget.TextView","Packagename":"com.sina.weibo","Text":""},{"Bounds":{"bottom":1192,"left":0,"right":0,"top":1192},"Classname":"android.widget.TextView","Packagename":"com.sina.weibo","Text":"粉丝"},{"Bounds":{"bottom":1192,"left":0,"right":0,"top":1192},"Classname":"android.widget.TextView","Packagename":"com.sina.weibo","Text":""},{"Bounds":{"bottom":1192,"left":0,"right":0,"top":1192},"Classname":"android.widget.TextView","Packagename":"com.sina.weibo","Text":"关注"},{"Bounds":{"bottom":1192,"left":0,"right":0,"top":1192},"Classname":"android.widget.TextView","Packagename":"com.sina.weibo","Text":""},{"Bounds":{"bottom":1252,"left":173,"right":229,"top":1219},"Classname":"android.widget.TextView","Packagename":"com.sina.weibo","Text":"关注"},{"Bounds":{"bottom":1252,"left":512,"right":568,"top":1219},"Classname":"android.widget.TextView","Packagename":"com.sina.weibo","Text":"聊天"}],"packagename":"com.example.a10628.myapplication","width":1080}