{"events":[{"eventname":"TYPE_VIEW_SCROLLED","source":{"Bounds":{"bottom":1125,"left":0,"right":720,"top":145},"Classname":"android.webkit.WebView","Packagename":"com.douban.frodo","Text":"豆瓣 Top250"}}],"height":1920,"hovertime":2408,"nodes":[{"Bounds":{"bottom":144,"left":0,"right":112,"top":48},"Classname":"android.widget.ImageButton","Packagename":"com.douban.frodo","Text":""},{"Bounds":{"bottom":123,"left":144,"right":144,"top":69},"Classname":"android.widget.TextView","Packagename":"com.douban.frodo","Text":"豆瓣 Top250"},{"Bounds":{"bottom":-297,"left":30,"right":174,"top":145},"Classname":"android.view.View","Packagename":"com.douban.frodo","Text":"Top1-50"},{"Bounds":{"bottom":-297,"left":194,"right":338,"top":145},"Classname":"android.view.View","Packagename":"com.douban.frodo","Text":"51-100"},{"Bounds":{"bottom":-297,"left":358,"right":502,"top":145},"Classname":"android.view.View","Packagename":"com.douban.frodo","Text":"101-150"},{"Bounds":{"bottom":-297,"left":522,"right":666,"top":145},"Classname":"android.view.View","Packagename":"com.douban.frodo","Text":"151-200"},{"Bounds":{"bottom":-297,"left":686,"right":720,"top":145},"Classname":"android.view.View","Packagename":"com.douban.frodo","Text":"201-250"},{"Bounds":{"bottom":-297,"left":0,"right":720,"top":145},"Classname":"android.view.View","Packagename":"com.douban.frodo","Text":"No.1 肖申克的救赎 想看 肖申克的救赎 (1994) 9.6 1994 / 美国 / 犯罪 剧情 / 弗兰克·德拉邦特 / 蒂姆·罗宾斯 摩根·弗里曼 希望让人自由。 "},{"Bounds":{"bottom":-297,"left":0,"right":720,"top":145},"Classname":"android.view.View","Packagename":"com.douban.frodo","Text":"No.2 霸王别姬 想看 霸王别姬 (1993) 9.5 1993 / 中国大陆 香港 / 剧情 爱情 同性 / 陈凯歌 / 张国荣 张丰毅 风华绝代。 "},{"Bounds":{"bottom":-297,"left":0,"right":720,"top":145},"Classname":"android.view.View","Packagename":"com.douban.frodo","Text":"No.3 这个杀手不太冷 想看 这个杀手不太冷 (1994) 9.4 1994 / 法国 / 剧情 动作 犯罪 / 吕克·贝松 / 让·雷诺 娜塔莉·波特曼 怪蜀黍和小萝莉不得不说的故事。 "},{"Bounds":{"bottom":-297,"left":0,"right":720,"top":145},"Classname":"android.view.View","Packagename":"com.douban.frodo","Text":"No.4 想看 阿甘正传 (1994) 9.4 1994 / 美国 / 剧情 爱情 / 罗伯特·泽米吉斯 / 汤姆·汉克斯 罗宾·怀特 一部美国近现代史。 "},{"Bounds":{"bottom":-297,"left":0,"right":720,"top":145},"Classname":"android.view.View","Packagename":"com.douban.frodo","Text":"No.5 想看 美丽人生 (1997) 9.5 1997 / 意大利 / 剧情 喜剧 爱情 / 罗伯托·贝尼尼 / 罗伯托·贝尼尼 尼可莱塔·布拉斯基 最美的谎言。 "},{"Bounds":{"bottom":-297,"left":0,"right":720,"top":145},"Classname":"android.view.View","Packagename":"com.douban.frodo","Text":"No.6 想看 千与千寻 (2001) 9.3 2001 / 日本 / 剧情 动画 奇幻 / 宫崎骏 / 柊瑠美 入野自由 最好的宫崎骏，最好的久石让。 "},{"Bounds":{"bottom":-297,"left":0,"right":720,"top":145},"Classname":"android.view.View","Packagename":"com.douban.frodo","Text":"No.7 想看 泰坦尼克号 (1997) 9.3 1997 / 美国 / 剧情 爱情 灾难 / 詹姆斯·卡梅隆 / 莱昂纳多·迪卡普里奥 凯特·温丝莱特 失去的才是永恒的。 "},{"Bounds":{"bottom":-297,"left":0,"right":720,"top":145},"Classname":"android.view.View","Packagename":"com.douban.frodo","Text":"No.8 想看 辛德勒的名单 (1993) 9.4 1993 / 美国 / 剧情 历史 战争 / 史蒂文·斯皮尔伯格 / 连姆·尼森 本·金斯利 拯救一个人，就是拯救整个世界。 "},{"Bounds":{"bottom":-297,"left":0,"right":720,"top":145},"Classname":"android.view.View","Packagename":"com.douban.frodo","Text":"No.9 想看 盗梦空间 (2010) 9.3 2010 / 美国 英国 / 剧情 科幻 悬疑 / 克里斯托弗·诺兰 / 莱昂纳多·迪卡普里奥 约瑟夫·高登-莱维特 诺兰给了我们一场无法盗取的梦。 "},{"Bounds":{"bottom":-297,"left":0,"right":720,"top":145},"Classname":"android.view.View","Packagename":"com.douban.frodo","Text":"No.10 想看 机器人总动员 (2008) 9.3 2008 / 美国 / 爱情 科幻 动画 / 安德鲁·斯坦顿 / 本·贝尔特 艾丽莎·奈特 小瓦力，大人生。 "},{"Bounds":{"bottom":-297,"left":0,"right":720,"top":145},"Classname":"android.view.View","Packagename":"com.douban.frodo","Text":"No.11 想看 三傻大闹宝莱坞 (2009) 9.2 2009 / 印度 / 剧情 喜剧 爱情 / 拉吉库马尔·希拉尼 / 阿米尔·汗 卡琳娜·卡普尔 英俊版憨豆，高情商版谢耳朵。 "},{"Bounds":{"bottom":-297,"left":0,"right":720,"top":145},"Classname":"android.view.View","Packagename":"com.douban.frodo","Text":"No.12 想看 海上钢琴师 (1998) 9.2 1998 / 意大利 / 剧情 音乐 / 朱塞佩·托纳多雷 / 蒂姆·罗斯 普路特·泰勒·文斯 每个人都要走一条自己坚定了的路，就算是粉身碎骨。 "},{"Bounds":{"bottom":-297,"left":0,"right":720,"top":145},"Classname":"android.view.View","Packagename":"com.douban.frodo","Text":"No.13 想看 忠犬八公的故事 (2009) 9.2 2009 / 美国 英国 / 剧情 / 拉斯·霍尔斯道姆 / 理查·基尔 萨拉·罗默尔 永远都不能忘记你所爱的人。 "},{"Bounds":{"bottom":-297,"left":0,"right":720,"top":145},"Classname":"android.view.View","Packagename":"com.douban.frodo","Text":"No.14 想看 放牛班的春天 (2004) 9.2 2004 / 法国 瑞士 德国 / 剧情 音乐 / 克里斯托夫·巴拉蒂 / 热拉尔·朱尼奥 让-巴蒂斯特·莫尼耶 天籁一般的童声，是最接近上帝的存在。 "},{"Bounds":{"bottom":-297,"left":0,"right":720,"top":145},"Classname":"android.view.View","Packagename":"com.douban.frodo","Text":"No.15 想看 大话西游之大圣娶亲 (1995) 9.2 1995 / 香港 中国大陆 / 喜剧 爱情 奇幻 / 刘镇伟 / 周星驰 吴孟达 一生所爱。 "},{"Bounds":{"bottom":-297,"left":0,"right":720,"top":145},"Classname":"android.view.View","Packagename":"com.douban.frodo","Text":"No.16 想看 楚门的世界 (1998) 9.1 1998 / 美国 / 剧情 科幻 / 彼得·威尔 / 金·凯瑞 劳拉·琳妮 如果再也不能见到你，祝你早安，午安，晚安。 "},{"Bounds":{"bottom":-297,"left":0,"right":720,"top":145},"Classname":"android.view.View","Packagename":"com.douban.frodo","Text":"No.17 龙猫 想看 龙猫 (1988) 9.1 1988 / 日本 / 儿童 动画 奇幻 / 宫崎骏 / 日高法子 坂本千夏 人人心中都有个龙猫，童年就永远不会消失。 "},{"Bounds":{"bottom":-297,"left":0,"right":720,"top":145},"Classname":"android.view.View","Packagename":"com.douban.frodo","Text":"No.18 想看 教父 (1972) 9.2 1972 / 美国 / 剧情 犯罪 / 弗朗西斯·福特·科波拉 / 马龙·白兰度 阿尔·帕西诺 千万不要记恨你的对手，这样会让你失去理智。 "},{"Bounds":{"bottom":-297,"left":0,"right":720,"top":145},"Classname":"android.view.View","Packagename":"com.douban.frodo","Text":"No.19 想看 熔炉 (2011) 9.2 2011 / 韩国 / 剧情 / 黄东赫 / 孔侑 郑有美 我们一路奋战不是为了改变世界，而是为了不让世界改变我们。 "},{"Bounds":{"bottom":-297,"left":0,"right":720,"top":145},"Classname":"android.view.View","Packagename":"com.douban.frodo","Text":"No.20 想看 星际穿越 (2014) 9.2 2014 / 美国 英国 加拿大 冰岛 / 剧情 科幻 冒险 / 克里斯托弗·诺兰 / 马修·麦康纳 安妮·海瑟薇 爱是一种力量，让我们超越时空感知它的存在。 "},{"Bounds":{"bottom":-297,"left":0,"right":720,"top":145},"Classname":"android.view.View","Packagename":"com.douban.frodo","Text":"No.21 想看 乱世佳人 (1939) 9.2 1939 / 美国 / 剧情 历史 爱情 / 维克多·弗莱明 乔治·库克 山姆·伍德 / 托马斯·米切尔 芭芭拉·欧内尔 Tomorrow is another day. "},{"Bounds":{"bottom":-297,"left":0,"right":720,"top":145},"Classname":"android.view.View","Packagename":"com.douban.frodo","Text":"No.22 想看 触不可及 (2011) 9.2 2011 / 法国 / 剧情 喜剧 / 奥利维埃·纳卡什 埃里克·托莱达诺 / 弗朗索瓦·克鲁塞 奥玛·希 满满温情的高雅喜剧。 "},{"Bounds":{"bottom":-297,"left":0,"right":720,"top":145},"Classname":"android.view.View","Packagename":"com.douban.frodo","Text":"No.23 想看 无间道 (2002) 9.0 2002 / 香港 / 剧情 犯罪 悬疑 / 刘伟强 麦兆辉 / 刘德华 梁朝伟 香港电影史上永不过时的杰作。 "},{"Bounds":{"bottom":-297,"left":0,"right":720,"top":145},"Classname":"android.view.View","Packagename":"com.douban.frodo","Text":"No.24 想看 当幸福来敲门 (2006) 8.9 2006 / 美国 / 剧情 传记 家庭 / 加布里埃莱·穆奇诺 / 威尔·史密斯 贾登·史密斯 平民励志片。 "},{"Bounds":{"bottom":-297,"left":0,"right":720,"top":145},"Classname":"android.view.View","Packagename":"com.douban.frodo","Text":"No.25 想看 天堂电影院 (1988) 9.1 1988 / 意大利 法国 / 剧情 爱情 / 朱塞佩·托纳多雷 / 安东内拉·阿蒂利 恩佐·卡拉瓦勒 那些吻戏，那些青春，都在影院的黑暗里被泪水冲刷得无比清晰。 "},{"Bounds":{"bottom":-297,"left":0,"right":720,"top":145},"Classname":"android.view.View","Packagename":"com.douban.frodo","Text":"No.26 想看 怦然心动 (2010) 8.9 2010 / 美国 / 剧情 喜剧 爱情 / 罗伯·莱纳 / 玛德琳·卡罗尔 卡兰·麦克奥利菲 真正的幸福是来自内心深处。 "},{"Bounds":{"bottom":-297,"left":0,"right":720,"top":145},"Classname":"android.view.View","Packagename":"com.douban.frodo","Text":"No.27 想看 十二怒汉 (1957) 9.4 1957 / 美国 / 剧情 / 西德尼·吕美特 / 亨利·方达 马丁·鲍尔萨姆 1957年的理想主义。 "},{"Bounds":{"bottom":-297,"left":0,"right":720,"top":145},"Classname":"android.view.View","Packagename":"com.douban.frodo","Text":"No.28 想看 搏击俱乐部 (1999) 9.0 1999 / 美国 德国 / 剧情 动作 悬疑 / 大卫·芬奇 / 爱德华·诺顿 布拉德·皮特 邪恶与平庸蛰伏于同一个母体，在特定的时间互相对峙。 "},{"Bounds":{"bottom":-79,"left":0,"right":720,"top":145},"Classname":"android.view.View","Packagename":"com.douban.frodo","Text":"No.29 想看 少年派的奇幻漂流 (2012) 9.0 2012 / 美国 台湾 英国 加拿大 / 剧情 奇幻 冒险 / 李安 / 苏拉·沙玛 伊尔凡·可汗 瑰丽壮观、无人能及的冒险之旅。 "},{"Bounds":{"bottom":319,"left":0,"right":720,"top":145},"Classname":"android.view.View","Packagename":"com.douban.frodo","Text":"No.30 想看 鬼子来了 (2000) 9.2 2000 / 中国大陆 / 剧情 历史 战争 / 姜文 / 姜文 香川照之 对敌人的仁慈，就是对自己残忍。 "},{"Bounds":{"bottom":765,"left":0,"right":720,"top":319},"Classname":"android.view.View","Packagename":"com.douban.frodo","Text":"No.31 想看 蝙蝠侠：黑暗骑士 (2008) 9.1 2008 / 美国 英国 / 剧情 动作 科幻 / 克里斯托弗·诺兰 / 克里斯蒂安·贝尔 希斯·莱杰 无尽的黑暗。 "},{"Bounds":{"bottom":837,"left":0,"right":720,"top":765},"Classname":"android.view.View","Packagename":"com.douban.frodo","Text":"No.32 想看 活着 (1994) 9.1 1994 / 中国大陆 香港 / 剧情 历史 家庭 / 张艺谋 / 葛优 巩俐 张艺谋最好的电影。 "},{"Bounds":{"bottom":837,"left":0,"right":720,"top":835},"Classname":"android.view.View","Packagename":"com.douban.frodo","Text":"No.33 想看 指环王3：王者无敌 (2003) 9.1 2003 / 美国 新西兰 / 剧情 动作 奇幻 / 彼得·杰克逊 / 维果·莫腾森 伊利亚·伍德 史诗的终章。 "},{"Bounds":{"bottom":837,"left":0,"right":720,"top":835},"Classname":"android.view.View","Packagename":"com.douban.frodo","Text":"No.34 想看 天空之城 (1986) 9.0 1986 / 日本 / 动画 奇幻 冒险 / 宫崎骏 / 田中真弓 横泽启子 对天空的追逐，永不停止。 "},{"Bounds":{"bottom":837,"left":0,"right":720,"top":835},"Classname":"android.view.View","Packagename":"com.douban.frodo","Text":"No.35 想看 疯狂动物城 (2016) 9.2 2016 / 美国 / 喜剧 动画 冒险 / 拜伦·霍华德 瑞奇·摩尔 杰拉德·布什 / 金妮弗·古德温 杰森·贝特曼 迪士尼给我们营造的乌托邦就是这样，永远善良勇敢，永远出乎意料。 "},{"Bounds":{"bottom":837,"left":0,"right":720,"top":835},"Classname":"android.view.View","Packagename":"com.douban.frodo","Text":"No.36 想看 大话西游之月光宝盒 (1995) 8.9 1995 / 香港 中国大陆 / 喜剧 爱情 奇幻 / 刘镇伟 / 周星驰 吴孟达 旷古烁今。 "},{"Bounds":{"bottom":725,"left":0,"right":720,"top":723},"Classname":"android.view.View","Packagename":"com.douban.frodo","Text":"No.37 想看 罗马假日 (1953) 8.9 1953 / 美国 / 喜剧 剧情 爱情 / 威廉·惠勒 / 奥黛丽·赫本 格利高里·派克 爱情哪怕只有一天。 "},{"Bounds":{"bottom":725,"left":0,"right":720,"top":723},"Classname":"android.view.View","Packagename":"com.douban.frodo","Text":"No.38 想看 飞屋环游记 (2009) 8.9 2009 / 美国 / 剧情 喜剧 动画 / 彼特·道格特 鲍勃·彼德森 / 爱德华·阿斯纳 克里斯托弗·普卢默 最后那些最无聊的事情，才是最值得怀念的。 "},{"Bounds":{"bottom":725,"left":0,"right":720,"top":723},"Classname":"android.view.View","Packagename":"com.douban.frodo","Text":"No.39 想看 窃听风暴 (2006) 9.1 2006 / 德国 / 剧情 悬疑 / 弗洛里安·亨克尔·冯·多纳斯马尔克 / 乌尔里希·穆埃 马蒂娜·格德克 别样人生。 "},{"Bounds":{"bottom":725,"left":0,"right":720,"top":723},"Classname":"android.view.View","Packagename":"com.douban.frodo","Text":"No.40 想看 两杆大烟枪 (1998) 9.1 1998 / 英国 / 剧情 喜剧 犯罪 / 盖·里奇 / 杰森·弗莱明 德克斯特·弗莱彻 4个臭皮匠顶个诸葛亮，盖·里奇果然不是盖的。 "},{"Bounds":{"bottom":725,"left":0,"right":720,"top":723},"Classname":"android.view.View","Packagename":"com.douban.frodo","Text":"No.41 想看 控方证人 (1957) 9.6 1957 / 美国 / 剧情 犯罪 悬疑 / 比利·怀尔德 / 泰隆·鲍华 玛琳·黛德丽 比利·怀德满分作品。 "},{"Bounds":{"bottom":725,"left":0,"right":720,"top":723},"Classname":"android.view.View","Packagename":"com.douban.frodo","Text":"No.42 想看 飞越疯人院 (1975) 9.0 1975 / 美国 / 剧情 / 米洛斯·福尔曼 / 杰克·尼科尔森 丹尼·德维托 自由万岁。 "},{"Bounds":{"bottom":693,"left":0,"right":720,"top":691},"Classname":"android.view.View","Packagename":"com.douban.frodo","Text":"No.43 想看 闻香识女人 (1992) 8.9 1992 / 美国 / 剧情 / 马丁·布莱斯 / 阿尔·帕西诺 克里斯·奥唐纳 史上最美的探戈。 "},{"Bounds":{"bottom":693,"left":0,"right":720,"top":691},"Classname":"android.view.View","Packagename":"com.douban.frodo","Text":"No.44 想看 哈尔的移动城堡 (2004) 8.9 2004 / 日本 / 动画 奇幻 冒险 / 宫崎骏 / 倍赏千惠子 木村拓哉 带着心爱的人在天空飞翔。 "},{"Bounds":{"bottom":693,"left":0,"right":720,"top":691},"Classname":"android.view.View","Packagename":"com.douban.frodo","Text":"No.45 想看 海豚湾 (2009) 9.3 2009 / 美国 / 纪录片 / 路易·西霍尤斯 / John Chisholm Mandy-Rae Cruikshank 海豚的微笑，是世界上最高明的伪装。 "},{"Bounds":{"bottom":693,"left":0,"right":720,"top":691},"Classname":"android.view.View","Packagename":"com.douban.frodo","Text":"No.46 想看 V字仇杀队 (2005) 8.8 2005 / 美国 英国 德国 / 剧情 动作 科幻 / 詹姆斯·麦克特格 / 娜塔莉·波特曼 雨果·维文 一张面具背后的理想与革命。 "},{"Bounds":{"bottom":663,"left":0,"right":720,"top":661},"Classname":"android.view.View","Packagename":"com.douban.frodo","Text":"No.47 想看 辩护人 (2013) 9.1 2013 / 韩国 / 剧情 / 杨宇硕 / 宋康昊 吴达洙 电影的现实意义大过电影本身。 "},{"Bounds":{"bottom":663,"left":0,"right":720,"top":661},"Classname":"android.view.View","Packagename":"com.douban.frodo","Text":"No.48 想看 死亡诗社 (1989) 9.0 1989 / 美国 / 剧情 / 彼得·威尔 / 罗宾·威廉姆斯 罗伯特·肖恩·莱纳德 当一个死水般的体制内出现一个活跃的变数时，所有的腐臭都站在了光明的对面。 "},{"Bounds":{"bottom":663,"left":0,"right":720,"top":661},"Classname":"android.view.View","Packagename":"com.douban.frodo","Text":"No.49 想看 教父2 (1974) 9.1 1974 / 美国 / 剧情 犯罪 / 弗朗西斯·福特·科波拉 / 阿尔·帕西诺 罗伯特·杜瓦尔 优雅的孤独。 "},{"Bounds":{"bottom":663,"left":0,"right":720,"top":661},"Classname":"android.view.View","Packagename":"com.douban.frodo","Text":"No.50 想看 美丽心灵 (2001) 8.9 2001 / 美国 / 传记 剧情 / 朗·霍华德 / 罗素·克劳 詹妮弗·康纳利 爱是一切逻辑和原由。 "}],"packagename":"com.example.a10628.myapplication","width":1080}