{"events":[{"eventname":"TYPE_VIEW_SCROLLED","source":{"Bounds":{"bottom":1280,"left":0,"right":720,"top":140},"Classname":"android.webkit.WebView","Packagename":"cn.amazon.mShop.android","Text":""}}],"height":1920,"hovertime":2301,"nodes":[{"Bounds":{"bottom":140,"left":0,"right":92,"top":48},"Classname":"android.widget.LinearLayout","Packagename":"cn.amazon.mShop.android","Text":""},{"Bounds":{"bottom":120,"left":300,"right":420,"top":68},"Classname":"android.widget.ImageView","Packagename":"cn.amazon.mShop.android","Text":""},{"Bounds":{"bottom":140,"left":532,"right":624,"top":48},"Classname":"android.widget.ImageButton","Packagename":"cn.amazon.mShop.android","Text":""},{"Bounds":{"bottom":140,"left":624,"right":716,"top":48},"Classname":"android.widget.ImageView","Packagename":"cn.amazon.mShop.android","Text":""},{"Bounds":{"bottom":140,"left":656,"right":684,"top":62},"Classname":"android.widget.TextView","Packagename":"cn.amazon.mShop.android","Text":"0"},{"Bounds":{"bottom":144,"left":28,"right":692,"top":142},"Classname":"android.view.View","Packagename":"cn.amazon.mShop.android","Text":""},{"Bounds":{"bottom":144,"left":28,"right":692,"top":142},"Classname":"android.view.View","Packagename":"cn.amazon.mShop.android","Text":""},{"Bounds":{"bottom":144,"left":28,"right":692,"top":142},"Classname":"android.view.View","Packagename":"cn.amazon.mShop.android","Text":""},{"Bounds":{"bottom":144,"left":28,"right":692,"top":142},"Classname":"android.view.View","Packagename":"cn.amazon.mShop.android","Text":""},{"Bounds":{"bottom":144,"left":28,"right":692,"top":142},"Classname":"android.view.View","Packagename":"cn.amazon.mShop.android","Text":""},{"Bounds":{"bottom":144,"left":28,"right":692,"top":142},"Classname":"android.view.View","Packagename":"cn.amazon.mShop.android","Text":""},{"Bounds":{"bottom":144,"left":28,"right":692,"top":142},"Classname":"android.view.View","Packagename":"cn.amazon.mShop.android","Text":""},{"Bounds":{"bottom":144,"left":28,"right":692,"top":142},"Classname":"android.view.View","Packagename":"cn.amazon.mShop.android","Text":""},{"Bounds":{"bottom":144,"left":28,"right":692,"top":142},"Classname":"android.view.View","Packagename":"cn.amazon.mShop.android","Text":""},{"Bounds":{"bottom":144,"left":28,"right":692,"top":142},"Classname":"android.view.View","Packagename":"cn.amazon.mShop.android","Text":""},{"Bounds":{"bottom":144,"left":28,"right":692,"top":142},"Classname":"android.view.View","Packagename":"cn.amazon.mShop.android","Text":""},{"Bounds":{"bottom":144,"left":28,"right":692,"top":142},"Classname":"android.view.View","Packagename":"cn.amazon.mShop.android","Text":""},{"Bounds":{"bottom":144,"left":28,"right":692,"top":142},"Classname":"android.view.View","Packagename":"cn.amazon.mShop.android","Text":""},{"Bounds":{"bottom":144,"left":28,"right":106,"top":142},"Classname":"android.view.View","Packagename":"cn.amazon.mShop.android","Text":"Beats"},{"Bounds":{"bottom":144,"left":-19478,"right":692,"top":142},"Classname":"android.view.View","Packagename":"cn.amazon.mShop.android","Text":"平均 4.3 星 47 评论"},{"Bounds":{"bottom":144,"left":28,"right":672,"top":142},"Classname":"android.view.View","Packagename":"cn.amazon.mShop.android","Text":"Beats Studio3 Wireless 头戴式耳机 - 陶瓷粉 蓝牙无线 自适应消噪"},{"Bounds":{"bottom":144,"left":88,"right":112,"top":142},"Classname":"android.view.View","Packagename":"cn.amazon.mShop.android","Text":""},{"Bounds":{"bottom":144,"left":40,"right":92,"top":142},"Classname":"android.view.View","Packagename":"cn.amazon.mShop.android","Text":"自营"},{"Bounds":{"bottom":144,"left":88,"right":112,"top":142},"Classname":"android.view.View","Packagename":"cn.amazon.mShop.android","Text":""},{"Bounds":{"bottom":144,"left":28,"right":692,"top":142},"Classname":"android.view.View","Packagename":"cn.amazon.mShop.android","Text":"ref\u003dsr_1_14?s\u003dmusic-players\u0026ie\u003dUTF8\u0026qid\u003d1526154892\u0026sr\u003d1-14#"},{"Bounds":{"bottom":144,"left":28,"right":692,"top":142},"Classname":"android.view.View","Packagename":"cn.amazon.mShop.android","Text":""},{"Bounds":{"bottom":144,"left":238,"right":258,"top":142},"Classname":"android.view.View","Packagename":"cn.amazon.mShop.android","Text":""},{"Bounds":{"bottom":144,"left":276,"right":296,"top":142},"Classname":"android.view.View","Packagename":"cn.amazon.mShop.android","Text":""},{"Bounds":{"bottom":144,"left":312,"right":332,"top":142},"Classname":"android.view.View","Packagename":"cn.amazon.mShop.android","Text":""},{"Bounds":{"bottom":144,"left":350,"right":370,"top":142},"Classname":"android.view.View","Packagename":"cn.amazon.mShop.android","Text":""},{"Bounds":{"bottom":144,"left":388,"right":408,"top":142},"Classname":"android.view.View","Packagename":"cn.amazon.mShop.android","Text":""},{"Bounds":{"bottom":144,"left":424,"right":444,"top":142},"Classname":"android.view.View","Packagename":"cn.amazon.mShop.android","Text":""},{"Bounds":{"bottom":144,"left":462,"right":482,"top":142},"Classname":"android.view.View","Packagename":"cn.amazon.mShop.android","Text":""},{"Bounds":{"bottom":144,"left":28,"right":692,"top":142},"Classname":"android.view.View","Packagename":"cn.amazon.mShop.android","Text":""},{"Bounds":{"bottom":144,"left":28,"right":692,"top":142},"Classname":"android.view.View","Packagename":"cn.amazon.mShop.android","Text":""},{"Bounds":{"bottom":144,"left":28,"right":692,"top":142},"Classname":"android.view.View","Packagename":"cn.amazon.mShop.android","Text":""},{"Bounds":{"bottom":144,"left":634,"right":656,"top":142},"Classname":"android.view.View","Packagename":"cn.amazon.mShop.android","Text":""},{"Bounds":{"bottom":144,"left":30,"right":690,"top":142},"Classname":"android.widget.Button","Packagename":"cn.amazon.mShop.android","Text":"颜色: 陶瓷粉 "},{"Bounds":{"bottom":144,"left":28,"right":104,"top":142},"Classname":"android.view.View","Packagename":"cn.amazon.mShop.android","Text":"售价:"},{"Bounds":{"bottom":144,"left":112,"right":296,"top":142},"Classname":"android.view.View","Packagename":"cn.amazon.mShop.android","Text":"￥2,362.30 "},{"Bounds":{"bottom":144,"left":180,"right":768,"top":142},"Classname":"android.view.View","Packagename":"cn.amazon.mShop.android","Text":""},{"Bounds":{"bottom":144,"left":28,"right":104,"top":142},"Classname":"android.view.View","Packagename":"cn.amazon.mShop.android","Text":""},{"Bounds":{"bottom":144,"left":112,"right":232,"top":142},"Classname":"android.view.View","Packagename":"cn.amazon.mShop.android","Text":"免费配送"},{"Bounds":{"bottom":144,"left":28,"right":692,"top":142},"Classname":"android.view.View","Packagename":"cn.amazon.mShop.android","Text":""},{"Bounds":{"bottom":144,"left":28,"right":692,"top":142},"Classname":"android.view.View","Packagename":"cn.amazon.mShop.android","Text":""},{"Bounds":{"bottom":144,"left":28,"right":692,"top":142},"Classname":"android.view.View","Packagename":"cn.amazon.mShop.android","Text":""},{"Bounds":{"bottom":144,"left":28,"right":692,"top":142},"Classname":"android.view.View","Packagename":"cn.amazon.mShop.android","Text":""},{"Bounds":{"bottom":144,"left":28,"right":692,"top":142},"Classname":"android.view.View","Packagename":"cn.amazon.mShop.android","Text":""},{"Bounds":{"bottom":144,"left":28,"right":692,"top":142},"Classname":"android.view.View","Packagename":"cn.amazon.mShop.android","Text":""},{"Bounds":{"bottom":144,"left":28,"right":692,"top":142},"Classname":"android.view.View","Packagename":"cn.amazon.mShop.android","Text":""},{"Bounds":{"bottom":144,"left":28,"right":692,"top":142},"Classname":"android.view.View","Packagename":"cn.amazon.mShop.android","Text":""},{"Bounds":{"bottom":144,"left":28,"right":692,"top":142},"Classname":"android.view.View","Packagename":"cn.amazon.mShop.android","Text":""},{"Bounds":{"bottom":144,"left":28,"right":692,"top":142},"Classname":"android.view.View","Packagename":"cn.amazon.mShop.android","Text":""},{"Bounds":{"bottom":144,"left":28,"right":692,"top":142},"Classname":"android.view.View","Packagename":"cn.amazon.mShop.android","Text":""},{"Bounds":{"bottom":144,"left":28,"right":692,"top":142},"Classname":"android.view.View","Packagename":"cn.amazon.mShop.android","Text":""},{"Bounds":{"bottom":144,"left":28,"right":692,"top":142},"Classname":"android.view.View","Packagename":"cn.amazon.mShop.android","Text":""},{"Bounds":{"bottom":274,"left":28,"right":692,"top":142},"Classname":"android.view.View","Packagename":"cn.amazon.mShop.android","Text":"配送至: 北京 朝阳区"},{"Bounds":{"bottom":340,"left":64,"right":208,"top":304},"Classname":"android.view.View","Packagename":"cn.amazon.mShop.android","Text":"现在有货"},{"Bounds":{"bottom":564,"left":64,"right":720,"top":300},"Classname":"android.view.View","Packagename":"cn.amazon.mShop.android","Text":""},{"Bounds":{"bottom":564,"left":64,"right":720,"top":300},"Classname":"android.view.View","Packagename":"cn.amazon.mShop.android","Text":"\n"},{"Bounds":{"bottom":382,"left":64,"right":418,"top":346},"Classname":"android.view.View","Packagename":"cn.amazon.mShop.android","Text":"由亚马逊直接销售和发货。"},{"Bounds":{"bottom":422,"left":64,"right":192,"top":386},"Classname":"android.view.View","Packagename":"cn.amazon.mShop.android","Text":"送达日期:"},{"Bounds":{"bottom":422,"left":198,"right":260,"top":386},"Classname":"android.view.View","Packagename":"cn.amazon.mShop.android","Text":"明天"},{"Bounds":{"bottom":422,"left":258,"right":474,"top":386},"Classname":"android.view.View","Packagename":"cn.amazon.mShop.android","Text":"(5月14日)，请在"},{"Bounds":{"bottom":462,"left":64,"right":630,"top":386},"Classname":"android.view.View","Packagename":"cn.amazon.mShop.android","Text":"20小时19分钟"},{"Bounds":{"bottom":462,"left":94,"right":498,"top":426},"Classname":"android.view.View","Packagename":"cn.amazon.mShop.android","Text":"内下单并选择“快递送货上门”。"},{"Bounds":{"bottom":506,"left":64,"right":656,"top":464},"Classname":"android.view.View","Packagename":"cn.amazon.mShop.android","Text":"(精确送达时间请于结账页面查询)"},{"Bounds":{"bottom":550,"left":28,"right":692,"top":550},"Classname":"android.view.View","Packagename":"cn.amazon.mShop.android","Text":""},{"Bounds":{"bottom":550,"left":28,"right":692,"top":550},"Classname":"android.view.View","Packagename":"cn.amazon.mShop.android","Text":""},{"Bounds":{"bottom":550,"left":28,"right":692,"top":550},"Classname":"android.view.View","Packagename":"cn.amazon.mShop.android","Text":""},{"Bounds":{"bottom":550,"left":28,"right":692,"top":550},"Classname":"android.view.View","Packagename":"cn.amazon.mShop.android","Text":""},{"Bounds":{"bottom":550,"left":28,"right":692,"top":550},"Classname":"android.view.View","Packagename":"cn.amazon.mShop.android","Text":""},{"Bounds":{"bottom":590,"left":28,"right":692,"top":550},"Classname":"android.view.View","Packagename":"cn.amazon.mShop.android","Text":"此商品支持7天无理由退货"},{"Bounds":{"bottom":624,"left":28,"right":692,"top":624},"Classname":"android.view.View","Packagename":"cn.amazon.mShop.android","Text":""},{"Bounds":{"bottom":624,"left":28,"right":692,"top":624},"Classname":"android.view.View","Packagename":"cn.amazon.mShop.android","Text":""},{"Bounds":{"bottom":624,"left":28,"right":692,"top":624},"Classname":"android.view.View","Packagename":"cn.amazon.mShop.android","Text":""},{"Bounds":{"bottom":624,"left":28,"right":692,"top":624},"Classname":"android.view.View","Packagename":"cn.amazon.mShop.android","Text":""},{"Bounds":{"bottom":624,"left":28,"right":692,"top":624},"Classname":"android.view.View","Packagename":"cn.amazon.mShop.android","Text":""},{"Bounds":{"bottom":674,"left":28,"right":108,"top":624},"Classname":"android.view.View","Packagename":"cn.amazon.mShop.android","Text":"数量:"},{"Bounds":{"bottom":744,"left":28,"right":106,"top":624},"Classname":"android.widget.Spinner","Packagename":"cn.amazon.mShop.android","Text":"1"},{"Bounds":{"bottom":670,"left":172,"right":188,"top":646},"Classname":"android.view.View","Packagename":"cn.amazon.mShop.android","Text":""},{"Bounds":{"bottom":736,"left":28,"right":692,"top":736},"Classname":"android.view.View","Packagename":"cn.amazon.mShop.android","Text":""},{"Bounds":{"bottom":736,"left":28,"right":692,"top":736},"Classname":"android.view.View","Packagename":"cn.amazon.mShop.android","Text":""},{"Bounds":{"bottom":818,"left":40,"right":110,"top":748},"Classname":"android.widget.Image","Packagename":"cn.amazon.mShop.android","Text":""},{"Bounds":{"bottom":856,"left":28,"right":692,"top":856},"Classname":"android.view.View","Packagename":"cn.amazon.mShop.android","Text":""},{"Bounds":{"bottom":1280,"left":388,"right":1052,"top":1280},"Classname":"android.view.View","Packagename":"cn.amazon.mShop.android","Text":""},{"Bounds":{"bottom":938,"left":40,"right":110,"top":868},"Classname":"android.view.View","Packagename":"cn.amazon.mShop.android","Text":""},{"Bounds":{"bottom":948,"left":30,"right":690,"top":858},"Classname":"android.widget.Button","Packagename":"cn.amazon.mShop.android","Text":"加入购物车"},{"Bounds":{"bottom":1060,"left":30,"right":690,"top":970},"Classname":"android.widget.Button","Packagename":"cn.amazon.mShop.android","Text":"加入心愿单"},{"Bounds":{"bottom":1088,"left":28,"right":692,"top":1088},"Classname":"android.view.View","Packagename":"cn.amazon.mShop.android","Text":""},{"Bounds":{"bottom":1088,"left":28,"right":692,"top":1088},"Classname":"android.view.View","Packagename":"cn.amazon.mShop.android","Text":""},{"Bounds":{"bottom":1088,"left":28,"right":692,"top":1088},"Classname":"android.view.View","Packagename":"cn.amazon.mShop.android","Text":""},{"Bounds":{"bottom":1088,"left":28,"right":692,"top":1088},"Classname":"android.view.View","Packagename":"cn.amazon.mShop.android","Text":""},{"Bounds":{"bottom":1088,"left":28,"right":692,"top":1088},"Classname":"android.view.View","Packagename":"cn.amazon.mShop.android","Text":""},{"Bounds":{"bottom":1088,"left":28,"right":692,"top":1088},"Classname":"android.view.View","Packagename":"cn.amazon.mShop.android","Text":""},{"Bounds":{"bottom":1088,"left":28,"right":692,"top":1088},"Classname":"android.view.View","Packagename":"cn.amazon.mShop.android","Text":""},{"Bounds":{"bottom":1088,"left":28,"right":692,"top":1088},"Classname":"android.view.View","Packagename":"cn.amazon.mShop.android","Text":""},{"Bounds":{"bottom":1088,"left":28,"right":692,"top":1088},"Classname":"android.view.View","Packagename":"cn.amazon.mShop.android","Text":""},{"Bounds":{"bottom":1088,"left":28,"right":692,"top":1088},"Classname":"android.view.View","Packagename":"cn.amazon.mShop.android","Text":""},{"Bounds":{"bottom":1088,"left":28,"right":692,"top":1088},"Classname":"android.view.View","Packagename":"cn.amazon.mShop.android","Text":""},{"Bounds":{"bottom":1088,"left":28,"right":692,"top":1088},"Classname":"android.view.View","Packagename":"cn.amazon.mShop.android","Text":""},{"Bounds":{"bottom":1088,"left":28,"right":692,"top":1088},"Classname":"android.view.View","Packagename":"cn.amazon.mShop.android","Text":""},{"Bounds":{"bottom":1088,"left":28,"right":692,"top":1088},"Classname":"android.view.View","Packagename":"cn.amazon.mShop.android","Text":""},{"Bounds":{"bottom":1088,"left":28,"right":692,"top":1088},"Classname":"android.view.View","Packagename":"cn.amazon.mShop.android","Text":""},{"Bounds":{"bottom":1088,"left":28,"right":692,"top":1088},"Classname":"android.view.View","Packagename":"cn.amazon.mShop.android","Text":""},{"Bounds":{"bottom":1182,"left":28,"right":692,"top":1088},"Classname":"android.view.View","Packagename":"cn.amazon.mShop.android","Text":"新品及非全新品 (3) 售价从 ￥1,631.73起"},{"Bounds":{"bottom":1224,"left":28,"right":692,"top":1224},"Classname":"android.view.View","Packagename":"cn.amazon.mShop.android","Text":""},{"Bounds":{"bottom":1280,"left":30,"right":690,"top":1226},"Classname":"android.widget.Button","Packagename":"cn.amazon.mShop.android","Text":"Share 分享"},{"Bounds":{"bottom":1280,"left":28,"right":692,"top":1280},"Classname":"android.view.View","Packagename":"cn.amazon.mShop.android","Text":""},{"Bounds":{"bottom":1280,"left":28,"right":692,"top":1280},"Classname":"android.view.View","Packagename":"cn.amazon.mShop.android","Text":""},{"Bounds":{"bottom":1280,"left":28,"right":692,"top":1280},"Classname":"android.view.View","Packagename":"cn.amazon.mShop.android","Text":""},{"Bounds":{"bottom":1280,"left":28,"right":692,"top":1280},"Classname":"android.view.View","Packagename":"cn.amazon.mShop.android","Text":""},{"Bounds":{"bottom":1280,"left":28,"right":692,"top":1280},"Classname":"android.view.View","Packagename":"cn.amazon.mShop.android","Text":""},{"Bounds":{"bottom":1280,"left":28,"right":692,"top":1280},"Classname":"android.view.View","Packagename":"cn.amazon.mShop.android","Text":""},{"Bounds":{"bottom":1280,"left":28,"right":62,"top":1280},"Classname":"android.widget.Image","Packagename":"cn.amazon.mShop.android","Text":""},{"Bounds":{"bottom":1280,"left":68,"right":318,"top":1280},"Classname":"android.view.View","Packagename":"cn.amazon.mShop.android","Text":"天天低价·正品质优"},{"Bounds":{"bottom":1280,"left":28,"right":692,"top":1280},"Classname":"android.view.View","Packagename":"cn.amazon.mShop.android","Text":""},{"Bounds":{"bottom":1280,"left":28,"right":692,"top":1280},"Classname":"android.view.View","Packagename":"cn.amazon.mShop.android","Text":""},{"Bounds":{"bottom":1280,"left":28,"right":692,"top":1280},"Classname":"android.view.View","Packagename":"cn.amazon.mShop.android","Text":""},{"Bounds":{"bottom":1280,"left":28,"right":692,"top":1280},"Classname":"android.view.View","Packagename":"cn.amazon.mShop.android","Text":""},{"Bounds":{"bottom":1280,"left":28,"right":692,"top":1280},"Classname":"android.view.View","Packagename":"cn.amazon.mShop.android","Text":""},{"Bounds":{"bottom":1280,"left":28,"right":178,"top":1280},"Classname":"android.view.View","Packagename":"cn.amazon.mShop.android","Text":"Suunto颂拓,Garmin佳明 智能运动腕表上新！春夏旅行，健身跑步，运动户外用品，下单售价 7 折！"},{"Bounds":{"bottom":1280,"left":178,"right":684,"top":1280},"Classname":"android.view.View","Packagename":"cn.amazon.mShop.android","Text":"Suunto颂拓,Garmin佳明 智能运动腕表上新！春夏旅行，健身跑步，运动户外用品，下单售价 7 折！"},{"Bounds":{"bottom":1280,"left":56,"right":720,"top":1280},"Classname":"android.view.View","Packagename":"cn.amazon.mShop.android","Text":"\n"},{"Bounds":{"bottom":1280,"left":28,"right":684,"top":1280},"Classname":"android.view.View","Packagename":"cn.amazon.mShop.android","Text":"2018年5月3日10点00分-2018年5月31日23点45分，亚马逊运动户外频道 Suunto颂拓,Garmin佳明"},{"Bounds":{"bottom":1280,"left":28,"right":678,"top":1280},"Classname":"android.view.View","Packagename":"cn.amazon.mShop.android","Text":" \u003e\u003e “智能腕表上新，1790元起！全新Suunto 3 Fitness与Garmin Forerunner 645系列，超高性价比，震撼上市！更多优惠请点击” （点击查看促销）"},{"Bounds":{"bottom":1280,"left":28,"right":684,"top":1280},"Classname":"android.view.View","Packagename":"cn.amazon.mShop.android","Text":"； Osprey，Patagonia等大牌，户外服装，背包，装备等用品精选"},{"Bounds":{"bottom":1280,"left":28,"right":664,"top":1280},"Classname":"android.view.View","Packagename":"cn.amazon.mShop.android","Text":" \u003e\u003e “春夏旅行，健身跑步，运动户外用品，下单售价 7 折” （点击查看促销）"},{"Bounds":{"bottom":1280,"left":80,"right":546,"top":1280},"Classname":"android.view.View","Packagename":"cn.amazon.mShop.android","Text":"； 春夏已经来了，肥肉还藏的住么？"},{"Bounds":{"bottom":1280,"left":28,"right":664,"top":1280},"Classname":"android.view.View","Packagename":"cn.amazon.mShop.android","Text":" \u003e\u003e “家用健身器材，下单售价立减 200 元” （点击查看促销）"},{"Bounds":{"bottom":1280,"left":80,"right":586,"top":1280},"Classname":"android.view.View","Packagename":"cn.amazon.mShop.android","Text":"； Mammut猛犸象，北极狐等全球大牌"},{"Bounds":{"bottom":1280,"left":28,"right":674,"top":1280},"Classname":"android.view.View","Packagename":"cn.amazon.mShop.android","Text":" \u003e\u003e “户外服装背包，爆款直降” （点击查看促销）"},{"Bounds":{"bottom":1280,"left":28,"right":686,"top":1280},"Classname":"android.view.View","Packagename":"cn.amazon.mShop.android","Text":"； 促销仅限亚马逊自营商品参加，礼品卡、电子书、第三方卖家、Z秒杀、海外购、Z实惠及Kindle设备不参加本促销。本促销不与其他促销同时享受。 精彩促销不容错过。"},{"Bounds":{"bottom":1280,"left":28,"right":692,"top":1280},"Classname":"android.view.View","Packagename":"cn.amazon.mShop.android","Text":""},{"Bounds":{"bottom":1280,"left":28,"right":692,"top":1280},"Classname":"android.view.View","Packagename":"cn.amazon.mShop.android","Text":""},{"Bounds":{"bottom":1280,"left":28,"right":692,"top":1280},"Classname":"android.view.View","Packagename":"cn.amazon.mShop.android","Text":""},{"Bounds":{"bottom":1280,"left":28,"right":692,"top":1280},"Classname":"android.view.View","Packagename":"cn.amazon.mShop.android","Text":""},{"Bounds":{"bottom":1280,"left":28,"right":692,"top":1280},"Classname":"android.view.View","Packagename":"cn.amazon.mShop.android","Text":""},{"Bounds":{"bottom":1280,"left":28,"right":692,"top":1280},"Classname":"android.view.View","Packagename":"cn.amazon.mShop.android","Text":""},{"Bounds":{"bottom":1280,"left":28,"right":692,"top":1280},"Classname":"android.view.View","Packagename":"cn.amazon.mShop.android","Text":""},{"Bounds":{"bottom":1280,"left":28,"right":692,"top":1280},"Classname":"android.view.View","Packagename":"cn.amazon.mShop.android","Text":""},{"Bounds":{"bottom":1280,"left":28,"right":692,"top":1280},"Classname":"android.view.View","Packagename":"cn.amazon.mShop.android","Text":"与该商品相关的广告"},{"Bounds":{"bottom":1280,"left":32,"right":276,"top":1280},"Classname":"android.view.View","Packagename":"cn.amazon.mShop.android","Text":"Bose QuietComfort QC25 有源消噪 头戴式耳机-Samsung及Android版本-黑色 (有线) Bose QuietComfort QC25... 87 个评论 ￥1299.00 "},{"Bounds":{"bottom":1280,"left":308,"right":552,"top":1280},"Classname":"android.view.View","Packagename":"cn.amazon.mShop.android","Text":"Bose SoundLink 耳罩式蓝牙无线耳机II-白色 Bose SoundLink 耳罩式蓝牙无线... 50 个评论 ￥1699.00 "},{"Bounds":{"bottom":1280,"left":584,"right":720,"top":1280},"Classname":"android.view.View","Packagename":"cn.amazon.mShop.android","Text":"Bose QuietComfort QC35 1代 无线耳机-黑色 头戴式蓝牙耳麦 降噪耳机 蓝牙耳机 Bose QuietComfort QC35... 77 个评论 ￥2199.00 "},{"Bounds":{"bottom":1280,"left":718,"right":720,"top":1280},"Classname":"android.view.View","Packagename":"cn.amazon.mShop.android","Text":"CYKE头戴式运动蓝牙耳机立体声无线耳麦降噪重低音免提通话蓝牙有线无线通用 重低音手机耳机可插卡 (白色) CYKE头戴式运动蓝牙耳机立体声无线耳麦降噪... ￥138.00 "},{"Bounds":{"bottom":1280,"left":718,"right":720,"top":1280},"Classname":"android.view.View","Packagename":"cn.amazon.mShop.android","Text":"英国品牌 August 奥科斯 EP650 头戴式蓝牙耳机 重低音立体声耳机 蓝牙4.2 APTX无损音频 支持NFC EQ智能控制App 音乐蓝牙耳机 电脑通用 中美日欧10国平台同步销售 品质保证 英国品牌 August 奥科斯 EP650 ... 14 个评论 ￥299.00 "},{"Bounds":{"bottom":1280,"left":718,"right":720,"top":1280},"Classname":"android.view.View","Packagename":"cn.amazon.mShop.android","Text":"英国品牌 August 奥科斯 EP636 蓝牙耳机 支持NFC 蓝牙4.1 CSR芯片 无线通话 畅享音乐 头戴式蓝牙耳机 中美日欧10国平台同步销售 品质保证 英国品牌 August 奥科斯 EP636 ... 20 个评论 ￥199.00 "},{"Bounds":{"bottom":1280,"left":718,"right":720,"top":1280},"Classname":"android.view.View","Packagename":"cn.amazon.mShop.android","Text":"AKG N60NC WIRELESS 主动降噪蓝牙耳机 头戴式耳机 耳罩式BT无线耳麦 黑色 AKG N60NC WIRELESS 主动降... ￥2299.00 "},{"Bounds":{"bottom":1280,"left":718,"right":720,"top":1280},"Classname":"android.view.View","Packagename":"cn.amazon.mShop.android","Text":""},{"Bounds":{"bottom":1280,"left":28,"right":692,"top":1280},"Classname":"android.view.View","Packagename":"cn.amazon.mShop.android","Text":""},{"Bounds":{"bottom":1280,"left":28,"right":692,"top":1280},"Classname":"android.view.View","Packagename":"cn.amazon.mShop.android","Text":"有问题吗？"},{"Bounds":{"bottom":1280,"left":28,"right":692,"top":1280},"Classname":"android.view.View","Packagename":"cn.amazon.mShop.android","Text":"搜索商品信息、问答、评论 ..."},{"Bounds":{"bottom":1280,"left":28,"right":408,"top":1280},"Classname":"android.view.View","Packagename":"cn.amazon.mShop.android","Text":"搜索商品信息、问答、评论 ..."},{"Bounds":{"bottom":1280,"left":60,"right":86,"top":1280},"Classname":"android.view.View","Packagename":"cn.amazon.mShop.android","Text":""},{"Bounds":{"bottom":1280,"left":40,"right":690,"top":1280},"Classname":"android.widget.EditText","Packagename":"cn.amazon.mShop.android","Text":"搜索商品信息、问答、评论 ... "},{"Bounds":{"bottom":1280,"left":28,"right":692,"top":1280},"Classname":"android.view.View","Packagename":"cn.amazon.mShop.android","Text":"商品信息"},{"Bounds":{"bottom":1280,"left":64,"right":656,"top":1280},"Classname":"android.view.View","Packagename":"cn.amazon.mShop.android","Text":"商品描述"},{"Bounds":{"bottom":1280,"left":64,"right":656,"top":1280},"Classname":"android.widget.Image","Packagename":"cn.amazon.mShop.android","Text":""},{"Bounds":{"bottom":1280,"left":64,"right":656,"top":1280},"Classname":"android.widget.Image","Packagename":"cn.amazon.mShop.android","Text":""},{"Bounds":{"bottom":1280,"left":64,"right":656,"top":1280},"Classname":"android.view.View","Packagename":"cn.amazon.mShop.android","Text":"精湛的声学设计结合Beats Pure ANC，呈现至臻音效"},{"Bounds":{"bottom":1280,"left":64,"right":656,"top":1280},"Classname":"android.view.View","Packagename":"cn.amazon.mShop.android","Text":"Beats Studio3 Wireless头戴式耳机采用Beats Pure ANC（完全自适应消噪），可以主动阻隔外界噪音，并通过实时音频校准确保音质清晰、音域精准且音乐情感细腻，呈现至臻聆听体验。它可以持续精准地找到需要阻隔的外界声音，同时根据个人的佩戴感受而自动调节，并优化声音输出，呈现音乐人期望实现的至臻聆听体验。"},{"Bounds":{"bottom":1280,"left":64,"right":656,"top":1280},"Classname":"android.widget.Image","Packagename":"cn.amazon.mShop.android","Text":""},{"Bounds":{"bottom":1280,"left":64,"right":656,"top":1280},"Classname":"android.view.View","Packagename":"cn.amazon.mShop.android","Text":"搭载Apple W1芯片"},{"Bounds":{"bottom":1280,"left":64,"right":656,"top":1280},"Classname":"android.view.View","Packagename":"cn.amazon.mShop.android","Text":"Beats与Apple在Beats Studio3 Wireless头戴式耳机中搭载W1芯片，改变你的音乐聆听方式。内置高效的W1芯片，方便用户在Apple设备间无缝连接和切換*；在Beats Pure ANC开启时，电池使用时间长达22小时，满足全天播放需求，畅享各项功能；采用Fast Fuel技术，充电10分钟即可持续播放3小时。关闭ANC进入低电量模式时，电池使用时间可长达40小时。*需要使用iCloud帐户以及macOS Sierra、iOS10、watchOS3或更高版本"},{"Bounds":{"bottom":1280,"left":102,"right":618,"top":1280},"Classname":"android.widget.Image","Packagename":"cn.amazon.mShop.android","Text":""},{"Bounds":{"bottom":1280,"left":64,"right":656,"top":1280},"Classname":"android.view.View","Packagename":"cn.amazon.mShop.android","Text":"连接稳定，保持活力"},{"Bounds":{"bottom":1280,"left":64,"right":656,"top":1280},"Classname":"android.view.View","Packagename":"cn.amazon.mShop.android","Text":"使用耳罩上的便捷多功能控件，可以接听电话、跳过曲目、调节音量以及启动Siri。Apple W1芯片提供1类蓝牙连接，从而与设备无缝同步，让你随心移动、音乐不断，全天保持高效。"},{"Bounds":{"bottom":1280,"left":66,"right":654,"top":1280},"Classname":"android.widget.Image","Packagename":"cn.amazon.mShop.android","Text":""},{"Bounds":{"bottom":1280,"left":64,"right":656,"top":1280},"Classname":"android.view.View","Packagename":"cn.amazon.mShop.android","Text":"精心设计，与你契合"},{"Bounds":{"bottom":1280,"left":64,"right":656,"top":1280},"Classname":"android.view.View","Packagename":"cn.amazon.mShop.android","Text":"Beats Studio3 Wireless头戴式耳机专为长时间佩戴而设计，配合令人惊叹的22小时电池使用时间，可以全天播放。配有软垫的耳罩采用先进的通风设计，加上符合人体工学的标志性转轴，灵活贴合，适合各种头形佩戴。这款头戴式耳机采用一体化设计，轻巧耐用、佩戴舒适，让你尽情沉浸在美妙的音乐之中。"},{"Bounds":{"bottom":1280,"left":64,"right":656,"top":1280},"Classname":"android.widget.Image","Packagename":"cn.amazon.mShop.android","Text":""},{"Bounds":{"bottom":1280,"left":64,"right":656,"top":1280},"Classname":"android.view.View","Packagename":"cn.amazon.mShop.android","Text":"产品特色"},{"Bounds":{"bottom":1280,"left":64,"right":656,"top":1280},"Classname":"android.view.View","Packagename":"cn.amazon.mShop.android","Text":"Beats Pure ANC（完全自适应消噪）主动阻隔外界噪音"},{"Bounds":{"bottom":1280,"left":64,"right":656,"top":1280},"Classname":"android.view.View","Packagename":"cn.amazon.mShop.android","Text":"实时音频校准，打造至臻聆听体验"},{"Bounds":{"bottom":1280,"left":64,"right":656,"top":1280},"Classname":"android.view.View","Packagename":"cn.amazon.mShop.android","Text":"长达22小时的电池使用时间，支持全天无线播放，自由畅享所有功能"},{"Bounds":{"bottom":1280,"left":64,"right":656,"top":1280},"Classname":"android.view.View","Packagename":"cn.amazon.mShop.android","Text":"搭载Apple W1芯片，实现1类无线蓝牙连接，提升电池能效"},{"Bounds":{"bottom":1280,"left":64,"right":656,"top":1280},"Classname":"android.view.View","Packagename":"cn.amazon.mShop.android","Text":"采用Fast Fuel技术，在电量不足时，充电10分钟即可持续播放3小时"},{"Bounds":{"bottom":1280,"left":64,"right":656,"top":1280},"Classname":"android.view.View","Packagename":"cn.amazon.mShop.android","Text":"关闭ANC进入低电量模式时，电池使用时长可达40小时"},{"Bounds":{"bottom":1280,"left":64,"right":656,"top":1280},"Classname":"android.view.View","Packagename":"cn.amazon.mShop.android","Text":"使用耳罩上的多功能控件可以接听电话、控制音乐以及启动Siri"},{"Bounds":{"bottom":1280,"left":64,"right":656,"top":1280},"Classname":"android.view.View","Packagename":"cn.amazon.mShop.android","Text":"配有软垫的耳罩，提升舒适感并增强噪音隔绝效果"},{"Bounds":{"bottom":1280,"left":64,"right":656,"top":1280},"Classname":"android.widget.Image","Packagename":"cn.amazon.mShop.android","Text":""},{"Bounds":{"bottom":1280,"left":64,"right":656,"top":1280},"Classname":"android.view.View","Packagename":"cn.amazon.mShop.android","Text":"8a096349-70af-4e14-bd53-2cd5f13b55d3"},{"Bounds":{"bottom":1280,"left":64,"right":656,"top":1280},"Classname":"android.view.View","Packagename":"cn.amazon.mShop.android","Text":"Beats产品售后注意事项："},{"Bounds":{"bottom":1280,"left":64,"right":656,"top":1280},"Classname":"android.view.View","Packagename":"cn.amazon.mShop.android","Text":"APPLE客服现已支持Beats产品咨询："},{"Bounds":{"bottom":1280,"left":64,"right":656,"top":1280},"Classname":"android.view.View","Packagename":"cn.amazon.mShop.android","Text":"Beats已经加入Apple大家庭，APPLE客服现已支持Beats产品咨询。有任何问题请通过如下方式与APPLE联系："},{"Bounds":{"bottom":1280,"left":64,"right":656,"top":1280},"Classname":"android.view.View","Packagename":"cn.amazon.mShop.android","Text":"请登入https://getsupport.apple.com/Issues.action页面，选择“更多产品与服务”，选择“Beats by Dre”，选择“产品问题”您将可以选择电话客服、网页聊天、线下授权服务商送修等不同服务选项。"},{"Bounds":{"bottom":1280,"left":64,"right":656,"top":1280},"Classname":"android.view.View","Packagename":"cn.amazon.mShop.android","Text":"Beats by Dr. Dre 产品售后服务，可通过其官方微信号提供:"},{"Bounds":{"bottom":1280,"left":64,"right":656,"top":1280},"Classname":"android.view.View","Packagename":"cn.amazon.mShop.android","Text":"1. 扫描左侧Beats by Dr. Dre中国官方微信号；"},{"Bounds":{"bottom":1280,"left":64,"right":656,"top":1280},"Classname":"android.view.View","Packagename":"cn.amazon.mShop.android","Text":"2. 在微信对话框内输入你的问题，Apple Care将对你进行一对一在线服务。"},{"Bounds":{"bottom":1280,"left":64,"right":656,"top":1280},"Classname":"android.view.View","Packagename":"cn.amazon.mShop.android","Text":"3. 工作时间：周一至周五09:00-17:00（法定节假日除外，非工作时间的任何问题将于第二天工作日解答）"},{"Bounds":{"bottom":1280,"left":64,"right":656,"top":1280},"Classname":"android.view.View","Packagename":"cn.amazon.mShop.android","Text":"4. 售后维修时请携带发票原件，发票上产品名称需与产品相同，并保证包装及配件齐全."},{"Bounds":{"bottom":1280,"left":64,"right":656,"top":1280},"Classname":"android.view.View","Packagename":"cn.amazon.mShop.android","Text":"更多信息请关注BeatsbyDre中国官方账号：BeatsbyDre_official，此公众号可以提供产品售前、售后咨询和客户服务。"},{"Bounds":{"bottom":1280,"left":64,"right":656,"top":1280},"Classname":"android.view.View","Packagename":"cn.amazon.mShop.android","Text":"如果对产品不满意，如何退货？"},{"Bounds":{"bottom":1280,"left":64,"right":656,"top":1280},"Classname":"android.view.View","Packagename":"cn.amazon.mShop.android","Text":"--如果对购买的Beats产品不完全满意，可以在7天内无理由退换货。"},{"Bounds":{"bottom":1280,"left":64,"right":656,"top":1280},"Classname":"android.view.View","Packagename":"cn.amazon.mShop.android","Text":"--退回的产品必须：状态如新,包含所有配件及赠品,拥有原包装,有序列号或UPC (条形码)."},{"Bounds":{"bottom":1280,"left":64,"right":656,"top":1280},"Classname":"android.view.View","Packagename":"cn.amazon.mShop.android","Text":"品牌介绍"},{"Bounds":{"bottom":1280,"left":102,"right":116,"top":1280},"Classname":"android.view.View","Packagename":"cn.amazon.mShop.android","Text":"• "},{"Bounds":{"bottom":1280,"left":136,"right":618,"top":1280},"Classname":"android.view.View","Packagename":"cn.amazon.mShop.android","Text":"Beats by Dr. Dre (Beats) 是世界领先的音频设备公司，由Dr. Dre 和 Jimmy lovine创立于2006年。自成立以来，Beats推出了一系列头戴式、入耳式耳机以及扬声器，将最无与伦比的音质体验带给新一代的年轻人。通过 无数成功的产品，Beats将录音室里的能量、情感以及激情, 全部如实还原给世界各地的音乐爱好者。"},{"Bounds":{"bottom":1280,"left":102,"right":116,"top":1280},"Classname":"android.view.View","Packagename":"cn.amazon.mShop.android","Text":"• "},{"Bounds":{"bottom":1280,"left":136,"right":580,"top":1280},"Classname":"android.view.View","Packagename":"cn.amazon.mShop.android","Text":"Beats于2014年7月被Apple Inc.收购。"},{"Bounds":{"bottom":1280,"left":102,"right":116,"top":1280},"Classname":"android.view.View","Packagename":"cn.amazon.mShop.android","Text":"• "},{"Bounds":{"bottom":1280,"left":136,"right":504,"top":1280},"Classname":"android.view.View","Packagename":"cn.amazon.mShop.android","Text":"更多资讯内容，请查阅：https://www.apple.com/cn/"},{"Bounds":{"bottom":1280,"left":64,"right":656,"top":1280},"Classname":"android.view.View","Packagename":"cn.amazon.mShop.android","Text":"描述 Beats Studio3 Wireless 头戴式耳机 - 陶瓷粉 蓝牙无线 自适应消噪 查看全部 "},{"Bounds":{"bottom":1280,"left":64,"right":656,"top":1280},"Classname":"android.view.View","Packagename":"cn.amazon.mShop.android","Text":"商品特点 \u0026 基本信息 400-627-2273 Pure ANC (自适应消噪) 主动阻隔外界噪音 可达 22 小时的电池使用时间，支持全天无线播放，自由畅享所有功能 查看全部 "},{"Bounds":{"bottom":1280,"left":28,"right":692,"top":1280},"Classname":"android.view.View","Packagename":"cn.amazon.mShop.android","Text":""},{"Bounds":{"bottom":1280,"left":28,"right":692,"top":1280},"Classname":"android.view.View","Packagename":"cn.amazon.mShop.android","Text":""},{"Bounds":{"bottom":1280,"left":28,"right":692,"top":1280},"Classname":"android.view.View","Packagename":"cn.amazon.mShop.android","Text":""},{"Bounds":{"bottom":1280,"left":28,"right":692,"top":1280},"Classname":"android.view.View","Packagename":"cn.amazon.mShop.android","Text":""},{"Bounds":{"bottom":1280,"left":28,"right":692,"top":1280},"Classname":"android.view.View","Packagename":"cn.amazon.mShop.android","Text":""},{"Bounds":{"bottom":1280,"left":28,"right":692,"top":1280},"Classname":"android.view.View","Packagename":"cn.amazon.mShop.android","Text":""},{"Bounds":{"bottom":1280,"left":28,"right":692,"top":1280},"Classname":"android.view.View","Packagename":"cn.amazon.mShop.android","Text":""},{"Bounds":{"bottom":1280,"left":28,"right":692,"top":1280},"Classname":"android.view.View","Packagename":"cn.amazon.mShop.android","Text":""},{"Bounds":{"bottom":1280,"left":28,"right":692,"top":1280},"Classname":"android.view.View","Packagename":"cn.amazon.mShop.android","Text":""},{"Bounds":{"bottom":1280,"left":28,"right":692,"top":1280},"Classname":"android.view.View","Packagename":"cn.amazon.mShop.android","Text":""},{"Bounds":{"bottom":1280,"left":28,"right":692,"top":1280},"Classname":"android.view.View","Packagename":"cn.amazon.mShop.android","Text":"浏览此商品的顾客也同时浏览"},{"Bounds":{"bottom":1280,"left":28,"right":228,"top":1280},"Classname":"android.view.View","Packagename":"cn.amazon.mShop.android","Text":"Beats Solo3 Wireless 头戴式耳机 - 哑光金色 蓝牙无线 带麦"},{"Bounds":{"bottom":1280,"left":-19746,"right":692,"top":1280},"Classname":"android.view.View","Packagename":"cn.amazon.mShop.android","Text":"平均 4.2 星 92 个评论 ￥1,598.00 Prime "},{"Bounds":{"bottom":1280,"left":28,"right":228,"top":1280},"Classname":"android.view.View","Packagename":"cn.amazon.mShop.android","Text":"Beats Solo3 Wireless 头戴式耳机 - 玫瑰金色 蓝牙无线 带麦(蓝牙)"},{"Bounds":{"bottom":1280,"left":-19746,"right":692,"top":1280},"Classname":"android.view.View","Packagename":"cn.amazon.mShop.android","Text":"平均 4.2 星 92 个评论 ￥1,598.00 Prime "},{"Bounds":{"bottom":1280,"left":28,"right":228,"top":1280},"Classname":"android.view.View","Packagename":"cn.amazon.mShop.android","Text":"Beats by Dr.Dre 无线头戴耳罩式耳机 Studio3 适配无线蓝牙 封闭型 耳罩式 主动降噪 磨砂黑 MQ562PA/A 【日本正品】"},{"Bounds":{"bottom":1280,"left":252,"right":692,"top":1280},"Classname":"android.view.View","Packagename":"cn.amazon.mShop.android","Text":"￥1,857.07 Prime "},{"Bounds":{"bottom":1280,"left":28,"right":692,"top":1280},"Classname":"android.view.View","Packagename":"cn.amazon.mShop.android","Text":"显示全部 48 件商品"},{"Bounds":{"bottom":1280,"left":28,"right":692,"top":1280},"Classname":"android.view.View","Packagename":"cn.amazon.mShop.android","Text":""},{"Bounds":{"bottom":1280,"left":28,"right":692,"top":1280},"Classname":"android.view.View","Packagename":"cn.amazon.mShop.android","Text":"也同时购买的最畅销商品"},{"Bounds":{"bottom":1280,"left":-19970,"right":330,"top":1280},"Classname":"android.view.View","Packagename":"cn.amazon.mShop.android","Text":"1 Champion 男士 经典JerseyT恤 Team Gold Medium Reviews 297 ￥76.56 "},{"Bounds":{"bottom":1280,"left":-19610,"right":692,"top":1280},"Classname":"android.view.View","Packagename":"cn.amazon.mShop.android","Text":"2 Champion LIFE 男士 Heritage T恤, 黑色/Patriotic Champion 印花, M Reviews 33 ￥127.71 "},{"Bounds":{"bottom":1280,"left":-19970,"right":330,"top":1280},"Classname":"android.view.View","Packagename":"cn.amazon.mShop.android","Text":"3 Champion 男士 Classic Jersey 印花 T恤 White/Champion Script Small Reviews 42 ￥121.71 "},{"Bounds":{"bottom":1280,"left":-19610,"right":692,"top":1280},"Classname":"android.view.View","Packagename":"cn.amazon.mShop.android","Text":"4 Champion Men\u0027s Classic Jersey Ringer Tee, White/Navy, M Reviews 18 ￥67.37 "},{"Bounds":{"bottom":1280,"left":-19970,"right":330,"top":1280},"Classname":"android.view.View","Packagename":"cn.amazon.mShop.android","Text":"5 Champion 男士 Authentic Originals Soft Wash 短袖T恤 Navy Heather Medium Reviews 65 ￥76.62 "},{"Bounds":{"bottom":1280,"left":-19610,"right":692,"top":1280},"Classname":"android.view.View","Packagename":"cn.amazon.mShop.android","Text":"6 Kindle Paperwhite电子书阅读器： 300 ppi超清电子墨水触控屏、内置阅读灯、超长续航 Reviews 13459 ￥958.00 "},{"Bounds":{"bottom":1280,"left":546,"right":692,"top":1280},"Classname":"android.view.View","Packagename":"cn.amazon.mShop.android","Text":"查看更多"},{"Bounds":{"bottom":1280,"left":28,"right":692,"top":1280},"Classname":"android.view.View","Packagename":"cn.amazon.mShop.android","Text":""},{"Bounds":{"bottom":1280,"left":28,"right":692,"top":1280},"Classname":"android.view.View","Packagename":"cn.amazon.mShop.android","Text":""},{"Bounds":{"bottom":1280,"left":0,"right":720,"top":1280},"Classname":"android.view.View","Packagename":"cn.amazon.mShop.android","Text":"广告"},{"Bounds":{"bottom":1280,"left":0,"right":714,"top":1280},"Classname":"android.view.View","Packagename":"cn.amazon.mShop.android","Text":"广告"},{"Bounds":{"bottom":1280,"left":28,"right":692,"top":1280},"Classname":"android.view.View","Packagename":"cn.amazon.mShop.android","Text":""},{"Bounds":{"bottom":1280,"left":28,"right":692,"top":1280},"Classname":"android.view.View","Packagename":"cn.amazon.mShop.android","Text":""},{"Bounds":{"bottom":1280,"left":28,"right":692,"top":1280},"Classname":"android.view.View","Packagename":"cn.amazon.mShop.android","Text":"买家问题"},{"Bounds":{"bottom":1280,"left":0,"right":2,"top":1280},"Classname":"android.view.View","Packagename":"cn.amazon.mShop.android","Text":"买家问题 有问题吗？搜索答案"},{"Bounds":{"bottom":1280,"left":60,"right":86,"top":1280},"Classname":"android.view.View","Packagename":"cn.amazon.mShop.android","Text":""},{"Bounds":{"bottom":1280,"left":40,"right":690,"top":1280},"Classname":"android.widget.EditText","Packagename":"cn.amazon.mShop.android","Text":"买家问题 有问题吗？搜索答案 "},{"Bounds":{"bottom":1280,"left":28,"right":692,"top":1280},"Classname":"android.view.View","Packagename":"cn.amazon.mShop.android","Text":""},{"Bounds":{"bottom":1280,"left":28,"right":692,"top":1280},"Classname":"android.view.View","Packagename":"cn.amazon.mShop.android","Text":""},{"Bounds":{"bottom":1280,"left":28,"right":692,"top":1280},"Classname":"android.view.View","Packagename":"cn.amazon.mShop.android","Text":""},{"Bounds":{"bottom":1280,"left":64,"right":656,"top":1280},"Classname":"android.view.View","Packagename":"cn.amazon.mShop.android","Text":"问： 这款耳机蓝牙如何连接 答： 三米内都比较稳定 不穿墙就行"},{"Bounds":{"bottom":1280,"left":64,"right":284,"top":1280},"Classname":"android.view.View","Packagename":"cn.amazon.mShop.android","Text":"werfer | 3 年 前"},{"Bounds":{"bottom":1280,"left":0,"right":720,"top":1280},"Classname":"android.view.View","Packagename":"cn.amazon.mShop.android","Text":""},{"Bounds":{"bottom":1280,"left":40,"right":680,"top":1280},"Classname":"android.view.View","Packagename":"cn.amazon.mShop.android","Text":"47 个顾客评论 4.3 颗星，最多 5 颗星4.3 颗星，最多 5 颗星"},{"Bounds":{"bottom":1280,"left":28,"right":692,"top":1280},"Classname":"android.view.View","Packagename":"cn.amazon.mShop.android","Text":""},{"Bounds":{"bottom":1280,"left":0,"right":400,"top":1280},"Classname":"android.widget.Image","Packagename":"cn.amazon.mShop.android","Text":""},{"Bounds":{"bottom":1280,"left":410,"right":606,"top":1280},"Classname":"android.widget.Image","Packagename":"cn.amazon.mShop.android","Text":""},{"Bounds":{"bottom":1280,"left":410,"right":606,"top":1280},"Classname":"android.widget.Image","Packagename":"cn.amazon.mShop.android","Text":""},{"Bounds":{"bottom":1280,"left":614,"right":720,"top":1280},"Classname":"android.widget.Image","Packagename":"cn.amazon.mShop.android","Text":""},{"Bounds":{"bottom":1280,"left":718,"right":720,"top":1280},"Classname":"android.widget.Image","Packagename":"cn.amazon.mShop.android","Text":""},{"Bounds":{"bottom":1280,"left":718,"right":720,"top":1280},"Classname":"android.widget.Image","Packagename":"cn.amazon.mShop.android","Text":""},{"Bounds":{"bottom":1280,"left":718,"right":720,"top":1280},"Classname":"android.widget.Image","Packagename":"cn.amazon.mShop.android","Text":""},{"Bounds":{"bottom":1280,"left":718,"right":720,"top":1280},"Classname":"android.widget.Image","Packagename":"cn.amazon.mShop.android","Text":""},{"Bounds":{"bottom":1280,"left":718,"right":720,"top":1280},"Classname":"android.widget.Image","Packagename":"cn.amazon.mShop.android","Text":""},{"Bounds":{"bottom":1280,"left":718,"right":720,"top":1280},"Classname":"android.widget.Image","Packagename":"cn.amazon.mShop.android","Text":""},{"Bounds":{"bottom":1280,"left":718,"right":720,"top":1280},"Classname":"android.widget.Image","Packagename":"cn.amazon.mShop.android","Text":""},{"Bounds":{"bottom":1280,"left":718,"right":720,"top":1280},"Classname":"android.view.View","Packagename":"cn.amazon.mShop.android","Text":"查看更多 "},{"Bounds":{"bottom":1280,"left":28,"right":692,"top":1280},"Classname":"android.view.View","Packagename":"cn.amazon.mShop.android","Text":""},{"Bounds":{"bottom":1280,"left":40,"right":680,"top":1280},"Classname":"android.view.View","Packagename":"cn.amazon.mShop.android","Text":"热门评论"},{"Bounds":{"bottom":1280,"left":40,"right":276,"top":1280},"Classname":"android.view.View","Packagename":"cn.amazon.mShop.android","Text":"亚马逊买家"},{"Bounds":{"bottom":1280,"left":40,"right":680,"top":1280},"Classname":"android.view.View","Packagename":"cn.amazon.mShop.android","Text":"4.0 颗星，最多 5 颗星已确认购买 颜色: 蓝色 宝贝不错，比第一个好，第一个有质量问题所以换货，速度快，隔天到，但是两个包裹里都没有空气袋，宝贝外包装有撞击痕迹，憋了一块，第一个宝贝一侧耳机头箍处翘皮。快递包裹方面要改进。 总之买了就是装的，设备音效不懂。。。。"},{"Bounds":{"bottom":1280,"left":40,"right":186,"top":1280},"Classname":"android.view.View","Packagename":"cn.amazon.mShop.android","Text":"熊伟"},{"Bounds":{"bottom":1280,"left":40,"right":680,"top":1280},"Classname":"android.view.View","Packagename":"cn.amazon.mShop.android","Text":"5.0 颗星，最多 5 颗星已确认购买 颜色: Studio Wireless 哑光黑 看别人的评论才看到有积分兑现活动 感觉错过了一个亿 买太多了一一评论不过来干脆复制这段话好了"},{"Bounds":{"bottom":1280,"left":40,"right":158,"top":1280},"Classname":"android.view.View","Packagename":"cn.amazon.mShop.android","Text":"lpj"},{"Bounds":{"bottom":1280,"left":40,"right":680,"top":1280},"Classname":"android.view.View","Packagename":"cn.amazon.mShop.android","Text":"3.0 颗星，最多 5 颗星已确认购买 颜色: Studio Wireless 哑光黑 这是第一代的beats studio wireless，并不是新版的，不支持快充和苹果快连，我买好了用了两个月才发现的。"},{"Bounds":{"bottom":1280,"left":40,"right":186,"top":1280},"Classname":"android.view.View","Packagename":"cn.amazon.mShop.android","Text":"许愿"},{"Bounds":{"bottom":1280,"left":40,"right":680,"top":1280},"Classname":"android.view.View","Packagename":"cn.amazon.mShop.android","Text":"4.0 颗星，最多 5 颗星已确认购买 颜色: Studio Wireless 哑光黑 S丢丢的手感挺好的，全新的，没拆封。第一次看见SN码两个对不上很纠结，结果发现本来就是对不上的。音质挺不错，但是一买就降价了，还有点小瑕疵，左键不太灵敏，就退了，换了个pro。结果发现pro不适合我，太重了，给人很简单粗暴，不精致的感觉。不过pro音质，特别是高音，听李白、泡沫，特别明显，感觉不错。最后换了个红色的studio，按键还行，没啥问题，..."},{"Bounds":{"bottom":1280,"left":40,"right":216,"top":1280},"Classname":"android.view.View","Packagename":"cn.amazon.mShop.android","Text":"许思远"},{"Bounds":{"bottom":1280,"left":40,"right":680,"top":1280},"Classname":"android.view.View","Packagename":"cn.amazon.mShop.android","Text":"5.0 颗星，最多 5 颗星已确认购买 颜色: Studio Wireless 哑光黑 4月23日用1999-500码凑单购买，算下来相当于花了一千四。收货后经过各种对比确定正品行货没有问题，值了。"},{"Bounds":{"bottom":1280,"left":40,"right":246,"top":1280},"Classname":"android.view.View","Packagename":"cn.amazon.mShop.android","Text":"系统提示"},{"Bounds":{"bottom":1280,"left":40,"right":680,"top":1280},"Classname":"android.view.View","Packagename":"cn.amazon.mShop.android","Text":"5.0 颗星，最多 5 颗星已确认购买 颜色: Studio Wireless 哑光黑 很好。原来买了个SOLO WIRELESS ，但是那个是半包耳的。时间长了耳朵会被压着疼。 这个是全包耳的。时间多长都不是问题。 但是他的主动降噪，没有过多的感受。"},{"Bounds":{"bottom":1280,"left":40,"right":262,"top":1280},"Classname":"android.view.View","Packagename":"cn.amazon.mShop.android","Text":"arniu2006"},{"Bounds":{"bottom":1280,"left":40,"right":680,"top":1280},"Classname":"android.view.View","Packagename":"cn.amazon.mShop.android","Text":"5.0 颗星，最多 5 颗星已确认购买 颜色: 哑光黑色 外形、音质、降噪都很好，就是夹头…"},{"Bounds":{"bottom":1280,"left":40,"right":216,"top":1280},"Classname":"android.view.View","Packagename":"cn.amazon.mShop.android","Text":"赵世龙"},{"Bounds":{"bottom":1280,"left":40,"right":680,"top":1280},"Classname":"android.view.View","Packagename":"cn.amazon.mShop.android","Text":"5.0 颗星，最多 5 颗星已确认购买 颜色: Studio Wireless 哑光黑 2.0的果然比一代音质上有很大提升！声音不像一代那么浑浊了！买这个耳机的绝对是完全冲着音质去的！应该说有一半的因素都是外观！看着是真喜欢啊！我的是纯黑的！磨砂的非常棒！很不错很不错！"},{"Bounds":{"bottom":1280,"left":0,"right":720,"top":1280},"Classname":"android.view.View","Packagename":"cn.amazon.mShop.android","Text":""},{"Bounds":{"bottom":1280,"left":40,"right":680,"top":1280},"Classname":"android.view.View","Packagename":"cn.amazon.mShop.android","Text":"查看全部 47 条评论"},{"Bounds":{"bottom":1280,"left":0,"right":720,"top":1280},"Classname":"android.view.View","Packagename":"cn.amazon.mShop.android","Text":""},{"Bounds":{"bottom":1280,"left":634,"right":656,"top":1280},"Classname":"android.view.View","Packagename":"cn.amazon.mShop.android","Text":""},{"Bounds":{"bottom":1280,"left":30,"right":690,"top":1280},"Classname":"android.widget.Button","Packagename":"cn.amazon.mShop.android","Text":"我要写评论"},{"Bounds":{"bottom":1280,"left":56,"right":720,"top":1280},"Classname":"android.view.View","Packagename":"cn.amazon.mShop.android","Text":""},{"Bounds":{"bottom":1280,"left":28,"right":692,"top":1280},"Classname":"android.view.View","Packagename":"cn.amazon.mShop.android","Text":"与该商品相关的广告"},{"Bounds":{"bottom":1280,"left":32,"right":276,"top":1280},"Classname":"android.view.View","Packagename":"cn.amazon.mShop.android","Text":"Bose QuietComfort QC35 1代 无线耳机-黑色 头戴式蓝牙耳麦 降噪耳机 蓝牙耳机 Bose QuietComfort QC35... 77 个评论 ￥2199.00 "},{"Bounds":{"bottom":1280,"left":308,"right":552,"top":1280},"Classname":"android.view.View","Packagename":"cn.amazon.mShop.android","Text":"Bose SoundTrue Ultra 耳塞式耳机-MFI黑色 被动降噪耳麦 Bose SoundTrue Ultra 耳... 53 个评论 ￥899.00 "},{"Bounds":{"bottom":1280,"left":584,"right":720,"top":1280},"Classname":"android.view.View","Packagename":"cn.amazon.mShop.android","Text":"AKG N60NC WIRELESS 主动降噪蓝牙耳机 头戴式耳机 耳罩式BT无线耳麦 黑色 AKG N60NC WIRELESS 主动降... ￥2299.00 "},{"Bounds":{"bottom":1280,"left":718,"right":720,"top":1280},"Classname":"android.view.View","Packagename":"cn.amazon.mShop.android","Text":"YEOUTH 芳香疗法纯精油- 6瓶套装 - 澳大利亚茶树油、薄荷油、桉树油、薰衣草油、甜橙油、柠檬草油，可用于香薰机- 6瓶 10毫升 YEOUTH 芳香疗法纯精油- 6瓶套装 -... ￥199.96 "},{"Bounds":{"bottom":1280,"left":718,"right":720,"top":1280},"Classname":"android.view.View","Packagename":"cn.amazon.mShop.android","Text":"Sennheiser 森海塞尔 MOMENTUM In-Ear Wireless 蓝牙入耳式耳机 黑色 Sennheiser 森海塞尔 MOMENT... 9 个评论 ￥1269.00 "},{"Bounds":{"bottom":1280,"left":718,"right":720,"top":1280},"Classname":"android.view.View","Packagename":"cn.amazon.mShop.android","Text":"歌杰仕 E17头戴式耳机 重低音音效便携可旋转平叠式耳麦 高保真HIFI耳机手机线控耳麦带话筒适用于手机平板电脑MP3笔记本等 (白色) 歌杰仕 E17头戴式耳机 重低音音效便携可旋... 2 个评论 ￥49.00 "},{"Bounds":{"bottom":1280,"left":718,"right":720,"top":1280},"Classname":"android.view.View","Packagename":"cn.amazon.mShop.android","Text":"威摩达品牌 索尼SONY MDR-V600 MDR-V900 MDR-7506 MDR-7509HD MDR-CD900ST等大耳机适用耳机包 威摩达品牌 索尼SONY MDR-V600 ... ￥138.00 "},{"Bounds":{"bottom":1280,"left":718,"right":720,"top":1280},"Classname":"android.view.View","Packagename":"cn.amazon.mShop.android","Text":""},{"Bounds":{"bottom":1280,"left":28,"right":692,"top":1280},"Classname":"android.view.View","Packagename":"cn.amazon.mShop.android","Text":""},{"Bounds":{"bottom":1280,"left":28,"right":692,"top":1280},"Classname":"android.view.View","Packagename":"cn.amazon.mShop.android","Text":""},{"Bounds":{"bottom":1280,"left":28,"right":692,"top":1280},"Classname":"android.view.View","Packagename":"cn.amazon.mShop.android","Text":""},{"Bounds":{"bottom":1280,"left":28,"right":692,"top":1280},"Classname":"android.view.View","Packagename":"cn.amazon.mShop.android","Text":""},{"Bounds":{"bottom":1280,"left":28,"right":692,"top":1280},"Classname":"android.view.View","Packagename":"cn.amazon.mShop.android","Text":""},{"Bounds":{"bottom":1280,"left":28,"right":692,"top":1280},"Classname":"android.view.View","Packagename":"cn.amazon.mShop.android","Text":""},{"Bounds":{"bottom":1280,"left":28,"right":692,"top":1280},"Classname":"android.view.View","Packagename":"cn.amazon.mShop.android","Text":""},{"Bounds":{"bottom":1280,"left":28,"right":692,"top":1280},"Classname":"android.view.View","Packagename":"cn.amazon.mShop.android","Text":""},{"Bounds":{"bottom":1280,"left":28,"right":692,"top":1280},"Classname":"android.view.View","Packagename":"cn.amazon.mShop.android","Text":""},{"Bounds":{"bottom":1280,"left":28,"right":692,"top":1280},"Classname":"android.view.View","Packagename":"cn.amazon.mShop.android","Text":""},{"Bounds":{"bottom":1280,"left":28,"right":692,"top":1280},"Classname":"android.view.View","Packagename":"cn.amazon.mShop.android","Text":""},{"Bounds":{"bottom":1280,"left":28,"right":692,"top":1280},"Classname":"android.view.View","Packagename":"cn.amazon.mShop.android","Text":""},{"Bounds":{"bottom":1280,"left":28,"right":692,"top":1280},"Classname":"android.view.View","Packagename":"cn.amazon.mShop.android","Text":""},{"Bounds":{"bottom":1280,"left":28,"right":692,"top":1280},"Classname":"android.view.View","Packagename":"cn.amazon.mShop.android","Text":""},{"Bounds":{"bottom":1280,"left":28,"right":692,"top":1280},"Classname":"android.view.View","Packagename":"cn.amazon.mShop.android","Text":""},{"Bounds":{"bottom":1280,"left":0,"right":720,"top":1280},"Classname":"android.view.View","Packagename":"cn.amazon.mShop.android","Text":""},{"Bounds":{"bottom":1280,"left":0,"right":720,"top":1280},"Classname":"android.view.View","Packagename":"cn.amazon.mShop.android","Text":"­"},{"Bounds":{"bottom":1280,"left":0,"right":720,"top":1280},"Classname":"android.view.View","Packagename":"cn.amazon.mShop.android","Text":"­"},{"Bounds":{"bottom":1280,"left":0,"right":720,"top":1280},"Classname":"android.view.View","Packagename":"cn.amazon.mShop.android","Text":"­"},{"Bounds":{"bottom":1280,"left":0,"right":720,"top":1280},"Classname":"android.view.View","Packagename":"cn.amazon.mShop.android","Text":"­"}],"packagename":"com.example.a10628.myapplication","width":1080}