{"events":[{"eventname":"TYPE_VIEW_CLICKED","source":{"Bounds":{"bottom":1280,"left":0,"right":240,"top":1174},"Classname":"android.widget.RelativeLayout","Packagename":"com.netease.pris","Text":""}},{"eventname":"TYPE_VIEW_SCROLLED","source":{"Bounds":{"bottom":1174,"left":0,"right":720,"top":48},"Classname":"android.support.v4.view.ViewPager","Packagename":"com.netease.pris","Text":""}}],"height":1920,"hovertime":1682,"nodes":[{"Bounds":{"bottom":146,"left":0,"right":129,"top":48},"Classname":"android.widget.RelativeLayout","Packagename":"com.netease.pris","Text":""},{"Bounds":{"bottom":119,"left":308,"right":380,"top":74},"Classname":"android.widget.TextView","Packagename":"com.netease.pris","Text":"书架"},{"Bounds":{"bottom":146,"left":572,"right":646,"top":48},"Classname":"android.widget.ImageView","Packagename":"com.netease.pris","Text":""},{"Bounds":{"bottom":146,"left":646,"right":710,"top":48},"Classname":"android.widget.RelativeLayout","Packagename":"com.netease.pris","Text":""},{"Bounds":{"bottom":199,"left":94,"right":620,"top":167},"Classname":"android.widget.TextView","Packagename":"com.netease.pris","Text":"即使离线，也能规避高温天气"},{"Bounds":{"bottom":219,"left":620,"right":720,"top":147},"Classname":"android.widget.ImageView","Packagename":"com.netease.pris","Text":""},{"Bounds":{"bottom":220,"left":0,"right":720,"top":220},"Classname":"android.widget.FrameLayout","Packagename":"com.netease.pris","Text":""},{"Bounds":{"bottom":220,"left":0,"right":720,"top":220},"Classname":"android.widget.FrameLayout","Packagename":"com.netease.pris","Text":""},{"Bounds":{"bottom":252,"left":178,"right":224,"top":220},"Classname":"android.widget.TextView","Packagename":"com.netease.pris","Text":"99+"},{"Bounds":{"bottom":559,"left":26,"right":214,"top":524},"Classname":"android.widget.TextView","Packagename":"com.netease.pris","Text":"罪恶调查局"},{"Bounds":{"bottom":603,"left":26,"right":214,"top":573},"Classname":"android.widget.TextView","Packagename":"com.netease.pris","Text":"319章未读"},{"Bounds":{"bottom":559,"left":266,"right":454,"top":524},"Classname":"android.widget.TextView","Packagename":"com.netease.pris","Text":"心理罪：画像"},{"Bounds":{"bottom":603,"left":266,"right":454,"top":573},"Classname":"android.widget.TextView","Packagename":"com.netease.pris","Text":"未读"},{"Bounds":{"bottom":591,"left":506,"right":694,"top":524},"Classname":"android.widget.TextView","Packagename":"com.netease.pris","Text":"北京，北京（周冬雨、张一山主演《春风十里，不如你》原著）"},{"Bounds":{"bottom":635,"left":506,"right":694,"top":605},"Classname":"android.widget.TextView","Packagename":"com.netease.pris","Text":"未读"},{"Bounds":{"bottom":702,"left":0,"right":-495,"top":670},"Classname":"android.widget.TextView","Packagename":"com.netease.pris","Text":"99+"},{"Bounds":{"bottom":1041,"left":0,"right":-505,"top":974},"Classname":"android.widget.TextView","Packagename":"com.netease.pris","Text":"侯沧海商路笔记"},{"Bounds":{"bottom":1085,"left":0,"right":-505,"top":1055},"Classname":"android.widget.TextView","Packagename":"com.netease.pris","Text":"453章未读"},{"Bounds":{"bottom":702,"left":0,"right":-255,"top":670},"Classname":"android.widget.TextView","Packagename":"com.netease.pris","Text":"99+"},{"Bounds":{"bottom":1041,"left":0,"right":-265,"top":974},"Classname":"android.widget.TextView","Packagename":"com.netease.pris","Text":"女帝惊华：杠上宦官九千岁"},{"Bounds":{"bottom":1085,"left":0,"right":-265,"top":1055},"Classname":"android.widget.TextView","Packagename":"com.netease.pris","Text":"840章未读"},{"Bounds":{"bottom":702,"left":0,"right":-15,"top":670},"Classname":"android.widget.TextView","Packagename":"com.netease.pris","Text":"99+"},{"Bounds":{"bottom":1041,"left":0,"right":-25,"top":974},"Classname":"android.widget.TextView","Packagename":"com.netease.pris","Text":"池先生，你失宠了"},{"Bounds":{"bottom":1085,"left":0,"right":-25,"top":1055},"Classname":"android.widget.TextView","Packagename":"com.netease.pris","Text":"323章未读"},{"Bounds":{"bottom":1120,"left":0,"right":0,"top":1120},"Classname":"android.widget.FrameLayout","Packagename":"com.netease.pris","Text":""},{"Bounds":{"bottom":146,"left":750,"right":720,"top":48},"Classname":"android.widget.ImageView","Packagename":"com.netease.pris","Text":""},{"Bounds":{"bottom":127,"left":835,"right":720,"top":67},"Classname":"android.widget.TextView","Packagename":"com.netease.pris","Text":"搜你想要的书籍"},{"Bounds":{"bottom":218,"left":720,"right":720,"top":146},"Classname":"android.widget.HorizontalScrollView","Packagename":"com.netease.pris","Text":""},{"Bounds":{"bottom":1174,"left":720,"right":720,"top":218},"Classname":"android.support.v4.view.ViewPager","Packagename":"com.netease.pris","Text":""},{"Bounds":{"bottom":91,"left":746,"right":720,"top":56},"Classname":"android.widget.TextView","Packagename":"com.netease.pris","Text":"都市生活"},{"Bounds":{"bottom":91,"left":884,"right":720,"top":56},"Classname":"android.widget.TextView","Packagename":"com.netease.pris","Text":"官场职场"},{"Bounds":{"bottom":91,"left":1022,"right":720,"top":56},"Classname":"android.widget.TextView","Packagename":"com.netease.pris","Text":"玄幻仙侠"},{"Bounds":{"bottom":91,"left":1160,"right":720,"top":56},"Classname":"android.widget.TextView","Packagename":"com.netease.pris","Text":"悬疑探险"},{"Bounds":{"bottom":91,"left":1298,"right":720,"top":56},"Classname":"android.widget.TextView","Packagename":"com.netease.pris","Text":"灵异恐怖"},{"Bounds":{"bottom":166,"left":746,"right":720,"top":131},"Classname":"android.widget.TextView","Packagename":"com.netease.pris","Text":"历史传奇"},{"Bounds":{"bottom":166,"left":884,"right":720,"top":131},"Classname":"android.widget.TextView","Packagename":"com.netease.pris","Text":"军事谍战"},{"Bounds":{"bottom":166,"left":1022,"right":720,"top":131},"Classname":"android.widget.TextView","Packagename":"com.netease.pris","Text":"科幻奇幻"},{"Bounds":{"bottom":166,"left":1160,"right":720,"top":131},"Classname":"android.widget.TextView","Packagename":"com.netease.pris","Text":"同人网游"},{"Bounds":{"bottom":166,"left":1298,"right":720,"top":131},"Classname":"android.widget.TextView","Packagename":"com.netease.pris","Text":"短篇小说"},{"Bounds":{"bottom":199,"left":720,"right":720,"top":199},"Classname":"android.widget.RadioButton","Packagename":"com.netease.pris","Text":"全部"},{"Bounds":{"bottom":199,"left":816,"right":720,"top":199},"Classname":"android.widget.RadioButton","Packagename":"com.netease.pris","Text":"30万字以下"},{"Bounds":{"bottom":199,"left":1000,"right":720,"top":199},"Classname":"android.widget.RadioButton","Packagename":"com.netease.pris","Text":"30-50万字"},{"Bounds":{"bottom":199,"left":1171,"right":720,"top":199},"Classname":"android.widget.RadioButton","Packagename":"com.netease.pris","Text":"50-100万字"},{"Bounds":{"bottom":199,"left":720,"right":720,"top":274},"Classname":"android.widget.RadioButton","Packagename":"com.netease.pris","Text":"100万字以上"},{"Bounds":{"bottom":199,"left":720,"right":720,"top":350},"Classname":"android.widget.RadioButton","Packagename":"com.netease.pris","Text":"全部"},{"Bounds":{"bottom":199,"left":816,"right":720,"top":350},"Classname":"android.widget.RadioButton","Packagename":"com.netease.pris","Text":"连载中"},{"Bounds":{"bottom":199,"left":940,"right":720,"top":350},"Classname":"android.widget.RadioButton","Packagename":"com.netease.pris","Text":"已完本"},{"Bounds":{"bottom":199,"left":720,"right":720,"top":426},"Classname":"android.widget.RadioButton","Packagename":"com.netease.pris","Text":"全部"},{"Bounds":{"bottom":199,"left":816,"right":720,"top":426},"Classname":"android.widget.RadioButton","Packagename":"com.netease.pris","Text":"收费"},{"Bounds":{"bottom":199,"left":912,"right":720,"top":426},"Classname":"android.widget.RadioButton","Packagename":"com.netease.pris","Text":"免费"},{"Bounds":{"bottom":199,"left":1008,"right":720,"top":426},"Classname":"android.widget.RadioButton","Packagename":"com.netease.pris","Text":"包月"},{"Bounds":{"bottom":199,"left":720,"right":720,"top":502},"Classname":"android.widget.RadioButton","Packagename":"com.netease.pris","Text":"按人气"},{"Bounds":{"bottom":199,"left":844,"right":720,"top":502},"Classname":"android.widget.RadioButton","Packagename":"com.netease.pris","Text":"按畅销"},{"Bounds":{"bottom":199,"left":968,"right":720,"top":502},"Classname":"android.widget.RadioButton","Packagename":"com.netease.pris","Text":"按更新"},{"Bounds":{"bottom":221,"left":740,"right":720,"top":199},"Classname":"android.widget.TextView","Packagename":"com.netease.pris","Text":"春野小农民"},{"Bounds":{"bottom":259,"left":740,"right":720,"top":229},"Classname":"android.widget.TextView","Packagename":"com.netease.pris","Text":"大竹"},{"Bounds":{"bottom":221,"left":980,"right":720,"top":199},"Classname":"android.widget.TextView","Packagename":"com.netease.pris","Text":"漂亮女局长"},{"Bounds":{"bottom":259,"left":980,"right":720,"top":229},"Classname":"android.widget.TextView","Packagename":"com.netease.pris","Text":"苍狼李波"},{"Bounds":{"bottom":221,"left":1220,"right":720,"top":199},"Classname":"android.widget.TextView","Packagename":"com.netease.pris","Text":"师娘，借个火"},{"Bounds":{"bottom":259,"left":1220,"right":720,"top":229},"Classname":"android.widget.TextView","Packagename":"com.netease.pris","Text":"推窗望岳"},{"Bounds":{"bottom":634,"left":740,"right":720,"top":599},"Classname":"android.widget.TextView","Packagename":"com.netease.pris","Text":"极品小中医"},{"Bounds":{"bottom":672,"left":740,"right":720,"top":642},"Classname":"android.widget.TextView","Packagename":"com.netease.pris","Text":"硕士"},{"Bounds":{"bottom":666,"left":980,"right":720,"top":599},"Classname":"android.widget.TextView","Packagename":"com.netease.pris","Text":"我和女上司那点事"},{"Bounds":{"bottom":704,"left":980,"right":720,"top":674},"Classname":"android.widget.TextView","Packagename":"com.netease.pris","Text":"魔鬼的翅膀"},{"Bounds":{"bottom":666,"left":1220,"right":720,"top":599},"Classname":"android.widget.TextView","Packagename":"com.netease.pris","Text":"绝色女总裁的贴身高手"},{"Bounds":{"bottom":704,"left":1220,"right":720,"top":674},"Classname":"android.widget.TextView","Packagename":"com.netease.pris","Text":"醉猫"},{"Bounds":{"bottom":1111,"left":740,"right":720,"top":1044},"Classname":"android.widget.TextView","Packagename":"com.netease.pris","Text":"重生之都市修神"},{"Bounds":{"bottom":1149,"left":740,"right":720,"top":1119},"Classname":"android.widget.TextView","Packagename":"com.netease.pris","Text":"指尖沉沙"},{"Bounds":{"bottom":1079,"left":980,"right":720,"top":1044},"Classname":"android.widget.TextView","Packagename":"com.netease.pris","Text":"醉宝鉴"},{"Bounds":{"bottom":1117,"left":980,"right":720,"top":1087},"Classname":"android.widget.TextView","Packagename":"com.netease.pris","Text":"Mo虚無"},{"Bounds":{"bottom":1079,"left":1220,"right":720,"top":1044},"Classname":"android.widget.TextView","Packagename":"com.netease.pris","Text":"花都逍遥医仙"},{"Bounds":{"bottom":1117,"left":1220,"right":720,"top":1087},"Classname":"android.widget.TextView","Packagename":"com.netease.pris","Text":"十三刀客"},{"Bounds":{"bottom":1174,"left":740,"right":720,"top":1489},"Classname":"android.widget.TextView","Packagename":"com.netease.pris","Text":"都市奇门医圣"},{"Bounds":{"bottom":1174,"left":740,"right":720,"top":1532},"Classname":"android.widget.TextView","Packagename":"com.netease.pris","Text":"一念"},{"Bounds":{"bottom":1174,"left":980,"right":720,"top":1489},"Classname":"android.widget.TextView","Packagename":"com.netease.pris","Text":"乡村小神医"},{"Bounds":{"bottom":1174,"left":980,"right":720,"top":1532},"Classname":"android.widget.TextView","Packagename":"com.netease.pris","Text":"牧梧"},{"Bounds":{"bottom":1174,"left":1220,"right":720,"top":1489},"Classname":"android.widget.TextView","Packagename":"com.netease.pris","Text":"龙都兵王"},{"Bounds":{"bottom":1174,"left":1220,"right":720,"top":1532},"Classname":"android.widget.TextView","Packagename":"com.netease.pris","Text":"零零猫"},{"Bounds":{"bottom":199,"left":2160,"right":720,"top":199},"Classname":"android.widget.RadioButton","Packagename":"com.netease.pris","Text":"全部"},{"Bounds":{"bottom":199,"left":2256,"right":720,"top":199},"Classname":"android.widget.RadioButton","Packagename":"com.netease.pris","Text":"30万字以下"},{"Bounds":{"bottom":199,"left":2440,"right":720,"top":199},"Classname":"android.widget.RadioButton","Packagename":"com.netease.pris","Text":"30-50万字"},{"Bounds":{"bottom":199,"left":2611,"right":720,"top":199},"Classname":"android.widget.RadioButton","Packagename":"com.netease.pris","Text":"50-100万字"},{"Bounds":{"bottom":199,"left":2160,"right":720,"top":274},"Classname":"android.widget.RadioButton","Packagename":"com.netease.pris","Text":"100万字以上"},{"Bounds":{"bottom":199,"left":2160,"right":720,"top":350},"Classname":"android.widget.RadioButton","Packagename":"com.netease.pris","Text":"全部"},{"Bounds":{"bottom":199,"left":2256,"right":720,"top":350},"Classname":"android.widget.RadioButton","Packagename":"com.netease.pris","Text":"连载中"},{"Bounds":{"bottom":199,"left":2380,"right":720,"top":350},"Classname":"android.widget.RadioButton","Packagename":"com.netease.pris","Text":"已完本"},{"Bounds":{"bottom":199,"left":2160,"right":720,"top":426},"Classname":"android.widget.RadioButton","Packagename":"com.netease.pris","Text":"全部"},{"Bounds":{"bottom":199,"left":2256,"right":720,"top":426},"Classname":"android.widget.RadioButton","Packagename":"com.netease.pris","Text":"收费"},{"Bounds":{"bottom":199,"left":2352,"right":720,"top":426},"Classname":"android.widget.RadioButton","Packagename":"com.netease.pris","Text":"免费"},{"Bounds":{"bottom":199,"left":2448,"right":720,"top":426},"Classname":"android.widget.RadioButton","Packagename":"com.netease.pris","Text":"包月"},{"Bounds":{"bottom":199,"left":2160,"right":720,"top":502},"Classname":"android.widget.RadioButton","Packagename":"com.netease.pris","Text":"按人气"},{"Bounds":{"bottom":199,"left":2284,"right":720,"top":502},"Classname":"android.widget.RadioButton","Packagename":"com.netease.pris","Text":"按畅销"},{"Bounds":{"bottom":199,"left":2408,"right":720,"top":502},"Classname":"android.widget.RadioButton","Packagename":"com.netease.pris","Text":"按更新"},{"Bounds":{"bottom":252,"left":1736,"right":720,"top":217},"Classname":"android.widget.TextView","Packagename":"com.netease.pris","Text":"按人气"},{"Bounds":{"bottom":271,"left":1440,"right":720,"top":271},"Classname":"android.widget.LinearLayout","Packagename":"com.netease.pris","Text":""},{"Bounds":{"bottom":646,"left":1460,"right":720,"top":611},"Classname":"android.widget.TextView","Packagename":"com.netease.pris","Text":"官梯"},{"Bounds":{"bottom":684,"left":1460,"right":720,"top":654},"Classname":"android.widget.TextView","Packagename":"com.netease.pris","Text":"钓人的鱼"},{"Bounds":{"bottom":646,"left":1700,"right":720,"top":611},"Classname":"android.widget.TextView","Packagename":"com.netease.pris","Text":"提拔"},{"Bounds":{"bottom":684,"left":1700,"right":720,"top":654},"Classname":"android.widget.TextView","Packagename":"com.netease.pris","Text":"渔阳员外"},{"Bounds":{"bottom":646,"left":1940,"right":720,"top":611},"Classname":"android.widget.TextView","Packagename":"com.netease.pris","Text":"仕途多娇"},{"Bounds":{"bottom":684,"left":1940,"right":720,"top":654},"Classname":"android.widget.TextView","Packagename":"com.netease.pris","Text":"骑鹤人"},{"Bounds":{"bottom":1091,"left":1460,"right":720,"top":1024},"Classname":"android.widget.TextView","Packagename":"com.netease.pris","Text":"女神的贴身男秘"},{"Bounds":{"bottom":1129,"left":1460,"right":720,"top":1099},"Classname":"android.widget.TextView","Packagename":"com.netease.pris","Text":"多情木偶"},{"Bounds":{"bottom":1059,"left":1700,"right":720,"top":1024},"Classname":"android.widget.TextView","Packagename":"com.netease.pris","Text":"登天奇缘"},{"Bounds":{"bottom":1097,"left":1700,"right":720,"top":1067},"Classname":"android.widget.TextView","Packagename":"com.netease.pris","Text":"丙戌"},{"Bounds":{"bottom":1059,"left":1940,"right":720,"top":1024},"Classname":"android.widget.TextView","Packagename":"com.netease.pris","Text":"官妖"},{"Bounds":{"bottom":1097,"left":1940,"right":720,"top":1067},"Classname":"android.widget.TextView","Packagename":"com.netease.pris","Text":"丁公子"},{"Bounds":{"bottom":1174,"left":1460,"right":720,"top":1469},"Classname":"android.widget.TextView","Packagename":"com.netease.pris","Text":"权力之巅"},{"Bounds":{"bottom":1174,"left":1460,"right":720,"top":1512},"Classname":"android.widget.TextView","Packagename":"com.netease.pris","Text":"阿诸"},{"Bounds":{"bottom":1174,"left":1700,"right":720,"top":1469},"Classname":"android.widget.TextView","Packagename":"com.netease.pris","Text":"一号红人"},{"Bounds":{"bottom":1174,"left":1700,"right":720,"top":1512},"Classname":"android.widget.TextView","Packagename":"com.netease.pris","Text":"山间老寺"},{"Bounds":{"bottom":1174,"left":1940,"right":720,"top":1469},"Classname":"android.widget.TextView","Packagename":"com.netease.pris","Text":"侯沧海商路笔记"},{"Bounds":{"bottom":1174,"left":1940,"right":720,"top":1544},"Classname":"android.widget.TextView","Packagename":"com.netease.pris","Text":"小桥老树"},{"Bounds":{"bottom":1142,"left":538,"right":688,"top":992},"Classname":"android.widget.ImageView","Packagename":"com.netease.pris","Text":""},{"Bounds":{"bottom":1265,"left":96,"right":144,"top":1189},"Classname":"android.widget.TextView","Packagename":"com.netease.pris","Text":"书架"},{"Bounds":{"bottom":1265,"left":336,"right":384,"top":1189},"Classname":"android.widget.TextView","Packagename":"com.netease.pris","Text":"书城"},{"Bounds":{"bottom":1265,"left":576,"right":624,"top":1189},"Classname":"android.widget.TextView","Packagename":"com.netease.pris","Text":"分类"}],"packagename":"com.example.a10628.myapplication","width":1080}