{"events":[{"eventname":"TYPE_VIEW_SCROLLED","source":{"Bounds":{"bottom":1280,"left":0,"right":720,"top":160},"Classname":"android.webkit.WebView","Packagename":"com.zhihu.android","Text":""}}],"height":1920,"hovertime":5054,"nodes":[{"Bounds":{"bottom":160,"left":0,"right":112,"top":48},"Classname":"android.widget.ImageButton","Packagename":"com.zhihu.android","Text":""},{"Bounds":{"bottom":131,"left":128,"right":536,"top":77},"Classname":"android.widget.TextView","Packagename":"com.zhihu.android","Text":"欧文对凯尔特人的重要作用体现在哪？"},{"Bounds":{"bottom":152,"left":544,"right":640,"top":56},"Classname":"android.widget.TextView","Packagename":"com.zhihu.android","Text":""},{"Bounds":{"bottom":152,"left":640,"right":720,"top":56},"Classname":"android.widget.ImageView","Packagename":"com.zhihu.android","Text":""},{"Bounds":{"bottom":162,"left":-687,"right":-27,"top":160},"Classname":"android.view.View","Packagename":"com.zhihu.android","Text":""},{"Bounds":{"bottom":758,"left":-687,"right":-27,"top":160},"Classname":"android.view.View","Packagename":"com.zhihu.android","Text":"首先，不觉得欧文被高估。\n犹记得，五年前的美国国家集训队，年轻的欧文站在联盟巨星科比面前，想以5万美元为赌注，和科比来一次单挑。科比一脸不屑，甚至将筹码降至2.5万美元，并打趣道“我认识你爸爸，他会说你疯了吗敢去单挑科比？”\n\n而欧文的回应霸气十足：“你需要很认真防我，还不一定能防得住。你独孤求败的时代已经结束了。”\n\n五年后，那个被科比吐槽“像个高中生”的欧文，已经成为联盟里炙手可热的“关键先生。\n\n初入联盟的欧文天赋异禀，才华横溢，却在克里夫兰遭受接二连三的失利。而当另一个状元到来之时，虽然欧文依旧杀气腾腾，可鲜花和掌声却去到了詹皇身上。\n\n人家一边说他是“进攻博物院”、拥有最美妙的单打技术，又一边说他不防守，是球队的黑洞。他仿佛要一直要同时承受着进攻端的赞誉，和防守端的抨击。\n\n来到波士顿，欧文仿佛成为另外一个人。这个几乎有着举世无双单打水准的人，感受到了团队的乐趣。\n\n希望他越来越好！\n------------------\n上面是以前的问题-欧文是否被高估\n------------下面来回答一下这个新问题\n\n首先，我们也都知道凯尔特人一向以凶悍的防守著称，他们球风异常彪悍，他们打的是最原始的篮球，回想当年与湖人大战三百回合的史诗级防守大战，杀得天昏地暗。以前他们有托尼阿伦 朗多 加内特这些善于防守的球员，现在呢，在史蒂文森教练麾下的斯玛特 布朗 霍福德在防守端也不遑多让，凯尔特人防守效率高局联盟第一。\n凯尔特人纪律严明，执行能力很强，球员们在史蒂文森体系下也打的有声有色，他们各司其职，但是，他们在进攻端相对勇士火箭这些强队面前真的是捉襟见肘。\n\n所以，欧文对于凯尔特人的作用就体现出来了，他可以在体系运转不了的时候依靠强大的个人进攻来解决体系所解决不了的问题。从过去这两年与勇士的对决中你可以看出，欧文显然就是为了大场面而生的球员。当比赛到了最后两分钟的大决战中，把球交给欧文再合适不过了，他有令人眼花缭乱的运球，他有稳定的中投，他有嗜血的三分球，他还有那些颇具想象力与创造力的上篮，总之，他有一百种得分的方法，他的武器库真的是太强大了！\n可能欧文的防守被人诟病，但你可以看到，来到史蒂文森教练身边，欧文的防守水平显然上升了一个层次，退一步，上赛季，小托马斯的防守漏洞都能被最小化，又何况欧文呢？\n欧文毫无疑问决定着这支铁血军团的上限，希望他们可以在季后赛中走的更远。"},{"Bounds":{"bottom":884,"left":-293,"right":-27,"top":846},"Classname":"android.view.View","Packagename":"com.zhihu.android","Text":"编辑于 2018-05-03"},{"Bounds":{"bottom":946,"left":-687,"right":-27,"top":892},"Classname":"android.view.View","Packagename":"com.zhihu.android","Text":"著作权归作者所有"},{"Bounds":{"bottom":1106,"left":-719,"right":1,"top":1026},"Classname":"android.view.View","Packagename":"com.zhihu.android","Text":"推荐阅读"},{"Bounds":{"bottom":1264,"left":-687,"right":-305,"top":1164},"Classname":"android.view.View","Packagename":"com.zhihu.android","Text":"测一测：如果性别反转，你的长相会是什么样子？"},{"Bounds":{"bottom":1280,"left":-257,"right":-31,"top":1138},"Classname":"android.widget.Image","Packagename":"com.zhihu.android","Text":"推荐阅读"},{"Bounds":{"bottom":1280,"left":-687,"right":-647,"top":1278},"Classname":"android.widget.Image","Packagename":"com.zhihu.android","Text":"Tencent"},{"Bounds":{"bottom":1280,"left":-635,"right":-457,"top":1278},"Classname":"android.view.View","Packagename":"com.zhihu.android","Text":"Tencent 的广告"},{"Bounds":{"bottom":1280,"left":-177,"right":-31,"top":1278},"Classname":"android.widget.Button","Packagename":"com.zhihu.android","Text":"APP下载"},{"Bounds":{"bottom":1280,"left":-687,"right":-31,"top":1278},"Classname":"android.view.View","Packagename":"com.zhihu.android","Text":"骑士要哭了！凯尔特人已经把欧文变成了新球员 欧文这个赛季的表现已经超越以往，他的进攻效率和霍福德的致命组合已经帮助他成为了一流超级巨星。虽然在一些数据方面，欧文与之前的赛季并没有什么不同，但是他现在的状态打球所处的环境和条件与之前却是截然不同。这个赛季，当欧文在场上的时候毫无疑问是… UOOSPORTS 的文章 · 227 赞同 "},{"Bounds":{"bottom":1280,"left":-687,"right":-31,"top":1278},"Classname":"android.view.View","Packagename":"com.zhihu.android","Text":"如何评价 NBA 2017-2018 常规赛揭幕战凯尔特人 99:102 骑士 ？ [图片] 海沃德受伤，谁都不想看到的结果。先说比赛本身。骑士对凯尔特人，大家能看到凯尔特人在失去海沃德后，一阵惊慌失措，骑士拉开距离。然后到第三节，突然风头逆转，骑士不断失误，绿军压迫，追上了比分。如今的凯尔特人，进攻其实是有问题的，涉及到一个词——进攻层次。进攻层次就是优先级，一级一级排列，领头的巨星通常是第一层次，出手倾向最高，然后一次排列。好的球队，进攻层次分明。科比的两连冠湖人时期， 毫无疑问，科… 诚言 的回答 · 126 赞同 "},{"Bounds":{"bottom":162,"left":32,"right":692,"top":160},"Classname":"android.view.View","Packagename":"com.zhihu.android","Text":""},{"Bounds":{"bottom":162,"left":32,"right":692,"top":160},"Classname":"android.view.View","Packagename":"com.zhihu.android","Text":"好了，好了，我来认错了。"},{"Bounds":{"bottom":162,"left":32,"right":692,"top":160},"Classname":"android.view.View","Packagename":"com.zhihu.android","Text":"我真的有认真查数据嘛，只是一不小心没排好，又懒得改。"},{"Bounds":{"bottom":162,"left":32,"right":692,"top":160},"Classname":"android.view.View","Packagename":"com.zhihu.android","Text":"我知道肖恩·拉金是后卫。"},{"Bounds":{"bottom":162,"left":32,"right":692,"top":160},"Classname":"android.view.View","Packagename":"com.zhihu.android","Text":"我当时只是想要强调波士顿凯尔特人的锋线球员很多，我把阿隆贝恩斯和门罗都归类到4号位了，所以说了都大量的201-208的锋线。"},{"Bounds":{"bottom":162,"left":32,"right":692,"top":160},"Classname":"android.view.View","Packagename":"com.zhihu.android","Text":"其实的确没错啊，波士顿凯尔特人有大量的出色的锋线球员，其实大家只要理解到我的意思就好了啊。当然我狠感谢大家能心平气和的指出我的错误。"},{"Bounds":{"bottom":162,"left":122,"right":602,"top":160},"Classname":"android.view.View","Packagename":"com.zhihu.android","Text":""},{"Bounds":{"bottom":162,"left":32,"right":692,"top":160},"Classname":"android.view.View","Packagename":"com.zhihu.android","Text":"不请自来呀，写写自己的个人想法吧。"},{"Bounds":{"bottom":162,"left":32,"right":692,"top":160},"Classname":"android.view.View","Packagename":"com.zhihu.android","Text":"首先，先看看波士顿凯尔特人这支球队现如今的配置（主要轮换）好了。"},{"Bounds":{"bottom":162,"left":32,"right":692,"top":160},"Classname":"android.view.View","Packagename":"com.zhihu.android","Text":"后卫线："},{"Bounds":{"bottom":162,"left":32,"right":692,"top":160},"Classname":"android.view.View","Packagename":"com.zhihu.android","Text":"凯里·欧文、马库斯·斯玛特、特里·罗齐尔"},{"Bounds":{"bottom":214,"left":32,"right":692,"top":160},"Classname":"android.view.View","Packagename":"com.zhihu.android","Text":"锋线："},{"Bounds":{"bottom":342,"left":32,"right":692,"top":234},"Classname":"android.view.View","Packagename":"com.zhihu.android","Text":"杰伦·布朗、杰森·塔图姆、马库斯·莫里斯、阿隆·贝恩斯、戈登·海沃德（受伤）"},{"Bounds":{"bottom":416,"left":32,"right":692,"top":362},"Classname":"android.view.View","Packagename":"com.zhihu.android","Text":"内线："},{"Bounds":{"bottom":490,"left":32,"right":692,"top":436},"Classname":"android.view.View","Packagename":"com.zhihu.android","Text":"艾尔·霍福德"},{"Bounds":{"bottom":834,"left":32,"right":692,"top":510},"Classname":"android.view.View","Packagename":"com.zhihu.android","Text":"除去受伤了的戈登·海沃德，剩余的8名球员占据了绝大多数的时间，而诸如丹尼尔·泰斯，格雷格·门罗，肖恩·拉金，阿卜杜尔·纳迪尔都是可以作为常规替补轮换的球员。这些球员基本都很相似，是身高201cm-208cm之间的锋线球员，攻防两端均衡，没有明显的优缺点。"},{"Bounds":{"bottom":1280,"left":32,"right":692,"top":854},"Classname":"android.view.View","Packagename":"com.zhihu.android","Text":"而波士顿凯尔特人的后卫线上，特里·罗齐尔，刚刚打出来的效率不错的年轻球员，而马库斯·斯玛特一直是神奇的后卫球员，他防守优秀，进攻很差，但效率值很高，你无法判断他究竟如何单单利用防守将自己的球场正负值提高到了一个极高的程度，这里是一个很有趣的点。你要知道他甚至不是神经刀，10场比赛中他大概有8场估计会以3成的命中率投进2-5个球，得到8分上下，助攻数4-6个，这可不仅是数据不好看的问题，我真的没怎么见过这样差劲进攻效率，然而也还是有很高球场正负值的球员，哪怕我知道他防守很好。"},{"Bounds":{"bottom":1280,"left":32,"right":692,"top":1278},"Classname":"android.view.View","Packagename":"com.zhihu.android","Text":"那么是为什么呢？"},{"Bounds":{"bottom":1280,"left":32,"right":692,"top":1278},"Classname":"android.view.View","Packagename":"com.zhihu.android","Text":"这不仅和马库斯·斯玛特相关，这与波士顿凯尔特人这支球队密切相关。"},{"Bounds":{"bottom":1280,"left":32,"right":692,"top":1278},"Classname":"android.view.View","Packagename":"com.zhihu.android","Text":"波士顿凯尔特人是一只怎样的球队？"},{"Bounds":{"bottom":1280,"left":32,"right":692,"top":1278},"Classname":"android.view.View","Packagename":"com.zhihu.android","Text":"相信只要看球的人，大概都有一个印象，铁血，防守，这是近10年来绿军的本质，哪怕在球队最不堪的那段时间，大概球队的球员也如此相信着。"},{"Bounds":{"bottom":1280,"left":32,"right":692,"top":1278},"Classname":"android.view.View","Packagename":"com.zhihu.android","Text":"而现如今，波士顿凯尔特人也仍然是这样一只球队，他们是靠防守与专注，去撕咬对手赢得比赛。"},{"Bounds":{"bottom":1280,"left":32,"right":692,"top":1278},"Classname":"android.view.View","Packagename":"com.zhihu.android","Text":"那么球队的打法呢？"},{"Bounds":{"bottom":1280,"left":32,"right":692,"top":1278},"Classname":"android.view.View","Packagename":"com.zhihu.android","Text":"进攻端除了我说不出名，讲不清楚的成百上千套局部技战术，他们的主要打法，是挡拆和突分。而且，波士顿凯尔特人，打的是注重挡拆与突分的阵地战。虽然与圣安东尼马刺和休斯顿火箭不尽相同，但骨子里是相似的。"},{"Bounds":{"bottom":1280,"left":32,"right":692,"top":1278},"Classname":"android.view.View","Packagename":"com.zhihu.android","Text":"持球人与锋线挡拆，射手之间绕掩护找空位，加上一个有持球能力，既能够自己背身单打，也能够接球投篮，甚至还有传球的大个儿。说实话，我真的觉得现在的这支波士顿凯尔特人无疑和圣安东尼奥马刺是模子里翻刻出来的。"},{"Bounds":{"bottom":1280,"left":32,"right":692,"top":1278},"Classname":"android.view.View","Packagename":"com.zhihu.android","Text":"唯一不同的是，后者的锋线球员在低位的能力更强，而前者的核心后卫对于内线的冲击力和投射能力都更加出色。除此之外，复杂的技战术，多层次的人员轮换配合相同的阵地进攻风格，这两只球队几乎完全相似。"},{"Bounds":{"bottom":1280,"left":32,"right":692,"top":1278},"Classname":"android.view.View","Packagename":"com.zhihu.android","Text":"那么想想看，这样一只球队里，最合适的后卫球员，如果我提出是巅峰期的托尼·帕克，我想也不会有人反对。流畅的推进与分享球，顶尖的速度造就的进攻内线的能力配合一定的投射，这是托尼·帕克。我想虽然凯里·欧文与托尼·帕克的风格相差甚远，但他俩的战术地位是一脉相承的，就如同，2004-2005赛季的那个圣安东尼奥马刺。"},{"Bounds":{"bottom":1280,"left":32,"right":692,"top":1278},"Classname":"android.view.View","Packagename":"com.zhihu.android","Text":"尽管，现如今这支波士顿凯尔特人，没有蒂姆·邓肯那样伟大的内线，但在现如今这个强调速度与投射的NBA，波士顿凯尔特人凭借良好的防守体系，以及多达6名以上优质的能守擅射的锋线球员，可以说既保持了队伍的防守韧度，也保证了球队的进攻选择以及流畅性。"},{"Bounds":{"bottom":1280,"left":32,"right":692,"top":1278},"Classname":"android.view.View","Packagename":"com.zhihu.android","Text":"但即便如此，波士顿凯尔特人仍然不是一只进攻很流畅的球队，他们的进攻实在不能称得上是一支强队。我们对此需要理解。"},{"Bounds":{"bottom":1280,"left":32,"right":692,"top":1278},"Classname":"android.view.View","Packagename":"com.zhihu.android","Text":"首先本赛季波士顿凯尔特人的伤病很多，其次他们的核心锋线球员，杰森·塔图姆和杰伦·布朗都是新秀球员，你很难要求两名新秀在长达82场比赛的漫长赛季中保持稳定，尽管他们已经做得很好了。"},{"Bounds":{"bottom":1280,"left":32,"right":692,"top":1278},"Classname":"android.view.View","Packagename":"com.zhihu.android","Text":"其次，波士顿凯尔特人的替补阵容虽然用人很多，但其实庸人很多，天赋不足。"},{"Bounds":{"bottom":1280,"left":32,"right":692,"top":1278},"Classname":"android.view.View","Packagename":"com.zhihu.android","Text":"试想象，如果戈登·海沃德回归，那么按照我的想法，较杰森·塔图姆拥有更强运动能力和个人进攻能力的杰伦·布朗应该会回归替补席，届时，这支球队想必会更上一个台阶。"},{"Bounds":{"bottom":1280,"left":32,"right":692,"top":1278},"Classname":"android.view.View","Packagename":"com.zhihu.android","Text":"我觉得可能说的有点多了，做一个总结吧，你问的问题，凯里·欧文对于波士顿凯尔特人的重要作用体现在哪？等同于2004-2005赛季的托尼·帕克对于圣安东尼奥马刺的作用。"},{"Bounds":{"bottom":1280,"left":32,"right":692,"top":1278},"Classname":"android.view.View","Packagename":"com.zhihu.android","Text":"组织和终结。"},{"Bounds":{"bottom":1280,"left":32,"right":692,"top":1278},"Classname":"android.view.View","Packagename":"com.zhihu.android","Text":"这是根本任务，而尽管凯里·欧文本身组织能力不是很优秀，波士顿凯尔特人的打法却也是能够弥补其不足，就像是卡哇伊·莱昂纳德的组织能力其实并不是那么优秀，甚至可能在最开始并不能怎样体现出他的组织能力，但是球队对转移球的要求，促使并赋予了球员一定的组织能力，或者说是，分担了单个球员在组织进攻方面的压力。"},{"Bounds":{"bottom":1280,"left":32,"right":692,"top":1278},"Classname":"android.view.View","Packagename":"com.zhihu.android","Text":"当然，关键时刻的组织，可能仍然要依赖欧文。"},{"Bounds":{"bottom":1280,"left":32,"right":692,"top":1278},"Classname":"android.view.View","Packagename":"com.zhihu.android","Text":"而另一个方面，终结，我认为凯里·欧文的终结能力是现象级的，他的个人能力极其出色，速度，球感，运球，投篮，力量，无一不是联盟顶级。"},{"Bounds":{"bottom":1280,"left":32,"right":692,"top":1278},"Classname":"android.view.View","Packagename":"com.zhihu.android","Text":"所以凯里都能欧文只要能在完成基础工作的前提下，做好终结工作就好，这就为什么，很多人都说越到季后赛，凯里·欧文对这只球队的价值就越大的原因。"},{"Bounds":{"bottom":1280,"left":32,"right":692,"top":1278},"Classname":"android.view.View","Packagename":"com.zhihu.android","Text":"而之前的以赛亚·托马斯其实作为承担终结职责的球员，在身体天赋以及能力上是有缺陷的，说实话，身高真的很重要。"},{"Bounds":{"bottom":1280,"left":32,"right":692,"top":1278},"Classname":"android.view.View","Packagename":"com.zhihu.android","Text":"身高矮的人不好接球，球场视野也会受影响，投篮选择会受到限制，这都是凯里·欧文强于以赛亚·托马斯的。不要用阿伦·艾弗森和克里斯·保罗这种名人堂级别的球员来做例子反驳我，进攻能力能达到答案的程度或者是组织能力能达到CP3的程度，那么这名球员无论如何都不会连一份顶薪报价合同都拿不到了。当然，我还是对以赛亚·托马斯报以歉意和尊重，只是可惜了他做了一些不好的选择。"},{"Bounds":{"bottom":1280,"left":426,"right":692,"top":1278},"Classname":"android.view.View","Packagename":"com.zhihu.android","Text":"编辑于 2018-05-11"},{"Bounds":{"bottom":1280,"left":32,"right":692,"top":1278},"Classname":"android.view.View","Packagename":"com.zhihu.android","Text":"著作权归作者所有"},{"Bounds":{"bottom":1280,"left":0,"right":720,"top":1278},"Classname":"android.view.View","Packagename":"com.zhihu.android","Text":"推荐阅读"},{"Bounds":{"bottom":1280,"left":32,"right":414,"top":1278},"Classname":"android.view.View","Packagename":"com.zhihu.android","Text":"手机正确的充电方式你用对了吗？"},{"Bounds":{"bottom":1280,"left":462,"right":688,"top":1278},"Classname":"android.widget.Image","Packagename":"com.zhihu.android","Text":"推荐阅读"},{"Bounds":{"bottom":1280,"left":32,"right":72,"top":1278},"Classname":"android.widget.Image","Packagename":"com.zhihu.android","Text":"Tencent"},{"Bounds":{"bottom":1280,"left":84,"right":262,"top":1278},"Classname":"android.view.View","Packagename":"com.zhihu.android","Text":"Tencent 的广告"},{"Bounds":{"bottom":1280,"left":542,"right":688,"top":1278},"Classname":"android.widget.Button","Packagename":"com.zhihu.android","Text":"APP下载"},{"Bounds":{"bottom":1280,"left":32,"right":688,"top":1278},"Classname":"android.view.View","Packagename":"com.zhihu.android","Text":"骑士要哭了！凯尔特人已经把欧文变成了新球员 欧文这个赛季的表现已经超越以往，他的进攻效率和霍福德的致命组合已经帮助他成为了一流超级巨星。虽然在一些数据方面，欧文与之前的赛季并没有什么不同，但是他现在的状态打球所处的环境和条件与之前却是截然不同。这个赛季，当欧文在场上的时候毫无疑问是… UOOSPORTS 的文章 · 227 赞同 "},{"Bounds":{"bottom":1280,"left":32,"right":688,"top":1278},"Classname":"android.view.View","Packagename":"com.zhihu.android","Text":"如何评价骑士与凯尔特人关于欧文的交易。？ 谢邀。关于这比交易，我刚写了一篇文章绿凯得到天赋 骑士得到想要的一切 。内容如下：早在\"欧文的决定：外有金人，内有奸佞，这太子不当了 \"这篇文章里，我就有过这样的设想： 又或者，欧文去一个有更加整体性战术的球队，类似于史蒂文斯教练治下的凯尔特人，像小托马斯那样，做一个得分第一的控球后卫——他现在的确没有那么好的无球进攻意识，但他有出色的投射能力和跑动能力，无球进攻未必磨练不出来。 以及在\"【数据最有趣了】… 静易墨 的回答 · 31 赞同 "},{"Bounds":{"bottom":600,"left":752,"right":1412,"top":600},"Classname":"android.view.View","Packagename":"com.zhihu.android","Text":""},{"Bounds":{"bottom":782,"left":752,"right":1408,"top":636},"Classname":"android.view.View","Packagename":"com.zhihu.android","Text":"首先亮明观点，欧文是绿凯当仁不让的老大（海沃德复出也一样），当步入季后赛之后，他的价值会愈发体现。"},{"Bounds":{"bottom":1280,"left":784,"right":1440,"top":696},"Classname":"android.view.View","Packagename":"com.zhihu.android","Text":"\n"},{"Bounds":{"bottom":1280,"left":784,"right":1440,"top":696},"Classname":"android.view.View","Packagename":"com.zhihu.android","Text":"\n"},{"Bounds":{"bottom":890,"left":752,"right":1352,"top":852},"Classname":"android.view.View","Packagename":"com.zhihu.android","Text":"但是我真是受不了那些张嘴就是胡扯的人。"},{"Bounds":{"bottom":1280,"left":784,"right":1440,"top":696},"Classname":"android.view.View","Packagename":"com.zhihu.android","Text":"\n"},{"Bounds":{"bottom":1280,"left":784,"right":1440,"top":696},"Classname":"android.view.View","Packagename":"com.zhihu.android","Text":"\n"},{"Bounds":{"bottom":998,"left":752,"right":1032,"top":960},"Classname":"android.view.View","Packagename":"com.zhihu.android","Text":"楼上一个哥们写道："},{"Bounds":{"bottom":1280,"left":784,"right":1440,"top":696},"Classname":"android.view.View","Packagename":"com.zhihu.android","Text":"\n"},{"Bounds":{"bottom":1280,"left":784,"right":1440,"top":696},"Classname":"android.view.View","Packagename":"com.zhihu.android","Text":"\n"},{"Bounds":{"bottom":1280,"left":720,"right":1440,"top":1108},"Classname":"android.widget.Image","Packagename":"com.zhihu.android","Text":"v2-a11c24343be75d2405dd1b0ebab9d0b7_hd"},{"Bounds":{"bottom":1280,"left":752,"right":1248,"top":1278},"Classname":"android.view.View","Packagename":"com.zhihu.android","Text":"哥们，绿军的球赛真的看了很多吗？"},{"Bounds":{"bottom":1280,"left":784,"right":1440,"top":1278},"Classname":"android.view.View","Packagename":"com.zhihu.android","Text":"\n"},{"Bounds":{"bottom":1280,"left":784,"right":1440,"top":1278},"Classname":"android.view.View","Packagename":"com.zhihu.android","Text":"\n"},{"Bounds":{"bottom":1280,"left":752,"right":1410,"top":1278},"Classname":"android.view.View","Packagename":"com.zhihu.android","Text":"欧文本赛季缺战7场，绿凯5胜2负，昨天还以16分的分差屠杀公牛。论在场的进攻效率，欧文是108.1，伙夫是109.1，换句话说伙夫才是在进攻端对绿凯帮助最大的人（仅以本赛季目前打过的常规赛而论）。"},{"Bounds":{"bottom":1280,"left":784,"right":1440,"top":1278},"Classname":"android.view.View","Packagename":"com.zhihu.android","Text":"\n"},{"Bounds":{"bottom":1280,"left":784,"right":1440,"top":1278},"Classname":"android.view.View","Packagename":"com.zhihu.android","Text":"\n"},{"Bounds":{"bottom":1280,"left":752,"right":1384,"top":1278},"Classname":"android.view.View","Packagename":"com.zhihu.android","Text":"我不知道你说的“欧文下场绿军进攻停滞”的结论是怎么得出来的，你把史蒂文斯当泰伦卢了吧？"},{"Bounds":{"bottom":1280,"left":784,"right":1440,"top":1278},"Classname":"android.view.View","Packagename":"com.zhihu.android","Text":"\n"},{"Bounds":{"bottom":1280,"left":784,"right":1440,"top":1278},"Classname":"android.view.View","Packagename":"com.zhihu.android","Text":"\n"},{"Bounds":{"bottom":1280,"left":752,"right":1400,"top":1278},"Classname":"android.view.View","Packagename":"com.zhihu.android","Text":"篮球板块我是真不喜欢发言，因为懂得不多。。可看到很多高票答案张嘴就是胡扯，真是让人气不打一出来。。"},{"Bounds":{"bottom":1280,"left":1146,"right":1412,"top":1278},"Classname":"android.view.View","Packagename":"com.zhihu.android","Text":"发布于 2018-03-07"},{"Bounds":{"bottom":1280,"left":752,"right":1412,"top":1278},"Classname":"android.view.View","Packagename":"com.zhihu.android","Text":"著作权归作者所有"},{"Bounds":{"bottom":-207,"left":0,"right":720,"top":160},"Classname":"android.widget.TextView","Packagename":"com.zhihu.android","Text":"欧文对凯尔特人的重要作用体现在哪？"},{"Bounds":{"bottom":-118,"left":32,"right":184,"top":160},"Classname":"android.widget.TextView","Packagename":"com.zhihu.android","Text":"写回答"},{"Bounds":{"bottom":-94,"left":414,"right":688,"top":160},"Classname":"android.widget.TextView","Packagename":"com.zhihu.android","Text":"查看全部 60 个回答"},{"Bounds":{"bottom":-8,"left":128,"right":248,"top":160},"Classname":"android.widget.TextView","Packagename":"com.zhihu.android","Text":"黑泽朋世"},{"Bounds":{"bottom":-27,"left":248,"right":248,"top":160},"Classname":"android.view.View","Packagename":"com.zhihu.android","Text":""},{"Bounds":{"bottom":32,"left":128,"right":528,"top":160},"Classname":"android.widget.TextView","Packagename":"com.zhihu.android","Text":"欢迎大家找我聊天"},{"Bounds":{"bottom":32,"left":128,"right":128,"top":160},"Classname":"android.widget.TextView","Packagename":"com.zhihu.android","Text":""},{"Bounds":{"bottom":25,"left":544,"right":688,"top":160},"Classname":"android.widget.TextView","Packagename":"com.zhihu.android","Text":"关注"},{"Bounds":{"bottom":1256,"left":34,"right":233,"top":1192},"Classname":"android.widget.TextView","Packagename":"com.zhihu.android","Text":"赞同 13"},{"Bounds":{"bottom":1256,"left":245,"right":337,"top":1192},"Classname":"android.widget.TextView","Packagename":"com.zhihu.android","Text":""},{"Bounds":{"bottom":1262,"left":399,"right":439,"top":1234},"Classname":"android.widget.TextView","Packagename":"com.zhihu.android","Text":"感谢"},{"Bounds":{"bottom":1280,"left":516,"right":556,"top":1346},"Classname":"android.widget.TextView","Packagename":"com.zhihu.android","Text":"收藏"},{"Bounds":{"bottom":1262,"left":648,"right":659,"top":1234},"Classname":"android.widget.TextView","Packagename":"com.zhihu.android","Text":"8"}],"packagename":"com.example.a10628.myapplication","width":1080}