{"events":[{"eventname":"TYPE_VIEW_SCROLLED","source":{"Bounds":{"bottom":1180,"left":0,"right":720,"top":136},"Classname":"android.widget.ListView","Packagename":"com.baycode.tianya","Text":""}},{"eventname":"TYPE_VIEW_SCROLLED","source":{"Bounds":{"bottom":1180,"left":0,"right":720,"top":136},"Classname":"android.widget.ListView","Packagename":"com.baycode.tianya","Text":""}}],"height":1920,"hovertime":2151,"nodes":[{"Bounds":{"bottom":136,"left":0,"right":720,"top":48},"Classname":"android.widget.TextView","Packagename":"com.baycode.tianya","Text":"天涯热帖"},{"Bounds":{"bottom":80,"left":274,"right":445,"top":136},"Classname":"android.widget.TextView","Packagename":"com.baycode.tianya","Text":"下拉刷新…"},{"Bounds":{"bottom":210,"left":16,"right":704,"top":136},"Classname":"android.widget.TextView","Packagename":"com.baycode.tianya","Text":"记录一下我在会计师事务所工作的日子。"},{"Bounds":{"bottom":248,"left":16,"right":245,"top":210},"Classname":"android.widget.TextView","Packagename":"com.baycode.tianya","Text":"工薪一族"},{"Bounds":{"bottom":248,"left":245,"right":474,"top":210},"Classname":"android.widget.TextView","Packagename":"com.baycode.tianya","Text":"05-12 23:47"},{"Bounds":{"bottom":248,"left":474,"right":704,"top":210},"Classname":"android.widget.TextView","Packagename":"com.baycode.tianya","Text":"懒豆豆dou"},{"Bounds":{"bottom":351,"left":16,"right":704,"top":257},"Classname":"android.widget.TextView","Packagename":"com.baycode.tianya","Text":"父亲意外离世，和后妈的尴尬生活"},{"Bounds":{"bottom":389,"left":16,"right":245,"top":351},"Classname":"android.widget.TextView","Packagename":"com.baycode.tianya","Text":"舞文弄墨"},{"Bounds":{"bottom":389,"left":245,"right":474,"top":351},"Classname":"android.widget.TextView","Packagename":"com.baycode.tianya","Text":"05-11 09:23"},{"Bounds":{"bottom":389,"left":474,"right":704,"top":351},"Classname":"android.widget.TextView","Packagename":"com.baycode.tianya","Text":"萧易V"},{"Bounds":{"bottom":492,"left":16,"right":704,"top":398},"Classname":"android.widget.TextView","Packagename":"com.baycode.tianya","Text":"史上最弱除妖人，被妖怪打上门还得认错"},{"Bounds":{"bottom":530,"left":16,"right":245,"top":492},"Classname":"android.widget.TextView","Packagename":"com.baycode.tianya","Text":"莲蓬鬼话"},{"Bounds":{"bottom":530,"left":245,"right":474,"top":492},"Classname":"android.widget.TextView","Packagename":"com.baycode.tianya","Text":"05-12 00:00"},{"Bounds":{"bottom":530,"left":474,"right":704,"top":492},"Classname":"android.widget.TextView","Packagename":"com.baycode.tianya","Text":"糖世子"},{"Bounds":{"bottom":633,"left":16,"right":704,"top":539},"Classname":"android.widget.TextView","Packagename":"com.baycode.tianya","Text":"大家一起聊聊对目前房价的感受！"},{"Bounds":{"bottom":671,"left":16,"right":245,"top":633},"Classname":"android.widget.TextView","Packagename":"com.baycode.tianya","Text":"房产观澜"},{"Bounds":{"bottom":671,"left":245,"right":474,"top":633},"Classname":"android.widget.TextView","Packagename":"com.baycode.tianya","Text":"05-12 23:53"},{"Bounds":{"bottom":671,"left":474,"right":704,"top":633},"Classname":"android.widget.TextView","Packagename":"com.baycode.tianya","Text":"shenqiqiling"},{"Bounds":{"bottom":774,"left":16,"right":704,"top":680},"Classname":"android.widget.TextView","Packagename":"com.baycode.tianya","Text":"【今言野语】中国出轨率世界第一的原因是什么？"},{"Bounds":{"bottom":812,"left":16,"right":245,"top":774},"Classname":"android.widget.TextView","Packagename":"com.baycode.tianya","Text":"新闻众评"},{"Bounds":{"bottom":812,"left":245,"right":474,"top":774},"Classname":"android.widget.TextView","Packagename":"com.baycode.tianya","Text":"05-12 23:45"},{"Bounds":{"bottom":812,"left":474,"right":704,"top":774},"Classname":"android.widget.TextView","Packagename":"com.baycode.tianya","Text":"天涯海角客1"},{"Bounds":{"bottom":915,"left":16,"right":704,"top":821},"Classname":"android.widget.TextView","Packagename":"com.baycode.tianya","Text":"局长给副局长随份子500，免职是否矫枉过正！"},{"Bounds":{"bottom":953,"left":16,"right":245,"top":915},"Classname":"android.widget.TextView","Packagename":"com.baycode.tianya","Text":"天涯杂谈"},{"Bounds":{"bottom":953,"left":245,"right":474,"top":915},"Classname":"android.widget.TextView","Packagename":"com.baycode.tianya","Text":"05-12 23:52"},{"Bounds":{"bottom":953,"left":474,"right":704,"top":915},"Classname":"android.widget.TextView","Packagename":"com.baycode.tianya","Text":"烟台我是大葱"},{"Bounds":{"bottom":1056,"left":16,"right":704,"top":962},"Classname":"android.widget.TextView","Packagename":"com.baycode.tianya","Text":"晒下我家的结婚清单，男票家说我爸妈是卖女儿"},{"Bounds":{"bottom":1094,"left":16,"right":245,"top":1056},"Classname":"android.widget.TextView","Packagename":"com.baycode.tianya","Text":"婆媳关系"},{"Bounds":{"bottom":1094,"left":245,"right":474,"top":1056},"Classname":"android.widget.TextView","Packagename":"com.baycode.tianya","Text":"05-12 23:53"},{"Bounds":{"bottom":1094,"left":474,"right":704,"top":1056},"Classname":"android.widget.TextView","Packagename":"com.baycode.tianya","Text":"u_99949809"},{"Bounds":{"bottom":1180,"left":16,"right":704,"top":1103},"Classname":"android.widget.TextView","Packagename":"com.baycode.tianya","Text":"腾讯力推！潮人汇聚，朝这看！立即点击下载~"},{"Bounds":{"bottom":1180,"left":16,"right":245,"top":1197},"Classname":"android.widget.TextView","Packagename":"com.baycode.tianya","Text":""},{"Bounds":{"bottom":1180,"left":245,"right":474,"top":1197},"Classname":"android.widget.TextView","Packagename":"com.baycode.tianya","Text":""},{"Bounds":{"bottom":1180,"left":474,"right":704,"top":1197},"Classname":"android.widget.TextView","Packagename":"com.baycode.tianya","Text":"推广"},{"Bounds":{"bottom":1280,"left":46,"right":98,"top":1244},"Classname":"android.widget.TextView","Packagename":"com.baycode.tianya","Text":"热帖"},{"Bounds":{"bottom":1280,"left":190,"right":242,"top":1244},"Classname":"android.widget.TextView","Packagename":"com.baycode.tianya","Text":"聚焦"},{"Bounds":{"bottom":1280,"left":334,"right":386,"top":1244},"Classname":"android.widget.TextView","Packagename":"com.baycode.tianya","Text":"书签"},{"Bounds":{"bottom":1280,"left":478,"right":530,"top":1244},"Classname":"android.widget.TextView","Packagename":"com.baycode.tianya","Text":"版块"},{"Bounds":{"bottom":1280,"left":622,"right":674,"top":1244},"Classname":"android.widget.TextView","Packagename":"com.baycode.tianya","Text":"设置"}],"packagename":"com.example.a10628.myapplication","width":1080}