{"events":[{"eventname":"TYPE_WINDOW_STATE_CHANGED","source":{"Bounds":{"bottom":1280,"left":0,"right":720,"top":0},"Classname":"android.widget.FrameLayout","Packagename":"com.zhihu.daily.android","Text":""}}],"height":1920,"hovertime":5915,"nodes":[{"Bounds":{"bottom":160,"left":0,"right":112,"top":48},"Classname":"android.widget.ImageButton","Packagename":"com.zhihu.daily.android","Text":""},{"Bounds":{"bottom":128,"left":144,"right":324,"top":79},"Classname":"android.widget.TextView","Packagename":"com.zhihu.daily.android","Text":"日常心理学"},{"Bounds":{"bottom":152,"left":618,"right":720,"top":56},"Classname":"android.widget.TextView","Packagename":"com.zhihu.daily.android","Text":""},{"Bounds":{"bottom":207,"left":48,"right":492,"top":160},"Classname":"android.widget.TextView","Packagename":"com.zhihu.daily.android","Text":"艰难的孩子和孩子的艰难"},{"Bounds":{"bottom":419,"left":48,"right":672,"top":328},"Classname":"android.widget.TextView","Packagename":"com.zhihu.daily.android","Text":"家长该如何处理儿童的自慰行为？"},{"Bounds":{"bottom":579,"left":48,"right":672,"top":488},"Classname":"android.widget.TextView","Packagename":"com.zhihu.daily.android","Text":"从心理层面看，「婚外情」究竟是什么？"},{"Bounds":{"bottom":739,"left":48,"right":672,"top":648},"Classname":"android.widget.TextView","Packagename":"com.zhihu.daily.android","Text":"人类为什么需要仪式？"},{"Bounds":{"bottom":941,"left":48,"right":672,"top":808},"Classname":"android.widget.TextView","Packagename":"com.zhihu.daily.android","Text":"心理学从业者怎么看待近年来在国内心理咨询和治疗中十分流行的沙盘（箱庭）疗法？"},{"Bounds":{"bottom":1100,"left":48,"right":672,"top":1009},"Classname":"android.widget.TextView","Packagename":"com.zhihu.daily.android","Text":"为什么她总爱上同一类型的「渣」男？"},{"Bounds":{"bottom":1260,"left":48,"right":672,"top":1169},"Classname":"android.widget.TextView","Packagename":"com.zhihu.daily.android","Text":"国外幼教现状如何？"},{"Bounds":{"bottom":110,"left":32,"right":688,"top":160},"Classname":"android.widget.TextView","Packagename":"com.zhihu.daily.android","Text":"了解自己和别人，了解彼此的欲望和局限。"},{"Bounds":{"bottom":144,"left":688,"right":688,"top":160},"Classname":"android.widget.TextView","Packagename":"com.zhihu.daily.android","Text":""}],"packagename":"com.example.a10628.myapplication","width":1080}