{"events":[{"eventname":"TYPE_VIEW_CLICKED","source":{"Bounds":{"bottom":120,"left":394,"right":462,"top":66},"Classname":"android.widget.TextView","Packagename":"com.sina.weibo","Text":"榜单"}},{"eventname":"TYPE_VIEW_SCROLLED","source":{"Bounds":{"bottom":1280,"left":0,"right":720,"top":136},"Classname":"android.support.v4.view.ViewPager","Packagename":"com.sina.weibo","Text":""}}],"height":1920,"hovertime":5397,"nodes":[{"Bounds":{"bottom":-117,"left":96,"right":224,"top":0},"Classname":"android.widget.TextView","Packagename":"com.sina.weibo","Text":"微博热搜"},{"Bounds":{"bottom":-117,"left":240,"right":408,"top":0},"Classname":"android.widget.TextView","Packagename":"com.sina.weibo","Text":"每分钟更新一次"},{"Bounds":{"bottom":36,"left":0,"right":720,"top":0},"Classname":"android.view.View","Packagename":"com.sina.weibo","Text":""},{"Bounds":{"bottom":123,"left":0,"right":70,"top":63},"Classname":"android.widget.ImageView","Packagename":"com.sina.weibo","Text":""},{"Bounds":{"bottom":120,"left":122,"right":190,"top":66},"Classname":"android.widget.TextView","Packagename":"com.sina.weibo","Text":"视频"},{"Bounds":{"bottom":120,"left":258,"right":326,"top":66},"Classname":"android.widget.TextView","Packagename":"com.sina.weibo","Text":"头条"},{"Bounds":{"bottom":120,"left":394,"right":462,"top":66},"Classname":"android.widget.TextView","Packagename":"com.sina.weibo","Text":"榜单"},{"Bounds":{"bottom":120,"left":530,"right":598,"top":66},"Classname":"android.widget.TextView","Packagename":"com.sina.weibo","Text":"南京"},{"Bounds":{"bottom":-221,"left":202,"right":258,"top":0},"Classname":"android.widget.ImageView","Packagename":"com.sina.weibo","Text":""},{"Bounds":{"bottom":-221,"left":262,"right":529,"top":0},"Classname":"android.widget.EditText","Packagename":"com.sina.weibo","Text":"大家正在搜：2018msi"},{"Bounds":{"bottom":204,"left":0,"right":-573,"top":156},"Classname":"android.widget.TextView","Packagename":"com.sina.weibo","Text":"24小时"},{"Bounds":{"bottom":204,"left":0,"right":-417,"top":156},"Classname":"android.widget.TextView","Packagename":"com.sina.weibo","Text":"热舞"},{"Bounds":{"bottom":204,"left":0,"right":-261,"top":156},"Classname":"android.widget.TextView","Packagename":"com.sina.weibo","Text":"美妆护肤"},{"Bounds":{"bottom":204,"left":0,"right":-105,"top":156},"Classname":"android.widget.TextView","Packagename":"com.sina.weibo","Text":"美食烹饪"},{"Bounds":{"bottom":204,"left":0,"right":0,"top":156},"Classname":"android.widget.TextView","Packagename":"com.sina.weibo","Text":"吃货直播"},{"Bounds":{"bottom":204,"left":84,"right":0,"top":156},"Classname":"android.widget.TextView","Packagename":"com.sina.weibo","Text":"烘焙"},{"Bounds":{"bottom":204,"left":240,"right":0,"top":156},"Classname":"android.widget.TextView","Packagename":"com.sina.weibo","Text":"母婴育儿"},{"Bounds":{"bottom":204,"left":396,"right":0,"top":156},"Classname":"android.widget.TextView","Packagename":"com.sina.weibo","Text":"萌娃萌宠"},{"Bounds":{"bottom":204,"left":552,"right":0,"top":156},"Classname":"android.widget.TextView","Packagename":"com.sina.weibo","Text":"明星综艺"},{"Bounds":{"bottom":204,"left":708,"right":0,"top":156},"Classname":"android.widget.TextView","Packagename":"com.sina.weibo","Text":"搞笑"},{"Bounds":{"bottom":204,"left":864,"right":0,"top":156},"Classname":"android.widget.TextView","Packagename":"com.sina.weibo","Text":"微天下"},{"Bounds":{"bottom":204,"left":1020,"right":0,"top":156},"Classname":"android.widget.TextView","Packagename":"com.sina.weibo","Text":"影视"},{"Bounds":{"bottom":204,"left":1176,"right":0,"top":156},"Classname":"android.widget.TextView","Packagename":"com.sina.weibo","Text":"体育健身"},{"Bounds":{"bottom":204,"left":1332,"right":0,"top":156},"Classname":"android.widget.TextView","Packagename":"com.sina.weibo","Text":"旅游"},{"Bounds":{"bottom":627,"left":0,"right":-23,"top":249},"Classname":"android.widget.ImageView","Packagename":"com.sina.weibo","Text":""},{"Bounds":{"bottom":627,"left":0,"right":-23,"top":249},"Classname":"android.view.View","Packagename":"com.sina.weibo","Text":""},{"Bounds":{"bottom":615,"left":0,"right":-565,"top":583},"Classname":"android.widget.TextView","Packagename":"com.sina.weibo","Text":"5万次播放"},{"Bounds":{"bottom":615,"left":0,"right":-43,"top":583},"Classname":"android.widget.TextView","Packagename":"com.sina.weibo","Text":"02:28"},{"Bounds":{"bottom":502,"left":0,"right":-295,"top":374},"Classname":"android.widget.ImageView","Packagename":"com.sina.weibo","Text":""},{"Bounds":{"bottom":737,"left":0,"right":-25,"top":651},"Classname":"android.widget.TextView","Packagename":"com.sina.weibo","Text":"揭秘阿伟决赛帮跳兄弟团，小白蔡亮李琰舞者归来！#battle的正确姿势##这就是街舞##一起..."},{"Bounds":{"bottom":821,"left":0,"right":-633,"top":761},"Classname":"android.widget.FrameLayout","Packagename":"com.sina.weibo","Text":""},{"Bounds":{"bottom":809,"left":0,"right":-509,"top":773},"Classname":"android.widget.TextView","Packagename":"com.sina.weibo","Text":"玖点观影"},{"Bounds":{"bottom":821,"left":0,"right":-248,"top":761},"Classname":"android.widget.TextView","Packagename":"com.sina.weibo","Text":""},{"Bounds":{"bottom":821,"left":0,"right":-112,"top":761},"Classname":"android.widget.TextView","Packagename":"com.sina.weibo","Text":""},{"Bounds":{"bottom":809,"left":0,"right":-25,"top":773},"Classname":"android.widget.TextView","Packagename":"com.sina.weibo","Text":"16"},{"Bounds":{"bottom":1269,"left":0,"right":-740,"top":891},"Classname":"android.widget.ImageView","Packagename":"com.sina.weibo","Text":""},{"Bounds":{"bottom":1269,"left":0,"right":-740,"top":891},"Classname":"android.view.View","Packagename":"com.sina.weibo","Text":""},{"Bounds":{"bottom":1257,"left":0,"right":-1257,"top":1225},"Classname":"android.widget.TextView","Packagename":"com.sina.weibo","Text":"108万次播放"},{"Bounds":{"bottom":1257,"left":0,"right":-760,"top":1225},"Classname":"android.widget.TextView","Packagename":"com.sina.weibo","Text":"00:32"},{"Bounds":{"bottom":1144,"left":0,"right":-295,"top":1016},"Classname":"android.widget.ImageView","Packagename":"com.sina.weibo","Text":""},{"Bounds":{"bottom":1280,"left":0,"right":-742,"top":1293},"Classname":"android.widget.TextView","Packagename":"com.sina.weibo","Text":"周星驰，成龙在同一个城市拍戏，然后两大主演就互相客串了一把。周星驰只出镜了几十秒，..."},{"Bounds":{"bottom":1280,"left":0,"right":-1350,"top":1403},"Classname":"android.widget.FrameLayout","Packagename":"com.sina.weibo","Text":""},{"Bounds":{"bottom":1280,"left":0,"right":-1122,"top":1415},"Classname":"android.widget.TextView","Packagename":"com.sina.weibo","Text":"不要再叫我老公了"},{"Bounds":{"bottom":1280,"left":0,"right":-998,"top":1403},"Classname":"android.widget.TextView","Packagename":"com.sina.weibo","Text":""},{"Bounds":{"bottom":1280,"left":0,"right":-976,"top":1409},"Classname":"android.widget.TextView","Packagename":"com.sina.weibo","Text":"285"},{"Bounds":{"bottom":1280,"left":0,"right":-862,"top":1403},"Classname":"android.widget.TextView","Packagename":"com.sina.weibo","Text":""},{"Bounds":{"bottom":1280,"left":0,"right":-742,"top":1415},"Classname":"android.widget.TextView","Packagename":"com.sina.weibo","Text":"3890"},{"Bounds":{"bottom":184,"left":0,"right":-23,"top":136},"Classname":"android.widget.TextView","Packagename":"com.sina.weibo","Text":"空姐航班上卖淫2年疯赚500多万，机上厕所居然成了老窝，被发现时正在"},{"Bounds":{"bottom":359,"left":0,"right":-477,"top":196},"Classname":"android.widget.ImageView","Packagename":"com.sina.weibo","Text":""},{"Bounds":{"bottom":359,"left":0,"right":-251,"top":196},"Classname":"android.widget.ImageView","Packagename":"com.sina.weibo","Text":""},{"Bounds":{"bottom":359,"left":0,"right":-25,"top":196},"Classname":"android.widget.ImageView","Packagename":"com.sina.weibo","Text":""},{"Bounds":{"bottom":413,"left":0,"right":0,"top":371},"Classname":"android.widget.LinearLayout","Packagename":"com.sina.weibo","Text":""},{"Bounds":{"bottom":401,"left":0,"right":-551,"top":371},"Classname":"android.widget.TextView","Packagename":"com.sina.weibo","Text":"美妆护肤日志"},{"Bounds":{"bottom":401,"left":0,"right":-455,"top":371},"Classname":"android.widget.TextView","Packagename":"com.sina.weibo","Text":"40评论"},{"Bounds":{"bottom":527,"left":0,"right":-23,"top":438},"Classname":"android.widget.TextView","Packagename":"com.sina.weibo","Text":"空姐滴滴被杀，涉事司机父亲出面与其撇清关系“这辈子我不欠他”"},{"Bounds":{"bottom":702,"left":0,"right":-477,"top":539},"Classname":"android.widget.ImageView","Packagename":"com.sina.weibo","Text":""},{"Bounds":{"bottom":702,"left":0,"right":-251,"top":539},"Classname":"android.widget.ImageView","Packagename":"com.sina.weibo","Text":""},{"Bounds":{"bottom":702,"left":0,"right":-25,"top":539},"Classname":"android.widget.ImageView","Packagename":"com.sina.weibo","Text":""},{"Bounds":{"bottom":756,"left":0,"right":0,"top":714},"Classname":"android.widget.LinearLayout","Packagename":"com.sina.weibo","Text":""},{"Bounds":{"bottom":744,"left":0,"right":-623,"top":714},"Classname":"android.widget.TextView","Packagename":"com.sina.weibo","Text":"演员雅"},{"Bounds":{"bottom":744,"left":0,"right":-527,"top":714},"Classname":"android.widget.TextView","Packagename":"com.sina.weibo","Text":"77评论"},{"Bounds":{"bottom":870,"left":0,"right":-23,"top":781},"Classname":"android.widget.TextView","Packagename":"com.sina.weibo","Text":"洞房晚上男子偷偷跑去开房，新娘看到床上的人后，坦言：口味太重"},{"Bounds":{"bottom":1045,"left":0,"right":-477,"top":882},"Classname":"android.widget.ImageView","Packagename":"com.sina.weibo","Text":""},{"Bounds":{"bottom":1045,"left":0,"right":-251,"top":882},"Classname":"android.widget.ImageView","Packagename":"com.sina.weibo","Text":""},{"Bounds":{"bottom":1045,"left":0,"right":-25,"top":882},"Classname":"android.widget.ImageView","Packagename":"com.sina.weibo","Text":""},{"Bounds":{"bottom":1099,"left":0,"right":0,"top":1057},"Classname":"android.widget.LinearLayout","Packagename":"com.sina.weibo","Text":""},{"Bounds":{"bottom":1087,"left":0,"right":-551,"top":1057},"Classname":"android.widget.TextView","Packagename":"com.sina.weibo","Text":"美妆达人天天"},{"Bounds":{"bottom":1087,"left":0,"right":-444,"top":1057},"Classname":"android.widget.TextView","Packagename":"com.sina.weibo","Text":"103评论"},{"Bounds":{"bottom":1213,"left":0,"right":-23,"top":1124},"Classname":"android.widget.TextView","Packagename":"com.sina.weibo","Text":"李易峰恋情公开?绯闻女友成李太太，网友：太甜了"},{"Bounds":{"bottom":1280,"left":0,"right":-477,"top":1225},"Classname":"android.widget.ImageView","Packagename":"com.sina.weibo","Text":""},{"Bounds":{"bottom":1280,"left":0,"right":-251,"top":1225},"Classname":"android.widget.ImageView","Packagename":"com.sina.weibo","Text":""},{"Bounds":{"bottom":1280,"left":0,"right":-25,"top":1225},"Classname":"android.widget.ImageView","Packagename":"com.sina.weibo","Text":""},{"Bounds":{"bottom":1280,"left":0,"right":0,"top":1400},"Classname":"android.widget.LinearLayout","Packagename":"com.sina.weibo","Text":""},{"Bounds":{"bottom":1280,"left":0,"right":-575,"top":1400},"Classname":"android.widget.TextView","Packagename":"com.sina.weibo","Text":"唠叨婆揭秘"},{"Bounds":{"bottom":1280,"left":0,"right":-485,"top":1400},"Classname":"android.widget.TextView","Packagename":"com.sina.weibo","Text":"11评论"},{"Bounds":{"bottom":206,"left":0,"right":-584,"top":156},"Classname":"android.widget.TextView","Packagename":"com.sina.weibo","Text":"热点"},{"Bounds":{"bottom":206,"left":0,"right":-443,"top":156},"Classname":"android.widget.TextView","Packagename":"com.sina.weibo","Text":"视频"},{"Bounds":{"bottom":206,"left":0,"right":-302,"top":156},"Classname":"android.widget.TextView","Packagename":"com.sina.weibo","Text":"军事"},{"Bounds":{"bottom":206,"left":0,"right":-161,"top":156},"Classname":"android.widget.TextView","Packagename":"com.sina.weibo","Text":"北京"},{"Bounds":{"bottom":206,"left":0,"right":-20,"top":156},"Classname":"android.widget.TextView","Packagename":"com.sina.weibo","Text":"更多"},{"Bounds":{"bottom":206,"left":0,"right":-584,"top":156},"Classname":"android.widget.TextView","Packagename":"com.sina.weibo","Text":"热点"},{"Bounds":{"bottom":206,"left":0,"right":-443,"top":156},"Classname":"android.widget.TextView","Packagename":"com.sina.weibo","Text":"视频"},{"Bounds":{"bottom":206,"left":0,"right":-302,"top":156},"Classname":"android.widget.TextView","Packagename":"com.sina.weibo","Text":"军事"},{"Bounds":{"bottom":206,"left":0,"right":-161,"top":156},"Classname":"android.widget.TextView","Packagename":"com.sina.weibo","Text":"北京"},{"Bounds":{"bottom":206,"left":0,"right":-20,"top":156},"Classname":"android.widget.TextView","Packagename":"com.sina.weibo","Text":"更多"},{"Bounds":{"bottom":214,"left":351,"right":423,"top":181},"Classname":"android.widget.TextView","Packagename":"com.sina.weibo","Text":"加载中"},{"Bounds":{"bottom":204,"left":744,"right":720,"top":156},"Classname":"android.widget.TextView","Packagename":"com.sina.weibo","Text":"男榜"},{"Bounds":{"bottom":204,"left":900,"right":720,"top":156},"Classname":"android.widget.TextView","Packagename":"com.sina.weibo","Text":"女榜"},{"Bounds":{"bottom":204,"left":1056,"right":720,"top":156},"Classname":"android.widget.TextView","Packagename":"com.sina.weibo","Text":"小时榜"},{"Bounds":{"bottom":204,"left":1212,"right":720,"top":156},"Classname":"android.widget.TextView","Packagename":"com.sina.weibo","Text":"昨日"},{"Bounds":{"bottom":204,"left":1368,"right":720,"top":156},"Classname":"android.widget.TextView","Packagename":"com.sina.weibo","Text":"前日"},{"Bounds":{"bottom":204,"left":1524,"right":720,"top":156},"Classname":"android.widget.TextView","Packagename":"com.sina.weibo","Text":"周榜"},{"Bounds":{"bottom":136,"left":1440,"right":720,"top":136},"Classname":"android.widget.FrameLayout","Packagename":"com.sina.weibo","Text":""},{"Bounds":{"bottom":1280,"left":0,"right":144,"top":1280},"Classname":"android.view.View","Packagename":"com.sina.weibo","Text":""},{"Bounds":{"bottom":1280,"left":144,"right":288,"top":1280},"Classname":"android.view.View","Packagename":"com.sina.weibo","Text":""},{"Bounds":{"bottom":1280,"left":316,"right":404,"top":1286},"Classname":"android.widget.ImageView","Packagename":"com.sina.weibo","Text":""},{"Bounds":{"bottom":1280,"left":432,"right":576,"top":1280},"Classname":"android.view.View","Packagename":"com.sina.weibo","Text":""},{"Bounds":{"bottom":1280,"left":576,"right":720,"top":1280},"Classname":"android.view.ViewGroup","Packagename":"com.sina.weibo","Text":""}],"packagename":"com.example.a10628.myapplication","width":1080}