{"events":[{"eventname":"TYPE_VIEW_SCROLLED","source":{"Bounds":{"bottom":1182,"left":0,"right":720,"top":143},"Classname":"android.webkit.WebView","Packagename":"cn.amazon.mShop.android","Text":""}},{"eventname":"TYPE_VIEW_SCROLLED","source":{"Bounds":{"bottom":1182,"left":0,"right":720,"top":145},"Classname":"android.webkit.WebView","Packagename":"cn.amazon.mShop.android","Text":"亚马逊·发现"}}],"height":1920,"hovertime":1782,"nodes":[{"Bounds":{"bottom":120,"left":300,"right":420,"top":68},"Classname":"android.widget.ImageView","Packagename":"cn.amazon.mShop.android","Text":""},{"Bounds":{"bottom":140,"left":532,"right":624,"top":48},"Classname":"android.widget.ImageButton","Packagename":"cn.amazon.mShop.android","Text":""},{"Bounds":{"bottom":140,"left":624,"right":716,"top":48},"Classname":"android.widget.ImageView","Packagename":"cn.amazon.mShop.android","Text":""},{"Bounds":{"bottom":140,"left":656,"right":684,"top":62},"Classname":"android.widget.TextView","Packagename":"cn.amazon.mShop.android","Text":"0"},{"Bounds":{"bottom":71,"left":0,"right":720,"top":143},"Classname":"android.view.View","Packagename":"cn.amazon.mShop.android","Text":""},{"Bounds":{"bottom":71,"left":16,"right":704,"top":143},"Classname":"android.view.View","Packagename":"cn.amazon.mShop.android","Text":"要不是因为它颜值高，吃什么饭呀 用一只好看又实用的便当盒，午饭吃得更舒心。 "},{"Bounds":{"bottom":71,"left":502,"right":704,"top":143},"Classname":"android.view.View","Packagename":"cn.amazon.mShop.android","Text":""},{"Bounds":{"bottom":71,"left":570,"right":610,"top":143},"Classname":"android.widget.Image","Packagename":"cn.amazon.mShop.android","Text":""},{"Bounds":{"bottom":71,"left":618,"right":652,"top":143},"Classname":"android.view.View","Packagename":"cn.amazon.mShop.android","Text":"97"},{"Bounds":{"bottom":71,"left":16,"right":704,"top":143},"Classname":"android.view.View","Packagename":"cn.amazon.mShop.android","Text":"欧倍青的咖啡因“不喝就有效果” 掉发很烦恼？欧倍青的诞生帮你迎刃而解，利用复合咖啡因... "},{"Bounds":{"bottom":71,"left":502,"right":704,"top":143},"Classname":"android.view.View","Packagename":"cn.amazon.mShop.android","Text":""},{"Bounds":{"bottom":71,"left":570,"right":610,"top":143},"Classname":"android.widget.Image","Packagename":"cn.amazon.mShop.android","Text":""},{"Bounds":{"bottom":71,"left":618,"right":652,"top":143},"Classname":"android.view.View","Packagename":"cn.amazon.mShop.android","Text":"14"},{"Bounds":{"bottom":71,"left":16,"right":704,"top":143},"Classname":"android.view.View","Packagename":"cn.amazon.mShop.android","Text":"每一口德国帅锅，都值得陪你走完一生 实至名归的工业杰作，这些德系帅锅都值得你投资。 "},{"Bounds":{"bottom":71,"left":502,"right":704,"top":143},"Classname":"android.view.View","Packagename":"cn.amazon.mShop.android","Text":""},{"Bounds":{"bottom":71,"left":570,"right":610,"top":143},"Classname":"android.widget.Image","Packagename":"cn.amazon.mShop.android","Text":""},{"Bounds":{"bottom":71,"left":618,"right":668,"top":143},"Classname":"android.view.View","Packagename":"cn.amazon.mShop.android","Text":"155"},{"Bounds":{"bottom":71,"left":0,"right":720,"top":143},"Classname":"android.view.View","Packagename":"cn.amazon.mShop.android","Text":"享誉世界的玻璃制品知名品牌 "},{"Bounds":{"bottom":71,"left":502,"right":704,"top":143},"Classname":"android.view.View","Packagename":"cn.amazon.mShop.android","Text":""},{"Bounds":{"bottom":71,"left":570,"right":610,"top":143},"Classname":"android.widget.Image","Packagename":"cn.amazon.mShop.android","Text":""},{"Bounds":{"bottom":71,"left":618,"right":652,"top":143},"Classname":"android.view.View","Packagename":"cn.amazon.mShop.android","Text":"82"},{"Bounds":{"bottom":291,"left":0,"right":720,"top":143},"Classname":"android.view.View","Packagename":"cn.amazon.mShop.android","Text":"自然的馈赠 纽约有机美容品牌 "},{"Bounds":{"bottom":277,"left":502,"right":704,"top":179},"Classname":"android.view.View","Packagename":"cn.amazon.mShop.android","Text":""},{"Bounds":{"bottom":247,"left":570,"right":610,"top":213},"Classname":"android.widget.Image","Packagename":"cn.amazon.mShop.android","Text":""},{"Bounds":{"bottom":247,"left":618,"right":668,"top":213},"Classname":"android.view.View","Packagename":"cn.amazon.mShop.android","Text":"199"},{"Bounds":{"bottom":681,"left":16,"right":704,"top":299},"Classname":"android.view.View","Packagename":"cn.amazon.mShop.android","Text":"# 开运红鞋精选 # "},{"Bounds":{"bottom":679,"left":502,"right":704,"top":583},"Classname":"android.view.View","Packagename":"cn.amazon.mShop.android","Text":""},{"Bounds":{"bottom":651,"left":570,"right":610,"top":615},"Classname":"android.widget.Image","Packagename":"cn.amazon.mShop.android","Text":""},{"Bounds":{"bottom":651,"left":618,"right":668,"top":617},"Classname":"android.view.View","Packagename":"cn.amazon.mShop.android","Text":"183"},{"Bounds":{"bottom":1109,"left":160,"right":560,"top":741},"Classname":"android.view.View","Packagename":"cn.amazon.mShop.android","Text":"ref\u003ddiscover_asn_clk_editors_choice_gl_jewelry"},{"Bounds":{"bottom":1109,"left":36,"right":160,"top":1107},"Classname":"android.view.View","Packagename":"cn.amazon.mShop.android","Text":"香港/保税仓"},{"Bounds":{"bottom":1109,"left":36,"right":684,"top":1107},"Classname":"android.view.View","Packagename":"cn.amazon.mShop.android","Text":"Tiffany \u0026 Co 蒂芙尼 心形豆豆吊坠纯银项链-银色 25185129..."},{"Bounds":{"bottom":1109,"left":36,"right":670,"top":1107},"Classname":"android.view.View","Packagename":"cn.amazon.mShop.android","Text":"自1837年以来，蒂芙尼传奇杰作引领风格，见证世间无数至臻至美的爱情故事。极致..."},{"Bounds":{"bottom":1109,"left":264,"right":288,"top":1107},"Classname":"android.widget.Image","Packagename":"cn.amazon.mShop.android","Text":""},{"Bounds":{"bottom":1109,"left":298,"right":346,"top":1107},"Classname":"android.view.View","Packagename":"cn.amazon.mShop.android","Text":"更多"},{"Bounds":{"bottom":1109,"left":36,"right":198,"top":1107},"Classname":"android.view.View","Packagename":"cn.amazon.mShop.android","Text":""},{"Bounds":{"bottom":1109,"left":210,"right":244,"top":1107},"Classname":"android.view.View","Packagename":"cn.amazon.mShop.android","Text":"24"},{"Bounds":{"bottom":1109,"left":36,"right":188,"top":1107},"Classname":"android.view.View","Packagename":"cn.amazon.mShop.android","Text":"￥1,339.00"},{"Bounds":{"bottom":1109,"left":36,"right":684,"top":1107},"Classname":"android.view.View","Packagename":"cn.amazon.mShop.android","Text":"查看更多相似商品 "},{"Bounds":{"bottom":1109,"left":502,"right":704,"top":1107},"Classname":"android.view.View","Packagename":"cn.amazon.mShop.android","Text":""},{"Bounds":{"bottom":1109,"left":570,"right":610,"top":1107},"Classname":"android.widget.Image","Packagename":"cn.amazon.mShop.android","Text":""},{"Bounds":{"bottom":1109,"left":618,"right":652,"top":1107},"Classname":"android.view.View","Packagename":"cn.amazon.mShop.android","Text":"23"},{"Bounds":{"bottom":1109,"left":202,"right":518,"top":1107},"Classname":"android.view.View","Packagename":"cn.amazon.mShop.android","Text":"ref\u003ddiscover_asn_clk_recommendation_gl_digital_ebook_purchase"},{"Bounds":{"bottom":1109,"left":36,"right":128,"top":1107},"Classname":"android.view.View","Packagename":"cn.amazon.mShop.android","Text":"猜您喜欢"},{"Bounds":{"bottom":1109,"left":36,"right":684,"top":1107},"Classname":"android.view.View","Packagename":"cn.amazon.mShop.android","Text":"新版爆笑校园40"},{"Bounds":{"bottom":1109,"left":36,"right":198,"top":1107},"Classname":"android.view.View","Packagename":"cn.amazon.mShop.android","Text":""},{"Bounds":{"bottom":1109,"left":210,"right":244,"top":1107},"Classname":"android.view.View","Packagename":"cn.amazon.mShop.android","Text":"29"},{"Bounds":{"bottom":1109,"left":36,"right":128,"top":1107},"Classname":"android.view.View","Packagename":"cn.amazon.mShop.android","Text":"￥1.49"},{"Bounds":{"bottom":1109,"left":36,"right":684,"top":1107},"Classname":"android.view.View","Packagename":"cn.amazon.mShop.android","Text":"查看更多相似商品 "},{"Bounds":{"bottom":1109,"left":502,"right":704,"top":1107},"Classname":"android.view.View","Packagename":"cn.amazon.mShop.android","Text":""},{"Bounds":{"bottom":1109,"left":570,"right":610,"top":1107},"Classname":"android.widget.Image","Packagename":"cn.amazon.mShop.android","Text":""},{"Bounds":{"bottom":1109,"left":618,"right":636,"top":1107},"Classname":"android.view.View","Packagename":"cn.amazon.mShop.android","Text":"0"},{"Bounds":{"bottom":1109,"left":160,"right":560,"top":1107},"Classname":"android.view.View","Packagename":"cn.amazon.mShop.android","Text":"ref\u003ddiscover_asn_clk_editors_choice_gl_drugstore"},{"Bounds":{"bottom":1109,"left":36,"right":268,"top":1107},"Classname":"android.view.View","Packagename":"cn.amazon.mShop.android","Text":"香港/保税仓 · 热销爆款"},{"Bounds":{"bottom":1109,"left":36,"right":684,"top":1107},"Classname":"android.view.View","Packagename":"cn.amazon.mShop.android","Text":"The ORIGINAL Bad Air Sponge吸收异味空气净化剂400..."},{"Bounds":{"bottom":1109,"left":36,"right":684,"top":1107},"Classname":"android.view.View","Packagename":"cn.amazon.mShop.android","Text":"风靡美国60年，白宫御用。强力吸附异味与有害物质，呵护家人健康。"},{"Bounds":{"bottom":1109,"left":86,"right":112,"top":1107},"Classname":"android.widget.Image","Packagename":"cn.amazon.mShop.android","Text":""},{"Bounds":{"bottom":1109,"left":120,"right":168,"top":1107},"Classname":"android.view.View","Packagename":"cn.amazon.mShop.android","Text":"更多"},{"Bounds":{"bottom":1109,"left":36,"right":198,"top":1107},"Classname":"android.view.View","Packagename":"cn.amazon.mShop.android","Text":""},{"Bounds":{"bottom":1109,"left":210,"right":244,"top":1107},"Classname":"android.view.View","Packagename":"cn.amazon.mShop.android","Text":"93"},{"Bounds":{"bottom":1109,"left":36,"right":164,"top":1107},"Classname":"android.view.View","Packagename":"cn.amazon.mShop.android","Text":"￥159.00"},{"Bounds":{"bottom":1109,"left":36,"right":684,"top":1107},"Classname":"android.view.View","Packagename":"cn.amazon.mShop.android","Text":"查看更多相似商品 "},{"Bounds":{"bottom":1109,"left":502,"right":704,"top":1107},"Classname":"android.view.View","Packagename":"cn.amazon.mShop.android","Text":""},{"Bounds":{"bottom":1109,"left":570,"right":610,"top":1107},"Classname":"android.widget.Image","Packagename":"cn.amazon.mShop.android","Text":""},{"Bounds":{"bottom":1109,"left":618,"right":652,"top":1107},"Classname":"android.view.View","Packagename":"cn.amazon.mShop.android","Text":"31"},{"Bounds":{"bottom":1109,"left":16,"right":704,"top":1107},"Classname":"android.view.View","Packagename":"cn.amazon.mShop.android","Text":"一觉醒来，世界有什么新变化？ 拥有知识和智慧的人，定能从容应对这个变化的世界。 "},{"Bounds":{"bottom":1109,"left":502,"right":704,"top":1107},"Classname":"android.view.View","Packagename":"cn.amazon.mShop.android","Text":""},{"Bounds":{"bottom":1109,"left":570,"right":610,"top":1107},"Classname":"android.widget.Image","Packagename":"cn.amazon.mShop.android","Text":""},{"Bounds":{"bottom":1109,"left":618,"right":652,"top":1107},"Classname":"android.view.View","Packagename":"cn.amazon.mShop.android","Text":"13"},{"Bounds":{"bottom":1109,"left":16,"right":704,"top":1107},"Classname":"android.view.View","Packagename":"cn.amazon.mShop.android","Text":"运动欢畅后，可不能带来损伤 你还以为只要运动健身就能拥有好身体吗？体育锻炼虽然可... "},{"Bounds":{"bottom":1109,"left":502,"right":704,"top":1107},"Classname":"android.view.View","Packagename":"cn.amazon.mShop.android","Text":""},{"Bounds":{"bottom":1109,"left":570,"right":610,"top":1107},"Classname":"android.widget.Image","Packagename":"cn.amazon.mShop.android","Text":""},{"Bounds":{"bottom":1109,"left":618,"right":652,"top":1107},"Classname":"android.view.View","Packagename":"cn.amazon.mShop.android","Text":"21"},{"Bounds":{"bottom":1109,"left":330,"right":390,"top":1107},"Classname":"android.view.View","Packagename":"cn.amazon.mShop.android","Text":""},{"Bounds":{"bottom":71,"left":0,"right":720,"top":143},"Classname":"android.view.View","Packagename":"cn.amazon.mShop.android","Text":""},{"Bounds":{"bottom":71,"left":568,"right":624,"top":143},"Classname":"android.widget.Image","Packagename":"cn.amazon.mShop.android","Text":""},{"Bounds":{"bottom":1109,"left":0,"right":720,"top":1107},"Classname":"android.view.View","Packagename":"cn.amazon.mShop.android","Text":""},{"Bounds":{"bottom":1280,"left":0,"right":180,"top":1184},"Classname":"android.widget.RadioButton","Packagename":"cn.amazon.mShop.android","Text":"首页"},{"Bounds":{"bottom":1280,"left":180,"right":360,"top":1184},"Classname":"android.widget.RadioButton","Packagename":"cn.amazon.mShop.android","Text":"品类"},{"Bounds":{"bottom":1280,"left":360,"right":540,"top":1184},"Classname":"android.widget.RadioButton","Packagename":"cn.amazon.mShop.android","Text":"发现"},{"Bounds":{"bottom":1280,"left":540,"right":720,"top":1184},"Classname":"android.widget.RadioButton","Packagename":"cn.amazon.mShop.android","Text":"我的"}],"packagename":"com.example.a10628.myapplication","width":1080}