{"events":[{"eventname":"TYPE_WINDOW_STATE_CHANGED","source":{"Bounds":{"bottom":1280,"left":0,"right":720,"top":0},"Classname":"android.widget.FrameLayout","Packagename":"com.douban.frodo","Text":""}},{"eventname":"TYPE_WINDOW_STATE_CHANGED","source":{"Bounds":{"bottom":1280,"left":0,"right":720,"top":0},"Classname":"android.widget.FrameLayout","Packagename":"com.douban.frodo","Text":""}},{"eventname":"TYPE_VIEW_SCROLLED","source":{"Bounds":{"bottom":1182,"left":0,"right":720,"top":144},"Classname":"android.widget.ListView","Packagename":"com.douban.frodo","Text":""}}],"height":1920,"hovertime":4964,"nodes":[{"Bounds":{"bottom":0,"left":0,"right":0,"top":0},"Classname":"android.widget.RelativeLayout","Packagename":"com.douban.frodo","Text":""},{"Bounds":{"bottom":1190,"left":447,"right":497,"top":1165},"Classname":"android.widget.TextView","Packagename":"com.douban.frodo","Text":"5.23.0"}],"packagename":"com.example.a10628.myapplication","width":1080}