{"events":[{"eventname":"TYPE_VIEW_SCROLLED","source":{"Bounds":{"bottom":1280,"left":0,"right":720,"top":220},"Classname":"android.support.v7.widget.RecyclerView","Packagename":"com.zhihu.android","Text":""}}],"height":1920,"hovertime":3927,"nodes":[{"Bounds":{"bottom":140,"left":128,"right":470,"top":68},"Classname":"android.widget.TextView","Packagename":"com.zhihu.android","Text":"谢尔顿艾米结婚"},{"Bounds":{"bottom":125,"left":608,"right":672,"top":82},"Classname":"android.widget.TextView","Packagename":"com.zhihu.android","Text":"提问"},{"Bounds":{"bottom":199,"left":92,"right":148,"top":161},"Classname":"android.widget.TextView","Packagename":"com.zhihu.android","Text":"关注"},{"Bounds":{"bottom":199,"left":332,"right":388,"top":161},"Classname":"android.widget.TextView","Packagename":"com.zhihu.android","Text":"推荐"},{"Bounds":{"bottom":199,"left":572,"right":628,"top":161},"Classname":"android.widget.TextView","Packagename":"com.zhihu.android","Text":"热榜"},{"Bounds":{"bottom":308,"left":0,"right":-639,"top":252},"Classname":"android.widget.ImageView","Packagename":"com.zhihu.android","Text":""},{"Bounds":{"bottom":307,"left":0,"right":-407,"top":253},"Classname":"android.widget.TextView","Packagename":"com.zhihu.android","Text":"张佳玮发表了文章"},{"Bounds":{"bottom":307,"left":0,"right":-279,"top":253},"Classname":"android.widget.TextView","Packagename":"com.zhihu.android","Text":" · 9 小时前"},{"Bounds":{"bottom":408,"left":0,"right":-31,"top":308},"Classname":"android.widget.TextView","Packagename":"com.zhihu.android","Text":"还记得十年前5月12日汶川地震时，在做什么吗？"},{"Bounds":{"bottom":549,"left":0,"right":-47,"top":408},"Classname":"android.widget.TextView","Packagename":"com.zhihu.android","Text":"张佳玮： 十年前的今天吧，我还记得： 出事之前一天我熬了个夜，那天是下午有消息来，所以我有一口气26个小时没睡，净盯电脑了。 我还记得那时移动互联网不算发达，只得在QQ群和MSN（对，那会儿还用这个呢）之间来回刷，找人，帮传话，问平安。 我平时不太看电视，那几天…"},{"Bounds":{"bottom":606,"left":0,"right":-79,"top":568},"Classname":"android.widget.TextView","Packagename":"com.zhihu.android","Text":"1,132 赞 · 118 评论"},{"Bounds":{"bottom":611,"left":0,"right":-15,"top":563},"Classname":"android.widget.ImageView","Packagename":"com.zhihu.android","Text":""},{"Bounds":{"bottom":721,"left":0,"right":-639,"top":665},"Classname":"android.widget.ImageView","Packagename":"com.zhihu.android","Text":""},{"Bounds":{"bottom":720,"left":0,"right":-407,"top":666},"Classname":"android.widget.TextView","Packagename":"com.zhihu.android","Text":"张佳玮回答了问题"},{"Bounds":{"bottom":720,"left":0,"right":-307,"top":666},"Classname":"android.widget.TextView","Packagename":"com.zhihu.android","Text":" · 1 天前"},{"Bounds":{"bottom":772,"left":0,"right":-311,"top":721},"Classname":"android.widget.TextView","Packagename":"com.zhihu.android","Text":"抗美援朝中国得到了什么？"},{"Bounds":{"bottom":913,"left":0,"right":-47,"top":772},"Classname":"android.widget.TextView","Packagename":"com.zhihu.android","Text":"张佳玮：谢邀。 获得了尊重\u003d夹缝中的喘息空间\u003d这个残忍世界中的立足之地。这是立国之本。 更进一步，获得了国际社会里被拉拢被谈判的价值。这是崛起之基。 我之前说过，抗美援朝是不得不打，又的确该打。朝鲜战争该不该打?战后中国是赢得了世界尊重还是世界疏远了红色中…"},{"Bounds":{"bottom":970,"left":0,"right":-79,"top":932},"Classname":"android.widget.TextView","Packagename":"com.zhihu.android","Text":"1,657 赞同 · 353 评论"},{"Bounds":{"bottom":975,"left":0,"right":-15,"top":927},"Classname":"android.widget.ImageView","Packagename":"com.zhihu.android","Text":""},{"Bounds":{"bottom":1085,"left":0,"right":-639,"top":1029},"Classname":"android.widget.ImageView","Packagename":"com.zhihu.android","Text":""},{"Bounds":{"bottom":1084,"left":0,"right":-407,"top":1030},"Classname":"android.widget.TextView","Packagename":"com.zhihu.android","Text":"张佳玮发表了文章"},{"Bounds":{"bottom":1084,"left":0,"right":-307,"top":1030},"Classname":"android.widget.TextView","Packagename":"com.zhihu.android","Text":" · 2 天前"},{"Bounds":{"bottom":1136,"left":0,"right":-55,"top":1085},"Classname":"android.widget.TextView","Packagename":"com.zhihu.android","Text":"沈从文先生的气性，及他与汪曾祺先生的不同"},{"Bounds":{"bottom":1277,"left":0,"right":-47,"top":1136},"Classname":"android.widget.TextView","Packagename":"com.zhihu.android","Text":"张佳玮： 今天是沈从文先生三十周年忌日，嗯。 说沈从文先生，自然得先说《边城》，一部极清澈写意的好小说。 《边城》的情节与行文，浑融一体：清澈的情节，清澈的字句。 清澈在：并不回避悲剧，并不回避死亡（天保和爷爷的死去），也不回避妓女们的存在。 清澈在：创造…"},{"Bounds":{"bottom":1280,"left":0,"right":-79,"top":1296},"Classname":"android.widget.TextView","Packagename":"com.zhihu.android","Text":"1,439 赞 · 101 评论"},{"Bounds":{"bottom":1280,"left":0,"right":-15,"top":1291},"Classname":"android.widget.ImageView","Packagename":"com.zhihu.android","Text":""},{"Bounds":{"bottom":245,"left":32,"right":688,"top":220},"Classname":"android.widget.TextView","Packagename":"com.zhihu.android","Text":"勇士四巨头会因为薪水原因分开吗，如果分开管理层会选择放走谁？"},{"Bounds":{"bottom":386,"left":32,"right":672,"top":245},"Classname":"android.widget.TextView","Packagename":"com.zhihu.android","Text":"沈少Neo：四巨头是否分开，关键就是格林。 格林看着年轻，已经28了，目前的合同签到30岁。所以关键就是续约合同想拿多少。 想拿多少，就得看能打出什么水平。 先说结论：四巨头格林，是最强格林。 这个几乎是大家的共识了吧？格林投射能力只能说还行，三分有，但不靠谱，…"},{"Bounds":{"bottom":443,"left":32,"right":640,"top":405},"Classname":"android.widget.TextView","Packagename":"com.zhihu.android","Text":"353 赞同 · 181 评论"},{"Bounds":{"bottom":448,"left":640,"right":704,"top":400},"Classname":"android.widget.ImageView","Packagename":"com.zhihu.android","Text":""},{"Bounds":{"bottom":553,"left":32,"right":506,"top":502},"Classname":"android.widget.TextView","Packagename":"com.zhihu.android","Text":"勒布朗·詹姆斯可以超越乔丹吗？？"},{"Bounds":{"bottom":694,"left":32,"right":672,"top":553},"Classname":"android.widget.TextView","Packagename":"com.zhihu.android","Text":"逆魂笑笑生：谢邀。 这问题怎么还在邀...两个同学假设A和B。A同学次次考100分，考了三年100次，分数累加是10000分，B同学有时候考100分，有时候考60分（参考07年总决赛），正常时候都在85 -90分徘徊，但是考了五年，分数累加是15000分。 怎么就有人觉得B同学比A同学成绩好了…"},{"Bounds":{"bottom":751,"left":32,"right":640,"top":713},"Classname":"android.widget.TextView","Packagename":"com.zhihu.android","Text":"236 赞同 · 202 评论"},{"Bounds":{"bottom":756,"left":640,"right":704,"top":708},"Classname":"android.widget.ImageView","Packagename":"com.zhihu.android","Text":""},{"Bounds":{"bottom":915,"left":32,"right":688,"top":826},"Classname":"android.widget.TextView","Packagename":"com.zhihu.android","Text":"这立绘也太美了，维多莉亚邀你守护《苍之纪元》。"},{"Bounds":{"bottom":1280,"left":32,"right":688,"top":1220},"Classname":"android.widget.TextView","Packagename":"com.zhihu.android","Text":"远程近战、输出肉盾等各种定位类型任你挑选，突破觉醒无限成长，英雄组队策略搭配，你能否成为奥罗拉大陆的神勇团长？"},{"Bounds":{"bottom":1280,"left":32,"right":92,"top":1362},"Classname":"android.widget.TextView","Packagename":"com.zhihu.android","Text":"广告"},{"Bounds":{"bottom":1280,"left":108,"right":220,"top":1363},"Classname":"android.widget.TextView","Packagename":"com.zhihu.android","Text":"苍之纪元"},{"Bounds":{"bottom":1280,"left":220,"right":353,"top":1363},"Classname":"android.widget.TextView","Packagename":"com.zhihu.android","Text":" · 立即下载"},{"Bounds":{"bottom":1280,"left":632,"right":704,"top":1350},"Classname":"android.widget.ImageView","Packagename":"com.zhihu.android","Text":""},{"Bounds":{"bottom":141,"left":740,"right":720,"top":220},"Classname":"android.widget.TextView","Packagename":"com.zhihu.android","Text":"36"},{"Bounds":{"bottom":183,"left":802,"right":720,"top":220},"Classname":"android.widget.TextView","Packagename":"com.zhihu.android","Text":"滴滴司机涉嫌杀害空姐后，为什么要“弃车跳河”？"},{"Bounds":{"bottom":233,"left":802,"right":720,"top":220},"Classname":"android.widget.TextView","Packagename":"com.zhihu.android","Text":"212 万热度"},{"Bounds":{"bottom":340,"left":740,"right":720,"top":291},"Classname":"android.widget.TextView","Packagename":"com.zhihu.android","Text":"37"},{"Bounds":{"bottom":334,"left":802,"right":720,"top":291},"Classname":"android.widget.TextView","Packagename":"com.zhihu.android","Text":"如何看待余额宝升级？"},{"Bounds":{"bottom":384,"left":802,"right":720,"top":346},"Classname":"android.widget.TextView","Packagename":"com.zhihu.android","Text":"余额宝升级后，由原来的单服务变成了多服务者可选，但是七日年化率提高了0.4%，在余额宝七日年化率持续下降、余额宝暂停自动转入功能和微信零钱通，银联云闪付等打压余额支付宝的情况下，各位大佬们，如何看待余额宝的这次升级？"},{"Bounds":{"bottom":434,"left":802,"right":720,"top":396},"Classname":"android.widget.TextView","Packagename":"com.zhihu.android","Text":"212 万热度"},{"Bounds":{"bottom":536,"left":740,"right":720,"top":487},"Classname":"android.widget.TextView","Packagename":"com.zhihu.android","Text":"38"},{"Bounds":{"bottom":569,"left":749,"right":720,"top":536},"Classname":"android.widget.TextView","Packagename":"com.zhihu.android","Text":"新"},{"Bounds":{"bottom":578,"left":802,"right":720,"top":487},"Classname":"android.widget.TextView","Packagename":"com.zhihu.android","Text":"如果地球上真的随机消失一半人口，人类社会还能恢复正常运转吗？"},{"Bounds":{"bottom":628,"left":802,"right":720,"top":590},"Classname":"android.widget.TextView","Packagename":"com.zhihu.android","Text":"212 万热度"},{"Bounds":{"bottom":725,"left":740,"right":720,"top":676},"Classname":"android.widget.TextView","Packagename":"com.zhihu.android","Text":"39"},{"Bounds":{"bottom":719,"left":802,"right":720,"top":676},"Classname":"android.widget.TextView","Packagename":"com.zhihu.android","Text":"怎么积极高效地做作业？"},{"Bounds":{"bottom":769,"left":802,"right":720,"top":731},"Classname":"android.widget.TextView","Packagename":"com.zhihu.android","Text":"高中生 在学校还挺刻苦 并且每周都计划好好做作业，结果一到家 就不想做作业了 不到最后关头一定不做 即使最后关头做的效率质量也很差，该怎么办"},{"Bounds":{"bottom":819,"left":802,"right":720,"top":781},"Classname":"android.widget.TextView","Packagename":"com.zhihu.android","Text":"209 万热度"},{"Bounds":{"bottom":916,"left":740,"right":720,"top":867},"Classname":"android.widget.TextView","Packagename":"com.zhihu.android","Text":"40"},{"Bounds":{"bottom":910,"left":802,"right":720,"top":867},"Classname":"android.widget.TextView","Packagename":"com.zhihu.android","Text":"复仇者联盟三：星爵究竟该不该背锅？"},{"Bounds":{"bottom":960,"left":802,"right":720,"top":922},"Classname":"android.widget.TextView","Packagename":"com.zhihu.android","Text":"星爵这波操作。。他要背锅吗？"},{"Bounds":{"bottom":1010,"left":802,"right":720,"top":972},"Classname":"android.widget.TextView","Packagename":"com.zhihu.android","Text":"209 万热度"},{"Bounds":{"bottom":1264,"left":720,"right":720,"top":1034},"Classname":"android.widget.TextView","Packagename":"com.zhihu.android","Text":"没有更多内容"},{"Bounds":{"bottom":1280,"left":48,"right":96,"top":1337},"Classname":"android.widget.TextView","Packagename":"com.zhihu.android","Text":"首页"},{"Bounds":{"bottom":1280,"left":192,"right":240,"top":1337},"Classname":"android.widget.TextView","Packagename":"com.zhihu.android","Text":"想法"},{"Bounds":{"bottom":1280,"left":336,"right":384,"top":1337},"Classname":"android.widget.TextView","Packagename":"com.zhihu.android","Text":"市场"},{"Bounds":{"bottom":1280,"left":480,"right":528,"top":1337},"Classname":"android.widget.TextView","Packagename":"com.zhihu.android","Text":"通知"},{"Bounds":{"bottom":1280,"left":612,"right":684,"top":1337},"Classname":"android.widget.TextView","Packagename":"com.zhihu.android","Text":"未登录"}],"packagename":"com.example.a10628.myapplication","width":1080}