{"events":[{"eventname":"TYPE_VIEW_CLICKED","source":{"Bounds":{"bottom":1064,"left":0,"right":720,"top":811},"Classname":"android.widget.FrameLayout","Packagename":"com.tmall.wireless","Text":""}},{"eventname":"TYPE_WINDOW_STATE_CHANGED","source":{"Bounds":{"bottom":1280,"left":0,"right":720,"top":0},"Classname":"android.widget.FrameLayout","Packagename":"com.tmall.wireless","Text":""}}],"height":1920,"hovertime":5087,"nodes":[{"Bounds":{"bottom":-1814,"left":23,"right":131,"top":48},"Classname":"android.view.View","Packagename":"com.tmall.wireless","Text":""},{"Bounds":{"bottom":-1814,"left":179,"right":287,"top":48},"Classname":"android.view.View","Packagename":"com.tmall.wireless","Text":""},{"Bounds":{"bottom":-1814,"left":335,"right":443,"top":48},"Classname":"android.view.View","Packagename":"com.tmall.wireless","Text":""},{"Bounds":{"bottom":-1814,"left":491,"right":599,"top":48},"Classname":"android.view.View","Packagename":"com.tmall.wireless","Text":""},{"Bounds":{"bottom":48,"left":0,"right":720,"top":48},"Classname":"android.widget.FrameLayout","Packagename":"com.tmall.wireless","Text":""},{"Bounds":{"bottom":48,"left":0,"right":720,"top":48},"Classname":"android.widget.FrameLayout","Packagename":"com.tmall.wireless","Text":""},{"Bounds":{"bottom":48,"left":0,"right":720,"top":48},"Classname":"android.widget.FrameLayout","Packagename":"com.tmall.wireless","Text":""},{"Bounds":{"bottom":354,"left":198,"right":720,"top":313},"Classname":"android.view.View","Packagename":"com.tmall.wireless","Text":""},{"Bounds":{"bottom":396,"left":206,"right":252,"top":369},"Classname":"android.view.View","Packagename":"com.tmall.wireless","Text":""},{"Bounds":{"bottom":477,"left":0,"right":720,"top":445},"Classname":"android.view.View","Packagename":"com.tmall.wireless","Text":""},{"Bounds":{"bottom":566,"left":23,"right":697,"top":492},"Classname":"android.view.View","Packagename":"com.tmall.wireless","Text":""},{"Bounds":{"bottom":562,"left":578,"right":697,"top":533},"Classname":"android.view.View","Packagename":"com.tmall.wireless","Text":""},{"Bounds":{"bottom":638,"left":23,"right":131,"top":606},"Classname":"android.view.View","Packagename":"com.tmall.wireless","Text":""},{"Bounds":{"bottom":638,"left":179,"right":287,"top":606},"Classname":"android.view.View","Packagename":"com.tmall.wireless","Text":""},{"Bounds":{"bottom":638,"left":335,"right":443,"top":606},"Classname":"android.view.View","Packagename":"com.tmall.wireless","Text":""},{"Bounds":{"bottom":638,"left":491,"right":599,"top":606},"Classname":"android.view.View","Packagename":"com.tmall.wireless","Text":""},{"Bounds":{"bottom":746,"left":0,"right":720,"top":702},"Classname":"android.widget.FrameLayout","Packagename":"com.tmall.wireless","Text":""},{"Bounds":{"bottom":746,"left":0,"right":720,"top":746},"Classname":"android.widget.FrameLayout","Packagename":"com.tmall.wireless","Text":""},{"Bounds":{"bottom":746,"left":0,"right":720,"top":746},"Classname":"android.widget.FrameLayout","Packagename":"com.tmall.wireless","Text":""},{"Bounds":{"bottom":747,"left":0,"right":720,"top":746},"Classname":"android.widget.FrameLayout","Packagename":"com.tmall.wireless","Text":""},{"Bounds":{"bottom":788,"left":23,"right":163,"top":747},"Classname":"android.view.View","Packagename":"com.tmall.wireless","Text":""},{"Bounds":{"bottom":898,"left":263,"right":697,"top":834},"Classname":"android.view.View","Packagename":"com.tmall.wireless","Text":""},{"Bounds":{"bottom":1034,"left":263,"right":288,"top":1005},"Classname":"android.view.View","Packagename":"com.tmall.wireless","Text":""},{"Bounds":{"bottom":1036,"left":288,"right":376,"top":992},"Classname":"android.view.View","Packagename":"com.tmall.wireless","Text":""},{"Bounds":{"bottom":1031,"left":380,"right":693,"top":1008},"Classname":"android.view.View","Packagename":"com.tmall.wireless","Text":""},{"Bounds":{"bottom":1151,"left":263,"right":697,"top":1087},"Classname":"android.view.View","Packagename":"com.tmall.wireless","Text":""},{"Bounds":{"bottom":1280,"left":263,"right":288,"top":1258},"Classname":"android.view.View","Packagename":"com.tmall.wireless","Text":""},{"Bounds":{"bottom":1280,"left":288,"right":354,"top":1245},"Classname":"android.view.View","Packagename":"com.tmall.wireless","Text":""},{"Bounds":{"bottom":1280,"left":358,"right":693,"top":1261},"Classname":"android.view.View","Packagename":"com.tmall.wireless","Text":""},{"Bounds":{"bottom":119,"left":0,"right":77,"top":61},"Classname":"android.widget.FrameLayout","Packagename":"com.tmall.wireless","Text":""},{"Bounds":{"bottom":110,"left":77,"right":634,"top":69},"Classname":"android.view.View","Packagename":"com.tmall.wireless","Text":""},{"Bounds":{"bottom":119,"left":634,"right":720,"top":61},"Classname":"android.widget.FrameLayout","Packagename":"com.tmall.wireless","Text":""}],"packagename":"com.example.a10628.myapplication","width":1080}