{"events":[{"eventname":"TYPE_VIEW_SCROLLED","source":{"Bounds":{"bottom":1149,"left":0,"right":720,"top":769},"Classname":"android.support.v7.widget.RecyclerView","Packagename":"com.netease.pris","Text":""}},{"eventname":"TYPE_VIEW_CLICKED","source":{"Bounds":{"bottom":1114,"left":491,"right":691,"top":769},"Classname":"android.widget.LinearLayout","Packagename":"com.netease.pris","Text":""}},{"eventname":"TYPE_WINDOW_STATE_CHANGED","source":{"Bounds":{"bottom":1280,"left":0,"right":720,"top":0},"Classname":"android.widget.FrameLayout","Packagename":"com.netease.pris","Text":""}}],"height":1920,"hovertime":3952,"nodes":[{"Bounds":{"bottom":136,"left":0,"right":108,"top":48},"Classname":"android.widget.ImageView","Packagename":"com.netease.pris","Text":""},{"Bounds":{"bottom":114,"left":360,"right":360,"top":69},"Classname":"android.widget.TextView","Packagename":"com.netease.pris","Text":""},{"Bounds":{"bottom":112,"left":378,"right":542,"top":72},"Classname":"android.widget.Button","Packagename":"com.netease.pris","Text":"加入购物车"},{"Bounds":{"bottom":114,"left":572,"right":612,"top":70},"Classname":"android.widget.RelativeLayout","Packagename":"com.netease.pris","Text":""},{"Bounds":{"bottom":114,"left":644,"right":688,"top":70},"Classname":"android.widget.Button","Packagename":"com.netease.pris","Text":""},{"Bounds":{"bottom":-1587,"left":12,"right":228,"top":136},"Classname":"android.widget.ImageView","Packagename":"com.netease.pris","Text":""},{"Bounds":{"bottom":-1835,"left":238,"right":408,"top":136},"Classname":"android.widget.TextView","Packagename":"com.netease.pris","Text":"几度夕阳红"},{"Bounds":{"bottom":-1789,"left":238,"right":334,"top":136},"Classname":"android.widget.TextView","Packagename":"com.netease.pris","Text":"小说作品"},{"Bounds":{"bottom":-1789,"left":368,"right":416,"top":136},"Classname":"android.widget.TextView","Packagename":"com.netease.pris","Text":"琼瑶"},{"Bounds":{"bottom":-1753,"left":234,"right":384,"top":136},"Classname":"android.widget.RatingBar","Packagename":"com.netease.pris","Text":""},{"Bounds":{"bottom":-1709,"left":238,"right":365,"top":136},"Classname":"android.widget.TextView","Packagename":"com.netease.pris","Text":"大小：638K"},{"Bounds":{"bottom":-1709,"left":399,"right":499,"top":136},"Classname":"android.widget.TextView","Packagename":"com.netease.pris","Text":"8000点击"},{"Bounds":{"bottom":-1656,"left":238,"right":310,"top":136},"Classname":"android.widget.TextView","Packagename":"com.netease.pris","Text":"1299"},{"Bounds":{"bottom":-1658,"left":310,"right":358,"top":136},"Classname":"android.widget.TextView","Packagename":"com.netease.pris","Text":"阅点"},{"Bounds":{"bottom":-670,"left":0,"right":720,"top":136},"Classname":"android.widget.TextView","Packagename":"com.netease.pris","Text":"时光留不住，春去已无踪；潮来又潮往，聚散苦匆匆。往事不能忘，浮萍各西东；青山依旧在，几度夕阳红。且拭今宵泪，留与明夜风；风儿携我梦，天涯绕无穷。\n\n朝朝共暮暮，相思古今同；青山依旧在，几度夕阳红！青山不语，斜阳依依；沉默背后，伴随怎样的隐情？从重庆到台北，两代人的二十年恩怨情仇，你从不知道，那些最板正最平凡的父母，也曾有最奔放最传奇的爱情！\n\n二十年来，她的生命就建筑在先生和一对乖巧的儿女身上。自从女儿晓彤在舞会中认识了魏如峰之后，世界似乎变小了，从前在重庆沙坪坝的年轻岁月又重回记忆，曾经何慕天的风流才气、狂烈热情紧扣她的心，他们疯狂地爱着对方，使她竟可以背叛母亲毅然跟随何慕天出走。\n\n但何慕天必须回乡去解除已有的婚約，一来一往之间误会丛生，就这样过了二十年后，谁料魏如峰的叔叔竟是何慕天，二十年平静生活又起波涛，他们之间的情、恨该如何了？如何结？"},{"Bounds":{"bottom":-610,"left":30,"right":126,"top":136},"Classname":"android.widget.TextView","Packagename":"com.netease.pris","Text":"授权方："},{"Bounds":{"bottom":-610,"left":126,"right":414,"top":136},"Classname":"android.widget.TextView","Packagename":"com.netease.pris","Text":"天津博集新媒科技有限公司"},{"Bounds":{"bottom":-564,"left":30,"right":246,"top":136},"Classname":"android.widget.TextView","Packagename":"com.netease.pris","Text":"作品类型：付费作品"},{"Bounds":{"bottom":-459,"left":94,"right":666,"top":136},"Classname":"android.widget.TextView","Packagename":"com.netease.pris","Text":"共6章"},{"Bounds":{"bottom":-337,"left":47,"right":552,"top":136},"Classname":"android.widget.TextView","Packagename":"com.netease.pris","Text":"大师来了"},{"Bounds":{"bottom":-331,"left":552,"right":690,"top":136},"Classname":"android.widget.TextView","Packagename":"com.netease.pris","Text":"写评论"},{"Bounds":{"bottom":-187,"left":25,"right":99,"top":136},"Classname":"android.widget.ImageView","Packagename":"com.netease.pris","Text":""},{"Bounds":{"bottom":-229,"left":128,"right":324,"top":136},"Classname":"android.widget.TextView","Packagename":"com.netease.pris","Text":"玉树白花的篱前"},{"Bounds":{"bottom":-234,"left":336,"right":385,"top":136},"Classname":"android.widget.TextView","Packagename":"com.netease.pris","Text":"LV.14"},{"Bounds":{"bottom":-187,"left":128,"right":278,"top":136},"Classname":"android.widget.RatingBar","Packagename":"com.netease.pris","Text":""},{"Bounds":{"bottom":-185,"left":298,"right":474,"top":136},"Classname":"android.widget.TextView","Packagename":"com.netease.pris","Text":"2017年08月03日"},{"Bounds":{"bottom":-208,"left":624,"right":650,"top":136},"Classname":"android.widget.TextView","Packagename":"com.netease.pris","Text":"16"},{"Bounds":{"bottom":36,"left":130,"right":668,"top":136},"Classname":"android.widget.TextView","Packagename":"com.netease.pris","Text":"我一直觉着琼瑶阿姨是非常有智慧的，这本书从营销学的角度讲是一个成功的范例！首先，满足了六十年代台湾读者群的思乡之梦。读起来有共鸣。好风凭借力，送我上青云。"},{"Bounds":{"bottom":166,"left":25,"right":99,"top":136},"Classname":"android.widget.ImageView","Packagename":"com.netease.pris","Text":""},{"Bounds":{"bottom":124,"left":128,"right":324,"top":136},"Classname":"android.widget.TextView","Packagename":"com.netease.pris","Text":"玉树白花的篱前"},{"Bounds":{"bottom":119,"left":336,"right":385,"top":136},"Classname":"android.widget.TextView","Packagename":"com.netease.pris","Text":"LV.14"},{"Bounds":{"bottom":166,"left":128,"right":278,"top":140},"Classname":"android.widget.RatingBar","Packagename":"com.netease.pris","Text":""},{"Bounds":{"bottom":168,"left":298,"right":474,"top":140},"Classname":"android.widget.TextView","Packagename":"com.netease.pris","Text":"2017年08月03日"},{"Bounds":{"bottom":145,"left":624,"right":650,"top":136},"Classname":"android.widget.TextView","Packagename":"com.netease.pris","Text":"14"},{"Bounds":{"bottom":390,"left":130,"right":668,"top":190},"Classname":"android.widget.TextView","Packagename":"com.netease.pris","Text":"看到《甄嬛传》里苏培盛一出场，小朋友们纷纷议论，说这个大叔红了欸，看得我想笑。阿柱叔红很久了好吧？我们七零后少女时代的集体偶像，他在《几度夕阳红》里出演魏如峰，成了本宫终于不磨的记忆。"},{"Bounds":{"bottom":422,"left":0,"right":720,"top":406},"Classname":"android.widget.RelativeLayout","Packagename":"com.netease.pris","Text":""},{"Bounds":{"bottom":504,"left":0,"right":130,"top":422},"Classname":"android.widget.TextView","Packagename":"com.netease.pris","Text":""},{"Bounds":{"bottom":500,"left":150,"right":650,"top":426},"Classname":"android.widget.TextView","Packagename":"com.netease.pris","Text":"悠悠妈 回复 玉树白花的篱前 : 玉树姐好色啊~~~"},{"Bounds":{"bottom":628,"left":0,"right":130,"top":504},"Classname":"android.widget.TextView","Packagename":"com.netease.pris","Text":""},{"Bounds":{"bottom":624,"left":150,"right":650,"top":508},"Classname":"android.widget.TextView","Packagename":"com.netease.pris","Text":"玉树白花的篱前 回复 悠悠妈 : 是的，有关吃，有关帅哥，有关壮男，都是本宫末齿难忘的。"},{"Bounds":{"bottom":744,"left":47,"right":227,"top":699},"Classname":"android.widget.TextView","Packagename":"com.netease.pris","Text":"用户还喜欢"},{"Bounds":{"bottom":1101,"left":0,"right":71,"top":1029},"Classname":"android.widget.TextView","Packagename":"com.netease.pris","Text":"人生永远没有太晚的开始"},{"Bounds":{"bottom":1149,"left":0,"right":71,"top":1119},"Classname":"android.widget.TextView","Packagename":"com.netease.pris","Text":"张兵"},{"Bounds":{"bottom":1066,"left":111,"right":271,"top":1029},"Classname":"android.widget.TextView","Packagename":"com.netease.pris","Text":"醉三国"},{"Bounds":{"bottom":1114,"left":111,"right":271,"top":1084},"Classname":"android.widget.TextView","Packagename":"com.netease.pris","Text":"我发誓我就这么活着"},{"Bounds":{"bottom":1101,"left":311,"right":471,"top":1029},"Classname":"android.widget.TextView","Packagename":"com.netease.pris","Text":"纯爱英文馆 诺桑觉寺"},{"Bounds":{"bottom":1149,"left":311,"right":471,"top":1119},"Classname":"android.widget.TextView","Packagename":"com.netease.pris","Text":"【英】简·奥斯汀"},{"Bounds":{"bottom":1066,"left":511,"right":671,"top":1029},"Classname":"android.widget.TextView","Packagename":"com.netease.pris","Text":"青青河边草"},{"Bounds":{"bottom":1114,"left":511,"right":671,"top":1084},"Classname":"android.widget.TextView","Packagename":"com.netease.pris","Text":"琼瑶"},{"Bounds":{"bottom":1280,"left":0,"right":179,"top":1180},"Classname":"android.widget.Button","Packagename":"com.netease.pris","Text":"加入书架"},{"Bounds":{"bottom":1280,"left":181,"right":360,"top":1180},"Classname":"android.widget.Button","Packagename":"com.netease.pris","Text":"听书"},{"Bounds":{"bottom":1280,"left":362,"right":541,"top":1180},"Classname":"android.widget.Button","Packagename":"com.netease.pris","Text":"购买"},{"Bounds":{"bottom":1280,"left":541,"right":720,"top":1180},"Classname":"android.widget.Button","Packagename":"com.netease.pris","Text":"立即阅读"}],"packagename":"com.example.a10628.myapplication","width":1080}