{"events":[{"eventname":"TYPE_VIEW_SCROLLED","source":{"Bounds":{"bottom":1280,"left":0,"right":720,"top":160},"Classname":"android.widget.ListView","Packagename":"com.zhihu.daily.android","Text":""}},{"eventname":"TYPE_VIEW_SCROLLED","source":{"Bounds":{"bottom":1280,"left":0,"right":720,"top":160},"Classname":"android.widget.ListView","Packagename":"com.zhihu.daily.android","Text":""}},{"eventname":"TYPE_VIEW_SCROLLED","source":{"Bounds":{"bottom":1280,"left":0,"right":720,"top":160},"Classname":"android.widget.ListView","Packagename":"com.zhihu.daily.android","Text":""}}],"height":1920,"hovertime":7401,"nodes":[{"Bounds":{"bottom":160,"left":0,"right":112,"top":48},"Classname":"android.widget.ImageButton","Packagename":"com.zhihu.daily.android","Text":""},{"Bounds":{"bottom":128,"left":144,"right":360,"top":79},"Classname":"android.widget.TextView","Packagename":"com.zhihu.daily.android","Text":"用户推荐日报"},{"Bounds":{"bottom":152,"left":618,"right":720,"top":56},"Classname":"android.widget.TextView","Packagename":"com.zhihu.daily.android","Text":""},{"Bounds":{"bottom":133,"left":48,"right":672,"top":160},"Classname":"android.widget.TextView","Packagename":"com.zhihu.daily.android","Text":"所以群论里的「结构」到底是什么意思？"},{"Bounds":{"bottom":293,"left":48,"right":672,"top":202},"Classname":"android.widget.TextView","Packagename":"com.zhihu.daily.android","Text":"地球上原本就有岩石吗?各种岩石都是怎么来的？"},{"Bounds":{"bottom":453,"left":48,"right":672,"top":362},"Classname":"android.widget.TextView","Packagename":"com.zhihu.daily.android","Text":"宇宙中的岩石是怎样形成的？"},{"Bounds":{"bottom":613,"left":48,"right":672,"top":522},"Classname":"android.widget.TextView","Packagename":"com.zhihu.daily.android","Text":"好的舞台设计师应该具备哪些基本素质？"},{"Bounds":{"bottom":773,"left":48,"right":672,"top":682},"Classname":"android.widget.TextView","Packagename":"com.zhihu.daily.android","Text":"绳子为什么会扭在一起？"},{"Bounds":{"bottom":933,"left":48,"right":672,"top":842},"Classname":"android.widget.TextView","Packagename":"com.zhihu.daily.android","Text":"城市大小和当时主要交通方式有关，这是真的吗？"},{"Bounds":{"bottom":1093,"left":48,"right":672,"top":1002},"Classname":"android.widget.TextView","Packagename":"com.zhihu.daily.android","Text":"当外汇储备增加时，我国「必须」在国内发行更多货币吗？"},{"Bounds":{"bottom":1253,"left":48,"right":672,"top":1162},"Classname":"android.widget.TextView","Packagename":"com.zhihu.daily.android","Text":"进货价格上涨后，店主将该商品未涨价之前的存货也涨价卖出，合理吗？"},{"Bounds":{"bottom":110,"left":32,"right":688,"top":160},"Classname":"android.widget.TextView","Packagename":"com.zhihu.daily.android","Text":"内容由知乎用户推荐，海纳主题百万，趣味上天入地"},{"Bounds":{"bottom":144,"left":688,"right":688,"top":160},"Classname":"android.widget.TextView","Packagename":"com.zhihu.daily.android","Text":""}],"packagename":"com.example.a10628.myapplication","width":1080}