{"events":[{"eventname":"TYPE_VIEW_SCROLLED","source":{"Bounds":{"bottom":1280,"left":0,"right":720,"top":143},"Classname":"android.webkit.WebView","Packagename":"cn.amazon.mShop.android","Text":""}}],"height":1920,"hovertime":3333,"nodes":[{"Bounds":{"bottom":140,"left":0,"right":92,"top":48},"Classname":"android.widget.LinearLayout","Packagename":"cn.amazon.mShop.android","Text":""},{"Bounds":{"bottom":120,"left":300,"right":420,"top":68},"Classname":"android.widget.ImageView","Packagename":"cn.amazon.mShop.android","Text":""},{"Bounds":{"bottom":140,"left":532,"right":624,"top":48},"Classname":"android.widget.ImageButton","Packagename":"cn.amazon.mShop.android","Text":""},{"Bounds":{"bottom":140,"left":624,"right":716,"top":48},"Classname":"android.widget.ImageView","Packagename":"cn.amazon.mShop.android","Text":""},{"Bounds":{"bottom":140,"left":656,"right":684,"top":62},"Classname":"android.widget.TextView","Packagename":"cn.amazon.mShop.android","Text":"0"},{"Bounds":{"bottom":145,"left":0,"right":720,"top":143},"Classname":"android.widget.Image","Packagename":"cn.amazon.mShop.android","Text":""},{"Bounds":{"bottom":145,"left":0,"right":720,"top":143},"Classname":"android.view.View","Packagename":"cn.amazon.mShop.android","Text":""},{"Bounds":{"bottom":145,"left":0,"right":720,"top":143},"Classname":"android.view.View","Packagename":"cn.amazon.mShop.android","Text":"名人访谈 | 郝景芳新书《人之彼岸》"},{"Bounds":{"bottom":145,"left":34,"right":64,"top":143},"Classname":"android.widget.Image","Packagename":"cn.amazon.mShop.android","Text":""},{"Bounds":{"bottom":145,"left":64,"right":116,"top":143},"Classname":"android.view.View","Packagename":"cn.amazon.mShop.android","Text":" 已有"},{"Bounds":{"bottom":145,"left":114,"right":154,"top":143},"Classname":"android.view.View","Packagename":"cn.amazon.mShop.android","Text":"336"},{"Bounds":{"bottom":145,"left":152,"right":222,"top":143},"Classname":"android.view.View","Packagename":"cn.amazon.mShop.android","Text":"人喜欢"},{"Bounds":{"bottom":145,"left":34,"right":686,"top":143},"Classname":"android.view.View","Packagename":"cn.amazon.mShop.android","Text":"【亚马逊名人访谈】名人携新作做客亚马逊和大家谈谈在创作中的趣事和内心的想法。喜欢本栏目，就请点击下方♥收藏！"},{"Bounds":{"bottom":145,"left":92,"right":148,"top":143},"Classname":"android.widget.Image","Packagename":"cn.amazon.mShop.android","Text":""},{"Bounds":{"bottom":145,"left":0,"right":240,"top":143},"Classname":"android.view.View","Packagename":"cn.amazon.mShop.android","Text":"分享"},{"Bounds":{"bottom":145,"left":332,"right":388,"top":143},"Classname":"android.widget.Image","Packagename":"cn.amazon.mShop.android","Text":""},{"Bounds":{"bottom":145,"left":238,"right":480,"top":143},"Classname":"android.view.View","Packagename":"cn.amazon.mShop.android","Text":"喜欢"},{"Bounds":{"bottom":145,"left":562,"right":636,"top":143},"Classname":"android.widget.Image","Packagename":"cn.amazon.mShop.android","Text":""},{"Bounds":{"bottom":145,"left":478,"right":720,"top":143},"Classname":"android.view.View","Packagename":"cn.amazon.mShop.android","Text":"我喜欢的"},{"Bounds":{"bottom":145,"left":0,"right":720,"top":143},"Classname":"android.view.View","Packagename":"cn.amazon.mShop.android","Text":""},{"Bounds":{"bottom":145,"left":0,"right":720,"top":143},"Classname":"android.view.View","Packagename":"cn.amazon.mShop.android","Text":""},{"Bounds":{"bottom":145,"left":0,"right":720,"top":143},"Classname":"android.view.View","Packagename":"cn.amazon.mShop.android","Text":""},{"Bounds":{"bottom":145,"left":34,"right":686,"top":143},"Classname":"android.view.View","Packagename":"cn.amazon.mShop.android","Text":"智能产品正在变得更加智能，如果把时间线拉得很长很长，一直长到未来人出生后植入的人工芯片仿佛出生证明一样成为标配，你就再也无法分辨谁是人，谁是AI化的人了。那么这一天来临时，人类会觉得当人更好，还是当AI化的人更好？"},{"Bounds":{"bottom":145,"left":34,"right":686,"top":143},"Classname":"android.view.View","Packagename":"cn.amazon.mShop.android","Text":""},{"Bounds":{"bottom":145,"left":34,"right":686,"top":143},"Classname":"android.view.View","Packagename":"cn.amazon.mShop.android","Text":"inline-image-1513241981391._SL750_CB490760211_"},{"Bounds":{"bottom":145,"left":34,"right":686,"top":143},"Classname":"android.view.View","Packagename":"cn.amazon.mShop.android","Text":"点击图片，进入名人访谈"},{"Bounds":{"bottom":145,"left":34,"right":686,"top":143},"Classname":"android.view.View","Packagename":"cn.amazon.mShop.android","Text":"郝景芳，1984年生，小说作家，经济博士、研究员。2016年8月，在第74届世界科幻大会上，凭借短篇小说《北京折叠》斩获雨果奖中短篇小说奖。"},{"Bounds":{"bottom":145,"left":34,"right":686,"top":143},"Classname":"android.view.View","Packagename":"cn.amazon.mShop.android","Text":" "},{"Bounds":{"bottom":145,"left":34,"right":686,"top":143},"Classname":"android.view.View","Packagename":"cn.amazon.mShop.android","Text":"郝景芳在新书《人之彼岸》中构思了六个中短篇科幻故事，它们的主角无疑都是人与AI。人与AI隔岸而望，作为理性的AI，是否一定能把人类非理性的一套心理表征学个差不多？在物理环境变成了智能产品的天下之后，人又该如何自处？六篇科幻故事之后，郝景芳用两篇非科幻思考回答了我们关于AI的所有困惑。"},{"Bounds":{"bottom":145,"left":34,"right":686,"top":143},"Classname":"android.view.View","Packagename":"cn.amazon.mShop.android","Text":"离超级人工智能到来还有多远"},{"Bounds":{"bottom":145,"left":34,"right":686,"top":143},"Classname":"android.view.View","Packagename":"cn.amazon.mShop.android","Text":"与人工智能相比，人类的可贵之处"},{"Bounds":{"bottom":145,"left":34,"right":686,"top":143},"Classname":"android.view.View","Packagename":"cn.amazon.mShop.android","Text":"如果机器学习这么厉害，人工智能什么都能学会，是不是很快就要取代人类了？"},{"Bounds":{"bottom":145,"left":34,"right":686,"top":143},"Classname":"android.view.View","Packagename":"cn.amazon.mShop.android","Text":"可以肯定的是，目前的人工智能还不是什么都能做，我们离万能超级人工智能还有很远的距离。"},{"Bounds":{"bottom":145,"left":34,"right":686,"top":143},"Classname":"android.view.View","Packagename":"cn.amazon.mShop.android","Text":"那是运算速度的问题吗？如果芯片算力按照摩尔定律、指数增长一直持续，我们会不会很快达到智能的奇点？"},{"Bounds":{"bottom":145,"left":34,"right":686,"top":143},"Classname":"android.view.View","Packagename":"cn.amazon.mShop.android","Text":"我个人的观点是，不完全是运算速度的问题，即便运算速度持续翻番，也还有一些阶梯的困难需要一个一个地跨越。这些困难也许并不是永远不可能跨越，但至少不是目前的算法能简单跨越的，而必须有新的算法或者理论突破。"},{"Bounds":{"bottom":145,"left":34,"right":686,"top":143},"Classname":"android.view.View","Packagename":"cn.amazon.mShop.android","Text":" "},{"Bounds":{"bottom":145,"left":34,"right":686,"top":143},"Classname":"android.view.View","Packagename":"cn.amazon.mShop.android","Text":"很多事物的发展是阶梯状的。我们往往容易从一件事的成功，推测未来所有事的成功，然而遇到了下一个挑战，仍然需要新的等待和突破。"},{"Bounds":{"bottom":145,"left":34,"right":686,"top":143},"Classname":"android.view.View","Packagename":"cn.amazon.mShop.android","Text":"关于人工智能这件事，人们的议论往往太过于“now or never”，要么认为目前已经条件成熟，只要算力增加，就能奇点来临；要么认为这都是痴人说梦，机器永远学不会人类的心智。但实际上更有可能的是，很远的未来有可能做到，但需要翻越一个又一个理论台阶。"},{"Bounds":{"bottom":145,"left":34,"right":686,"top":143},"Classname":"android.view.View","Packagename":"cn.amazon.mShop.android","Text":"“阿尔法狗”的强大是所有人工智能的强大，它面临的困难，也是人工智能问题的缩影。“阿尔法狗”对一些人类认为很困难的问题却觉得很简单，对人类认为简单的问题却觉得困难。举一个很小的例子。这样一个问题：如果一个人从超市的货架上拿了一瓶酒就跑出门，店员会做什么？为什么？它就会觉得困难，难以回答。"},{"Bounds":{"bottom":145,"left":34,"right":686,"top":143},"Classname":"android.view.View","Packagename":"cn.amazon.mShop.android","Text":" "},{"Bounds":{"bottom":145,"left":34,"right":686,"top":143},"Classname":"android.view.View","Packagename":"cn.amazon.mShop.android","Text":"如果是一个人，会如何回答这个问题呢？人会觉得这个问题太简单了啊，店员有可能会直接去追，因为要把店里的商品追回来；也有可能会打电话报警，因为自己不想冒险；或者告诉老板；或者喊路人帮忙。诸如此类。"},{"Bounds":{"bottom":445,"left":176,"right":544,"top":143},"Classname":"android.view.View","Packagename":"cn.amazon.mShop.android","Text":"inline-image-1513242039722._SL750_CB490760405_"},{"Bounds":{"bottom":511,"left":34,"right":686,"top":461},"Classname":"android.view.View","Packagename":"cn.amazon.mShop.android","Text":"点击图片，立即购买"},{"Bounds":{"bottom":577,"left":34,"right":686,"top":527},"Classname":"android.view.View","Packagename":"cn.amazon.mShop.android","Text":" "},{"Bounds":{"bottom":597,"left":34,"right":686,"top":593},"Classname":"android.view.View","Packagename":"cn.amazon.mShop.android","Text":""},{"Bounds":{"bottom":663,"left":34,"right":686,"top":613},"Classname":"android.view.View","Packagename":"cn.amazon.mShop.android","Text":"罗振宇跨年演讲力推图书专辑，点击↓图片看看​"},{"Bounds":{"bottom":917,"left":34,"right":686,"top":679},"Classname":"android.view.View","Packagename":"cn.amazon.mShop.android","Text":"inline-image-1514784787985._SL750_CB490446200_"},{"Bounds":{"bottom":983,"left":34,"right":686,"top":933},"Classname":"android.view.View","Packagename":"cn.amazon.mShop.android","Text":" "},{"Bounds":{"bottom":1219,"left":16,"right":704,"top":1033},"Classname":"android.view.View","Packagename":"cn.amazon.mShop.android","Text":"Z图书 爱书就是爱生活，跟着书友小Z一起读，不再为该读什么书而烦恼。每周小Z会准时推荐上榜新书、各类TOP畅销书榜、 书友搜索最热等不同种类书单。期待和所有爱书的朋友们一起共读。想看更多好书请关注：Amazon_BMVD 查看作者 "},{"Bounds":{"bottom":1217,"left":0,"right":720,"top":1217},"Classname":"android.view.View","Packagename":"cn.amazon.mShop.android","Text":""},{"Bounds":{"bottom":1275,"left":0,"right":720,"top":1247},"Classname":"android.view.View","Packagename":"cn.amazon.mShop.android","Text":"- 相关商品推荐 -"},{"Bounds":{"bottom":1280,"left":34,"right":336,"top":1279},"Classname":"android.view.View","Packagename":"cn.amazon.mShop.android","Text":"奇点遗民 4 ￥37.90 "},{"Bounds":{"bottom":1280,"left":384,"right":686,"top":1279},"Classname":"android.view.View","Packagename":"cn.amazon.mShop.android","Text":"最初的光明,最后的黑暗 2 ￥34.10 "},{"Bounds":{"bottom":1280,"left":34,"right":336,"top":1279},"Classname":"android.view.View","Packagename":"cn.amazon.mShop.android","Text":"人生复本 5 ￥29.20 "},{"Bounds":{"bottom":1280,"left":384,"right":686,"top":1279},"Classname":"android.view.View","Packagename":"cn.amazon.mShop.android","Text":"S. (简体中文典藏复刻版) 397 ￥118.00 "},{"Bounds":{"bottom":1280,"left":34,"right":336,"top":1279},"Classname":"android.view.View","Packagename":"cn.amazon.mShop.android","Text":"孤独深处(收录雨果奖获奖作品《北京折叠》) 195 ￥24.60 "},{"Bounds":{"bottom":1280,"left":384,"right":686,"top":1279},"Classname":"android.view.View","Packagename":"cn.amazon.mShop.android","Text":"去远方 5 ￥24.36 "},{"Bounds":{"bottom":1280,"left":34,"right":336,"top":1279},"Classname":"android.view.View","Packagename":"cn.amazon.mShop.android","Text":"郝景芳获奖作品精选科幻小说:孤独深处+去远方+流浪苍穹、北京折叠(套装共3册) 9 ￥65.00 "},{"Bounds":{"bottom":1280,"left":384,"right":686,"top":1279},"Classname":"android.view.View","Packagename":"cn.amazon.mShop.android","Text":"流浪玛厄斯 4 ￥20.00 "},{"Bounds":{"bottom":1280,"left":34,"right":336,"top":1279},"Classname":"android.view.View","Packagename":"cn.amazon.mShop.android","Text":"在月球上写信的人 ￥18.40 "},{"Bounds":{"bottom":1280,"left":384,"right":686,"top":1279},"Classname":"android.view.View","Packagename":"cn.amazon.mShop.android","Text":"三体+孤独深处（收北京折叠） 科幻雨果奖得主刘慈欣、郝景芳作品集（套装共2册） ￥93.00 "},{"Bounds":{"bottom":1280,"left":0,"right":720,"top":1279},"Classname":"android.view.View","Packagename":"cn.amazon.mShop.android","Text":"- 更多资讯 - "},{"Bounds":{"bottom":1280,"left":16,"right":704,"top":1279},"Classname":"android.view.View","Packagename":"cn.amazon.mShop.android","Text":"深度书评 | 如何让家更有范儿？ Z图书 2630 "},{"Bounds":{"bottom":1280,"left":16,"right":704,"top":1279},"Classname":"android.view.View","Packagename":"cn.amazon.mShop.android","Text":"成长伴读 | 同漫威英雄一起成长 Z图书 819 "},{"Bounds":{"bottom":1280,"left":16,"right":704,"top":1279},"Classname":"android.view.View","Packagename":"cn.amazon.mShop.android","Text":"文学新声 | 春光明媚读书时 Z图书 1126 "},{"Bounds":{"bottom":1280,"left":0,"right":720,"top":1279},"Classname":"android.view.View","Packagename":"cn.amazon.mShop.android","Text":"ref\u003ddiscover_to_discover_kol?ie\u003dUTF8\u0026app-action\u003dwebview\u0026url\u003dhttps%3A%2F%2Fwww.amazon"},{"Bounds":{"bottom":1280,"left":0,"right":720,"top":1279},"Classname":"android.view.View","Packagename":"cn.amazon.mShop.android","Text":""},{"Bounds":{"bottom":1280,"left":0,"right":720,"top":1279},"Classname":"android.view.View","Packagename":"cn.amazon.mShop.android","Text":""}],"packagename":"com.example.a10628.myapplication","width":1080}