{"events":[{"eventname":"TYPE_VIEW_SCROLLED","source":{"Bounds":{"bottom":1280,"left":0,"right":720,"top":160},"Classname":"android.webkit.WebView","Packagename":"com.zhihu.android","Text":""}}],"height":1920,"hovertime":4361,"nodes":[{"Bounds":{"bottom":160,"left":0,"right":112,"top":48},"Classname":"android.widget.ImageButton","Packagename":"com.zhihu.android","Text":""},{"Bounds":{"bottom":131,"left":128,"right":536,"top":77},"Classname":"android.widget.TextView","Packagename":"com.zhihu.android","Text":"NBA替补席到底是怎么样的存在？"},{"Bounds":{"bottom":152,"left":544,"right":640,"top":56},"Classname":"android.widget.TextView","Packagename":"com.zhihu.android","Text":""},{"Bounds":{"bottom":152,"left":640,"right":720,"top":56},"Classname":"android.widget.ImageView","Packagename":"com.zhihu.android","Text":""},{"Bounds":{"bottom":164,"left":32,"right":692,"top":162},"Classname":"android.view.View","Packagename":"com.zhihu.android","Text":""},{"Bounds":{"bottom":164,"left":32,"right":692,"top":162},"Classname":"android.view.View","Packagename":"com.zhihu.android","Text":"超巨背后的男人们\n又高又壮\n经常因为超巨的一举一动\n亢奋"},{"Bounds":{"bottom":164,"left":300,"right":420,"top":162},"Classname":"android.view.View","Packagename":"com.zhihu.android","Text":""},{"Bounds":{"bottom":164,"left":32,"right":692,"top":162},"Classname":"android.view.View","Packagename":"com.zhihu.android","Text":"NBA不止精彩的比赛"},{"Bounds":{"bottom":164,"left":32,"right":692,"top":162},"Classname":"android.view.View","Packagename":"com.zhihu.android","Text":"和叱咤风云的球星啊"},{"Bounds":{"bottom":164,"left":32,"right":692,"top":162},"Classname":"android.view.View","Packagename":"com.zhihu.android","Text":"啦啦队、现场球迷、替补席……"},{"Bounds":{"bottom":164,"left":32,"right":692,"top":162},"Classname":"android.view.View","Packagename":"com.zhihu.android","Text":"每个地方都有故事"},{"Bounds":{"bottom":164,"left":300,"right":420,"top":162},"Classname":"android.view.View","Packagename":"com.zhihu.android","Text":""},{"Bounds":{"bottom":164,"left":32,"right":692,"top":162},"Classname":"android.view.View","Packagename":"com.zhihu.android","Text":"当主力球员在球场上翻江倒海"},{"Bounds":{"bottom":164,"left":32,"right":692,"top":162},"Classname":"android.view.View","Packagename":"com.zhihu.android","Text":"挥汗如雨、为主队做贡献的时候"},{"Bounds":{"bottom":164,"left":32,"right":692,"top":162},"Classname":"android.view.View","Packagename":"com.zhihu.android","Text":"还有一群人也在以自己的方式"},{"Bounds":{"bottom":164,"left":32,"right":692,"top":162},"Classname":"android.view.View","Packagename":"com.zhihu.android","Text":"为主队添砖加瓦"},{"Bounds":{"bottom":164,"left":32,"right":692,"top":162},"Classname":"android.view.View","Packagename":"com.zhihu.android","Text":"\n"},{"Bounds":{"bottom":164,"left":32,"right":692,"top":162},"Classname":"android.view.View","Packagename":"com.zhihu.android","Text":"\n"},{"Bounds":{"bottom":164,"left":32,"right":692,"top":162},"Classname":"android.view.View","Packagename":"com.zhihu.android","Text":"他们就是坐在替补席上的"},{"Bounds":{"bottom":164,"left":32,"right":692,"top":162},"Classname":"android.view.View","Packagename":"com.zhihu.android","Text":"“毛巾侠”"},{"Bounds":{"bottom":164,"left":32,"right":692,"top":162},"Classname":"android.view.View","Packagename":"com.zhihu.android","Text":"“领舞者”"},{"Bounds":{"bottom":164,"left":32,"right":692,"top":162},"Classname":"android.view.View","Packagename":"com.zhihu.android","Text":"“饮水机守护者”们"},{"Bounds":{"bottom":164,"left":300,"right":420,"top":162},"Classname":"android.view.View","Packagename":"com.zhihu.android","Text":""},{"Bounds":{"bottom":164,"left":32,"right":692,"top":162},"Classname":"android.view.View","Packagename":"com.zhihu.android","Text":"他们当中有些人是固定轮换球员"},{"Bounds":{"bottom":164,"left":32,"right":692,"top":162},"Classname":"android.view.View","Packagename":"com.zhihu.android","Text":"有些人是偶尔轮换球员"},{"Bounds":{"bottom":164,"left":32,"right":692,"top":162},"Classname":"android.view.View","Packagename":"com.zhihu.android","Text":"有些人甚至一个赛季都未能获得上场机会"},{"Bounds":{"bottom":164,"left":32,"right":692,"top":162},"Classname":"android.view.View","Packagename":"com.zhihu.android","Text":"\n"},{"Bounds":{"bottom":164,"left":32,"right":692,"top":162},"Classname":"android.view.View","Packagename":"com.zhihu.android","Text":"但是，即使不能上场"},{"Bounds":{"bottom":164,"left":32,"right":692,"top":162},"Classname":"android.view.View","Packagename":"com.zhihu.android","Text":"他们也会用各种随手可得的道具"},{"Bounds":{"bottom":164,"left":32,"right":692,"top":162},"Classname":"android.view.View","Packagename":"com.zhihu.android","Text":"各种夸张的肢体语言来狂刷存在感"},{"Bounds":{"bottom":164,"left":32,"right":692,"top":162},"Classname":"android.view.View","Packagename":"com.zhihu.android","Text":"为场上的球员打气、鼓劲"},{"Bounds":{"bottom":164,"left":300,"right":420,"top":162},"Classname":"android.view.View","Packagename":"com.zhihu.android","Text":""},{"Bounds":{"bottom":164,"left":32,"right":692,"top":162},"Classname":"android.view.View","Packagename":"com.zhihu.android","Text":"湖人后援团"},{"Bounds":{"bottom":164,"left":0,"right":720,"top":162},"Classname":"android.widget.Image","Packagename":"com.zhihu.android","Text":"v2-5de1a2545b3e138098864f5f67e3f9cc_hd"},{"Bounds":{"bottom":164,"left":32,"right":692,"top":162},"Classname":"android.view.View","Packagename":"com.zhihu.android","Text":"当年的湖人如日中天"},{"Bounds":{"bottom":164,"left":32,"right":692,"top":162},"Classname":"android.view.View","Packagename":"com.zhihu.android","Text":"替补席也是整齐划一气势恢宏"},{"Bounds":{"bottom":164,"left":32,"right":692,"top":162},"Classname":"android.view.View","Packagename":"com.zhihu.android","Text":"是联盟一条独特的风景线"},{"Bounds":{"bottom":164,"left":32,"right":692,"top":162},"Classname":"android.view.View","Packagename":"com.zhihu.android","Text":"告诉你什么叫训练有素！"},{"Bounds":{"bottom":164,"left":342,"right":378,"top":162},"Classname":"android.view.View","Packagename":"com.zhihu.android","Text":""},{"Bounds":{"bottom":164,"left":300,"right":420,"top":162},"Classname":"android.view.View","Packagename":"com.zhihu.android","Text":""},{"Bounds":{"bottom":164,"left":32,"right":692,"top":162},"Classname":"android.view.View","Packagename":"com.zhihu.android","Text":"很多湖人球迷应该都记得这个"},{"Bounds":{"bottom":164,"left":300,"right":420,"top":162},"Classname":"android.view.View","Packagename":"com.zhihu.android","Text":""},{"Bounds":{"bottom":164,"left":32,"right":692,"top":162},"Classname":"android.view.View","Packagename":"com.zhihu.android","Text":"这么禽兽的盖帽"},{"Bounds":{"bottom":164,"left":32,"right":692,"top":162},"Classname":"android.view.View","Packagename":"com.zhihu.android","Text":"也难怪科比奥多姆等一众高潮不已了"},{"Bounds":{"bottom":164,"left":0,"right":720,"top":162},"Classname":"android.widget.Image","Packagename":"com.zhihu.android","Text":"v2-a1498f20e53ac2fa617da02adb491721_hd"},{"Bounds":{"bottom":164,"left":32,"right":692,"top":162},"Classname":"android.view.View","Packagename":"com.zhihu.android","Text":"提到湖人的替补席"},{"Bounds":{"bottom":164,"left":32,"right":692,"top":162},"Classname":"android.view.View","Packagename":"com.zhihu.android","Text":"就不得不提湖人曾经的队魂萨克雷了"},{"Bounds":{"bottom":164,"left":32,"right":692,"top":162},"Classname":"android.view.View","Packagename":"com.zhihu.android","Text":"他简直就是人类庆祝精华"},{"Bounds":{"bottom":164,"left":32,"right":692,"top":162},"Classname":"android.view.View","Packagename":"com.zhihu.android","Text":"只要队友进球镜头给到他"},{"Bounds":{"bottom":164,"left":32,"right":692,"top":162},"Classname":"android.view.View","Packagename":"com.zhihu.android","Text":"塞克雷一定是在庆祝"},{"Bounds":{"bottom":164,"left":32,"right":692,"top":162},"Classname":"android.view.View","Packagename":"com.zhihu.android","Text":"并且各种庆祝动作是不带重样的"},{"Bounds":{"bottom":164,"left":32,"right":692,"top":162},"Classname":"android.view.View","Packagename":"com.zhihu.android","Text":"毛巾光让他都挥断了好几条"},{"Bounds":{"bottom":164,"left":300,"right":420,"top":162},"Classname":"android.view.View","Packagename":"com.zhihu.android","Text":""},{"Bounds":{"bottom":164,"left":300,"right":420,"top":162},"Classname":"android.view.View","Packagename":"com.zhihu.android","Text":""},{"Bounds":{"bottom":164,"left":0,"right":720,"top":162},"Classname":"android.widget.Image","Packagename":"com.zhihu.android","Text":"v2-64f338250621d09392f7fc3d749ec317_hd"},{"Bounds":{"bottom":164,"left":32,"right":692,"top":162},"Classname":"android.view.View","Packagename":"com.zhihu.android","Text":"马刺后援团"},{"Bounds":{"bottom":164,"left":0,"right":720,"top":162},"Classname":"android.widget.Image","Packagename":"com.zhihu.android","Text":"v2-c36a6aa6e050805781712ddf8a739aa5_hd"},{"Bounds":{"bottom":164,"left":32,"right":692,"top":162},"Classname":"android.view.View","Packagename":"com.zhihu.android","Text":"与其他球队不同的是"},{"Bounds":{"bottom":164,"left":32,"right":692,"top":162},"Classname":"android.view.View","Packagename":"com.zhihu.android","Text":"马刺由于波波刻意的保养球员"},{"Bounds":{"bottom":164,"left":32,"right":692,"top":162},"Classname":"android.view.View","Packagename":"com.zhihu.android","Text":"经常能看到当家球星在替补席休息"},{"Bounds":{"bottom":164,"left":32,"right":692,"top":162},"Classname":"android.view.View","Packagename":"com.zhihu.android","Text":"而邓某人也是替补席调戏一把好手"},{"Bounds":{"bottom":374,"left":300,"right":420,"top":252},"Classname":"android.view.View","Packagename":"com.zhihu.android","Text":""},{"Bounds":{"bottom":672,"left":32,"right":692,"top":616},"Classname":"android.view.View","Packagename":"com.zhihu.android","Text":"来看这次精妙的团队配合："},{"Bounds":{"bottom":746,"left":32,"right":692,"top":690},"Classname":"android.view.View","Packagename":"com.zhihu.android","Text":"马努外围控球、伺机插入，帕克完美掩护、"},{"Bounds":{"bottom":820,"left":32,"right":692,"top":764},"Classname":"android.view.View","Packagename":"com.zhihu.android","Text":"马努利用掩护一个箭步上篮"},{"Bounds":{"bottom":894,"left":32,"right":692,"top":838},"Classname":"android.view.View","Packagename":"com.zhihu.android","Text":"球直插菊花"},{"Bounds":{"bottom":968,"left":32,"right":692,"top":912},"Classname":"android.view.View","Packagename":"com.zhihu.android","Text":"呆呆露出了“性福”的微笑"},{"Bounds":{"bottom":1042,"left":32,"right":692,"top":986},"Classname":"android.view.View","Packagename":"com.zhihu.android","Text":"帕克很是鸡冻"},{"Bounds":{"bottom":1280,"left":300,"right":420,"top":1188},"Classname":"android.view.View","Packagename":"com.zhihu.android","Text":""},{"Bounds":{"bottom":1280,"left":32,"right":692,"top":1280},"Classname":"android.view.View","Packagename":"com.zhihu.android","Text":"骑士后援团"},{"Bounds":{"bottom":1280,"left":0,"right":720,"top":1280},"Classname":"android.widget.Image","Packagename":"com.zhihu.android","Text":"v2-d49a69498f7396490e10848bf6d07935_hd"},{"Bounds":{"bottom":1280,"left":32,"right":692,"top":1280},"Classname":"android.view.View","Packagename":"com.zhihu.android","Text":"只要詹姆斯想他一定会把队内氛围"},{"Bounds":{"bottom":1280,"left":32,"right":692,"top":1280},"Classname":"android.view.View","Packagename":"com.zhihu.android","Text":"给你安排的明明白白的"},{"Bounds":{"bottom":1280,"left":32,"right":692,"top":1280},"Classname":"android.view.View","Packagename":"com.zhihu.android","Text":"老詹长期担任队内庆祝大队的大队长"},{"Bounds":{"bottom":1280,"left":32,"right":692,"top":1280},"Classname":"android.view.View","Packagename":"com.zhihu.android","Text":"有了老大在下面加油鼓劲"},{"Bounds":{"bottom":1280,"left":32,"right":692,"top":1280},"Classname":"android.view.View","Packagename":"com.zhihu.android","Text":"队友在赛场自然是激情无比"},{"Bounds":{"bottom":1280,"left":300,"right":420,"top":1280},"Classname":"android.view.View","Packagename":"com.zhihu.android","Text":""},{"Bounds":{"bottom":1280,"left":32,"right":692,"top":1280},"Classname":"android.view.View","Packagename":"com.zhihu.android","Text":"而老大上场时"},{"Bounds":{"bottom":1280,"left":32,"right":692,"top":1280},"Classname":"android.view.View","Packagename":"com.zhihu.android","Text":"小弟们也是十分配合"},{"Bounds":{"bottom":1280,"left":32,"right":692,"top":1280},"Classname":"android.view.View","Packagename":"com.zhihu.android","Text":"全明星赛"},{"Bounds":{"bottom":1280,"left":32,"right":692,"top":1280},"Classname":"android.view.View","Packagename":"com.zhihu.android","Text":"詹姆斯平框暴扣让队友疯狂"},{"Bounds":{"bottom":1280,"left":300,"right":420,"top":1280},"Classname":"android.view.View","Packagename":"com.zhihu.android","Text":""},{"Bounds":{"bottom":1280,"left":32,"right":692,"top":1280},"Classname":"android.view.View","Packagename":"com.zhihu.android","Text":"勇士后援团"},{"Bounds":{"bottom":1280,"left":0,"right":720,"top":1280},"Classname":"android.view.View","Packagename":"com.zhihu.android","Text":""},{"Bounds":{"bottom":1280,"left":32,"right":692,"top":1280},"Classname":"android.view.View","Packagename":"com.zhihu.android","Text":"\n近几个赛季勇士对其他球队的疯狂肆虐"},{"Bounds":{"bottom":1280,"left":32,"right":692,"top":1280},"Classname":"android.view.View","Packagename":"com.zhihu.android","Text":"是让勇士的替补席出够了风头"},{"Bounds":{"bottom":1280,"left":32,"right":692,"top":1280},"Classname":"android.view.View","Packagename":"com.zhihu.android","Text":"以伊戈达拉为首的金州庆祝大队是各种花式动作"},{"Bounds":{"bottom":1280,"left":32,"right":692,"top":1280},"Classname":"android.view.View","Packagename":"com.zhihu.android","Text":"而且勇士队嚣张的是"},{"Bounds":{"bottom":1280,"left":32,"right":692,"top":1280},"Classname":"android.view.View","Packagename":"com.zhihu.android","Text":"经常在队友三分出手的时候就开始庆祝了"},{"Bounds":{"bottom":1280,"left":32,"right":692,"top":1280},"Classname":"android.view.View","Packagename":"com.zhihu.android","Text":"这份自信其他球队可是学不来的"},{"Bounds":{"bottom":1280,"left":0,"right":720,"top":1280},"Classname":"android.view.View","Packagename":"com.zhihu.android","Text":""},{"Bounds":{"bottom":1280,"left":0,"right":720,"top":1280},"Classname":"android.view.View","Packagename":"com.zhihu.android","Text":"队员庆祝库里三分"},{"Bounds":{"bottom":1280,"left":300,"right":420,"top":1280},"Classname":"android.view.View","Packagename":"com.zhihu.android","Text":""},{"Bounds":{"bottom":1280,"left":0,"right":720,"top":1280},"Classname":"android.view.View","Packagename":"com.zhihu.android","Text":"勇士替补席都不敢相信斯蒂芬-库里的表现"},{"Bounds":{"bottom":1280,"left":300,"right":420,"top":1280},"Classname":"android.view.View","Packagename":"com.zhihu.android","Text":""},{"Bounds":{"bottom":1280,"left":0,"right":720,"top":1280},"Classname":"android.view.View","Packagename":"com.zhihu.android","Text":"汤神刷分后勇士替补席跟过年似的"},{"Bounds":{"bottom":1280,"left":32,"right":692,"top":1280},"Classname":"android.view.View","Packagename":"com.zhihu.android","Text":"傻芬3分不进"},{"Bounds":{"bottom":1280,"left":32,"right":692,"top":1280},"Classname":"android.view.View","Packagename":"com.zhihu.android","Text":"看勇士替补席"},{"Bounds":{"bottom":1280,"left":32,"right":692,"top":1280},"Classname":"android.view.View","Packagename":"com.zhihu.android","Text":"比队友进了球还兴奋"},{"Bounds":{"bottom":1280,"left":32,"right":692,"top":1280},"Classname":"android.view.View","Packagename":"com.zhihu.android","Text":"…太贱了哈哈哈哈"},{"Bounds":{"bottom":1280,"left":300,"right":420,"top":1280},"Classname":"android.view.View","Packagename":"com.zhihu.android","Text":""},{"Bounds":{"bottom":1280,"left":32,"right":692,"top":1280},"Classname":"android.view.View","Packagename":"com.zhihu.android","Text":"在NBA，不是每个球员都能在球场拼搏"},{"Bounds":{"bottom":1280,"left":32,"right":692,"top":1280},"Classname":"android.view.View","Packagename":"com.zhihu.android","Text":"大多数球员的场上时间"},{"Bounds":{"bottom":1280,"left":32,"right":692,"top":1280},"Classname":"android.view.View","Packagename":"com.zhihu.android","Text":"远不如在替补席上呆的时间长"},{"Bounds":{"bottom":1280,"left":32,"right":692,"top":1280},"Classname":"android.view.View","Packagename":"com.zhihu.android","Text":"得到火箭照拂的中国球员周琦"},{"Bounds":{"bottom":1280,"left":32,"right":692,"top":1280},"Classname":"android.view.View","Packagename":"com.zhihu.android","Text":"大多时候也只能在火箭的垃圾时间上场"},{"Bounds":{"bottom":1280,"left":0,"right":720,"top":1280},"Classname":"android.view.View","Packagename":"com.zhihu.android","Text":""},{"Bounds":{"bottom":1280,"left":32,"right":692,"top":1280},"Classname":"android.view.View","Packagename":"com.zhihu.android","Text":"谁不想当聚光灯中心呢\n谁不想为球队拿下胜利呢"},{"Bounds":{"bottom":1280,"left":32,"right":692,"top":1280},"Classname":"android.view.View","Packagename":"com.zhihu.android","Text":"\n"},{"Bounds":{"bottom":1280,"left":32,"right":692,"top":1280},"Classname":"android.view.View","Packagename":"com.zhihu.android","Text":"可这样的机会实在太少了"},{"Bounds":{"bottom":1280,"left":32,"right":692,"top":1280},"Classname":"android.view.View","Packagename":"com.zhihu.android","Text":"球队的第一核心是赢球"},{"Bounds":{"bottom":1280,"left":32,"right":692,"top":1280},"Classname":"android.view.View","Packagename":"com.zhihu.android","Text":"很难把上场时间分给每一个普通球员"},{"Bounds":{"bottom":1280,"left":0,"right":720,"top":1280},"Classname":"android.view.View","Packagename":"com.zhihu.android","Text":""},{"Bounds":{"bottom":1280,"left":32,"right":692,"top":1280},"Classname":"android.view.View","Packagename":"com.zhihu.android","Text":"这就是现实："},{"Bounds":{"bottom":1280,"left":32,"right":692,"top":1280},"Classname":"android.view.View","Packagename":"com.zhihu.android","Text":"不是你努力了"},{"Bounds":{"bottom":1280,"left":32,"right":692,"top":1280},"Classname":"android.view.View","Packagename":"com.zhihu.android","Text":"就能获得机会"},{"Bounds":{"bottom":1280,"left":32,"right":692,"top":1280},"Classname":"android.view.View","Packagename":"com.zhihu.android","Text":"\n"},{"Bounds":{"bottom":1280,"left":32,"right":692,"top":1280},"Classname":"android.view.View","Packagename":"com.zhihu.android","Text":"人人都在努力"},{"Bounds":{"bottom":1280,"left":32,"right":692,"top":1280},"Classname":"android.view.View","Packagename":"com.zhihu.android","Text":"拉开差距的"},{"Bounds":{"bottom":1280,"left":32,"right":692,"top":1280},"Classname":"android.view.View","Packagename":"com.zhihu.android","Text":"只有天赋"},{"Bounds":{"bottom":1280,"left":0,"right":720,"top":1280},"Classname":"android.view.View","Packagename":"com.zhihu.android","Text":""},{"Bounds":{"bottom":1280,"left":32,"right":692,"top":1280},"Classname":"android.view.View","Packagename":"com.zhihu.android","Text":"天赋必不可少"},{"Bounds":{"bottom":1280,"left":32,"right":692,"top":1280},"Classname":"android.view.View","Packagename":"com.zhihu.android","Text":"可支撑一支球队凝聚力的"},{"Bounds":{"bottom":1280,"left":32,"right":692,"top":1280},"Classname":"android.view.View","Packagename":"com.zhihu.android","Text":"除了天赋，就是整个球队的集体氛围"},{"Bounds":{"bottom":1280,"left":32,"right":692,"top":1280},"Classname":"android.view.View","Packagename":"com.zhihu.android","Text":"而这个球队氛围"},{"Bounds":{"bottom":1280,"left":32,"right":692,"top":1280},"Classname":"android.view.View","Packagename":"com.zhihu.android","Text":"是每一个球员创造的！"},{"Bounds":{"bottom":1280,"left":0,"right":720,"top":1280},"Classname":"android.view.View","Packagename":"com.zhihu.android","Text":""},{"Bounds":{"bottom":1280,"left":32,"right":692,"top":1280},"Classname":"android.view.View","Packagename":"com.zhihu.android","Text":"我想为球队赢下比分"},{"Bounds":{"bottom":1280,"left":32,"right":692,"top":1280},"Classname":"android.view.View","Packagename":"com.zhihu.android","Text":"如果不能"},{"Bounds":{"bottom":1280,"left":32,"right":692,"top":1280},"Classname":"android.view.View","Packagename":"com.zhihu.android","Text":"我也想在场下为全队出一份力"},{"Bounds":{"bottom":1280,"left":32,"right":692,"top":1280},"Classname":"android.view.View","Packagename":"com.zhihu.android","Text":"\n"},{"Bounds":{"bottom":1280,"left":32,"right":692,"top":1280},"Classname":"android.view.View","Packagename":"com.zhihu.android","Text":"赢球一起浪，"},{"Bounds":{"bottom":1280,"left":32,"right":692,"top":1280},"Classname":"android.view.View","Packagename":"com.zhihu.android","Text":"输球一起抗！"},{"Bounds":{"bottom":1280,"left":32,"right":692,"top":1280},"Classname":"android.view.View","Packagename":"com.zhihu.android","Text":"\n"},{"Bounds":{"bottom":1280,"left":32,"right":692,"top":1280},"Classname":"android.view.View","Packagename":"com.zhihu.android","Text":"BallU内容精选："},{"Bounds":{"bottom":1280,"left":32,"right":692,"top":1280},"Classname":"android.view.View","Packagename":"com.zhihu.android","Text":"01.詹姆斯2018年最新纪录片《传奇》，后台回复「詹姆斯」；\n02.科比最新纪录片《回望科比》，后台回复「科比」；\n03.库里首部中文纪录片《三分信条》，后台回复「库里」；\n04.哈登首部中文纪录片《一步登天》，后台回复「哈登」；\n05.韦德生涯首部纪录片《势不可挡的韦德》（带字幕哦），影像珍贵，别等到韦德退役了，你都还没看过哦，后台回复「韦德」；"},{"Bounds":{"bottom":1280,"left":32,"right":692,"top":1280},"Classname":"android.view.View","Packagename":"com.zhihu.android","Text":"\n"},{"Bounds":{"bottom":1280,"left":32,"right":692,"top":1280},"Classname":"android.view.View","Packagename":"com.zhihu.android","Text":"其他还有很多，就不一一列举了，你想看的任何球星他都有，只需要回复对应球星的名字即可。"},{"Bounds":{"bottom":1280,"left":32,"right":416,"top":1280},"Classname":"android.view.View","Packagename":"com.zhihu.android","Text":"http://weixin.qq.com/r/lDqnvyTEF3lorWDc92_G..."},{"Bounds":{"bottom":1280,"left":414,"right":670,"top":1280},"Classname":"android.view.View","Packagename":"com.zhihu.android","Text":" (二维码自动识别)"},{"Bounds":{"bottom":1280,"left":32,"right":692,"top":1280},"Classname":"android.view.View","Packagename":"com.zhihu.android","Text":""},{"Bounds":{"bottom":1280,"left":426,"right":692,"top":1280},"Classname":"android.view.View","Packagename":"com.zhihu.android","Text":"发布于 2018-05-11"},{"Bounds":{"bottom":1280,"left":32,"right":692,"top":1280},"Classname":"android.view.View","Packagename":"com.zhihu.android","Text":"著作权归作者所有"},{"Bounds":{"bottom":1280,"left":0,"right":720,"top":1280},"Classname":"android.view.View","Packagename":"com.zhihu.android","Text":"推荐阅读"},{"Bounds":{"bottom":1280,"left":32,"right":414,"top":1280},"Classname":"android.view.View","Packagename":"com.zhihu.android","Text":"测一测：如果性别反转，你的长相会是什么样子？"},{"Bounds":{"bottom":1280,"left":462,"right":688,"top":1280},"Classname":"android.widget.Image","Packagename":"com.zhihu.android","Text":"推荐阅读"},{"Bounds":{"bottom":1280,"left":32,"right":72,"top":1280},"Classname":"android.widget.Image","Packagename":"com.zhihu.android","Text":"Tencent"},{"Bounds":{"bottom":1280,"left":84,"right":262,"top":1280},"Classname":"android.view.View","Packagename":"com.zhihu.android","Text":"Tencent 的广告"},{"Bounds":{"bottom":1280,"left":542,"right":688,"top":1280},"Classname":"android.widget.Button","Packagename":"com.zhihu.android","Text":"APP下载"},{"Bounds":{"bottom":1280,"left":32,"right":688,"top":1280},"Classname":"android.view.View","Packagename":"com.zhihu.android","Text":"大家如何看待科比？ 3一个非科密也非科黑的映象。 1.从08年那会开始接触nba，那会的科比就是联盟的神.一个月少不了几个40+，甚至50+.记忆最深刻的就是当年湖人其实打的也挺艰难，在绿衫军三巨头抱团的情况下，湖人夺冠的希望渺茫，科比也很着急，说我们需要补强！！然后就来了所谓“大腿”加索尔。 然后科比就放话：我们要豪取28连胜直取总冠军。 虽然没实现，但是也确实实力剧增。从来没见过球队磨合这么快的，加索尔来到的那一天，仿佛就已经融入… 微笑 的回答 · 10 赞同 "},{"Bounds":{"bottom":1280,"left":32,"right":688,"top":1280},"Classname":"android.view.View","Packagename":"com.zhihu.android","Text":"如何评价二年级球员德文布克单场70分？ 谢邀。 好嘛！还小汤普森咧！ 这TM明明是小科比！ 而汤普森明明是小布克！ 以及这个故事告诉我们，如果你手握一个首轮第13顺位签却不知道选谁的话，选一个得分后卫吧。 另外，浓眉表妹齐齐让位，2016-17赛季空砍群群主竞争尘埃落定，布克一锤定音当选空砍群群主。 ————更新 布克，他的打球风格是很自主的，纯论定点投射来说，布克一生可能都及不上汤普森威胁大。但是布克可怕的持球进攻能力，已经有了在联盟里首屈一指的迹象… Sir.E 的回答 · 14 赞同 "},{"Bounds":{"bottom":600,"left":752,"right":1412,"top":600},"Classname":"android.view.View","Packagename":"com.zhihu.android","Text":""},{"Bounds":{"bottom":682,"left":752,"right":1412,"top":628},"Classname":"android.view.View","Packagename":"com.zhihu.android","Text":"替补也分三六九等。"},{"Bounds":{"bottom":756,"left":752,"right":1412,"top":702},"Classname":"android.view.View","Packagename":"com.zhihu.android","Text":"第一等：超级第六人。"},{"Bounds":{"bottom":1154,"left":752,"right":1412,"top":776},"Classname":"android.view.View","Packagename":"com.zhihu.android","Text":"球队核心之一，在实际作用上一般是球队的第三人。因为某些原因带替补可以在双方都上主力时建立优势，拉开比分，决战的关键时刻也会留在场上。发明者是奥尔巴赫。比较有名的超六有哈夫利切克、麦克海尔、吉诺比利。前两位都是NBA50大，马努也能进名人堂。哈登在雷霆时也是这个角色。"},{"Bounds":{"bottom":1228,"left":752,"right":1412,"top":1174},"Classname":"android.view.View","Packagename":"com.zhihu.android","Text":"第二等：主力轮换。"},{"Bounds":{"bottom":1280,"left":752,"right":1412,"top":1248},"Classname":"android.view.View","Packagename":"com.zhihu.android","Text":"上场时间有保证，个人实力也可以打先发，一般是侧翼或后卫球员。上场时间在20-30分钟左右。以季后赛的标准来看，一般是后卫线三人轮换，锋线三人轮换，中锋两人轮换或暂时打小个阵容，总共7人或8人轮转。常规赛上场的人更多，9人、10人都有可能。在这个轮换系统内的就是主力轮换。例如这赛季火箭，后卫线是哈登、保罗、戈登三人轮换，一般是戈登打第六人，在哈登或保罗缺阵时顶上先发位置。锋线上阿里扎、巴莫特、塔克、安德森是轮换阵容，后来格林也加入了轮换。中锋是卡佩拉和内内轮换。"},{"Bounds":{"bottom":1280,"left":752,"right":1412,"top":1278},"Classname":"android.view.View","Packagename":"com.zhihu.android","Text":"第三等：功能性球员。"},{"Bounds":{"bottom":1280,"left":752,"right":1412,"top":1278},"Classname":"android.view.View","Packagename":"com.zhihu.android","Text":"一般是有一技之长的功能性球员，例如三分准、防守好等，还有些新秀或老将也在此列。要的是上场后立刻发挥作用，然后在对方抓住弱点前赶快撤下来。上场时间一般在10分钟左右。"},{"Bounds":{"bottom":1280,"left":752,"right":1412,"top":1278},"Classname":"android.view.View","Packagename":"com.zhihu.android","Text":"第四等：饮水机管理员。"},{"Bounds":{"bottom":1280,"left":752,"right":1412,"top":1278},"Classname":"android.view.View","Packagename":"com.zhihu.android","Text":"上场时间极为有限，一般是在垃圾时间上场。这些球员一般是还没打出来的新秀、充当更衣室润滑剂的老球皮、填补球队人员名单的球员等。例如周琦。"},{"Bounds":{"bottom":1280,"left":752,"right":1412,"top":1278},"Classname":"android.view.View","Packagename":"com.zhihu.android","Text":"第五等：10天短合同球员。"},{"Bounds":{"bottom":1280,"left":752,"right":1412,"top":1278},"Classname":"android.view.View","Packagename":"com.zhihu.android","Text":"真正的NBA边缘人物，连合同都无法保证。一般都在NBA下属的发展联盟打球，极少数能抓住机会打出来成为励志典型。"},{"Bounds":{"bottom":1280,"left":1146,"right":1412,"top":1278},"Classname":"android.view.View","Packagename":"com.zhihu.android","Text":"发布于 2018-05-11"},{"Bounds":{"bottom":1280,"left":752,"right":1412,"top":1278},"Classname":"android.view.View","Packagename":"com.zhihu.android","Text":"著作权归作者所有"},{"Bounds":{"bottom":-256,"left":0,"right":720,"top":160},"Classname":"android.widget.TextView","Packagename":"com.zhihu.android","Text":"NBA替补席到底是怎么样的存在？"},{"Bounds":{"bottom":-167,"left":32,"right":184,"top":160},"Classname":"android.widget.TextView","Packagename":"com.zhihu.android","Text":"写回答"},{"Bounds":{"bottom":-143,"left":414,"right":688,"top":160},"Classname":"android.widget.TextView","Packagename":"com.zhihu.android","Text":"查看全部 25 个回答"},{"Bounds":{"bottom":-57,"left":128,"right":200,"top":160},"Classname":"android.widget.TextView","Packagename":"com.zhihu.android","Text":"BallU"},{"Bounds":{"bottom":-76,"left":200,"right":200,"top":160},"Classname":"android.view.View","Packagename":"com.zhihu.android","Text":""},{"Bounds":{"bottom":-16,"left":128,"right":528,"top":160},"Classname":"android.widget.TextView","Packagename":"com.zhihu.android","Text":"你附近的3v3篮球单人排位赛，欢迎大家关注微信公众号：BallU"},{"Bounds":{"bottom":-16,"left":128,"right":128,"top":160},"Classname":"android.widget.TextView","Packagename":"com.zhihu.android","Text":""},{"Bounds":{"bottom":-23,"left":544,"right":688,"top":160},"Classname":"android.widget.TextView","Packagename":"com.zhihu.android","Text":"关注"},{"Bounds":{"bottom":1256,"left":34,"right":249,"top":1192},"Classname":"android.widget.TextView","Packagename":"com.zhihu.android","Text":"赞同 533"},{"Bounds":{"bottom":1256,"left":261,"right":353,"top":1192},"Classname":"android.widget.TextView","Packagename":"com.zhihu.android","Text":""},{"Bounds":{"bottom":1262,"left":412,"right":452,"top":1234},"Classname":"android.widget.TextView","Packagename":"com.zhihu.android","Text":"感谢"},{"Bounds":{"bottom":1262,"left":524,"right":564,"top":1234},"Classname":"android.widget.TextView","Packagename":"com.zhihu.android","Text":"收藏"},{"Bounds":{"bottom":1262,"left":645,"right":667,"top":1234},"Classname":"android.widget.TextView","Packagename":"com.zhihu.android","Text":"42"}],"packagename":"com.example.a10628.myapplication","width":1080}