{"events":[{"eventname":"TYPE_VIEW_CLICKED","source":{"Bounds":{"bottom":140,"left":0,"right":92,"top":48},"Classname":"android.widget.LinearLayout","Packagename":"cn.amazon.mShop.android","Text":""}}],"height":1920,"hovertime":3530,"nodes":[{"Bounds":{"bottom":140,"left":0,"right":92,"top":48},"Classname":"android.widget.LinearLayout","Packagename":"cn.amazon.mShop.android","Text":""},{"Bounds":{"bottom":120,"left":300,"right":420,"top":68},"Classname":"android.widget.ImageView","Packagename":"cn.amazon.mShop.android","Text":""},{"Bounds":{"bottom":140,"left":532,"right":624,"top":48},"Classname":"android.widget.ImageButton","Packagename":"cn.amazon.mShop.android","Text":""},{"Bounds":{"bottom":140,"left":624,"right":716,"top":48},"Classname":"android.widget.ImageView","Packagename":"cn.amazon.mShop.android","Text":""},{"Bounds":{"bottom":140,"left":656,"right":684,"top":62},"Classname":"android.widget.TextView","Packagename":"cn.amazon.mShop.android","Text":"0"},{"Bounds":{"bottom":145,"left":0,"right":720,"top":143},"Classname":"android.view.View","Packagename":"cn.amazon.mShop.android","Text":""},{"Bounds":{"bottom":211,"left":0,"right":720,"top":143},"Classname":"android.widget.Image","Packagename":"cn.amazon.mShop.android","Text":""},{"Bounds":{"bottom":503,"left":636,"right":696,"top":481},"Classname":"android.view.View","Packagename":"cn.amazon.mShop.android","Text":"广告"},{"Bounds":{"bottom":523,"left":0,"right":2,"top":221},"Classname":"android.view.View","Packagename":"cn.amazon.mShop.android","Text":"亚马逊海外购Armani"},{"Bounds":{"bottom":523,"left":0,"right":2,"top":221},"Classname":"android.view.View","Packagename":"cn.amazon.mShop.android","Text":"亚马逊海外购Vans"},{"Bounds":{"bottom":523,"left":0,"right":2,"top":221},"Classname":"android.view.View","Packagename":"cn.amazon.mShop.android","Text":"亚马逊海外购WMF"},{"Bounds":{"bottom":523,"left":0,"right":720,"top":221},"Classname":"android.view.View","Packagename":"cn.amazon.mShop.android","Text":"亚马逊海外购Fissler"},{"Bounds":{"bottom":523,"left":714,"right":716,"top":221},"Classname":"android.view.View","Packagename":"cn.amazon.mShop.android","Text":"亚马逊海外购Philips"},{"Bounds":{"bottom":523,"left":714,"right":716,"top":221},"Classname":"android.view.View","Packagename":"cn.amazon.mShop.android","Text":"亚马逊海外购Replay"},{"Bounds":{"bottom":523,"left":714,"right":716,"top":221},"Classname":"android.view.View","Packagename":"cn.amazon.mShop.android","Text":"亚马逊海外购"},{"Bounds":{"bottom":513,"left":264,"right":280,"top":497},"Classname":"android.view.View","Packagename":"cn.amazon.mShop.android","Text":""},{"Bounds":{"bottom":513,"left":294,"right":310,"top":497},"Classname":"android.view.View","Packagename":"cn.amazon.mShop.android","Text":""},{"Bounds":{"bottom":513,"left":322,"right":338,"top":497},"Classname":"android.view.View","Packagename":"cn.amazon.mShop.android","Text":""},{"Bounds":{"bottom":513,"left":352,"right":368,"top":497},"Classname":"android.view.View","Packagename":"cn.amazon.mShop.android","Text":""},{"Bounds":{"bottom":513,"left":382,"right":398,"top":497},"Classname":"android.view.View","Packagename":"cn.amazon.mShop.android","Text":""},{"Bounds":{"bottom":513,"left":410,"right":426,"top":497},"Classname":"android.view.View","Packagename":"cn.amazon.mShop.android","Text":""},{"Bounds":{"bottom":513,"left":440,"right":456,"top":497},"Classname":"android.view.View","Packagename":"cn.amazon.mShop.android","Text":""},{"Bounds":{"bottom":693,"left":42,"right":182,"top":567},"Classname":"android.view.View","Packagename":"cn.amazon.mShop.android","Text":"母婴用品"},{"Bounds":{"bottom":693,"left":208,"right":348,"top":567},"Classname":"android.view.View","Packagename":"cn.amazon.mShop.android","Text":"家居厨具"},{"Bounds":{"bottom":693,"left":372,"right":512,"top":567},"Classname":"android.view.View","Packagename":"cn.amazon.mShop.android","Text":"美妆个护"},{"Bounds":{"bottom":693,"left":538,"right":678,"top":567},"Classname":"android.view.View","Packagename":"cn.amazon.mShop.android","Text":"电子数码"},{"Bounds":{"bottom":833,"left":42,"right":182,"top":707},"Classname":"android.view.View","Packagename":"cn.amazon.mShop.android","Text":"大牌鞋靴"},{"Bounds":{"bottom":833,"left":208,"right":348,"top":707},"Classname":"android.view.View","Packagename":"cn.amazon.mShop.android","Text":"服饰箱包"},{"Bounds":{"bottom":833,"left":372,"right":512,"top":707},"Classname":"android.view.View","Packagename":"cn.amazon.mShop.android","Text":"首饰配饰"},{"Bounds":{"bottom":833,"left":538,"right":678,"top":707},"Classname":"android.view.View","Packagename":"cn.amazon.mShop.android","Text":"奶粉冲调"},{"Bounds":{"bottom":965,"left":18,"right":702,"top":873},"Classname":"android.widget.Button","Packagename":"cn.amazon.mShop.android","Text":"还不是Prime会员? 立即加入吧\u003e\u003e"},{"Bounds":{"bottom":1055,"left":16,"right":704,"top":1011},"Classname":"android.widget.Image","Packagename":"cn.amazon.mShop.android","Text":""},{"Bounds":{"bottom":1280,"left":16,"right":704,"top":1065},"Classname":"android.view.View","Packagename":"cn.amazon.mShop.android","Text":"ref\u003dmh_agsbrand1_DE_fine?rh\u003di%3Aspecialty-aps%2Ck%3AAptamil\u0026bbn\u003d1904552071\u0026rw_html_to_wsrp\u003d1\u0026pf_rd_p\u003d1a3e8e25-cf1b-45cb-870a-f91d9048508e\u0026pf_rd_s\u003dmobile-hybrid-7\u0026pf_rd_t\u003d30901\u0026pf_rd_i\u003d1904552071\u0026pf_rd_m\u003dA1AJ19PSB66TGU\u0026pf_rd_r\u003d5YN91MVD27X10XV74NB3\u0026pf_rd_r\u003d5YN91MVD27X10XV74NB3\u0026pf_rd_p\u003d1a3e8e25-cf1b-45cb-870a-f91d9048508e"},{"Bounds":{"bottom":1280,"left":16,"right":704,"top":1279},"Classname":"android.view.View","Packagename":"cn.amazon.mShop.android","Text":"ref\u003dmh_agsbrand2_DE_fine?rh\u003di%3Ahome%2Cn%3A1904552071%2Cn%3A2016126051%2Cp_89%3AWMF%20%E7%A6%8F%E8%85%BE%E5%AE%9D%2Cp_n_special_merchandising_browse-bin%3A1414288071\u0026bbn\u003d1904552071\u0026rw_html_to_wsrp\u003d1\u0026pf_rd_p\u003d1a3e8e25-cf1b-45cb-870a-f91d9048508e\u0026pf_rd_s\u003dmobile-hybrid-7\u0026pf_rd_t\u003d30901\u0026pf_rd_i\u003d1904552071\u0026pf_rd_m\u003dA1AJ19PSB66TGU\u0026pf_rd_r\u003d5YN91MVD27X10XV74NB3\u0026pf_rd_r\u003d5YN91MVD27X10XV74NB3\u0026pf_rd_p\u003d1a3e8e25-cf1b-45cb-870a-f91d9048508e"},{"Bounds":{"bottom":1280,"left":16,"right":704,"top":1279},"Classname":"android.view.View","Packagename":"cn.amazon.mShop.android","Text":"ref\u003dmh_agsbrand3_DE_fine?rh\u003di%3Ashoes%2Cn%3A1904552071%2Cn%3A2029189051%2Ck%3Aadidas%2Cp_89%3Aadidas%20%E9%98%BF%E8%BF%AA%E8%BE%BE%E6%96%AF\u0026bbn\u003d1904552071\u0026rw_html_to_wsrp\u003d1\u0026pf_rd_p\u003d1a3e8e25-cf1b-45cb-870a-f91d9048508e\u0026pf_rd_s\u003dmobile-hybrid-7\u0026pf_rd_t\u003d30901\u0026pf_rd_i\u003d1904552071\u0026pf_rd_m\u003dA1AJ19PSB66TGU\u0026pf_rd_r\u003d5YN91MVD27X10XV74NB3\u0026pf_rd_r\u003d5YN91MVD27X10XV74NB3\u0026pf_rd_p\u003d1a3e8e25-cf1b-45cb-870a-f91d9048508e"},{"Bounds":{"bottom":1280,"left":16,"right":704,"top":1279},"Classname":"android.view.View","Packagename":"cn.amazon.mShop.android","Text":"ref\u003dmh_agsbrand4_DE_fine?rh\u003di%3Aapparel%2Cn%3A1904552071%2Cn%3A2016156051%2Ck%3ALevi%27s%2Cp_n_special_merchandising_browse-bin%3A1414288071\u0026bbn\u003d1904552071\u0026rw_html_to_wsrp\u003d1\u0026pf_rd_p\u003d1a3e8e25-cf1b-45cb-870a-f91d9048508e\u0026pf_rd_s\u003dmobile-hybrid-7\u0026pf_rd_t\u003d30901\u0026pf_rd_i\u003d1904552071\u0026pf_rd_m\u003dA1AJ19PSB66TGU\u0026pf_rd_r\u003d5YN91MVD27X10XV74NB3\u0026pf_rd_r\u003d5YN91MVD27X10XV74NB3\u0026pf_rd_p\u003d1a3e8e25-cf1b-45cb-870a-f91d9048508e"},{"Bounds":{"bottom":1280,"left":16,"right":704,"top":1279},"Classname":"android.view.View","Packagename":"cn.amazon.mShop.android","Text":"ref\u003dmh_agsbrand5_DE_fine?rh\u003di%3Ashoes%2Cn%3A1904552071%2Cn%3A2029189051%2Ck%3AUGG%2Cp_89%3AShearers%20UGG%7CUGG%20Australia\u0026bbn\u003d1904552071\u0026rw_html_to_wsrp\u003d1\u0026pf_rd_p\u003d1a3e8e25-cf1b-45cb-870a-f91d9048508e\u0026pf_rd_s\u003dmobile-hybrid-7\u0026pf_rd_t\u003d30901\u0026pf_rd_i\u003d1904552071\u0026pf_rd_m\u003dA1AJ19PSB66TGU\u0026pf_rd_r\u003d5YN91MVD27X10XV74NB3\u0026pf_rd_r\u003d5YN91MVD27X10XV74NB3\u0026pf_rd_p\u003d1a3e8e25-cf1b-45cb-870a-f91d9048508e"},{"Bounds":{"bottom":1280,"left":16,"right":704,"top":1279},"Classname":"android.view.View","Packagename":"cn.amazon.mShop.android","Text":"ref\u003dmh_agsbrand6_DE_fine?srs\u003d128848071\u0026rh\u003di%3Ahome-appliances%2Cn%3A814224051%2Cp_n_global_store_origin_marketplace%3A1901313071\u0026bbn\u003d814224051\u0026rw_html_to_wsrp\u003d1\u0026pf_rd_p\u003d1a3e8e25-cf1b-45cb-870a-f91d9048508e\u0026pf_rd_s\u003dmobile-hybrid-7\u0026pf_rd_t\u003d30901\u0026pf_rd_i\u003d1904552071\u0026pf_rd_m\u003dA1AJ19PSB66TGU\u0026pf_rd_r\u003d5YN91MVD27X10XV74NB3\u0026pf_rd_r\u003d5YN91MVD27X10XV74NB3\u0026pf_rd_p\u003d1a3e8e25-cf1b-45cb-870a-f91d9048508e"},{"Bounds":{"bottom":1280,"left":16,"right":704,"top":1279},"Classname":"android.view.View","Packagename":"cn.amazon.mShop.android","Text":"ref\u003dmh_agsbrand7_DE_fine?rh\u003di%3Ahome%2Cn%3A1904552071%2Cn%3A2016126051%2Cp_89%3AFissler%20%E8%8F%B2%E4%BB%95%E4%B9%90%2Cp_n_special_merchandising_browse-bin%3A1414288071\u0026bbn\u003d1904552071\u0026rw_html_to_wsrp\u003d1\u0026pf_rd_p\u003d1a3e8e25-cf1b-45cb-870a-f91d9048508e\u0026pf_rd_s\u003dmobile-hybrid-7\u0026pf_rd_t\u003d30901\u0026pf_rd_i\u003d1904552071\u0026pf_rd_m\u003dA1AJ19PSB66TGU\u0026pf_rd_r\u003d5YN91MVD27X10XV74NB3\u0026pf_rd_r\u003d5YN91MVD27X10XV74NB3\u0026pf_rd_p\u003d1a3e8e25-cf1b-45cb-870a-f91d9048508e"},{"Bounds":{"bottom":1280,"left":16,"right":704,"top":1279},"Classname":"android.view.View","Packagename":"cn.amazon.mShop.android","Text":"ref\u003dmh_agsbrand8_DE_fine?rh\u003di%3Aspecialty-aps%2Cn%3A1904552071%2Ck%3AVANS%20%E8%8C%83%E6%96%AF\u0026bbn\u003d1904552071\u0026rw_html_to_wsrp\u003d1\u0026pf_rd_p\u003d1a3e8e25-cf1b-45cb-870a-f91d9048508e\u0026pf_rd_s\u003dmobile-hybrid-7\u0026pf_rd_t\u003d30901\u0026pf_rd_i\u003d1904552071\u0026pf_rd_m\u003dA1AJ19PSB66TGU\u0026pf_rd_r\u003d5YN91MVD27X10XV74NB3\u0026pf_rd_r\u003d5YN91MVD27X10XV74NB3\u0026pf_rd_p\u003d1a3e8e25-cf1b-45cb-870a-f91d9048508e"},{"Bounds":{"bottom":1280,"left":16,"right":704,"top":1279},"Classname":"android.view.View","Packagename":"cn.amazon.mShop.android","Text":"ref\u003dmh_agsbrand9_DE_fine?rh\u003di%3Ashoes%2Cn%3A1904552071%2Cn%3A2029189051%2Ck%3ANike%2Cp_89%3ANike%20%E8%80%90%E5%85%8B\u0026bbn\u003d1904552071\u0026rw_html_to_wsrp\u003d1\u0026pf_rd_p\u003d1a3e8e25-cf1b-45cb-870a-f91d9048508e\u0026pf_rd_s\u003dmobile-hybrid-7\u0026pf_rd_t\u003d30901\u0026pf_rd_i\u003d1904552071\u0026pf_rd_m\u003dA1AJ19PSB66TGU\u0026pf_rd_r\u003d5YN91MVD27X10XV74NB3\u0026pf_rd_r\u003d5YN91MVD27X10XV74NB3\u0026pf_rd_p\u003d1a3e8e25-cf1b-45cb-870a-f91d9048508e"},{"Bounds":{"bottom":1280,"left":16,"right":704,"top":1279},"Classname":"android.view.View","Packagename":"cn.amazon.mShop.android","Text":"ref\u003dmh_agsbrand10_DE_fine?rh\u003di%3Aapparel%2Cn%3A2016156051%2Cp_n_special_merchandising_browse-bin%3A1414288071%2Cp_n_global_store_origin_marketplace%3A1901313071%2Cp_89%3ABOSS%20Green%7CBOSS%20Orange%7CHUGO%20BOSS%20%E9%9B%A8%E6%9E%9C%C2%B7%E5%8D%9A%E6%96%AF\u0026bbn\u003d2016156051\u0026rw_html_to_wsrp\u003d1\u0026pf_rd_p\u003d1a3e8e25-cf1b-45cb-870a-f91d9048508e\u0026pf_rd_s\u003dmobile-hybrid-7\u0026pf_rd_t\u003d30901\u0026pf_rd_i\u003d1904552071\u0026pf_rd_m\u003dA1AJ19PSB66TGU\u0026pf_rd_r\u003d5YN91MVD27X10XV74NB3\u0026pf_rd_r\u003d5YN91MVD27X10XV74NB3\u0026pf_rd_p\u003d1a3e8e25-cf1b-45cb-870a-f91d9048508e"},{"Bounds":{"bottom":1280,"left":16,"right":704,"top":1279},"Classname":"android.view.View","Packagename":"cn.amazon.mShop.android","Text":"ref\u003dmh_agsbrand11_DE_fine?rh\u003di%3Aapparel%2Cn%3A1904552071%2Cn%3A2016156051%2Ck%3AArmani%2Cp_89%3AARMANI%20%E9%98%BF%E7%8E%9B%E5%B0%BC\u0026bbn\u003d1904552071\u0026rw_html_to_wsrp\u003d1\u0026pf_rd_p\u003db0675bba-35a4-4582-839f-c40d4aea599b\u0026pf_rd_s\u003dmobile-hybrid-8\u0026pf_rd_t\u003d30901\u0026pf_rd_i\u003d1904552071\u0026pf_rd_m\u003dA1AJ19PSB66TGU\u0026pf_rd_r\u003d5YN91MVD27X10XV74NB3\u0026pf_rd_r\u003d5YN91MVD27X10XV74NB3\u0026pf_rd_p\u003db0675bba-35a4-4582-839f-c40d4aea599b"},{"Bounds":{"bottom":1280,"left":16,"right":704,"top":1279},"Classname":"android.view.View","Packagename":"cn.amazon.mShop.android","Text":"ref\u003dmh_agsbrand12_DE_fine?rh\u003di%3Aspecialty-aps%2Ck%3ALamy\u0026bbn\u003d1904552071\u0026rw_html_to_wsrp\u003d1\u0026pf_rd_p\u003db0675bba-35a4-4582-839f-c40d4aea599b\u0026pf_rd_s\u003dmobile-hybrid-8\u0026pf_rd_t\u003d30901\u0026pf_rd_i\u003d1904552071\u0026pf_rd_m\u003dA1AJ19PSB66TGU\u0026pf_rd_r\u003d5YN91MVD27X10XV74NB3\u0026pf_rd_r\u003d5YN91MVD27X10XV74NB3\u0026pf_rd_p\u003db0675bba-35a4-4582-839f-c40d4aea599b"},{"Bounds":{"bottom":1280,"left":16,"right":704,"top":1279},"Classname":"android.view.View","Packagename":"cn.amazon.mShop.android","Text":"ref\u003dmh_agsbrand13_DE_fine?rh\u003di%3Akitchen%2Cn%3A1904552071%2Cn%3A2016126051%2Cn%3A%212016127051%2Cn%3A813108051%2Ck%3AZwilling%2Cp_n_special_merchandising_browse-bin%3A1414288071\u0026bbn\u003d1904552071\u0026sort\u003dpopularity-rank\u0026rw_html_to_wsrp\u003d1\u0026pf_rd_p\u003db0675bba-35a4-4582-839f-c40d4aea599b\u0026pf_rd_s\u003dmobile-hybrid-8\u0026pf_rd_t\u003d30901\u0026pf_rd_i\u003d1904552071\u0026pf_rd_m\u003dA1AJ19PSB66TGU\u0026pf_rd_r\u003d5YN91MVD27X10XV74NB3\u0026pf_rd_r\u003d5YN91MVD27X10XV74NB3\u0026pf_rd_p\u003db0675bba-35a4-4582-839f-c40d4aea599b"},{"Bounds":{"bottom":1280,"left":16,"right":704,"top":1279},"Classname":"android.view.View","Packagename":"cn.amazon.mShop.android","Text":"ref\u003dmh_agsbrand14_DE_fine?rh\u003di%3Ashoes%2Cn%3A1904552071%2Cn%3A2029189051%2Ck%3AGeox%2Cp_89%3AGeox%20%E5%81%A5%E4%B9%90%E5%A3%AB\u0026bbn\u003d1904552071\u0026rw_html_to_wsrp\u003d1\u0026pf_rd_p\u003db0675bba-35a4-4582-839f-c40d4aea599b\u0026pf_rd_s\u003dmobile-hybrid-8\u0026pf_rd_t\u003d30901\u0026pf_rd_i\u003d1904552071\u0026pf_rd_m\u003dA1AJ19PSB66TGU\u0026pf_rd_r\u003d5YN91MVD27X10XV74NB3\u0026pf_rd_r\u003d5YN91MVD27X10XV74NB3\u0026pf_rd_p\u003db0675bba-35a4-4582-839f-c40d4aea599b"},{"Bounds":{"bottom":1280,"left":16,"right":704,"top":1279},"Classname":"android.view.View","Packagename":"cn.amazon.mShop.android","Text":"ref\u003dmh_agsbrand15_DE_fine?rh\u003di%3Ashoes%2Cn%3A2029189051%2Ck%3AMinnetonka\u0026bbn\u003d1904552071\u0026rw_html_to_wsrp\u003d1\u0026pf_rd_p\u003db0675bba-35a4-4582-839f-c40d4aea599b\u0026pf_rd_s\u003dmobile-hybrid-8\u0026pf_rd_t\u003d30901\u0026pf_rd_i\u003d1904552071\u0026pf_rd_m\u003dA1AJ19PSB66TGU\u0026pf_rd_r\u003d5YN91MVD27X10XV74NB3\u0026pf_rd_r\u003d5YN91MVD27X10XV74NB3\u0026pf_rd_p\u003db0675bba-35a4-4582-839f-c40d4aea599b"},{"Bounds":{"bottom":1280,"left":16,"right":704,"top":1279},"Classname":"android.view.View","Packagename":"cn.amazon.mShop.android","Text":"ref\u003dmh_agsbrand16_DE_fine?rh\u003di%3Ahome-improvement%2Cn%3A1904552071%2Cn%3A1952920051%2Cp_89%3ABRITA%20%E7%A2%A7%E7%84%B6%E5%BE%B7%2Cp_n_special_merchandising_browse-bin%3A1414288071\u0026bbn\u003d1904552071\u0026rw_html_to_wsrp\u003d1\u0026pf_rd_p\u003db0675bba-35a4-4582-839f-c40d4aea599b\u0026pf_rd_s\u003dmobile-hybrid-8\u0026pf_rd_t\u003d30901\u0026pf_rd_i\u003d1904552071\u0026pf_rd_m\u003dA1AJ19PSB66TGU\u0026pf_rd_r\u003d5YN91MVD27X10XV74NB3\u0026pf_rd_r\u003d5YN91MVD27X10XV74NB3\u0026pf_rd_p\u003db0675bba-35a4-4582-839f-c40d4aea599b"},{"Bounds":{"bottom":1280,"left":16,"right":704,"top":1279},"Classname":"android.view.View","Packagename":"cn.amazon.mShop.android","Text":"ref\u003dmh_agsbrand17_DE_fine?rh\u003di%3Ahome-improvement%2Cn%3A1904552071%2Cn%3A1952920051%2Cp_89%3AHansgrohe%20%E6%B1%89%E6%96%AF%E6%A0%BC%E9%9B%85%2Cp_n_special_merchandising_browse-bin%3A1414288071\u0026bbn\u003d1904552071\u0026rw_html_to_wsrp\u003d1\u0026pf_rd_p\u003db0675bba-35a4-4582-839f-c40d4aea599b\u0026pf_rd_s\u003dmobile-hybrid-8\u0026pf_rd_t\u003d30901\u0026pf_rd_i\u003d1904552071\u0026pf_rd_m\u003dA1AJ19PSB66TGU\u0026pf_rd_r\u003d5YN91MVD27X10XV74NB3\u0026pf_rd_r\u003d5YN91MVD27X10XV74NB3\u0026pf_rd_p\u003db0675bba-35a4-4582-839f-c40d4aea599b"},{"Bounds":{"bottom":1280,"left":16,"right":704,"top":1279},"Classname":"android.view.View","Packagename":"cn.amazon.mShop.android","Text":"ref\u003dmh_agsbrand18_DE_fine?rh\u003di%3Aspecialty-aps%2Cn%3A1904552071%2Ck%3ANine%20West\u0026bbn\u003d1904552071\u0026rw_html_to_wsrp\u003d1\u0026pf_rd_p\u003db0675bba-35a4-4582-839f-c40d4aea599b\u0026pf_rd_s\u003dmobile-hybrid-8\u0026pf_rd_t\u003d30901\u0026pf_rd_i\u003d1904552071\u0026pf_rd_m\u003dA1AJ19PSB66TGU\u0026pf_rd_r\u003d5YN91MVD27X10XV74NB3\u0026pf_rd_r\u003d5YN91MVD27X10XV74NB3\u0026pf_rd_p\u003db0675bba-35a4-4582-839f-c40d4aea599b"},{"Bounds":{"bottom":1280,"left":16,"right":704,"top":1279},"Classname":"android.view.View","Packagename":"cn.amazon.mShop.android","Text":"ref\u003dmh_agsbrand19_DE_fine?rh\u003di%3Ahome-appliances%2Cn%3A1904552071%2Cn%3A2016126051%2Cn%3A%212016127051%2Cn%3A814224051%2Ck%3APhilips%20Sonicare%2Cp_n_special_merchandising_browse-bin%3A1414288071%2Cp_89%3APhilips%20Sonicare%7CPhilips%20%E9%A3%9E%E5%88%A9%E6%B5%A6%2Cn%3A%212016127051%2Cn%3A!2016127051\u0026bbn\u003d1904552071\u0026sort\u003dpopularity-rank\u0026rw_html_to_wsrp\u003d1\u0026pf_rd_p\u003db0675bba-35a4-4582-839f-c40d4aea599b\u0026pf_rd_s\u003dmobile-hybrid-8\u0026pf_rd_t\u003d30901\u0026pf_rd_i\u003d1904552071\u0026pf_rd_m\u003dA1AJ19PSB66TGU\u0026pf_rd_r\u003d5YN91MVD27X10XV74NB3\u0026pf_rd_r\u003d5YN91MVD27X10XV74NB3\u0026pf_rd_p\u003db0675bba-35a4-4582-839f-c40d4aea599b"},{"Bounds":{"bottom":1280,"left":16,"right":704,"top":1279},"Classname":"android.view.View","Packagename":"cn.amazon.mShop.android","Text":"ref\u003dmh_agsbrand20_DE_fine?rh\u003di%3Ahome-appliances%2Cn%3A1904552071%2Cn%3A2016126051%2Cn%3A%212016127051%2Cn%3A814224051%2Ck%3ABraun%2Cp_n_special_merchandising_browse-bin%3A1414288071%2Cp_89%3ABRAUN%20%E5%8D%9A%E6%9C%97%7COral-B%20%E6%AC%A7%E4%B9%90B%2Cn%3A814228051\u0026bbn\u003d1904552071\u0026rw_html_to_wsrp\u003d1\u0026pf_rd_p\u003db0675bba-35a4-4582-839f-c40d4aea599b\u0026pf_rd_s\u003dmobile-hybrid-8\u0026pf_rd_t\u003d30901\u0026pf_rd_i\u003d1904552071\u0026pf_rd_m\u003dA1AJ19PSB66TGU\u0026pf_rd_r\u003d5YN91MVD27X10XV74NB3\u0026pf_rd_r\u003d5YN91MVD27X10XV74NB3\u0026pf_rd_p\u003db0675bba-35a4-4582-839f-c40d4aea599b"},{"Bounds":{"bottom":1280,"left":0,"right":720,"top":1279},"Classname":"android.view.View","Packagename":"cn.amazon.mShop.android","Text":"Z划算·德国 147 商品 全部分类 "},{"Bounds":{"bottom":1280,"left":20,"right":320,"top":1279},"Classname":"android.view.View","Packagename":"cn.amazon.mShop.android","Text":"31dMGECPHYL._AA200_"},{"Bounds":{"bottom":1280,"left":20,"right":300,"top":1279},"Classname":"android.widget.Image","Packagename":"cn.amazon.mShop.android","Text":"ags-best-deal-badge._CB526970643_"},{"Bounds":{"bottom":1280,"left":20,"right":146,"top":1279},"Classname":"android.view.View","Packagename":"cn.amazon.mShop.android","Text":"￥315.33"},{"Bounds":{"bottom":1280,"left":20,"right":312,"top":1279},"Classname":"android.view.View","Packagename":"cn.amazon.mShop.android","Text":"WMF 通用水瓶， 1.5 升，高 32.7厘米，玻璃瓶 水瓶 密闭设计，黑色，玻璃 Cromargan 不锈钢 无锈"},{"Bounds":{"bottom":1280,"left":352,"right":652,"top":1279},"Classname":"android.view.View","Packagename":"cn.amazon.mShop.android","Text":"41ElJXw5xgL._AA200_"},{"Bounds":{"bottom":1280,"left":352,"right":632,"top":1279},"Classname":"android.widget.Image","Packagename":"cn.amazon.mShop.android","Text":"ags-best-deal-badge._CB526970643_"},{"Bounds":{"bottom":1280,"left":352,"right":478,"top":1279},"Classname":"android.view.View","Packagename":"cn.amazon.mShop.android","Text":"￥912.33"},{"Bounds":{"bottom":1280,"left":352,"right":636,"top":1279},"Classname":"android.view.View","Packagename":"cn.amazon.mShop.android","Text":"W6缝纫机 N 1615自由臂超级用户关键 - 缝纫机 – 10年保修"},{"Bounds":{"bottom":1280,"left":684,"right":732,"top":1279},"Classname":"android.view.View","Packagename":"cn.amazon.mShop.android","Text":"41OtXdBKCJL._AA200_"},{"Bounds":{"bottom":1280,"left":684,"right":732,"top":1279},"Classname":"android.widget.Image","Packagename":"cn.amazon.mShop.android","Text":"ags-best-deal-badge._CB526970643_"},{"Bounds":{"bottom":1280,"left":684,"right":732,"top":1279},"Classname":"android.view.View","Packagename":"cn.amazon.mShop.android","Text":"￥503.75"},{"Bounds":{"bottom":1280,"left":684,"right":732,"top":1279},"Classname":"android.view.View","Packagename":"cn.amazon.mShop.android","Text":"silit 平底锅 Ø 24 cm ，约4.4L ，自然绿色。 金属控制盖子，德国制造， silargan ® functional 陶瓷卷发棒，适合感应 hobs ，可机洗"},{"Bounds":{"bottom":1280,"left":718,"right":720,"top":1279},"Classname":"android.view.View","Packagename":"cn.amazon.mShop.android","Text":"31UeIj%2BVsQL._AA200_"},{"Bounds":{"bottom":1280,"left":718,"right":720,"top":1279},"Classname":"android.widget.Image","Packagename":"cn.amazon.mShop.android","Text":"ags-best-deal-badge._CB526970643_"},{"Bounds":{"bottom":1280,"left":718,"right":720,"top":1279},"Classname":"android.view.View","Packagename":"cn.amazon.mShop.android","Text":"￥123.08 - ￥366.40"},{"Bounds":{"bottom":1280,"left":718,"right":720,"top":1279},"Classname":"android.view.View","Packagename":"cn.amazon.mShop.android","Text":"Bis zu 30% Rabatt auf Dessous \u0026 Unterwäsche"},{"Bounds":{"bottom":1280,"left":718,"right":720,"top":1279},"Classname":"android.view.View","Packagename":"cn.amazon.mShop.android","Text":"41%2Bs%2Bfd75CL._AA200_"},{"Bounds":{"bottom":1280,"left":718,"right":720,"top":1279},"Classname":"android.widget.Image","Packagename":"cn.amazon.mShop.android","Text":"ags-best-deal-badge._CB526970643_"},{"Bounds":{"bottom":1280,"left":718,"right":720,"top":1279},"Classname":"android.view.View","Packagename":"cn.amazon.mShop.android","Text":"￥123.08 - ￥366.40"},{"Bounds":{"bottom":1280,"left":718,"right":720,"top":1279},"Classname":"android.view.View","Packagename":"cn.amazon.mShop.android","Text":"Bis zu 30% Rabatt auf Dessous \u0026 Unterwäsche"},{"Bounds":{"bottom":1280,"left":718,"right":720,"top":1279},"Classname":"android.view.View","Packagename":"cn.amazon.mShop.android","Text":"31UeIj%2BVsQL._AA200_"},{"Bounds":{"bottom":1280,"left":718,"right":720,"top":1279},"Classname":"android.widget.Image","Packagename":"cn.amazon.mShop.android","Text":"ags-best-deal-badge._CB526970643_"},{"Bounds":{"bottom":1280,"left":718,"right":720,"top":1279},"Classname":"android.view.View","Packagename":"cn.amazon.mShop.android","Text":"￥123.08 - ￥366.40"},{"Bounds":{"bottom":1280,"left":718,"right":720,"top":1279},"Classname":"android.view.View","Packagename":"cn.amazon.mShop.android","Text":"Bis zu 30% Rabatt auf Dessous \u0026 Unterwäsche"},{"Bounds":{"bottom":1280,"left":16,"right":704,"top":1279},"Classname":"android.widget.Image","Packagename":"cn.amazon.mShop.android","Text":""},{"Bounds":{"bottom":1280,"left":16,"right":704,"top":1279},"Classname":"android.view.View","Packagename":"cn.amazon.mShop.android","Text":"s?rh\u003di%3Agrocery%2Cn%3A1904552071%2Cn%3A2127215051%2Ck%3AAptamil%7CHumana%7CHipp%7CMilasan\u0026bbn\u003d1904552071\u0026sort\u003dpopularity-rank\u0026rw_html_to_wsrp\u003d1\u0026pf_rd_p\u003d345d298f-1819-4a0a-946d-22d11926b4d7\u0026pf_rd_s\u003dmobile-hybrid-11\u0026pf_rd_t\u003d30901\u0026pf_rd_i\u003d1904552071\u0026pf_rd_m\u003dA1AJ19PSB66TGU\u0026pf_rd_r\u003d5YN91MVD27X10XV74NB3\u0026pf_rd_r\u003d5YN91MVD27X10XV74NB3\u0026pf_rd_p\u003d345d298f-1819-4a0a-946d-22d11926b4d7"},{"Bounds":{"bottom":1280,"left":16,"right":704,"top":1279},"Classname":"android.view.View","Packagename":"cn.amazon.mShop.android","Text":"德国直邮 母婴奶粉精选"},{"Bounds":{"bottom":1280,"left":20,"right":210,"top":1279},"Classname":"android.view.View","Packagename":"cn.amazon.mShop.android","Text":"Aptamil 爱他美 婴儿3段奶粉Pronutra 亲源配方 6罐装（6×800g）"},{"Bounds":{"bottom":1280,"left":20,"right":210,"top":1279},"Classname":"android.view.View","Packagename":"cn.amazon.mShop.android","Text":"Aptamil 爱他美 婴儿3段奶粉Pronutra 亲源配方 6罐装（6..."},{"Bounds":{"bottom":1280,"left":20,"right":210,"top":1279},"Classname":"android.view.View","Packagename":"cn.amazon.mShop.android","Text":"￥ 835.88  "},{"Bounds":{"bottom":1280,"left":250,"right":440,"top":1279},"Classname":"android.view.View","Packagename":"cn.amazon.mShop.android","Text":"Aptamil 爱他美 ProExpert HA免敏奶粉pre段 4罐装 (4 x 800g)"},{"Bounds":{"bottom":1280,"left":250,"right":440,"top":1279},"Classname":"android.view.View","Packagename":"cn.amazon.mShop.android","Text":"Aptamil 爱他美 ProExpert HA免敏奶粉pre段 4罐装"},{"Bounds":{"bottom":1280,"left":250,"right":440,"top":1279},"Classname":"android.view.View","Packagename":"cn.amazon.mShop.android","Text":"￥ 599.07  "},{"Bounds":{"bottom":1280,"left":480,"right":670,"top":1279},"Classname":"android.view.View","Packagename":"cn.amazon.mShop.android","Text":"Aptamil 爱他美 幼儿奶粉1段+ 6 x 800g"},{"Bounds":{"bottom":1280,"left":480,"right":670,"top":1279},"Classname":"android.view.View","Packagename":"cn.amazon.mShop.android","Text":"Aptamil 爱他美 幼儿奶粉1段+ 6 x 800g"},{"Bounds":{"bottom":1280,"left":480,"right":670,"top":1279},"Classname":"android.view.View","Packagename":"cn.amazon.mShop.android","Text":"￥ 822.69  "},{"Bounds":{"bottom":1280,"left":16,"right":704,"top":1279},"Classname":"android.view.View","Packagename":"cn.amazon.mShop.android","Text":"s?rh\u003di%3Akitchen%2Cn%3A1904552071%2Cn%3A2016126051%2Cn%3A%212016127051%2Cn%3A813108051%2Cp_n_special_merchandising_browse-bin%3A1414288071%2Cn%3A813109051\u0026bbn\u003d1904552071\u0026rw_html_to_wsrp\u003d1\u0026pf_rd_p\u003d81601bc5-b3af-4539-87de-1962160fbca2\u0026pf_rd_s\u003dmobile-hybrid-13\u0026pf_rd_t\u003d30901\u0026pf_rd_i\u003d1904552071\u0026pf_rd_m\u003dA1AJ19PSB66TGU\u0026pf_rd_r\u003d5YN91MVD27X10XV74NB3\u0026pf_rd_r\u003d5YN91MVD27X10XV74NB3\u0026pf_rd_p\u003d81601bc5-b3af-4539-87de-1962160fbca2"},{"Bounds":{"bottom":1280,"left":16,"right":704,"top":1279},"Classname":"android.view.View","Packagename":"cn.amazon.mShop.android","Text":"德国直邮 厨具精选"},{"Bounds":{"bottom":1280,"left":20,"right":210,"top":1279},"Classname":"android.view.View","Packagename":"cn.amazon.mShop.android","Text":"  "},{"Bounds":{"bottom":1280,"left":20,"right":210,"top":1279},"Classname":"android.view.View","Packagename":"cn.amazon.mShop.android","Text":"Staub 炖锅 蒸汽闷锅 （26cm 5.0L 搪瓷锅）樱桃色"},{"Bounds":{"bottom":1280,"left":20,"right":210,"top":1279},"Classname":"android.view.View","Packagename":"cn.amazon.mShop.android","Text":"STAUB"},{"Bounds":{"bottom":1280,"left":20,"right":210,"top":1279},"Classname":"android.view.View","Packagename":"cn.amazon.mShop.android","Text":"￥ 1,081.50  "},{"Bounds":{"bottom":1280,"left":250,"right":440,"top":1279},"Classname":"android.view.View","Packagename":"cn.amazon.mShop.android","Text":"  "},{"Bounds":{"bottom":1280,"left":250,"right":440,"top":1279},"Classname":"android.view.View","Packagename":"cn.amazon.mShop.android","Text":"Fissler 菲仕乐original-profi collection..."},{"Bounds":{"bottom":1280,"left":250,"right":440,"top":1279},"Classname":"android.view.View","Packagename":"cn.amazon.mShop.android","Text":"￥ 1,237.25  "},{"Bounds":{"bottom":1280,"left":480,"right":670,"top":1279},"Classname":"android.view.View","Packagename":"cn.amazon.mShop.android","Text":"  "},{"Bounds":{"bottom":1280,"left":480,"right":670,"top":1279},"Classname":"android.view.View","Packagename":"cn.amazon.mShop.android","Text":"De\u0027Longhi 德龙 全自动咖啡机ECAM23.420.SW 银白"},{"Bounds":{"bottom":1280,"left":480,"right":670,"top":1279},"Classname":"android.view.View","Packagename":"cn.amazon.mShop.android","Text":"De’Longhi 德龙"},{"Bounds":{"bottom":1280,"left":480,"right":670,"top":1279},"Classname":"android.view.View","Packagename":"cn.amazon.mShop.android","Text":"￥ 2,742.68  "},{"Bounds":{"bottom":1280,"left":16,"right":704,"top":1279},"Classname":"android.view.View","Packagename":"cn.amazon.mShop.android","Text":"s?srs\u003d1484186071\u0026rh\u003di%3Ashoes%2Cn%3A2029189051%2Cp_6%3AA3CQWPW49OI3BQ\u0026bbn\u003d2029189051\u0026rw_html_to_wsrp\u003d1\u0026pf_rd_p\u003dcd834aa9-bfb8-4dc0-bf81-32eea5bec5b3\u0026pf_rd_s\u003dmobile-hybrid-15\u0026pf_rd_t\u003d30901\u0026pf_rd_i\u003d1904552071\u0026pf_rd_m\u003dA1AJ19PSB66TGU\u0026pf_rd_r\u003d5YN91MVD27X10XV74NB3\u0026pf_rd_r\u003d5YN91MVD27X10XV74NB3\u0026pf_rd_p\u003dcd834aa9-bfb8-4dc0-bf81-32eea5bec5b3"},{"Bounds":{"bottom":1280,"left":16,"right":704,"top":1279},"Classname":"android.view.View","Packagename":"cn.amazon.mShop.android","Text":"德国直邮 鞋靴精选"},{"Bounds":{"bottom":1280,"left":20,"right":210,"top":1279},"Classname":"android.view.View","Packagename":"cn.amazon.mShop.android","Text":"  "},{"Bounds":{"bottom":1280,"left":20,"right":210,"top":1279},"Classname":"android.view.View","Packagename":"cn.amazon.mShop.android","Text":"Gabor 女鞋 舒适型 基础款 切尔西靴 棕色 41 EU"},{"Bounds":{"bottom":1280,"left":20,"right":210,"top":1279},"Classname":"android.view.View","Packagename":"cn.amazon.mShop.android","Text":"￥ 647.81  "},{"Bounds":{"bottom":1280,"left":250,"right":440,"top":1279},"Classname":"android.view.View","Packagename":"cn.amazon.mShop.android","Text":"Tamaris 女式25811靴 Grey (Graphite) 6 UK"},{"Bounds":{"bottom":1280,"left":250,"right":440,"top":1279},"Classname":"android.view.View","Packagename":"cn.amazon.mShop.android","Text":"Tamaris 女式25811靴 Grey (Graphite) 6 UK"},{"Bounds":{"bottom":1280,"left":250,"right":440,"top":1279},"Classname":"android.view.View","Packagename":"cn.amazon.mShop.android","Text":"TAMARIS"},{"Bounds":{"bottom":1280,"left":250,"right":440,"top":1279},"Classname":"android.view.View","Packagename":"cn.amazon.mShop.android","Text":"￥ 426.07  "},{"Bounds":{"bottom":1280,"left":480,"right":670,"top":1279},"Classname":"android.view.View","Packagename":"cn.amazon.mShop.android","Text":"  "},{"Bounds":{"bottom":1280,"left":480,"right":670,"top":1279},"Classname":"android.view.View","Packagename":"cn.amazon.mShop.android","Text":"ECCO Men\u0027s Kyle Premium Fashion..."},{"Bounds":{"bottom":1280,"left":480,"right":670,"top":1279},"Classname":"android.view.View","Packagename":"cn.amazon.mShop.android","Text":"ECCO 爱步"},{"Bounds":{"bottom":1280,"left":480,"right":670,"top":1279},"Classname":"android.view.View","Packagename":"cn.amazon.mShop.android","Text":"￥ 1,695.85  "},{"Bounds":{"bottom":1280,"left":16,"right":704,"top":1279},"Classname":"android.view.View","Packagename":"cn.amazon.mShop.android","Text":"s?rh\u003di%3Abeauty%2Cn%3A1904552071%2Cn%3A746776051%2Cn%3A%21746777051%2Cn%3A746782051%2Cp_n_special_merchandising_browse-bin%3A1414288071\u0026bbn\u003d1904552071\u0026rw_html_to_wsrp\u003d1\u0026pf_rd_p\u003d2cb0d1f8-c4e0-4521-bf17-1d45229c3c3f\u0026pf_rd_s\u003dmobile-hybrid-17\u0026pf_rd_t\u003d30901\u0026pf_rd_i\u003d1904552071\u0026pf_rd_m\u003dA1AJ19PSB66TGU\u0026pf_rd_r\u003d5YN91MVD27X10XV74NB3\u0026pf_rd_r\u003d5YN91MVD27X10XV74NB3\u0026pf_rd_p\u003d2cb0d1f8-c4e0-4521-bf17-1d45229c3c3f"},{"Bounds":{"bottom":1280,"left":16,"right":704,"top":1279},"Classname":"android.view.View","Packagename":"cn.amazon.mShop.android","Text":"德国直邮 美妆精选"},{"Bounds":{"bottom":1280,"left":20,"right":210,"top":1279},"Classname":"android.view.View","Packagename":"cn.amazon.mShop.android","Text":"玫瑰 100 % 天然，纯玫瑰水，纯素， 1 包( 1 x 300 毫升)"},{"Bounds":{"bottom":1280,"left":20,"right":210,"top":1279},"Classname":"android.view.View","Packagename":"cn.amazon.mShop.android","Text":"玫瑰 100 % 天然，纯玫瑰水，纯素， 1 包( 1 x 300 毫升)"},{"Bounds":{"bottom":1280,"left":20,"right":210,"top":1279},"Classname":"android.view.View","Packagename":"cn.amazon.mShop.android","Text":"Rosense 洛神诗"},{"Bounds":{"bottom":1280,"left":20,"right":210,"top":1279},"Classname":"android.view.View","Packagename":"cn.amazon.mShop.android","Text":"￥ 103.99  "},{"Bounds":{"bottom":1280,"left":250,"right":440,"top":1279},"Classname":"android.view.View","Packagename":"cn.amazon.mShop.android","Text":"Dermaroller 玻尿酸精华原液 每支1,5ml含有0,35% 透明质酸, 1盒装 (1 x 30 支)"},{"Bounds":{"bottom":1280,"left":250,"right":440,"top":1279},"Classname":"android.view.View","Packagename":"cn.amazon.mShop.android","Text":"Dermaroller 玻尿酸精华原液 每支1,5ml含有0,35..."},{"Bounds":{"bottom":1280,"left":250,"right":440,"top":1279},"Classname":"android.view.View","Packagename":"cn.amazon.mShop.android","Text":"￥ 546.16  "},{"Bounds":{"bottom":1280,"left":480,"right":670,"top":1279},"Classname":"android.view.View","Packagename":"cn.amazon.mShop.android","Text":"Schaebens 雪本诗海藻精华面膜，15包 (15 x 10 ml)"},{"Bounds":{"bottom":1280,"left":480,"right":670,"top":1279},"Classname":"android.view.View","Packagename":"cn.amazon.mShop.android","Text":"Schaebens 雪本诗海藻精华面膜，15包 (15 x 10 ml)"},{"Bounds":{"bottom":1280,"left":480,"right":670,"top":1279},"Classname":"android.view.View","Packagename":"cn.amazon.mShop.android","Text":"￥ 79.98  "},{"Bounds":{"bottom":1280,"left":16,"right":438,"top":1279},"Classname":"android.view.View","Packagename":"cn.amazon.mShop.android","Text":"全部分类 中的热门搜索结果"},{"Bounds":{"bottom":1280,"left":16,"right":340,"top":1279},"Classname":"android.view.View","Packagename":"cn.amazon.mShop.android","Text":"Brita 碧然德 Maxtra+滤芯12包装 白色 Brita 碧然德 Maxtra+滤芯12包装 白色 BRITA 碧然德 ￥353.22 平均 3.7 星 (39)"},{"Bounds":{"bottom":1280,"left":360,"right":684,"top":1279},"Classname":"android.view.View","Packagename":"cn.amazon.mShop.android","Text":"Aptamil 爱他美幼儿奶粉1段+, 5盒装 (5 x 600 g) Aptamil 爱他美幼儿奶粉1段+, 5盒装 (5 x 600 g) Aptamil 爱他美 ￥496.31(￥165.44/kg) 平均 3.7 星 (14)"},{"Bounds":{"bottom":1280,"left":16,"right":340,"top":1279},"Classname":"android.view.View","Packagename":"cn.amazon.mShop.android","Text":"Schaebens 雪本诗 青瓜牛油果芦荟保湿面膜, 15包(15 x 10 ml) Schaebens 雪本诗 青瓜牛油果芦荟保湿面膜, 15包(15 x 10 ml) Schaebens 雪本诗 ￥79.45 平均 5 星 (6)"},{"Bounds":{"bottom":1280,"left":360,"right":684,"top":1279},"Classname":"android.view.View","Packagename":"cn.amazon.mShop.android","Text":"Gund 婴儿音乐小飞象毛绒玩具 Gund 婴儿音乐小飞象毛绒玩具 GUND ￥179.05 ￥179.05 3 种购买选项 平均 3.9 星 (18)"},{"Bounds":{"bottom":1280,"left":16,"right":340,"top":1279},"Classname":"android.view.View","Packagename":"cn.amazon.mShop.android","Text":"adidas Originals kids 阿迪达斯三叶草 男童 休闲运动鞋 SUPERSTAR CF C S74906 adidas Originals kids 阿迪达斯三叶草 男童 休闲运动鞋 SUPERSTAR CF C S74906 adidas Originals kids 阿迪达斯三叶草 ￥186.98 - ￥1,129.00 ￥379.21 2 种购买选项 平均 4.2 星 (13)"},{"Bounds":{"bottom":1280,"left":360,"right":684,"top":1279},"Classname":"android.view.View","Packagename":"cn.amazon.mShop.android","Text":"Philips 飞利浦Sonicare HX6018/07 原装ProResults标准刷头,白色，8只装 Philips 飞利浦Sonicare HX6018/07 原装ProResults标准刷头,白色，8只装 Philips 飞利浦 ￥210.58(￥26.32/Stück) 平均 4.3 星 (99)"},{"Bounds":{"bottom":1280,"left":16,"right":340,"top":1279},"Classname":"android.view.View","Packagename":"cn.amazon.mShop.android","Text":"Timberland 添柏岚 女士 高帮徒步鞋 Timberland 添柏岚 女士 高帮徒步鞋 Timberland 添柏岚 ￥382.51 - ￥1,994.95 平均 4.4 星 (67)"},{"Bounds":{"bottom":1280,"left":360,"right":684,"top":1279},"Classname":"android.view.View","Packagename":"cn.amazon.mShop.android","Text":"Beyerdynamic 拜亚动力 DTX910 头戴式低阻直推HIFI耳机 深灰色 Beyerdynamic 拜亚动力 DTX910 头戴式低阻直推HIFI耳机 深灰色 Beyerdynamic 拜亚动力 ￥439.00 此商品仅剩 3 件 - 欲购从速。 ￥283.51 2 种购买选项 平均 4.6 星 (8)"},{"Bounds":{"bottom":1280,"left":36,"right":340,"top":1279},"Classname":"android.view.View","Packagename":"cn.amazon.mShop.android","Text":"Brother ptp300btg1 – blautooth - 标签设备 P-touch Cube Brother ptp300btg1 – blautooth - 标签设备 P-touch Cube Brother 兄弟 ￥344.86 "},{"Bounds":{"bottom":1280,"left":360,"right":684,"top":1279},"Classname":"android.view.View","Packagename":"cn.amazon.mShop.android","Text":"CHAMPION 女式圆领 institutionals T 恤 CHAMPION 女式圆领 institutionals T 恤 Champion ￥134.51 - ￥152.58 平均 5 星 (2)"},{"Bounds":{"bottom":1280,"left":16,"right":340,"top":1279},"Classname":"android.view.View","Packagename":"cn.amazon.mShop.android","Text":"Nikon 尼康Aculon A211 7x50 望远镜 (7倍, 50 mm 前透镜直径) 黑色 Nikon 尼康Aculon A211 7x50 望远镜 (7倍, 50 mm 前透镜直径) 黑色 Nikon 尼康 ￥663.03 平均 5 星 (1)"},{"Bounds":{"bottom":1280,"left":382,"right":684,"top":1279},"Classname":"android.view.View","Packagename":"cn.amazon.mShop.android","Text":"STAGG GOS-1538 可调由15至38寸锣架（配轮子） STAGG GOS-1538 可调由15至38寸锣架（配轮子） STAGG ￥655.97 "},{"Bounds":{"bottom":1280,"left":16,"right":340,"top":1279},"Classname":"android.view.View","Packagename":"cn.amazon.mShop.android","Text":"ELLI 女士项链，带吊坠，羽毛，波西米亚，925银，*白色，明亮切割45厘米 – 0109810216 _ 45 银白色 ELLI 女士项链，带吊坠，羽毛，波西米亚，925银，*白色，明亮切割45厘米 – 0109810216 _ 45 银白色 Elli ￥212.57 平均 5 星 (1)"},{"Bounds":{"bottom":1280,"left":360,"right":684,"top":1279},"Classname":"android.view.View","Packagename":"cn.amazon.mShop.android","Text":"HiPP 喜宝 幼儿奶粉Combiotik 2岁以上宝宝适用 (4盒装， 4 x 600 克) HiPP 喜宝 幼儿奶粉Combiotik 2岁以上宝宝适用 (4盒装， 4 x 600 克) Hipp ￥380.52(￥158.55/kg) 平均 4.1 星 (26)"},{"Bounds":{"bottom":1280,"left":0,"right":720,"top":1279},"Classname":"android.view.View","Packagename":"cn.amazon.mShop.android","Text":""},{"Bounds":{"bottom":1280,"left":0,"right":2,"top":1279},"Classname":"android.widget.Image","Packagename":"cn.amazon.mShop.android","Text":""},{"Bounds":{"bottom":1280,"left":2,"right":4,"top":1279},"Classname":"android.widget.Image","Packagename":"cn.amazon.mShop.android","Text":""},{"Bounds":{"bottom":1280,"left":0,"right":720,"top":1279},"Classname":"android.view.View","Packagename":"cn.amazon.mShop.android","Text":""},{"Bounds":{"bottom":1280,"left":0,"right":720,"top":1279},"Classname":"android.view.View","Packagename":"cn.amazon.mShop.android","Text":""},{"Bounds":{"bottom":145,"left":0,"right":720,"top":143},"Classname":"android.view.View","Packagename":"cn.amazon.mShop.android","Text":""},{"Bounds":{"bottom":1280,"left":0,"right":720,"top":143},"Classname":"android.view.View","Packagename":"cn.amazon.mShop.android","Text":""}],"packagename":"com.example.a10628.myapplication","width":1080}