{"events":[{"eventname":"TYPE_VIEW_SCROLLED","source":{"Bounds":{"bottom":1179,"left":0,"right":720,"top":136},"Classname":"android.widget.ScrollView","Packagename":"com.netease.pris","Text":""}}],"height":1920,"hovertime":5366,"nodes":[{"Bounds":{"bottom":136,"left":0,"right":108,"top":48},"Classname":"android.widget.ImageView","Packagename":"com.netease.pris","Text":""},{"Bounds":{"bottom":114,"left":360,"right":360,"top":69},"Classname":"android.widget.TextView","Packagename":"com.netease.pris","Text":""},{"Bounds":{"bottom":114,"left":644,"right":688,"top":70},"Classname":"android.widget.Button","Packagename":"com.netease.pris","Text":""},{"Bounds":{"bottom":-278,"left":12,"right":228,"top":136},"Classname":"android.widget.ImageView","Packagename":"com.netease.pris","Text":""},{"Bounds":{"bottom":-526,"left":238,"right":340,"top":136},"Classname":"android.widget.TextView","Packagename":"com.netease.pris","Text":"醉三国"},{"Bounds":{"bottom":-480,"left":238,"right":334,"top":136},"Classname":"android.widget.TextView","Packagename":"com.netease.pris","Text":"军事谍战"},{"Bounds":{"bottom":-480,"left":368,"right":584,"top":136},"Classname":"android.widget.TextView","Packagename":"com.netease.pris","Text":"我发誓我就这么活着"},{"Bounds":{"bottom":-444,"left":234,"right":384,"top":136},"Classname":"android.widget.RatingBar","Packagename":"com.netease.pris","Text":""},{"Bounds":{"bottom":-400,"left":238,"right":332,"top":136},"Classname":"android.widget.TextView","Packagename":"com.netease.pris","Text":"85.6万字"},{"Bounds":{"bottom":-400,"left":366,"right":484,"top":136},"Classname":"android.widget.TextView","Packagename":"com.netease.pris","Text":"11.8万点击"},{"Bounds":{"bottom":-347,"left":238,"right":256,"top":136},"Classname":"android.widget.TextView","Packagename":"com.netease.pris","Text":"3"},{"Bounds":{"bottom":-349,"left":256,"right":360,"top":136},"Classname":"android.widget.TextView","Packagename":"com.netease.pris","Text":"阅点/千字"},{"Bounds":{"bottom":-75,"left":0,"right":720,"top":136},"Classname":"android.widget.TextView","Packagename":"com.netease.pris","Text":"赤壁大战后周瑜的声望达到了顶点，却也成了众矢之的。俏周郎出师未捷身先死，被人暗杀，凶手是曹操，刘备还是孙权？...周瑜奇迹般地在另外一个时代获得了重生，他要在这个截然不同的时代里寻找自己被杀的真相..."},{"Bounds":{"bottom":-15,"left":30,"right":126,"top":136},"Classname":"android.widget.TextView","Packagename":"com.netease.pris","Text":"授权方："},{"Bounds":{"bottom":-15,"left":126,"right":366,"top":136},"Classname":"android.widget.TextView","Packagename":"com.netease.pris","Text":"云南安柔科技有限公司"},{"Bounds":{"bottom":30,"left":30,"right":246,"top":136},"Classname":"android.widget.TextView","Packagename":"com.netease.pris","Text":"作品类型：付费作品"},{"Bounds":{"bottom":135,"left":94,"right":194,"top":136},"Classname":"android.widget.TextView","Packagename":"com.netease.pris","Text":"09月12号"},{"Bounds":{"bottom":135,"left":204,"right":594,"top":136},"Classname":"android.widget.TextView","Packagename":"com.netease.pris","Text":"更至：第二百九十九章 糜环的大满足"},{"Bounds":{"bottom":135,"left":594,"right":690,"top":136},"Classname":"android.widget.TextView","Packagename":"com.netease.pris","Text":"连载中"},{"Bounds":{"bottom":257,"left":47,"right":552,"top":212},"Classname":"android.widget.TextView","Packagename":"com.netease.pris","Text":"大师来了"},{"Bounds":{"bottom":263,"left":552,"right":690,"top":207},"Classname":"android.widget.TextView","Packagename":"com.netease.pris","Text":"写评论"},{"Bounds":{"bottom":407,"left":25,"right":99,"top":333},"Classname":"android.widget.ImageView","Packagename":"com.netease.pris","Text":""},{"Bounds":{"bottom":365,"left":128,"right":212,"top":333},"Classname":"android.widget.TextView","Packagename":"com.netease.pris","Text":"轩辕霖"},{"Bounds":{"bottom":360,"left":224,"right":273,"top":338},"Classname":"android.widget.TextView","Packagename":"com.netease.pris","Text":"LV.14"},{"Bounds":{"bottom":407,"left":128,"right":278,"top":381},"Classname":"android.widget.RatingBar","Packagename":"com.netease.pris","Text":""},{"Bounds":{"bottom":409,"left":298,"right":474,"top":381},"Classname":"android.widget.TextView","Packagename":"com.netease.pris","Text":"2017年01月23日"},{"Bounds":{"bottom":386,"left":624,"right":650,"top":333},"Classname":"android.widget.TextView","Packagename":"com.netease.pris","Text":"17"},{"Bounds":{"bottom":501,"left":130,"right":668,"top":427},"Classname":"android.widget.TextView","Packagename":"com.netease.pris","Text":"朋友！过 来 给你加 油！ 一起 共勉！也欢迎阅读 我的作品 《这，不科学》！"},{"Bounds":{"bottom":592,"left":47,"right":191,"top":547},"Classname":"android.widget.TextView","Packagename":"com.netease.pris","Text":"最新评论"},{"Bounds":{"bottom":736,"left":25,"right":99,"top":662},"Classname":"android.widget.ImageView","Packagename":"com.netease.pris","Text":""},{"Bounds":{"bottom":694,"left":128,"right":212,"top":662},"Classname":"android.widget.TextView","Packagename":"com.netease.pris","Text":"小仙女"},{"Bounds":{"bottom":689,"left":224,"right":265,"top":667},"Classname":"android.widget.TextView","Packagename":"com.netease.pris","Text":"LV.1"},{"Bounds":{"bottom":736,"left":128,"right":278,"top":710},"Classname":"android.widget.RatingBar","Packagename":"com.netease.pris","Text":""},{"Bounds":{"bottom":738,"left":298,"right":474,"top":710},"Classname":"android.widget.TextView","Packagename":"com.netease.pris","Text":"2017年11月27日"},{"Bounds":{"bottom":715,"left":642,"right":720,"top":662},"Classname":"android.widget.LinearLayout","Packagename":"com.netease.pris","Text":""},{"Bounds":{"bottom":786,"left":130,"right":538,"top":754},"Classname":"android.widget.TextView","Packagename":"com.netease.pris","Text":"作者真的是很走心,掯鸽朌,渗甦忏"},{"Bounds":{"bottom":916,"left":25,"right":99,"top":842},"Classname":"android.widget.ImageView","Packagename":"com.netease.pris","Text":""},{"Bounds":{"bottom":874,"left":128,"right":508,"top":842},"Classname":"android.widget.TextView","Packagename":"com.netease.pris","Text":"来自869677024758190的网友"},{"Bounds":{"bottom":869,"left":520,"right":561,"top":847},"Classname":"android.widget.TextView","Packagename":"com.netease.pris","Text":"LV.1"},{"Bounds":{"bottom":916,"left":128,"right":278,"top":890},"Classname":"android.widget.RatingBar","Packagename":"com.netease.pris","Text":""},{"Bounds":{"bottom":918,"left":298,"right":474,"top":890},"Classname":"android.widget.TextView","Packagename":"com.netease.pris","Text":"2017年08月08日"},{"Bounds":{"bottom":895,"left":637,"right":650,"top":842},"Classname":"android.widget.TextView","Packagename":"com.netease.pris","Text":"6"},{"Bounds":{"bottom":966,"left":130,"right":494,"top":934},"Classname":"android.widget.TextView","Packagename":"com.netease.pris","Text":"我就问那么一句郭嘉还没死呢"},{"Bounds":{"bottom":1096,"left":25,"right":99,"top":1022},"Classname":"android.widget.ImageView","Packagename":"com.netease.pris","Text":""},{"Bounds":{"bottom":1054,"left":128,"right":257,"top":1022},"Classname":"android.widget.TextView","Packagename":"com.netease.pris","Text":"wayue666"},{"Bounds":{"bottom":1049,"left":269,"right":310,"top":1027},"Classname":"android.widget.TextView","Packagename":"com.netease.pris","Text":"LV.1"},{"Bounds":{"bottom":1098,"left":128,"right":304,"top":1070},"Classname":"android.widget.TextView","Packagename":"com.netease.pris","Text":"2017年02月13日"},{"Bounds":{"bottom":1075,"left":624,"right":650,"top":1022},"Classname":"android.widget.TextView","Packagename":"com.netease.pris","Text":"14"},{"Bounds":{"bottom":1146,"left":130,"right":606,"top":1114},"Classname":"android.widget.TextView","Packagename":"com.netease.pris","Text":"貉擦土牟捌套写苫晃找，我来看看哦！"},{"Bounds":{"bottom":1179,"left":47,"right":227,"top":1233},"Classname":"android.widget.TextView","Packagename":"com.netease.pris","Text":"用户还喜欢"},{"Bounds":{"bottom":1179,"left":50,"right":210,"top":1563},"Classname":"android.widget.TextView","Packagename":"com.netease.pris","Text":"紫贝壳"},{"Bounds":{"bottom":1179,"left":50,"right":210,"top":1618},"Classname":"android.widget.TextView","Packagename":"com.netease.pris","Text":"琼瑶"},{"Bounds":{"bottom":1179,"left":250,"right":410,"top":1563},"Classname":"android.widget.TextView","Packagename":"com.netease.pris","Text":"几度夕阳红"},{"Bounds":{"bottom":1179,"left":250,"right":410,"top":1618},"Classname":"android.widget.TextView","Packagename":"com.netease.pris","Text":"琼瑶"},{"Bounds":{"bottom":1179,"left":450,"right":610,"top":1563},"Classname":"android.widget.TextView","Packagename":"com.netease.pris","Text":"荒龙神帝"},{"Bounds":{"bottom":1179,"left":450,"right":610,"top":1618},"Classname":"android.widget.TextView","Packagename":"com.netease.pris","Text":"六式"},{"Bounds":{"bottom":1179,"left":650,"right":720,"top":1563},"Classname":"android.widget.TextView","Packagename":"com.netease.pris","Text":"玉楼烟"},{"Bounds":{"bottom":1179,"left":650,"right":720,"top":1618},"Classname":"android.widget.TextView","Packagename":"com.netease.pris","Text":"光头大师兄"},{"Bounds":{"bottom":1280,"left":0,"right":239,"top":1180},"Classname":"android.widget.Button","Packagename":"com.netease.pris","Text":"加入书架"},{"Bounds":{"bottom":1280,"left":241,"right":480,"top":1180},"Classname":"android.widget.Button","Packagename":"com.netease.pris","Text":"购买"},{"Bounds":{"bottom":1280,"left":480,"right":720,"top":1180},"Classname":"android.widget.Button","Packagename":"com.netease.pris","Text":"立即阅读"}],"packagename":"com.example.a10628.myapplication","width":1080}