{"events":[{"eventname":"TYPE_VIEW_SCROLLED","source":{"Bounds":{"bottom":1280,"left":0,"right":720,"top":144},"Classname":"com.uc.webkit.bc","Packagename":"com.tmall.wireless","Text":""}},{"eventname":"TYPE_VIEW_SCROLLED","source":{"Bounds":{"bottom":1280,"left":0,"right":720,"top":144},"Classname":"android.webkit.WebView","Packagename":"com.tmall.wireless","Text":""}}],"height":1920,"hovertime":5622,"nodes":[{"Bounds":{"bottom":144,"left":0,"right":253,"top":48},"Classname":"android.widget.LinearLayout","Packagename":"com.tmall.wireless","Text":""},{"Bounds":{"bottom":116,"left":536,"right":576,"top":76},"Classname":"android.widget.TextView","Packagename":"com.tmall.wireless","Text":""},{"Bounds":{"bottom":144,"left":614,"right":718,"top":48},"Classname":"android.widget.TextView","Packagename":"com.tmall.wireless","Text":""},{"Bounds":{"bottom":232,"left":0,"right":88,"top":144},"Classname":"android.view.View","Packagename":"com.tmall.wireless","Text":""},{"Bounds":{"bottom":206,"left":530,"right":582,"top":170},"Classname":"android.view.View","Packagename":"com.tmall.wireless","Text":""},{"Bounds":{"bottom":196,"left":590,"right":610,"top":176},"Classname":"android.view.View","Packagename":"com.tmall.wireless","Text":""},{"Bounds":{"bottom":232,"left":632,"right":720,"top":144},"Classname":"android.view.View","Packagename":"com.tmall.wireless","Text":""},{"Bounds":{"bottom":218,"left":88,"right":512,"top":158},"Classname":"android.view.View","Packagename":"com.tmall.wireless","Text":""},{"Bounds":{"bottom":-1036,"left":-1440,"right":-720,"top":144},"Classname":"android.view.View","Packagename":"com.tmall.wireless","Text":""},{"Bounds":{"bottom":-1036,"left":-720,"right":0,"top":144},"Classname":"android.view.View","Packagename":"com.tmall.wireless","Text":""},{"Bounds":{"bottom":-1036,"left":0,"right":720,"top":144},"Classname":"android.view.View","Packagename":"com.tmall.wireless","Text":""},{"Bounds":{"bottom":-1036,"left":720,"right":1440,"top":144},"Classname":"android.view.View","Packagename":"com.tmall.wireless","Text":""},{"Bounds":{"bottom":-1036,"left":1440,"right":2160,"top":144},"Classname":"android.view.View","Packagename":"com.tmall.wireless","Text":""},{"Bounds":{"bottom":-1036,"left":2160,"right":2880,"top":144},"Classname":"android.view.View","Packagename":"com.tmall.wireless","Text":""},{"Bounds":{"bottom":-1036,"left":2880,"right":3600,"top":144},"Classname":"android.view.View","Packagename":"com.tmall.wireless","Text":""},{"Bounds":{"bottom":-1036,"left":3600,"right":4320,"top":144},"Classname":"android.view.View","Packagename":"com.tmall.wireless","Text":""},{"Bounds":{"bottom":-1048,"left":258,"right":288,"top":144},"Classname":"android.view.View","Packagename":"com.tmall.wireless","Text":""},{"Bounds":{"bottom":-1048,"left":292,"right":322,"top":144},"Classname":"android.view.View","Packagename":"com.tmall.wireless","Text":""},{"Bounds":{"bottom":-1048,"left":326,"right":356,"top":144},"Classname":"android.view.View","Packagename":"com.tmall.wireless","Text":""},{"Bounds":{"bottom":-1048,"left":360,"right":390,"top":144},"Classname":"android.view.View","Packagename":"com.tmall.wireless","Text":""},{"Bounds":{"bottom":-1048,"left":394,"right":424,"top":144},"Classname":"android.view.View","Packagename":"com.tmall.wireless","Text":""},{"Bounds":{"bottom":-1048,"left":428,"right":458,"top":144},"Classname":"android.view.View","Packagename":"com.tmall.wireless","Text":""},{"Bounds":{"bottom":-814,"left":0,"right":720,"top":144},"Classname":"android.view.View","Packagename":"com.tmall.wireless","Text":""},{"Bounds":{"bottom":-646,"left":-702,"right":-564,"top":144},"Classname":"android.view.View","Packagename":"com.tmall.wireless","Text":""},{"Bounds":{"bottom":-646,"left":-566,"right":-428,"top":144},"Classname":"android.view.View","Packagename":"com.tmall.wireless","Text":""},{"Bounds":{"bottom":-646,"left":-430,"right":-290,"top":144},"Classname":"android.view.View","Packagename":"com.tmall.wireless","Text":""},{"Bounds":{"bottom":-646,"left":-292,"right":-154,"top":144},"Classname":"android.view.View","Packagename":"com.tmall.wireless","Text":""},{"Bounds":{"bottom":-646,"left":-156,"right":-18,"top":144},"Classname":"android.view.View","Packagename":"com.tmall.wireless","Text":""},{"Bounds":{"bottom":-472,"left":-702,"right":-564,"top":144},"Classname":"android.view.View","Packagename":"com.tmall.wireless","Text":""},{"Bounds":{"bottom":-472,"left":-566,"right":-428,"top":144},"Classname":"android.view.View","Packagename":"com.tmall.wireless","Text":""},{"Bounds":{"bottom":-472,"left":-430,"right":-290,"top":144},"Classname":"android.view.View","Packagename":"com.tmall.wireless","Text":""},{"Bounds":{"bottom":-472,"left":-292,"right":-154,"top":144},"Classname":"android.view.View","Packagename":"com.tmall.wireless","Text":""},{"Bounds":{"bottom":-472,"left":-156,"right":-18,"top":144},"Classname":"android.view.View","Packagename":"com.tmall.wireless","Text":""},{"Bounds":{"bottom":-646,"left":18,"right":156,"top":144},"Classname":"android.view.View","Packagename":"com.tmall.wireless","Text":""},{"Bounds":{"bottom":-646,"left":154,"right":292,"top":144},"Classname":"android.view.View","Packagename":"com.tmall.wireless","Text":""},{"Bounds":{"bottom":-646,"left":290,"right":430,"top":144},"Classname":"android.view.View","Packagename":"com.tmall.wireless","Text":""},{"Bounds":{"bottom":-646,"left":428,"right":566,"top":144},"Classname":"android.view.View","Packagename":"com.tmall.wireless","Text":""},{"Bounds":{"bottom":-646,"left":564,"right":702,"top":144},"Classname":"android.view.View","Packagename":"com.tmall.wireless","Text":""},{"Bounds":{"bottom":-472,"left":18,"right":156,"top":144},"Classname":"android.view.View","Packagename":"com.tmall.wireless","Text":""},{"Bounds":{"bottom":-472,"left":154,"right":292,"top":144},"Classname":"android.view.View","Packagename":"com.tmall.wireless","Text":""},{"Bounds":{"bottom":-472,"left":290,"right":430,"top":144},"Classname":"android.view.View","Packagename":"com.tmall.wireless","Text":""},{"Bounds":{"bottom":-472,"left":428,"right":566,"top":144},"Classname":"android.view.View","Packagename":"com.tmall.wireless","Text":""},{"Bounds":{"bottom":-472,"left":564,"right":702,"top":144},"Classname":"android.view.View","Packagename":"com.tmall.wireless","Text":""},{"Bounds":{"bottom":-646,"left":738,"right":876,"top":144},"Classname":"android.view.View","Packagename":"com.tmall.wireless","Text":""},{"Bounds":{"bottom":-646,"left":874,"right":1012,"top":144},"Classname":"android.view.View","Packagename":"com.tmall.wireless","Text":""},{"Bounds":{"bottom":-646,"left":1010,"right":1150,"top":144},"Classname":"android.view.View","Packagename":"com.tmall.wireless","Text":""},{"Bounds":{"bottom":-646,"left":1148,"right":1286,"top":144},"Classname":"android.view.View","Packagename":"com.tmall.wireless","Text":""},{"Bounds":{"bottom":-646,"left":1284,"right":1422,"top":144},"Classname":"android.view.View","Packagename":"com.tmall.wireless","Text":""},{"Bounds":{"bottom":-472,"left":738,"right":876,"top":144},"Classname":"android.view.View","Packagename":"com.tmall.wireless","Text":""},{"Bounds":{"bottom":-472,"left":874,"right":1012,"top":144},"Classname":"android.view.View","Packagename":"com.tmall.wireless","Text":""},{"Bounds":{"bottom":-472,"left":1010,"right":1150,"top":144},"Classname":"android.view.View","Packagename":"com.tmall.wireless","Text":""},{"Bounds":{"bottom":-472,"left":1148,"right":1286,"top":144},"Classname":"android.view.View","Packagename":"com.tmall.wireless","Text":""},{"Bounds":{"bottom":-472,"left":1284,"right":1422,"top":144},"Classname":"android.view.View","Packagename":"com.tmall.wireless","Text":""},{"Bounds":{"bottom":-646,"left":1458,"right":1596,"top":144},"Classname":"android.view.View","Packagename":"com.tmall.wireless","Text":""},{"Bounds":{"bottom":-646,"left":1594,"right":1732,"top":144},"Classname":"android.view.View","Packagename":"com.tmall.wireless","Text":""},{"Bounds":{"bottom":-646,"left":1730,"right":1870,"top":144},"Classname":"android.view.View","Packagename":"com.tmall.wireless","Text":""},{"Bounds":{"bottom":-646,"left":1868,"right":2006,"top":144},"Classname":"android.view.View","Packagename":"com.tmall.wireless","Text":""},{"Bounds":{"bottom":-646,"left":2004,"right":2142,"top":144},"Classname":"android.view.View","Packagename":"com.tmall.wireless","Text":""},{"Bounds":{"bottom":-472,"left":1458,"right":1596,"top":144},"Classname":"android.view.View","Packagename":"com.tmall.wireless","Text":""},{"Bounds":{"bottom":-472,"left":1594,"right":1732,"top":144},"Classname":"android.view.View","Packagename":"com.tmall.wireless","Text":""},{"Bounds":{"bottom":-472,"left":1730,"right":1870,"top":144},"Classname":"android.view.View","Packagename":"com.tmall.wireless","Text":""},{"Bounds":{"bottom":-472,"left":1868,"right":2006,"top":144},"Classname":"android.view.View","Packagename":"com.tmall.wireless","Text":""},{"Bounds":{"bottom":-472,"left":2004,"right":2142,"top":144},"Classname":"android.view.View","Packagename":"com.tmall.wireless","Text":""},{"Bounds":{"bottom":-438,"left":324,"right":354,"top":144},"Classname":"android.view.View","Packagename":"com.tmall.wireless","Text":""},{"Bounds":{"bottom":-438,"left":360,"right":390,"top":144},"Classname":"android.view.View","Packagename":"com.tmall.wireless","Text":""},{"Bounds":{"bottom":-340,"left":28,"right":142,"top":144},"Classname":"android.view.View","Packagename":"com.tmall.wireless","Text":""},{"Bounds":{"bottom":-342,"left":160,"right":202,"top":144},"Classname":"android.view.View","Packagename":"com.tmall.wireless","Text":""},{"Bounds":{"bottom":-340,"left":206,"right":216,"top":144},"Classname":"android.view.View","Packagename":"com.tmall.wireless","Text":""},{"Bounds":{"bottom":-342,"left":220,"right":262,"top":144},"Classname":"android.view.View","Packagename":"com.tmall.wireless","Text":""},{"Bounds":{"bottom":-340,"left":266,"right":276,"top":144},"Classname":"android.view.View","Packagename":"com.tmall.wireless","Text":""},{"Bounds":{"bottom":-342,"left":280,"right":322,"top":144},"Classname":"android.view.View","Packagename":"com.tmall.wireless","Text":""},{"Bounds":{"bottom":-340,"left":546,"right":692,"top":144},"Classname":"android.view.View","Packagename":"com.tmall.wireless","Text":""},{"Bounds":{"bottom":-114,"left":-2132,"right":-1922,"top":144},"Classname":"android.widget.Image","Packagename":"com.tmall.wireless","Text":""},{"Bounds":{"bottom":-66,"left":-2132,"right":-1922,"top":144},"Classname":"android.view.View","Packagename":"com.tmall.wireless","Text":""},{"Bounds":{"bottom":-36,"left":-2132,"right":-1922,"top":144},"Classname":"android.view.View","Packagename":"com.tmall.wireless","Text":""},{"Bounds":{"bottom":24,"left":-2132,"right":-2038,"top":144},"Classname":"android.view.View","Packagename":"com.tmall.wireless","Text":""},{"Bounds":{"bottom":24,"left":-1984,"right":-1922,"top":144},"Classname":"android.widget.Button","Packagename":"com.tmall.wireless","Text":""},{"Bounds":{"bottom":-114,"left":-1904,"right":-1696,"top":144},"Classname":"android.widget.Image","Packagename":"com.tmall.wireless","Text":""},{"Bounds":{"bottom":-66,"left":-1904,"right":-1696,"top":144},"Classname":"android.view.View","Packagename":"com.tmall.wireless","Text":""},{"Bounds":{"bottom":-36,"left":-1904,"right":-1696,"top":144},"Classname":"android.view.View","Packagename":"com.tmall.wireless","Text":""},{"Bounds":{"bottom":24,"left":-1904,"right":-1790,"top":144},"Classname":"android.view.View","Packagename":"com.tmall.wireless","Text":""},{"Bounds":{"bottom":24,"left":-1758,"right":-1696,"top":144},"Classname":"android.widget.Button","Packagename":"com.tmall.wireless","Text":""},{"Bounds":{"bottom":-114,"left":-1678,"right":-1468,"top":144},"Classname":"android.widget.Image","Packagename":"com.tmall.wireless","Text":""},{"Bounds":{"bottom":-66,"left":-1678,"right":-1468,"top":144},"Classname":"android.view.View","Packagename":"com.tmall.wireless","Text":""},{"Bounds":{"bottom":-36,"left":-1678,"right":-1468,"top":144},"Classname":"android.view.View","Packagename":"com.tmall.wireless","Text":""},{"Bounds":{"bottom":24,"left":-1678,"right":-1584,"top":144},"Classname":"android.view.View","Packagename":"com.tmall.wireless","Text":""},{"Bounds":{"bottom":24,"left":-1530,"right":-1468,"top":144},"Classname":"android.widget.Button","Packagename":"com.tmall.wireless","Text":""},{"Bounds":{"bottom":-114,"left":-1412,"right":-1202,"top":144},"Classname":"android.widget.Image","Packagename":"com.tmall.wireless","Text":""},{"Bounds":{"bottom":-214,"left":-1354,"right":-1250,"top":144},"Classname":"android.view.View","Packagename":"com.tmall.wireless","Text":""},{"Bounds":{"bottom":-192,"left":-1348,"right":-1270,"top":144},"Classname":"android.view.View","Packagename":"com.tmall.wireless","Text":""},{"Bounds":{"bottom":-66,"left":-1412,"right":-1202,"top":144},"Classname":"android.view.View","Packagename":"com.tmall.wireless","Text":""},{"Bounds":{"bottom":-36,"left":-1412,"right":-1202,"top":144},"Classname":"android.view.View","Packagename":"com.tmall.wireless","Text":""},{"Bounds":{"bottom":24,"left":-1412,"right":-1318,"top":144},"Classname":"android.view.View","Packagename":"com.tmall.wireless","Text":""},{"Bounds":{"bottom":24,"left":-1264,"right":-1202,"top":144},"Classname":"android.widget.Button","Packagename":"com.tmall.wireless","Text":""},{"Bounds":{"bottom":-114,"left":-1184,"right":-976,"top":144},"Classname":"android.widget.Image","Packagename":"com.tmall.wireless","Text":""},{"Bounds":{"bottom":-66,"left":-1184,"right":-976,"top":144},"Classname":"android.view.View","Packagename":"com.tmall.wireless","Text":""},{"Bounds":{"bottom":-36,"left":-1184,"right":-976,"top":144},"Classname":"android.view.View","Packagename":"com.tmall.wireless","Text":""},{"Bounds":{"bottom":24,"left":-1184,"right":-1092,"top":144},"Classname":"android.view.View","Packagename":"com.tmall.wireless","Text":""},{"Bounds":{"bottom":24,"left":-1038,"right":-976,"top":144},"Classname":"android.widget.Button","Packagename":"com.tmall.wireless","Text":""},{"Bounds":{"bottom":-114,"left":-958,"right":-748,"top":144},"Classname":"android.widget.Image","Packagename":"com.tmall.wireless","Text":""},{"Bounds":{"bottom":-66,"left":-958,"right":-748,"top":144},"Classname":"android.view.View","Packagename":"com.tmall.wireless","Text":""},{"Bounds":{"bottom":-36,"left":-958,"right":-748,"top":144},"Classname":"android.view.View","Packagename":"com.tmall.wireless","Text":""},{"Bounds":{"bottom":24,"left":-958,"right":-844,"top":144},"Classname":"android.view.View","Packagename":"com.tmall.wireless","Text":""},{"Bounds":{"bottom":24,"left":-810,"right":-748,"top":144},"Classname":"android.widget.Button","Packagename":"com.tmall.wireless","Text":""},{"Bounds":{"bottom":-114,"left":-692,"right":-482,"top":144},"Classname":"android.widget.Image","Packagename":"com.tmall.wireless","Text":""},{"Bounds":{"bottom":-66,"left":-692,"right":-482,"top":144},"Classname":"android.view.View","Packagename":"com.tmall.wireless","Text":""},{"Bounds":{"bottom":-36,"left":-692,"right":-482,"top":144},"Classname":"android.view.View","Packagename":"com.tmall.wireless","Text":""},{"Bounds":{"bottom":24,"left":-692,"right":-598,"top":144},"Classname":"android.view.View","Packagename":"com.tmall.wireless","Text":""},{"Bounds":{"bottom":24,"left":-544,"right":-482,"top":144},"Classname":"android.widget.Button","Packagename":"com.tmall.wireless","Text":""},{"Bounds":{"bottom":-114,"left":-464,"right":-256,"top":144},"Classname":"android.widget.Image","Packagename":"com.tmall.wireless","Text":""},{"Bounds":{"bottom":-66,"left":-464,"right":-256,"top":144},"Classname":"android.view.View","Packagename":"com.tmall.wireless","Text":""},{"Bounds":{"bottom":-36,"left":-464,"right":-256,"top":144},"Classname":"android.view.View","Packagename":"com.tmall.wireless","Text":""},{"Bounds":{"bottom":24,"left":-464,"right":-350,"top":144},"Classname":"android.view.View","Packagename":"com.tmall.wireless","Text":""},{"Bounds":{"bottom":24,"left":-318,"right":-256,"top":144},"Classname":"android.widget.Button","Packagename":"com.tmall.wireless","Text":""},{"Bounds":{"bottom":-114,"left":-238,"right":-28,"top":144},"Classname":"android.widget.Image","Packagename":"com.tmall.wireless","Text":""},{"Bounds":{"bottom":-66,"left":-238,"right":-28,"top":144},"Classname":"android.view.View","Packagename":"com.tmall.wireless","Text":""},{"Bounds":{"bottom":-36,"left":-238,"right":-28,"top":144},"Classname":"android.view.View","Packagename":"com.tmall.wireless","Text":""},{"Bounds":{"bottom":24,"left":-238,"right":-144,"top":144},"Classname":"android.view.View","Packagename":"com.tmall.wireless","Text":""},{"Bounds":{"bottom":24,"left":-90,"right":-28,"top":144},"Classname":"android.widget.Button","Packagename":"com.tmall.wireless","Text":""},{"Bounds":{"bottom":-114,"left":28,"right":238,"top":144},"Classname":"android.widget.Image","Packagename":"com.tmall.wireless","Text":""},{"Bounds":{"bottom":-66,"left":28,"right":238,"top":144},"Classname":"android.view.View","Packagename":"com.tmall.wireless","Text":""},{"Bounds":{"bottom":-36,"left":28,"right":238,"top":144},"Classname":"android.view.View","Packagename":"com.tmall.wireless","Text":""},{"Bounds":{"bottom":24,"left":28,"right":122,"top":144},"Classname":"android.view.View","Packagename":"com.tmall.wireless","Text":""},{"Bounds":{"bottom":24,"left":176,"right":238,"top":144},"Classname":"android.widget.Button","Packagename":"com.tmall.wireless","Text":""},{"Bounds":{"bottom":-114,"left":256,"right":464,"top":144},"Classname":"android.widget.Image","Packagename":"com.tmall.wireless","Text":""},{"Bounds":{"bottom":-66,"left":256,"right":464,"top":144},"Classname":"android.view.View","Packagename":"com.tmall.wireless","Text":""},{"Bounds":{"bottom":-36,"left":256,"right":464,"top":144},"Classname":"android.view.View","Packagename":"com.tmall.wireless","Text":""},{"Bounds":{"bottom":24,"left":256,"right":370,"top":144},"Classname":"android.view.View","Packagename":"com.tmall.wireless","Text":""},{"Bounds":{"bottom":24,"left":402,"right":464,"top":144},"Classname":"android.widget.Button","Packagename":"com.tmall.wireless","Text":""},{"Bounds":{"bottom":-114,"left":482,"right":692,"top":144},"Classname":"android.widget.Image","Packagename":"com.tmall.wireless","Text":""},{"Bounds":{"bottom":-66,"left":482,"right":692,"top":144},"Classname":"android.view.View","Packagename":"com.tmall.wireless","Text":""},{"Bounds":{"bottom":-36,"left":482,"right":692,"top":144},"Classname":"android.view.View","Packagename":"com.tmall.wireless","Text":""},{"Bounds":{"bottom":24,"left":482,"right":576,"top":144},"Classname":"android.view.View","Packagename":"com.tmall.wireless","Text":""},{"Bounds":{"bottom":24,"left":630,"right":692,"top":144},"Classname":"android.widget.Button","Packagename":"com.tmall.wireless","Text":""},{"Bounds":{"bottom":-114,"left":748,"right":958,"top":144},"Classname":"android.widget.Image","Packagename":"com.tmall.wireless","Text":""},{"Bounds":{"bottom":-66,"left":748,"right":958,"top":144},"Classname":"android.view.View","Packagename":"com.tmall.wireless","Text":""},{"Bounds":{"bottom":-36,"left":748,"right":958,"top":144},"Classname":"android.view.View","Packagename":"com.tmall.wireless","Text":""},{"Bounds":{"bottom":24,"left":748,"right":842,"top":144},"Classname":"android.view.View","Packagename":"com.tmall.wireless","Text":""},{"Bounds":{"bottom":24,"left":896,"right":958,"top":144},"Classname":"android.widget.Button","Packagename":"com.tmall.wireless","Text":""},{"Bounds":{"bottom":-114,"left":976,"right":1184,"top":144},"Classname":"android.widget.Image","Packagename":"com.tmall.wireless","Text":""},{"Bounds":{"bottom":-66,"left":976,"right":1184,"top":144},"Classname":"android.view.View","Packagename":"com.tmall.wireless","Text":""},{"Bounds":{"bottom":-36,"left":976,"right":1184,"top":144},"Classname":"android.view.View","Packagename":"com.tmall.wireless","Text":""},{"Bounds":{"bottom":24,"left":976,"right":1068,"top":144},"Classname":"android.view.View","Packagename":"com.tmall.wireless","Text":""},{"Bounds":{"bottom":24,"left":1122,"right":1184,"top":144},"Classname":"android.widget.Button","Packagename":"com.tmall.wireless","Text":""},{"Bounds":{"bottom":-114,"left":1202,"right":1412,"top":144},"Classname":"android.widget.Image","Packagename":"com.tmall.wireless","Text":""},{"Bounds":{"bottom":-66,"left":1202,"right":1412,"top":144},"Classname":"android.view.View","Packagename":"com.tmall.wireless","Text":""},{"Bounds":{"bottom":-36,"left":1202,"right":1412,"top":144},"Classname":"android.view.View","Packagename":"com.tmall.wireless","Text":""},{"Bounds":{"bottom":24,"left":1202,"right":1316,"top":144},"Classname":"android.view.View","Packagename":"com.tmall.wireless","Text":""},{"Bounds":{"bottom":24,"left":1350,"right":1412,"top":144},"Classname":"android.widget.Button","Packagename":"com.tmall.wireless","Text":""},{"Bounds":{"bottom":60,"left":0,"right":720,"top":144},"Classname":"android.view.View","Packagename":"com.tmall.wireless","Text":""},{"Bounds":{"bottom":146,"left":250,"right":470,"top":144},"Classname":"android.view.View","Packagename":"com.tmall.wireless","Text":""},{"Bounds":{"bottom":182,"left":0,"right":720,"top":182},"Classname":"android.view.View","Packagename":"com.tmall.wireless","Text":""},{"Bounds":{"bottom":246,"left":28,"right":316,"top":212},"Classname":"android.view.View","Packagename":"com.tmall.wireless","Text":""},{"Bounds":{"bottom":452,"left":28,"right":358,"top":258},"Classname":"android.view.View","Packagename":"com.tmall.wireless","Text":""},{"Bounds":{"bottom":452,"left":362,"right":692,"top":258},"Classname":"android.view.View","Packagename":"com.tmall.wireless","Text":""},{"Bounds":{"bottom":562,"left":28,"right":284,"top":528},"Classname":"android.view.View","Packagename":"com.tmall.wireless","Text":""},{"Bounds":{"bottom":766,"left":28,"right":358,"top":574},"Classname":"android.view.View","Packagename":"com.tmall.wireless","Text":""},{"Bounds":{"bottom":768,"left":362,"right":692,"top":574},"Classname":"android.view.View","Packagename":"com.tmall.wireless","Text":""},{"Bounds":{"bottom":812,"left":0,"right":720,"top":812},"Classname":"android.view.View","Packagename":"com.tmall.wireless","Text":""},{"Bounds":{"bottom":878,"left":28,"right":324,"top":844},"Classname":"android.view.View","Packagename":"com.tmall.wireless","Text":""},{"Bounds":{"bottom":1102,"left":28,"right":692,"top":812},"Classname":"android.view.View","Packagename":"com.tmall.wireless","Text":""},{"Bounds":{"bottom":1280,"left":28,"right":238,"top":1118},"Classname":"android.widget.Image","Packagename":"com.tmall.wireless","Text":""},{"Bounds":{"bottom":1280,"left":28,"right":238,"top":1336},"Classname":"android.view.View","Packagename":"com.tmall.wireless","Text":""},{"Bounds":{"bottom":1280,"left":28,"right":238,"top":1374},"Classname":"android.view.View","Packagename":"com.tmall.wireless","Text":""},{"Bounds":{"bottom":1280,"left":28,"right":110,"top":1426},"Classname":"android.view.View","Packagename":"com.tmall.wireless","Text":""},{"Bounds":{"bottom":1280,"left":176,"right":238,"top":1404},"Classname":"android.widget.Button","Packagename":"com.tmall.wireless","Text":""},{"Bounds":{"bottom":1280,"left":254,"right":464,"top":1118},"Classname":"android.widget.Image","Packagename":"com.tmall.wireless","Text":""},{"Bounds":{"bottom":1280,"left":254,"right":464,"top":1336},"Classname":"android.view.View","Packagename":"com.tmall.wireless","Text":""},{"Bounds":{"bottom":1280,"left":254,"right":464,"top":1374},"Classname":"android.view.View","Packagename":"com.tmall.wireless","Text":""},{"Bounds":{"bottom":1280,"left":254,"right":316,"top":1426},"Classname":"android.view.View","Packagename":"com.tmall.wireless","Text":""},{"Bounds":{"bottom":1280,"left":402,"right":464,"top":1404},"Classname":"android.widget.Button","Packagename":"com.tmall.wireless","Text":""},{"Bounds":{"bottom":1280,"left":480,"right":690,"top":1118},"Classname":"android.widget.Image","Packagename":"com.tmall.wireless","Text":""},{"Bounds":{"bottom":1280,"left":480,"right":690,"top":1336},"Classname":"android.view.View","Packagename":"com.tmall.wireless","Text":""},{"Bounds":{"bottom":1280,"left":480,"right":690,"top":1374},"Classname":"android.view.View","Packagename":"com.tmall.wireless","Text":""},{"Bounds":{"bottom":1280,"left":480,"right":574,"top":1426},"Classname":"android.view.View","Packagename":"com.tmall.wireless","Text":""},{"Bounds":{"bottom":1280,"left":628,"right":690,"top":1404},"Classname":"android.widget.Button","Packagename":"com.tmall.wireless","Text":""},{"Bounds":{"bottom":1280,"left":28,"right":304,"top":1544},"Classname":"android.view.View","Packagename":"com.tmall.wireless","Text":""},{"Bounds":{"bottom":1280,"left":28,"right":750,"top":1592},"Classname":"android.view.View","Packagename":"com.tmall.wireless","Text":""},{"Bounds":{"bottom":1280,"left":28,"right":720,"top":1594},"Classname":"android.view.View","Packagename":"com.tmall.wireless","Text":""},{"Bounds":{"bottom":1280,"left":28,"right":452,"top":1650},"Classname":"android.view.View","Packagename":"com.tmall.wireless","Text":""},{"Bounds":{"bottom":1280,"left":450,"right":874,"top":1650},"Classname":"android.view.View","Packagename":"com.tmall.wireless","Text":""},{"Bounds":{"bottom":1280,"left":872,"right":1316,"top":1650},"Classname":"android.view.View","Packagename":"com.tmall.wireless","Text":""},{"Bounds":{"bottom":1280,"left":28,"right":720,"top":1994},"Classname":"android.view.View","Packagename":"com.tmall.wireless","Text":""},{"Bounds":{"bottom":1280,"left":28,"right":452,"top":2050},"Classname":"android.view.View","Packagename":"com.tmall.wireless","Text":""},{"Bounds":{"bottom":1280,"left":450,"right":874,"top":2050},"Classname":"android.view.View","Packagename":"com.tmall.wireless","Text":""},{"Bounds":{"bottom":1280,"left":872,"right":1316,"top":2050},"Classname":"android.view.View","Packagename":"com.tmall.wireless","Text":""},{"Bounds":{"bottom":1280,"left":28,"right":720,"top":2394},"Classname":"android.view.View","Packagename":"com.tmall.wireless","Text":""},{"Bounds":{"bottom":1280,"left":28,"right":452,"top":2450},"Classname":"android.view.View","Packagename":"com.tmall.wireless","Text":""},{"Bounds":{"bottom":1280,"left":450,"right":874,"top":2450},"Classname":"android.view.View","Packagename":"com.tmall.wireless","Text":""},{"Bounds":{"bottom":1280,"left":872,"right":1316,"top":2450},"Classname":"android.view.View","Packagename":"com.tmall.wireless","Text":""},{"Bounds":{"bottom":1280,"left":28,"right":298,"top":2870},"Classname":"android.view.View","Packagename":"com.tmall.wireless","Text":""},{"Bounds":{"bottom":1280,"left":12,"right":224,"top":2940},"Classname":"android.widget.Image","Packagename":"com.tmall.wireless","Text":""},{"Bounds":{"bottom":1280,"left":16,"right":220,"top":3174},"Classname":"android.view.View","Packagename":"com.tmall.wireless","Text":""},{"Bounds":{"bottom":1280,"left":16,"right":220,"top":3210},"Classname":"android.view.View","Packagename":"com.tmall.wireless","Text":""},{"Bounds":{"bottom":1280,"left":16,"right":186,"top":3260},"Classname":"android.view.View","Packagename":"com.tmall.wireless","Text":""},{"Bounds":{"bottom":1280,"left":16,"right":108,"top":3284},"Classname":"android.view.View","Packagename":"com.tmall.wireless","Text":""},{"Bounds":{"bottom":1280,"left":158,"right":220,"top":3262},"Classname":"android.widget.Button","Packagename":"com.tmall.wireless","Text":""},{"Bounds":{"bottom":1280,"left":254,"right":466,"top":2940},"Classname":"android.widget.Image","Packagename":"com.tmall.wireless","Text":""},{"Bounds":{"bottom":1280,"left":256,"right":462,"top":3174},"Classname":"android.view.View","Packagename":"com.tmall.wireless","Text":""},{"Bounds":{"bottom":1280,"left":256,"right":462,"top":3210},"Classname":"android.view.View","Packagename":"com.tmall.wireless","Text":""},{"Bounds":{"bottom":1280,"left":256,"right":428,"top":3260},"Classname":"android.view.View","Packagename":"com.tmall.wireless","Text":""},{"Bounds":{"bottom":1280,"left":256,"right":350,"top":3284},"Classname":"android.view.View","Packagename":"com.tmall.wireless","Text":""},{"Bounds":{"bottom":1280,"left":400,"right":462,"top":3262},"Classname":"android.widget.Button","Packagename":"com.tmall.wireless","Text":""},{"Bounds":{"bottom":1280,"left":496,"right":708,"top":2940},"Classname":"android.widget.Image","Packagename":"com.tmall.wireless","Text":""},{"Bounds":{"bottom":1280,"left":498,"right":704,"top":3174},"Classname":"android.view.View","Packagename":"com.tmall.wireless","Text":""},{"Bounds":{"bottom":1280,"left":498,"right":704,"top":3210},"Classname":"android.view.View","Packagename":"com.tmall.wireless","Text":""},{"Bounds":{"bottom":1280,"left":498,"right":670,"top":3260},"Classname":"android.view.View","Packagename":"com.tmall.wireless","Text":""},{"Bounds":{"bottom":1280,"left":498,"right":592,"top":3284},"Classname":"android.view.View","Packagename":"com.tmall.wireless","Text":""},{"Bounds":{"bottom":1280,"left":642,"right":704,"top":3262},"Classname":"android.widget.Button","Packagename":"com.tmall.wireless","Text":""},{"Bounds":{"bottom":1280,"left":12,"right":224,"top":3358},"Classname":"android.widget.Image","Packagename":"com.tmall.wireless","Text":""},{"Bounds":{"bottom":1280,"left":16,"right":220,"top":3592},"Classname":"android.view.View","Packagename":"com.tmall.wireless","Text":""},{"Bounds":{"bottom":1280,"left":16,"right":220,"top":3628},"Classname":"android.view.View","Packagename":"com.tmall.wireless","Text":""},{"Bounds":{"bottom":1280,"left":16,"right":186,"top":3678},"Classname":"android.view.View","Packagename":"com.tmall.wireless","Text":""},{"Bounds":{"bottom":1280,"left":16,"right":108,"top":3702},"Classname":"android.view.View","Packagename":"com.tmall.wireless","Text":""},{"Bounds":{"bottom":1280,"left":158,"right":220,"top":3680},"Classname":"android.widget.Button","Packagename":"com.tmall.wireless","Text":""},{"Bounds":{"bottom":1280,"left":254,"right":466,"top":3358},"Classname":"android.widget.Image","Packagename":"com.tmall.wireless","Text":""},{"Bounds":{"bottom":1280,"left":256,"right":462,"top":3592},"Classname":"android.view.View","Packagename":"com.tmall.wireless","Text":""},{"Bounds":{"bottom":1280,"left":256,"right":462,"top":3628},"Classname":"android.view.View","Packagename":"com.tmall.wireless","Text":""},{"Bounds":{"bottom":1280,"left":256,"right":428,"top":3678},"Classname":"android.view.View","Packagename":"com.tmall.wireless","Text":""},{"Bounds":{"bottom":1280,"left":256,"right":350,"top":3702},"Classname":"android.view.View","Packagename":"com.tmall.wireless","Text":""},{"Bounds":{"bottom":1280,"left":400,"right":462,"top":3680},"Classname":"android.widget.Button","Packagename":"com.tmall.wireless","Text":""},{"Bounds":{"bottom":1280,"left":496,"right":708,"top":3358},"Classname":"android.widget.Image","Packagename":"com.tmall.wireless","Text":""},{"Bounds":{"bottom":1280,"left":498,"right":704,"top":3592},"Classname":"android.view.View","Packagename":"com.tmall.wireless","Text":""},{"Bounds":{"bottom":1280,"left":498,"right":704,"top":3628},"Classname":"android.view.View","Packagename":"com.tmall.wireless","Text":""},{"Bounds":{"bottom":1280,"left":498,"right":670,"top":3678},"Classname":"android.view.View","Packagename":"com.tmall.wireless","Text":""},{"Bounds":{"bottom":1280,"left":498,"right":592,"top":3702},"Classname":"android.view.View","Packagename":"com.tmall.wireless","Text":""},{"Bounds":{"bottom":1280,"left":642,"right":704,"top":3680},"Classname":"android.widget.Button","Packagename":"com.tmall.wireless","Text":""},{"Bounds":{"bottom":1280,"left":12,"right":224,"top":3776},"Classname":"android.widget.Image","Packagename":"com.tmall.wireless","Text":""},{"Bounds":{"bottom":1280,"left":16,"right":220,"top":4010},"Classname":"android.view.View","Packagename":"com.tmall.wireless","Text":""},{"Bounds":{"bottom":1280,"left":16,"right":220,"top":4046},"Classname":"android.view.View","Packagename":"com.tmall.wireless","Text":""},{"Bounds":{"bottom":1280,"left":16,"right":186,"top":4096},"Classname":"android.view.View","Packagename":"com.tmall.wireless","Text":""},{"Bounds":{"bottom":1280,"left":16,"right":78,"top":4120},"Classname":"android.view.View","Packagename":"com.tmall.wireless","Text":""},{"Bounds":{"bottom":1280,"left":158,"right":220,"top":4098},"Classname":"android.widget.Button","Packagename":"com.tmall.wireless","Text":""},{"Bounds":{"bottom":1280,"left":254,"right":466,"top":3776},"Classname":"android.widget.Image","Packagename":"com.tmall.wireless","Text":""},{"Bounds":{"bottom":1280,"left":256,"right":462,"top":4010},"Classname":"android.view.View","Packagename":"com.tmall.wireless","Text":""},{"Bounds":{"bottom":1280,"left":256,"right":462,"top":4046},"Classname":"android.view.View","Packagename":"com.tmall.wireless","Text":""},{"Bounds":{"bottom":1280,"left":256,"right":428,"top":4096},"Classname":"android.view.View","Packagename":"com.tmall.wireless","Text":""},{"Bounds":{"bottom":1280,"left":256,"right":350,"top":4120},"Classname":"android.view.View","Packagename":"com.tmall.wireless","Text":""},{"Bounds":{"bottom":1280,"left":400,"right":462,"top":4098},"Classname":"android.widget.Button","Packagename":"com.tmall.wireless","Text":""},{"Bounds":{"bottom":1280,"left":526,"right":678,"top":3818},"Classname":"android.view.View","Packagename":"com.tmall.wireless","Text":""},{"Bounds":{"bottom":1280,"left":526,"right":678,"top":3898},"Classname":"android.view.View","Packagename":"com.tmall.wireless","Text":""},{"Bounds":{"bottom":1280,"left":526,"right":678,"top":3980},"Classname":"android.view.View","Packagename":"com.tmall.wireless","Text":""},{"Bounds":{"bottom":1280,"left":526,"right":678,"top":4060},"Classname":"android.view.View","Packagename":"com.tmall.wireless","Text":""},{"Bounds":{"bottom":1280,"left":12,"right":224,"top":4194},"Classname":"android.widget.Image","Packagename":"com.tmall.wireless","Text":""},{"Bounds":{"bottom":1280,"left":16,"right":220,"top":4428},"Classname":"android.view.View","Packagename":"com.tmall.wireless","Text":""},{"Bounds":{"bottom":1280,"left":16,"right":220,"top":4464},"Classname":"android.view.View","Packagename":"com.tmall.wireless","Text":""},{"Bounds":{"bottom":1280,"left":16,"right":186,"top":4516},"Classname":"android.view.View","Packagename":"com.tmall.wireless","Text":""},{"Bounds":{"bottom":1280,"left":16,"right":108,"top":4538},"Classname":"android.view.View","Packagename":"com.tmall.wireless","Text":""},{"Bounds":{"bottom":1280,"left":158,"right":220,"top":4516},"Classname":"android.widget.Button","Packagename":"com.tmall.wireless","Text":""},{"Bounds":{"bottom":1280,"left":254,"right":466,"top":4194},"Classname":"android.widget.Image","Packagename":"com.tmall.wireless","Text":""},{"Bounds":{"bottom":1280,"left":256,"right":462,"top":4428},"Classname":"android.view.View","Packagename":"com.tmall.wireless","Text":""},{"Bounds":{"bottom":1280,"left":256,"right":462,"top":4464},"Classname":"android.view.View","Packagename":"com.tmall.wireless","Text":""},{"Bounds":{"bottom":1280,"left":256,"right":428,"top":4516},"Classname":"android.view.View","Packagename":"com.tmall.wireless","Text":""},{"Bounds":{"bottom":1280,"left":256,"right":320,"top":4538},"Classname":"android.view.View","Packagename":"com.tmall.wireless","Text":""},{"Bounds":{"bottom":1280,"left":400,"right":462,"top":4516},"Classname":"android.widget.Button","Packagename":"com.tmall.wireless","Text":""},{"Bounds":{"bottom":1280,"left":496,"right":708,"top":4194},"Classname":"android.widget.Image","Packagename":"com.tmall.wireless","Text":""},{"Bounds":{"bottom":1280,"left":498,"right":704,"top":4428},"Classname":"android.view.View","Packagename":"com.tmall.wireless","Text":""},{"Bounds":{"bottom":1280,"left":498,"right":704,"top":4464},"Classname":"android.view.View","Packagename":"com.tmall.wireless","Text":""},{"Bounds":{"bottom":1280,"left":498,"right":670,"top":4516},"Classname":"android.view.View","Packagename":"com.tmall.wireless","Text":""},{"Bounds":{"bottom":1280,"left":498,"right":592,"top":4538},"Classname":"android.view.View","Packagename":"com.tmall.wireless","Text":""},{"Bounds":{"bottom":1280,"left":642,"right":704,"top":4516},"Classname":"android.widget.Button","Packagename":"com.tmall.wireless","Text":""},{"Bounds":{"bottom":1280,"left":12,"right":224,"top":4612},"Classname":"android.widget.Image","Packagename":"com.tmall.wireless","Text":""},{"Bounds":{"bottom":1280,"left":16,"right":220,"top":4846},"Classname":"android.view.View","Packagename":"com.tmall.wireless","Text":""},{"Bounds":{"bottom":1280,"left":16,"right":220,"top":4882},"Classname":"android.view.View","Packagename":"com.tmall.wireless","Text":""},{"Bounds":{"bottom":1280,"left":16,"right":186,"top":4934},"Classname":"android.view.View","Packagename":"com.tmall.wireless","Text":""},{"Bounds":{"bottom":1280,"left":16,"right":98,"top":4956},"Classname":"android.view.View","Packagename":"com.tmall.wireless","Text":""},{"Bounds":{"bottom":1280,"left":158,"right":220,"top":4934},"Classname":"android.widget.Button","Packagename":"com.tmall.wireless","Text":""},{"Bounds":{"bottom":1280,"left":254,"right":466,"top":4612},"Classname":"android.widget.Image","Packagename":"com.tmall.wireless","Text":""},{"Bounds":{"bottom":1280,"left":256,"right":462,"top":4846},"Classname":"android.view.View","Packagename":"com.tmall.wireless","Text":""},{"Bounds":{"bottom":1280,"left":256,"right":462,"top":4882},"Classname":"android.view.View","Packagename":"com.tmall.wireless","Text":""},{"Bounds":{"bottom":1280,"left":256,"right":428,"top":4934},"Classname":"android.view.View","Packagename":"com.tmall.wireless","Text":""},{"Bounds":{"bottom":1280,"left":256,"right":320,"top":4956},"Classname":"android.view.View","Packagename":"com.tmall.wireless","Text":""},{"Bounds":{"bottom":1280,"left":400,"right":462,"top":4934},"Classname":"android.widget.Button","Packagename":"com.tmall.wireless","Text":""},{"Bounds":{"bottom":1280,"left":496,"right":708,"top":4612},"Classname":"android.widget.Image","Packagename":"com.tmall.wireless","Text":""},{"Bounds":{"bottom":1280,"left":498,"right":704,"top":4846},"Classname":"android.view.View","Packagename":"com.tmall.wireless","Text":""},{"Bounds":{"bottom":1280,"left":498,"right":704,"top":4882},"Classname":"android.view.View","Packagename":"com.tmall.wireless","Text":""},{"Bounds":{"bottom":1280,"left":498,"right":670,"top":4934},"Classname":"android.view.View","Packagename":"com.tmall.wireless","Text":""},{"Bounds":{"bottom":1280,"left":498,"right":592,"top":4956},"Classname":"android.view.View","Packagename":"com.tmall.wireless","Text":""},{"Bounds":{"bottom":1280,"left":642,"right":704,"top":4934},"Classname":"android.widget.Button","Packagename":"com.tmall.wireless","Text":""},{"Bounds":{"bottom":1280,"left":12,"right":224,"top":5030},"Classname":"android.widget.Image","Packagename":"com.tmall.wireless","Text":""},{"Bounds":{"bottom":1280,"left":16,"right":220,"top":5264},"Classname":"android.view.View","Packagename":"com.tmall.wireless","Text":""},{"Bounds":{"bottom":1280,"left":16,"right":220,"top":5300},"Classname":"android.view.View","Packagename":"com.tmall.wireless","Text":""},{"Bounds":{"bottom":1280,"left":16,"right":186,"top":5352},"Classname":"android.view.View","Packagename":"com.tmall.wireless","Text":""},{"Bounds":{"bottom":1280,"left":16,"right":108,"top":5374},"Classname":"android.view.View","Packagename":"com.tmall.wireless","Text":""},{"Bounds":{"bottom":1280,"left":158,"right":220,"top":5352},"Classname":"android.widget.Button","Packagename":"com.tmall.wireless","Text":""},{"Bounds":{"bottom":1280,"left":254,"right":466,"top":5030},"Classname":"android.widget.Image","Packagename":"com.tmall.wireless","Text":""},{"Bounds":{"bottom":1280,"left":256,"right":462,"top":5264},"Classname":"android.view.View","Packagename":"com.tmall.wireless","Text":""},{"Bounds":{"bottom":1280,"left":256,"right":462,"top":5300},"Classname":"android.view.View","Packagename":"com.tmall.wireless","Text":""},{"Bounds":{"bottom":1280,"left":256,"right":428,"top":5352},"Classname":"android.view.View","Packagename":"com.tmall.wireless","Text":""},{"Bounds":{"bottom":1280,"left":256,"right":350,"top":5374},"Classname":"android.view.View","Packagename":"com.tmall.wireless","Text":""},{"Bounds":{"bottom":1280,"left":400,"right":462,"top":5352},"Classname":"android.widget.Button","Packagename":"com.tmall.wireless","Text":""},{"Bounds":{"bottom":1280,"left":526,"right":678,"top":5072},"Classname":"android.view.View","Packagename":"com.tmall.wireless","Text":""},{"Bounds":{"bottom":1280,"left":526,"right":678,"top":5154},"Classname":"android.view.View","Packagename":"com.tmall.wireless","Text":""},{"Bounds":{"bottom":1280,"left":526,"right":678,"top":5234},"Classname":"android.view.View","Packagename":"com.tmall.wireless","Text":""},{"Bounds":{"bottom":1280,"left":526,"right":678,"top":5316},"Classname":"android.view.View","Packagename":"com.tmall.wireless","Text":""},{"Bounds":{"bottom":1280,"left":12,"right":224,"top":5448},"Classname":"android.widget.Image","Packagename":"com.tmall.wireless","Text":""},{"Bounds":{"bottom":1280,"left":16,"right":220,"top":5682},"Classname":"android.view.View","Packagename":"com.tmall.wireless","Text":""},{"Bounds":{"bottom":1280,"left":16,"right":220,"top":5718},"Classname":"android.view.View","Packagename":"com.tmall.wireless","Text":""},{"Bounds":{"bottom":1280,"left":16,"right":186,"top":5770},"Classname":"android.view.View","Packagename":"com.tmall.wireless","Text":""},{"Bounds":{"bottom":1280,"left":16,"right":78,"top":5792},"Classname":"android.view.View","Packagename":"com.tmall.wireless","Text":""},{"Bounds":{"bottom":1280,"left":158,"right":220,"top":5770},"Classname":"android.widget.Button","Packagename":"com.tmall.wireless","Text":""},{"Bounds":{"bottom":1280,"left":254,"right":466,"top":5448},"Classname":"android.widget.Image","Packagename":"com.tmall.wireless","Text":""},{"Bounds":{"bottom":1280,"left":256,"right":462,"top":5682},"Classname":"android.view.View","Packagename":"com.tmall.wireless","Text":""},{"Bounds":{"bottom":1280,"left":256,"right":462,"top":5718},"Classname":"android.view.View","Packagename":"com.tmall.wireless","Text":""},{"Bounds":{"bottom":1280,"left":256,"right":428,"top":5770},"Classname":"android.view.View","Packagename":"com.tmall.wireless","Text":""},{"Bounds":{"bottom":1280,"left":256,"right":350,"top":5792},"Classname":"android.view.View","Packagename":"com.tmall.wireless","Text":""},{"Bounds":{"bottom":1280,"left":400,"right":462,"top":5770},"Classname":"android.widget.Button","Packagename":"com.tmall.wireless","Text":""},{"Bounds":{"bottom":1280,"left":496,"right":708,"top":5448},"Classname":"android.widget.Image","Packagename":"com.tmall.wireless","Text":""},{"Bounds":{"bottom":1280,"left":498,"right":704,"top":5682},"Classname":"android.view.View","Packagename":"com.tmall.wireless","Text":""},{"Bounds":{"bottom":1280,"left":498,"right":704,"top":5718},"Classname":"android.view.View","Packagename":"com.tmall.wireless","Text":""},{"Bounds":{"bottom":1280,"left":498,"right":670,"top":5770},"Classname":"android.view.View","Packagename":"com.tmall.wireless","Text":""},{"Bounds":{"bottom":1280,"left":498,"right":592,"top":5792},"Classname":"android.view.View","Packagename":"com.tmall.wireless","Text":""},{"Bounds":{"bottom":1280,"left":642,"right":704,"top":5770},"Classname":"android.widget.Button","Packagename":"com.tmall.wireless","Text":""},{"Bounds":{"bottom":1280,"left":330,"right":390,"top":5868},"Classname":"android.widget.Image","Packagename":"com.tmall.wireless","Text":""},{"Bounds":{"bottom":1164,"left":612,"right":692,"top":1084},"Classname":"android.view.View","Packagename":"com.tmall.wireless","Text":""}],"packagename":"com.example.a10628.myapplication","width":1080}