{"events":[{"eventname":"TYPE_VIEW_SCROLLED","source":{"Bounds":{"bottom":1280,"left":0,"right":720,"top":0},"Classname":"android.support.v7.widget.RecyclerView","Packagename":"com.douban.frodo","Text":""}}],"height":1920,"hovertime":6141,"nodes":[{"Bounds":{"bottom":0,"left":273,"right":447,"top":0},"Classname":"android.widget.TextView","Packagename":"com.douban.frodo","Text":"下拉有惊喜"},{"Bounds":{"bottom":23,"left":40,"right":480,"top":0},"Classname":"android.widget.TextView","Packagename":"com.douban.frodo","Text":"龙猫"},{"Bounds":{"bottom":77,"left":40,"right":143,"top":33},"Classname":"android.widget.TextView","Packagename":"com.douban.frodo","Text":"No.17"},{"Bounds":{"bottom":77,"left":143,"right":317,"top":33},"Classname":"android.widget.TextView","Packagename":"com.douban.frodo","Text":"豆瓣Top250"},{"Bounds":{"bottom":211,"left":40,"right":480,"top":97},"Classname":"android.widget.TextView","Packagename":"com.douban.frodo","Text":"1988 / 儿童 / 动画 / 奇幻\n原名：となりのトトロ\n上映时间：1988-04-16(日本)\n片长：86分钟"},{"Bounds":{"bottom":15,"left":556,"right":636,"top":0},"Classname":"android.widget.TextView","Packagename":"com.douban.frodo","Text":"豆瓣评分"},{"Bounds":{"bottom":93,"left":536,"right":656,"top":69},"Classname":"android.widget.RatingBar","Packagename":"com.douban.frodo","Text":""},{"Bounds":{"bottom":72,"left":563,"right":628,"top":10},"Classname":"android.widget.TextView","Packagename":"com.douban.frodo","Text":"9.1"},{"Bounds":{"bottom":123,"left":553,"right":639,"top":95},"Classname":"android.widget.TextView","Packagename":"com.douban.frodo","Text":"476892人"},{"Bounds":{"bottom":314,"left":116,"right":172,"top":276},"Classname":"android.widget.TextView","Packagename":"com.douban.frodo","Text":"想看"},{"Bounds":{"bottom":314,"left":369,"right":425,"top":276},"Classname":"android.widget.TextView","Packagename":"com.douban.frodo","Text":"看过"},{"Bounds":{"bottom":308,"left":445,"right":575,"top":282},"Classname":"android.widget.RatingBar","Packagename":"com.douban.frodo","Text":""},{"Bounds":{"bottom":466,"left":90,"right":210,"top":425},"Classname":"android.widget.TextView","Packagename":"com.douban.frodo","Text":"观看全片"},{"Bounds":{"bottom":565,"left":0,"right":184,"top":529},"Classname":"android.widget.TextView","Packagename":"com.douban.frodo","Text":"所属频道"},{"Bounds":{"bottom":653,"left":40,"right":212,"top":605},"Classname":"android.widget.TextView","Packagename":"com.douban.frodo","Text":"日本电影"},{"Bounds":{"bottom":653,"left":232,"right":352,"top":605},"Classname":"android.widget.TextView","Packagename":"com.douban.frodo","Text":"童年"},{"Bounds":{"bottom":653,"left":372,"right":492,"top":605},"Classname":"android.widget.TextView","Packagename":"com.douban.frodo","Text":"成长"},{"Bounds":{"bottom":653,"left":512,"right":632,"top":605},"Classname":"android.widget.TextView","Packagename":"com.douban.frodo","Text":"童话"},{"Bounds":{"bottom":731,"left":40,"right":96,"top":653},"Classname":"android.widget.ImageView","Packagename":"com.douban.frodo","Text":""},{"Bounds":{"bottom":827,"left":0,"right":132,"top":791},"Classname":"android.widget.TextView","Packagename":"com.douban.frodo","Text":"简介"},{"Bounds":{"bottom":1280,"left":40,"right":680,"top":847},"Classname":"android.widget.TextView","Packagename":"com.douban.frodo","Text":"小月的母亲生病住院了，父亲带着她与四岁的妹妹小梅到乡间的居住。她们对那里的环境都感到十分新奇，也发现了很多有趣的事情。她们遇到了很多小精灵，她们来到属于她们的环境中，看到了她们世界中很多的奇怪事物，更与一只大大胖胖的龙猫成为了朋友。龙猫与小精灵们利用他们的神奇力量，为小月与妹妹带来了很多神奇的景观，令她们大开眼界。\n妹妹小梅常常挂念生病中的母亲，嚷着要姐姐带着她去看母亲，但小月拒绝了。小梅竟然自己前往，不料途中迷路了，小月只好寻找她的龙猫及小精灵朋友们帮助。©豆瓣"},{"Bounds":{"bottom":144,"left":0,"right":112,"top":48},"Classname":"android.widget.ImageButton","Packagename":"com.douban.frodo","Text":""},{"Bounds":{"bottom":119,"left":144,"right":152,"top":73},"Classname":"android.widget.TextView","Packagename":"com.douban.frodo","Text":" "},{"Bounds":{"bottom":119,"left":326,"right":394,"top":73},"Classname":"android.widget.TextView","Packagename":"com.douban.frodo","Text":"龙猫"},{"Bounds":{"bottom":144,"left":624,"right":720,"top":48},"Classname":"android.widget.TextView","Packagename":"com.douban.frodo","Text":""},{"Bounds":{"bottom":640,"left":360,"right":360,"top":640},"Classname":"android.widget.FrameLayout","Packagename":"com.douban.frodo","Text":""}],"packagename":"com.example.a10628.myapplication","width":1080}