{"events":[{"eventname":"TYPE_VIEW_CLICKED","source":{"Bounds":{"bottom":577,"left":380,"right":534,"top":360},"Classname":"android.widget.LinearLayout","Packagename":"com.tmall.wireless","Text":""}},{"eventname":"TYPE_WINDOW_STATE_CHANGED","source":{"Bounds":{"bottom":1280,"left":0,"right":720,"top":0},"Classname":"android.widget.FrameLayout","Packagename":"com.tmall.wireless","Text":""}}],"height":1920,"hovertime":1485,"nodes":[{"Bounds":{"bottom":144,"left":1,"right":105,"top":48},"Classname":"android.widget.TextView","Packagename":"com.tmall.wireless","Text":""},{"Bounds":{"bottom":128,"left":113,"right":603,"top":64},"Classname":"android.widget.EditText","Packagename":"com.tmall.wireless","Text":"宝宝出行必备"},{"Bounds":{"bottom":114,"left":125,"right":159,"top":77},"Classname":"android.widget.TextView","Packagename":"com.tmall.wireless","Text":""},{"Bounds":{"bottom":144,"left":616,"right":720,"top":48},"Classname":"android.widget.TextView","Packagename":"com.tmall.wireless","Text":""},{"Bounds":{"bottom":160,"left":0,"right":192,"top":145},"Classname":"android.widget.CheckedTextView","Packagename":"com.tmall.wireless","Text":"居家"},{"Bounds":{"bottom":272,"left":0,"right":192,"top":162},"Classname":"android.widget.CheckedTextView","Packagename":"com.tmall.wireless","Text":"鲜花园艺"},{"Bounds":{"bottom":384,"left":0,"right":192,"top":274},"Classname":"android.widget.CheckedTextView","Packagename":"com.tmall.wireless","Text":"配饰"},{"Bounds":{"bottom":496,"left":0,"right":192,"top":386},"Classname":"android.widget.CheckedTextView","Packagename":"com.tmall.wireless","Text":"食品"},{"Bounds":{"bottom":263,"left":261,"right":309,"top":230},"Classname":"android.widget.TextView","Packagename":"com.tmall.wireless","Text":"移动"},{"Bounds":{"bottom":263,"left":433,"right":481,"top":230},"Classname":"android.widget.TextView","Packagename":"com.tmall.wireless","Text":"联通"},{"Bounds":{"bottom":263,"left":605,"right":653,"top":230},"Classname":"android.widget.TextView","Packagename":"com.tmall.wireless","Text":"电信"},{"Bounds":{"bottom":345,"left":401,"right":513,"top":306},"Classname":"android.widget.TextView","Packagename":"com.tmall.wireless","Text":"电话号码"},{"Bounds":{"bottom":569,"left":237,"right":333,"top":536},"Classname":"android.widget.TextView","Packagename":"com.tmall.wireless","Text":"移动号码"},{"Bounds":{"bottom":569,"left":433,"right":481,"top":536},"Classname":"android.widget.TextView","Packagename":"com.tmall.wireless","Text":"联通"},{"Bounds":{"bottom":569,"left":605,"right":653,"top":536},"Classname":"android.widget.TextView","Packagename":"com.tmall.wireless","Text":"电信"},{"Bounds":{"bottom":805,"left":237,"right":333,"top":772},"Classname":"android.widget.TextView","Packagename":"com.tmall.wireless","Text":"阿里通信"},{"Bounds":{"bottom":805,"left":412,"right":502,"top":772},"Classname":"android.widget.TextView","Packagename":"com.tmall.wireless","Text":"400电话"},{"Bounds":{"bottom":805,"left":605,"right":653,"top":772},"Classname":"android.widget.TextView","Packagename":"com.tmall.wireless","Text":"靓号"},{"Bounds":{"bottom":887,"left":401,"right":513,"top":848},"Classname":"android.widget.TextView","Packagename":"com.tmall.wireless","Text":"宽带缴费"},{"Bounds":{"bottom":1111,"left":261,"right":309,"top":1078},"Classname":"android.widget.TextView","Packagename":"com.tmall.wireless","Text":"移动"},{"Bounds":{"bottom":1111,"left":433,"right":481,"top":1078},"Classname":"android.widget.TextView","Packagename":"com.tmall.wireless","Text":"联通"},{"Bounds":{"bottom":1111,"left":605,"right":653,"top":1078},"Classname":"android.widget.TextView","Packagename":"com.tmall.wireless","Text":"电信"},{"Bounds":{"bottom":1280,"left":261,"right":309,"top":1314},"Classname":"android.widget.TextView","Packagename":"com.tmall.wireless","Text":"铁通"},{"Bounds":{"bottom":1280,"left":433,"right":481,"top":1314},"Classname":"android.widget.TextView","Packagename":"com.tmall.wireless","Text":"华数"},{"Bounds":{"bottom":1280,"left":581,"right":677,"top":1314},"Classname":"android.widget.TextView","Packagename":"com.tmall.wireless","Text":"长城宽带"}],"packagename":"com.example.a10628.myapplication","width":1080}