{"events":[{"eventname":"TYPE_VIEW_SCROLLED","source":{"Bounds":{"bottom":1174,"left":720,"right":720,"top":369},"Classname":"android.support.v7.widget.RecyclerView","Packagename":"com.netease.pris","Text":""}}],"height":1920,"hovertime":1467,"nodes":[{"Bounds":{"bottom":146,"left":0,"right":-1310,"top":48},"Classname":"android.widget.RelativeLayout","Packagename":"com.netease.pris","Text":""},{"Bounds":{"bottom":119,"left":0,"right":-1059,"top":74},"Classname":"android.widget.TextView","Packagename":"com.netease.pris","Text":"书架"},{"Bounds":{"bottom":146,"left":0,"right":-793,"top":48},"Classname":"android.widget.ImageView","Packagename":"com.netease.pris","Text":""},{"Bounds":{"bottom":146,"left":0,"right":-729,"top":48},"Classname":"android.widget.RelativeLayout","Packagename":"com.netease.pris","Text":""},{"Bounds":{"bottom":199,"left":0,"right":-819,"top":167},"Classname":"android.widget.TextView","Packagename":"com.netease.pris","Text":"即使离线，也能规避高温天气"},{"Bounds":{"bottom":219,"left":0,"right":-719,"top":147},"Classname":"android.widget.ImageView","Packagename":"com.netease.pris","Text":""},{"Bounds":{"bottom":220,"left":0,"right":-719,"top":220},"Classname":"android.widget.FrameLayout","Packagename":"com.netease.pris","Text":""},{"Bounds":{"bottom":220,"left":0,"right":-719,"top":220},"Classname":"android.widget.FrameLayout","Packagename":"com.netease.pris","Text":""},{"Bounds":{"bottom":252,"left":0,"right":-1215,"top":220},"Classname":"android.widget.TextView","Packagename":"com.netease.pris","Text":"99+"},{"Bounds":{"bottom":559,"left":0,"right":-1225,"top":524},"Classname":"android.widget.TextView","Packagename":"com.netease.pris","Text":"罪恶调查局"},{"Bounds":{"bottom":603,"left":0,"right":-1225,"top":573},"Classname":"android.widget.TextView","Packagename":"com.netease.pris","Text":"319章未读"},{"Bounds":{"bottom":559,"left":0,"right":-985,"top":524},"Classname":"android.widget.TextView","Packagename":"com.netease.pris","Text":"心理罪：画像"},{"Bounds":{"bottom":603,"left":0,"right":-985,"top":573},"Classname":"android.widget.TextView","Packagename":"com.netease.pris","Text":"未读"},{"Bounds":{"bottom":591,"left":0,"right":-745,"top":524},"Classname":"android.widget.TextView","Packagename":"com.netease.pris","Text":"北京，北京（周冬雨、张一山主演《春风十里，不如你》原著）"},{"Bounds":{"bottom":635,"left":0,"right":-745,"top":605},"Classname":"android.widget.TextView","Packagename":"com.netease.pris","Text":"未读"},{"Bounds":{"bottom":702,"left":0,"right":-1215,"top":670},"Classname":"android.widget.TextView","Packagename":"com.netease.pris","Text":"99+"},{"Bounds":{"bottom":1041,"left":0,"right":-1225,"top":974},"Classname":"android.widget.TextView","Packagename":"com.netease.pris","Text":"侯沧海商路笔记"},{"Bounds":{"bottom":1085,"left":0,"right":-1225,"top":1055},"Classname":"android.widget.TextView","Packagename":"com.netease.pris","Text":"453章未读"},{"Bounds":{"bottom":702,"left":0,"right":-975,"top":670},"Classname":"android.widget.TextView","Packagename":"com.netease.pris","Text":"99+"},{"Bounds":{"bottom":1041,"left":0,"right":-985,"top":974},"Classname":"android.widget.TextView","Packagename":"com.netease.pris","Text":"女帝惊华：杠上宦官九千岁"},{"Bounds":{"bottom":1085,"left":0,"right":-985,"top":1055},"Classname":"android.widget.TextView","Packagename":"com.netease.pris","Text":"840章未读"},{"Bounds":{"bottom":702,"left":0,"right":-735,"top":670},"Classname":"android.widget.TextView","Packagename":"com.netease.pris","Text":"99+"},{"Bounds":{"bottom":1041,"left":0,"right":-745,"top":974},"Classname":"android.widget.TextView","Packagename":"com.netease.pris","Text":"池先生，你失宠了"},{"Bounds":{"bottom":1085,"left":0,"right":-745,"top":1055},"Classname":"android.widget.TextView","Packagename":"com.netease.pris","Text":"323章未读"},{"Bounds":{"bottom":1120,"left":0,"right":-719,"top":1120},"Classname":"android.widget.FrameLayout","Packagename":"com.netease.pris","Text":""},{"Bounds":{"bottom":146,"left":0,"right":-629,"top":48},"Classname":"android.widget.ImageView","Packagename":"com.netease.pris","Text":""},{"Bounds":{"bottom":127,"left":0,"right":-29,"top":67},"Classname":"android.widget.TextView","Packagename":"com.netease.pris","Text":"搜你想要的书籍"},{"Bounds":{"bottom":218,"left":0,"right":0,"top":146},"Classname":"android.widget.HorizontalScrollView","Packagename":"com.netease.pris","Text":""},{"Bounds":{"bottom":1174,"left":0,"right":0,"top":218},"Classname":"android.support.v4.view.ViewPager","Packagename":"com.netease.pris","Text":""},{"Bounds":{"bottom":127,"left":30,"right":90,"top":67},"Classname":"android.widget.ImageView","Packagename":"com.netease.pris","Text":""},{"Bounds":{"bottom":126,"left":180,"right":300,"top":68},"Classname":"android.widget.TextView","Packagename":"com.netease.pris","Text":"男生"},{"Bounds":{"bottom":126,"left":300,"right":420,"top":68},"Classname":"android.widget.TextView","Packagename":"com.netease.pris","Text":"女生"},{"Bounds":{"bottom":126,"left":420,"right":540,"top":68},"Classname":"android.widget.TextView","Packagename":"com.netease.pris","Text":"出版"},{"Bounds":{"bottom":146,"left":616,"right":720,"top":48},"Classname":"android.widget.ImageView","Packagename":"com.netease.pris","Text":""},{"Bounds":{"bottom":189,"left":0,"right":-581,"top":154},"Classname":"android.widget.TextView","Packagename":"com.netease.pris","Text":"都市生活"},{"Bounds":{"bottom":189,"left":0,"right":-443,"top":154},"Classname":"android.widget.TextView","Packagename":"com.netease.pris","Text":"官场职场"},{"Bounds":{"bottom":189,"left":0,"right":-305,"top":154},"Classname":"android.widget.TextView","Packagename":"com.netease.pris","Text":"玄幻仙侠"},{"Bounds":{"bottom":189,"left":0,"right":-167,"top":154},"Classname":"android.widget.TextView","Packagename":"com.netease.pris","Text":"悬疑探险"},{"Bounds":{"bottom":189,"left":0,"right":-29,"top":154},"Classname":"android.widget.TextView","Packagename":"com.netease.pris","Text":"灵异恐怖"},{"Bounds":{"bottom":264,"left":0,"right":-581,"top":229},"Classname":"android.widget.TextView","Packagename":"com.netease.pris","Text":"历史传奇"},{"Bounds":{"bottom":264,"left":0,"right":-443,"top":229},"Classname":"android.widget.TextView","Packagename":"com.netease.pris","Text":"军事谍战"},{"Bounds":{"bottom":264,"left":0,"right":-305,"top":229},"Classname":"android.widget.TextView","Packagename":"com.netease.pris","Text":"科幻奇幻"},{"Bounds":{"bottom":264,"left":0,"right":-167,"top":229},"Classname":"android.widget.TextView","Packagename":"com.netease.pris","Text":"同人网游"},{"Bounds":{"bottom":264,"left":0,"right":-29,"top":229},"Classname":"android.widget.TextView","Packagename":"com.netease.pris","Text":"短篇小说"},{"Bounds":{"bottom":297,"left":0,"right":-623,"top":297},"Classname":"android.widget.RadioButton","Packagename":"com.netease.pris","Text":"全部"},{"Bounds":{"bottom":297,"left":0,"right":-439,"top":297},"Classname":"android.widget.RadioButton","Packagename":"com.netease.pris","Text":"30万字以下"},{"Bounds":{"bottom":297,"left":0,"right":-268,"top":297},"Classname":"android.widget.RadioButton","Packagename":"com.netease.pris","Text":"30-50万字"},{"Bounds":{"bottom":297,"left":0,"right":-81,"top":297},"Classname":"android.widget.RadioButton","Packagename":"com.netease.pris","Text":"50-100万字"},{"Bounds":{"bottom":297,"left":0,"right":-519,"top":372},"Classname":"android.widget.RadioButton","Packagename":"com.netease.pris","Text":"100万字以上"},{"Bounds":{"bottom":297,"left":0,"right":-623,"top":448},"Classname":"android.widget.RadioButton","Packagename":"com.netease.pris","Text":"全部"},{"Bounds":{"bottom":297,"left":0,"right":-499,"top":448},"Classname":"android.widget.RadioButton","Packagename":"com.netease.pris","Text":"连载中"},{"Bounds":{"bottom":297,"left":0,"right":-375,"top":448},"Classname":"android.widget.RadioButton","Packagename":"com.netease.pris","Text":"已完本"},{"Bounds":{"bottom":297,"left":0,"right":-623,"top":524},"Classname":"android.widget.RadioButton","Packagename":"com.netease.pris","Text":"全部"},{"Bounds":{"bottom":297,"left":0,"right":-527,"top":524},"Classname":"android.widget.RadioButton","Packagename":"com.netease.pris","Text":"收费"},{"Bounds":{"bottom":297,"left":0,"right":-431,"top":524},"Classname":"android.widget.RadioButton","Packagename":"com.netease.pris","Text":"免费"},{"Bounds":{"bottom":297,"left":0,"right":-335,"top":524},"Classname":"android.widget.RadioButton","Packagename":"com.netease.pris","Text":"包月"},{"Bounds":{"bottom":297,"left":0,"right":-595,"top":600},"Classname":"android.widget.RadioButton","Packagename":"com.netease.pris","Text":"按人气"},{"Bounds":{"bottom":297,"left":0,"right":-471,"top":600},"Classname":"android.widget.RadioButton","Packagename":"com.netease.pris","Text":"按畅销"},{"Bounds":{"bottom":297,"left":0,"right":-347,"top":600},"Classname":"android.widget.RadioButton","Packagename":"com.netease.pris","Text":"按更新"},{"Bounds":{"bottom":350,"left":0,"right":-339,"top":315},"Classname":"android.widget.TextView","Packagename":"com.netease.pris","Text":"按人气"},{"Bounds":{"bottom":369,"left":0,"right":0,"top":369},"Classname":"android.widget.LinearLayout","Packagename":"com.netease.pris","Text":""},{"Bounds":{"bottom":744,"left":0,"right":-587,"top":709},"Classname":"android.widget.TextView","Packagename":"com.netease.pris","Text":"花都御医"},{"Bounds":{"bottom":782,"left":0,"right":-507,"top":752},"Classname":"android.widget.TextView","Packagename":"com.netease.pris","Text":"雪糕"},{"Bounds":{"bottom":744,"left":0,"right":-347,"top":709},"Classname":"android.widget.TextView","Packagename":"com.netease.pris","Text":"绝世高手"},{"Bounds":{"bottom":782,"left":0,"right":-267,"top":752},"Classname":"android.widget.TextView","Packagename":"com.netease.pris","Text":"我自对天笑"},{"Bounds":{"bottom":744,"left":0,"right":-107,"top":709},"Classname":"android.widget.TextView","Packagename":"com.netease.pris","Text":"医路官途"},{"Bounds":{"bottom":782,"left":0,"right":-27,"top":752},"Classname":"android.widget.TextView","Packagename":"com.netease.pris","Text":"司徒浪子"},{"Bounds":{"bottom":1157,"left":0,"right":-587,"top":1122},"Classname":"android.widget.TextView","Packagename":"com.netease.pris","Text":"红杏妻欲"},{"Bounds":{"bottom":1174,"left":0,"right":-507,"top":1165},"Classname":"android.widget.TextView","Packagename":"com.netease.pris","Text":"地火蚂蚁"},{"Bounds":{"bottom":1174,"left":0,"right":-267,"top":1122},"Classname":"android.widget.TextView","Packagename":"com.netease.pris","Text":"日久生情：宝贝，你好甜"},{"Bounds":{"bottom":1174,"left":0,"right":-267,"top":1197},"Classname":"android.widget.TextView","Packagename":"com.netease.pris","Text":"妩儿"},{"Bounds":{"bottom":1157,"left":0,"right":-107,"top":1122},"Classname":"android.widget.TextView","Packagename":"com.netease.pris","Text":"花都赘婿"},{"Bounds":{"bottom":1174,"left":0,"right":-27,"top":1165},"Classname":"android.widget.TextView","Packagename":"com.netease.pris","Text":"貌似纯洁"},{"Bounds":{"bottom":297,"left":0,"right":0,"top":297},"Classname":"android.widget.RadioButton","Packagename":"com.netease.pris","Text":"全部"},{"Bounds":{"bottom":297,"left":96,"right":0,"top":297},"Classname":"android.widget.RadioButton","Packagename":"com.netease.pris","Text":"30万字以下"},{"Bounds":{"bottom":297,"left":280,"right":0,"top":297},"Classname":"android.widget.RadioButton","Packagename":"com.netease.pris","Text":"30-50万字"},{"Bounds":{"bottom":297,"left":451,"right":0,"top":297},"Classname":"android.widget.RadioButton","Packagename":"com.netease.pris","Text":"50-100万字"},{"Bounds":{"bottom":297,"left":0,"right":0,"top":372},"Classname":"android.widget.RadioButton","Packagename":"com.netease.pris","Text":"100万字以上"},{"Bounds":{"bottom":297,"left":0,"right":0,"top":448},"Classname":"android.widget.RadioButton","Packagename":"com.netease.pris","Text":"全部"},{"Bounds":{"bottom":297,"left":96,"right":0,"top":448},"Classname":"android.widget.RadioButton","Packagename":"com.netease.pris","Text":"连载中"},{"Bounds":{"bottom":297,"left":220,"right":0,"top":448},"Classname":"android.widget.RadioButton","Packagename":"com.netease.pris","Text":"已完本"},{"Bounds":{"bottom":297,"left":0,"right":0,"top":524},"Classname":"android.widget.RadioButton","Packagename":"com.netease.pris","Text":"全部"},{"Bounds":{"bottom":297,"left":96,"right":0,"top":524},"Classname":"android.widget.RadioButton","Packagename":"com.netease.pris","Text":"收费"},{"Bounds":{"bottom":297,"left":192,"right":0,"top":524},"Classname":"android.widget.RadioButton","Packagename":"com.netease.pris","Text":"免费"},{"Bounds":{"bottom":297,"left":288,"right":0,"top":524},"Classname":"android.widget.RadioButton","Packagename":"com.netease.pris","Text":"包月"},{"Bounds":{"bottom":297,"left":0,"right":0,"top":600},"Classname":"android.widget.RadioButton","Packagename":"com.netease.pris","Text":"按人气"},{"Bounds":{"bottom":297,"left":124,"right":0,"top":600},"Classname":"android.widget.RadioButton","Packagename":"com.netease.pris","Text":"按畅销"},{"Bounds":{"bottom":297,"left":248,"right":0,"top":600},"Classname":"android.widget.RadioButton","Packagename":"com.netease.pris","Text":"按更新"},{"Bounds":{"bottom":350,"left":296,"right":0,"top":315},"Classname":"android.widget.TextView","Packagename":"com.netease.pris","Text":"按人气"},{"Bounds":{"bottom":369,"left":0,"right":0,"top":369},"Classname":"android.widget.LinearLayout","Packagename":"com.netease.pris","Text":""},{"Bounds":{"bottom":744,"left":20,"right":0,"top":709},"Classname":"android.widget.TextView","Packagename":"com.netease.pris","Text":"官梯"},{"Bounds":{"bottom":782,"left":20,"right":0,"top":752},"Classname":"android.widget.TextView","Packagename":"com.netease.pris","Text":"钓人的鱼"},{"Bounds":{"bottom":744,"left":260,"right":0,"top":709},"Classname":"android.widget.TextView","Packagename":"com.netease.pris","Text":"提拔"},{"Bounds":{"bottom":782,"left":260,"right":0,"top":752},"Classname":"android.widget.TextView","Packagename":"com.netease.pris","Text":"渔阳员外"},{"Bounds":{"bottom":744,"left":500,"right":0,"top":709},"Classname":"android.widget.TextView","Packagename":"com.netease.pris","Text":"仕途多娇"},{"Bounds":{"bottom":782,"left":500,"right":0,"top":752},"Classname":"android.widget.TextView","Packagename":"com.netease.pris","Text":"骑鹤人"},{"Bounds":{"bottom":1174,"left":20,"right":0,"top":1122},"Classname":"android.widget.TextView","Packagename":"com.netease.pris","Text":"女神的贴身男秘"},{"Bounds":{"bottom":1174,"left":20,"right":0,"top":1197},"Classname":"android.widget.TextView","Packagename":"com.netease.pris","Text":"多情木偶"},{"Bounds":{"bottom":1157,"left":260,"right":0,"top":1122},"Classname":"android.widget.TextView","Packagename":"com.netease.pris","Text":"登天奇缘"},{"Bounds":{"bottom":1174,"left":260,"right":0,"top":1165},"Classname":"android.widget.TextView","Packagename":"com.netease.pris","Text":"丙戌"},{"Bounds":{"bottom":1157,"left":500,"right":0,"top":1122},"Classname":"android.widget.TextView","Packagename":"com.netease.pris","Text":"官妖"},{"Bounds":{"bottom":1174,"left":500,"right":0,"top":1165},"Classname":"android.widget.TextView","Packagename":"com.netease.pris","Text":"丁公子"},{"Bounds":{"bottom":189,"left":26,"right":138,"top":154},"Classname":"android.widget.TextView","Packagename":"com.netease.pris","Text":"都市言情"},{"Bounds":{"bottom":189,"left":164,"right":276,"top":154},"Classname":"android.widget.TextView","Packagename":"com.netease.pris","Text":"穿越架空"},{"Bounds":{"bottom":189,"left":302,"right":414,"top":154},"Classname":"android.widget.TextView","Packagename":"com.netease.pris","Text":"宫斗宅斗"},{"Bounds":{"bottom":189,"left":440,"right":552,"top":154},"Classname":"android.widget.TextView","Packagename":"com.netease.pris","Text":"古风古韵"},{"Bounds":{"bottom":189,"left":578,"right":690,"top":154},"Classname":"android.widget.TextView","Packagename":"com.netease.pris","Text":"灵异推理"},{"Bounds":{"bottom":264,"left":26,"right":138,"top":229},"Classname":"android.widget.TextView","Packagename":"com.netease.pris","Text":"短篇美文"},{"Bounds":{"bottom":264,"left":164,"right":276,"top":229},"Classname":"android.widget.TextView","Packagename":"com.netease.pris","Text":"浪漫青春"},{"Bounds":{"bottom":264,"left":302,"right":414,"top":229},"Classname":"android.widget.TextView","Packagename":"com.netease.pris","Text":"仙侠幻情"},{"Bounds":{"bottom":264,"left":440,"right":552,"top":229},"Classname":"android.widget.TextView","Packagename":"com.netease.pris","Text":"种田重生"},{"Bounds":{"bottom":264,"left":578,"right":690,"top":229},"Classname":"android.widget.TextView","Packagename":"com.netease.pris","Text":"同人网游"},{"Bounds":{"bottom":783,"left":312,"right":408,"top":687},"Classname":"android.widget.ProgressBar","Packagename":"com.netease.pris","Text":""},{"Bounds":{"bottom":297,"left":0,"right":96,"top":297},"Classname":"android.widget.RadioButton","Packagename":"com.netease.pris","Text":"全部"},{"Bounds":{"bottom":297,"left":96,"right":280,"top":297},"Classname":"android.widget.RadioButton","Packagename":"com.netease.pris","Text":"30万字以下"},{"Bounds":{"bottom":297,"left":280,"right":451,"top":297},"Classname":"android.widget.RadioButton","Packagename":"com.netease.pris","Text":"30-50万字"},{"Bounds":{"bottom":297,"left":451,"right":638,"top":297},"Classname":"android.widget.RadioButton","Packagename":"com.netease.pris","Text":"50-100万字"},{"Bounds":{"bottom":297,"left":0,"right":200,"top":372},"Classname":"android.widget.RadioButton","Packagename":"com.netease.pris","Text":"100万字以上"},{"Bounds":{"bottom":297,"left":0,"right":96,"top":448},"Classname":"android.widget.RadioButton","Packagename":"com.netease.pris","Text":"全部"},{"Bounds":{"bottom":297,"left":96,"right":220,"top":448},"Classname":"android.widget.RadioButton","Packagename":"com.netease.pris","Text":"连载中"},{"Bounds":{"bottom":297,"left":220,"right":344,"top":448},"Classname":"android.widget.RadioButton","Packagename":"com.netease.pris","Text":"已完本"},{"Bounds":{"bottom":297,"left":0,"right":96,"top":524},"Classname":"android.widget.RadioButton","Packagename":"com.netease.pris","Text":"全部"},{"Bounds":{"bottom":297,"left":96,"right":192,"top":524},"Classname":"android.widget.RadioButton","Packagename":"com.netease.pris","Text":"收费"},{"Bounds":{"bottom":297,"left":192,"right":288,"top":524},"Classname":"android.widget.RadioButton","Packagename":"com.netease.pris","Text":"免费"},{"Bounds":{"bottom":297,"left":288,"right":384,"top":524},"Classname":"android.widget.RadioButton","Packagename":"com.netease.pris","Text":"包月"},{"Bounds":{"bottom":297,"left":0,"right":124,"top":600},"Classname":"android.widget.RadioButton","Packagename":"com.netease.pris","Text":"按人气"},{"Bounds":{"bottom":297,"left":124,"right":248,"top":600},"Classname":"android.widget.RadioButton","Packagename":"com.netease.pris","Text":"按畅销"},{"Bounds":{"bottom":297,"left":248,"right":372,"top":600},"Classname":"android.widget.RadioButton","Packagename":"com.netease.pris","Text":"按更新"},{"Bounds":{"bottom":350,"left":296,"right":380,"top":315},"Classname":"android.widget.TextView","Packagename":"com.netease.pris","Text":"按人气"},{"Bounds":{"bottom":369,"left":0,"right":720,"top":369},"Classname":"android.widget.LinearLayout","Packagename":"com.netease.pris","Text":""},{"Bounds":{"bottom":297,"left":720,"right":720,"top":297},"Classname":"android.widget.RadioButton","Packagename":"com.netease.pris","Text":"全部"},{"Bounds":{"bottom":297,"left":816,"right":720,"top":297},"Classname":"android.widget.RadioButton","Packagename":"com.netease.pris","Text":"30万字以下"},{"Bounds":{"bottom":297,"left":1000,"right":720,"top":297},"Classname":"android.widget.RadioButton","Packagename":"com.netease.pris","Text":"30-50万字"},{"Bounds":{"bottom":297,"left":1171,"right":720,"top":297},"Classname":"android.widget.RadioButton","Packagename":"com.netease.pris","Text":"50-100万字"},{"Bounds":{"bottom":297,"left":720,"right":720,"top":372},"Classname":"android.widget.RadioButton","Packagename":"com.netease.pris","Text":"100万字以上"},{"Bounds":{"bottom":297,"left":720,"right":720,"top":448},"Classname":"android.widget.RadioButton","Packagename":"com.netease.pris","Text":"全部"},{"Bounds":{"bottom":297,"left":816,"right":720,"top":448},"Classname":"android.widget.RadioButton","Packagename":"com.netease.pris","Text":"连载中"},{"Bounds":{"bottom":297,"left":940,"right":720,"top":448},"Classname":"android.widget.RadioButton","Packagename":"com.netease.pris","Text":"已完本"},{"Bounds":{"bottom":297,"left":720,"right":720,"top":524},"Classname":"android.widget.RadioButton","Packagename":"com.netease.pris","Text":"全部"},{"Bounds":{"bottom":297,"left":816,"right":720,"top":524},"Classname":"android.widget.RadioButton","Packagename":"com.netease.pris","Text":"收费"},{"Bounds":{"bottom":297,"left":912,"right":720,"top":524},"Classname":"android.widget.RadioButton","Packagename":"com.netease.pris","Text":"免费"},{"Bounds":{"bottom":297,"left":1008,"right":720,"top":524},"Classname":"android.widget.RadioButton","Packagename":"com.netease.pris","Text":"包月"},{"Bounds":{"bottom":297,"left":720,"right":720,"top":600},"Classname":"android.widget.RadioButton","Packagename":"com.netease.pris","Text":"按人气"},{"Bounds":{"bottom":297,"left":844,"right":720,"top":600},"Classname":"android.widget.RadioButton","Packagename":"com.netease.pris","Text":"按畅销"},{"Bounds":{"bottom":297,"left":968,"right":720,"top":600},"Classname":"android.widget.RadioButton","Packagename":"com.netease.pris","Text":"按更新"},{"Bounds":{"bottom":350,"left":1016,"right":720,"top":315},"Classname":"android.widget.TextView","Packagename":"com.netease.pris","Text":"按人气"},{"Bounds":{"bottom":369,"left":720,"right":720,"top":369},"Classname":"android.widget.LinearLayout","Packagename":"com.netease.pris","Text":""},{"Bounds":{"bottom":776,"left":740,"right":720,"top":709},"Classname":"android.widget.TextView","Packagename":"com.netease.pris","Text":"惹火妖王：绝宠神医天才妃"},{"Bounds":{"bottom":814,"left":740,"right":720,"top":784},"Classname":"android.widget.TextView","Packagename":"com.netease.pris","Text":"九君"},{"Bounds":{"bottom":744,"left":980,"right":720,"top":709},"Classname":"android.widget.TextView","Packagename":"com.netease.pris","Text":"毒医太子妃"},{"Bounds":{"bottom":782,"left":980,"right":720,"top":752},"Classname":"android.widget.TextView","Packagename":"com.netease.pris","Text":"浅若迟"},{"Bounds":{"bottom":744,"left":1220,"right":720,"top":709},"Classname":"android.widget.TextView","Packagename":"com.netease.pris","Text":"农家女皇商"},{"Bounds":{"bottom":782,"left":1220,"right":720,"top":752},"Classname":"android.widget.TextView","Packagename":"com.netease.pris","Text":"清风长吟"},{"Bounds":{"bottom":1174,"left":740,"right":720,"top":1154},"Classname":"android.widget.TextView","Packagename":"com.netease.pris","Text":"［快穿］当男配掰弯男主"},{"Bounds":{"bottom":1174,"left":740,"right":720,"top":1229},"Classname":"android.widget.TextView","Packagename":"com.netease.pris","Text":"清水娘娘"},{"Bounds":{"bottom":1174,"left":980,"right":720,"top":1154},"Classname":"android.widget.TextView","Packagename":"com.netease.pris","Text":"神医嫡女"},{"Bounds":{"bottom":1174,"left":980,"right":720,"top":1197},"Classname":"android.widget.TextView","Packagename":"com.netease.pris","Text":"杨十六"},{"Bounds":{"bottom":1174,"left":1220,"right":720,"top":1154},"Classname":"android.widget.TextView","Packagename":"com.netease.pris","Text":"嫡女贵凰：重生毒妃狠绝色"},{"Bounds":{"bottom":1174,"left":1220,"right":720,"top":1229},"Classname":"android.widget.TextView","Packagename":"com.netease.pris","Text":"路菲汐"},{"Bounds":{"bottom":1142,"left":538,"right":688,"top":992},"Classname":"android.widget.ImageView","Packagename":"com.netease.pris","Text":""},{"Bounds":{"bottom":1265,"left":96,"right":144,"top":1189},"Classname":"android.widget.TextView","Packagename":"com.netease.pris","Text":"书架"},{"Bounds":{"bottom":1265,"left":336,"right":384,"top":1189},"Classname":"android.widget.TextView","Packagename":"com.netease.pris","Text":"书城"},{"Bounds":{"bottom":1265,"left":576,"right":624,"top":1189},"Classname":"android.widget.TextView","Packagename":"com.netease.pris","Text":"分类"}],"packagename":"com.example.a10628.myapplication","width":1080}