{"events":[{"eventname":"TYPE_VIEW_SCROLLED","source":{"Bounds":{"bottom":1280,"left":0,"right":720,"top":216},"Classname":"android.widget.ListView","Packagename":"com.baycode.tianya","Text":""}},{"eventname":"TYPE_VIEW_SCROLLED","source":{"Bounds":{"bottom":1280,"left":0,"right":720,"top":216},"Classname":"android.widget.ListView","Packagename":"com.baycode.tianya","Text":""}}],"height":1920,"hovertime":3327,"nodes":[{"Bounds":{"bottom":136,"left":0,"right":720,"top":48},"Classname":"android.widget.TextView","Packagename":"com.baycode.tianya","Text":"篮球公园"},{"Bounds":{"bottom":136,"left":0,"right":720,"top":48},"Classname":"android.widget.TextView","Packagename":"com.baycode.tianya","Text":""},{"Bounds":{"bottom":124,"left":20,"right":84,"top":60},"Classname":"android.widget.Button","Packagename":"com.baycode.tianya","Text":""},{"Bounds":{"bottom":112,"left":659,"right":720,"top":71},"Classname":"android.widget.ImageButton","Packagename":"com.baycode.tianya","Text":""},{"Bounds":{"bottom":216,"left":0,"right":720,"top":136},"Classname":"android.widget.HorizontalScrollView","Packagename":"com.baycode.tianya","Text":""},{"Bounds":{"bottom":160,"left":274,"right":445,"top":216},"Classname":"android.widget.TextView","Packagename":"com.baycode.tianya","Text":"下拉刷新…"},{"Bounds":{"bottom":181,"left":16,"right":704,"top":216},"Classname":"android.widget.TextView","Packagename":"com.baycode.tianya","Text":"詹韦连线再现！铁杆詹密也不能淡定了，开贴记录17-18赛季骑士比赛。"},{"Bounds":{"bottom":219,"left":16,"right":245,"top":216},"Classname":"android.widget.TextView","Packagename":"com.baycode.tianya","Text":"回复:1169"},{"Bounds":{"bottom":219,"left":245,"right":474,"top":216},"Classname":"android.widget.TextView","Packagename":"com.baycode.tianya","Text":"05-10 17:13"},{"Bounds":{"bottom":219,"left":474,"right":704,"top":216},"Classname":"android.widget.TextView","Packagename":"com.baycode.tianya","Text":"少剑波2012"},{"Bounds":{"bottom":322,"left":16,"right":704,"top":228},"Classname":"android.widget.TextView","Packagename":"com.baycode.tianya","Text":"腾讯力推！潮人汇聚，朝这看！立即点击下载~"},{"Bounds":{"bottom":360,"left":16,"right":245,"top":322},"Classname":"android.widget.TextView","Packagename":"com.baycode.tianya","Text":""},{"Bounds":{"bottom":360,"left":245,"right":474,"top":322},"Classname":"android.widget.TextView","Packagename":"com.baycode.tianya","Text":""},{"Bounds":{"bottom":360,"left":474,"right":704,"top":322},"Classname":"android.widget.TextView","Packagename":"com.baycode.tianya","Text":"推广"},{"Bounds":{"bottom":463,"left":16,"right":704,"top":369},"Classname":"android.widget.TextView","Packagename":"com.baycode.tianya","Text":"鹈鹕是本赛季运作最好的球队之一！！"},{"Bounds":{"bottom":501,"left":16,"right":245,"top":463},"Classname":"android.widget.TextView","Packagename":"com.baycode.tianya","Text":"回复:12"},{"Bounds":{"bottom":501,"left":245,"right":474,"top":463},"Classname":"android.widget.TextView","Packagename":"com.baycode.tianya","Text":"05-10 16:30"},{"Bounds":{"bottom":501,"left":474,"right":704,"top":463},"Classname":"android.widget.TextView","Packagename":"com.baycode.tianya","Text":"烟台我是大葱"},{"Bounds":{"bottom":604,"left":16,"right":704,"top":510},"Classname":"android.widget.TextView","Packagename":"com.baycode.tianya","Text":"今年的东西部决赛，就是常规赛揭幕焦点战的延伸"},{"Bounds":{"bottom":642,"left":16,"right":245,"top":604},"Classname":"android.widget.TextView","Packagename":"com.baycode.tianya","Text":"回复:6"},{"Bounds":{"bottom":642,"left":245,"right":474,"top":604},"Classname":"android.widget.TextView","Packagename":"com.baycode.tianya","Text":"05-10 15:43"},{"Bounds":{"bottom":642,"left":474,"right":704,"top":604},"Classname":"android.widget.TextView","Packagename":"com.baycode.tianya","Text":"詹韦连线2015"},{"Bounds":{"bottom":745,"left":16,"right":704,"top":651},"Classname":"android.widget.TextView","Packagename":"com.baycode.tianya","Text":"一个关于杜兰特和勇士的问题"},{"Bounds":{"bottom":783,"left":16,"right":245,"top":745},"Classname":"android.widget.TextView","Packagename":"com.baycode.tianya","Text":"回复:15"},{"Bounds":{"bottom":783,"left":245,"right":474,"top":745},"Classname":"android.widget.TextView","Packagename":"com.baycode.tianya","Text":"05-10 14:22"},{"Bounds":{"bottom":783,"left":474,"right":704,"top":745},"Classname":"android.widget.TextView","Packagename":"com.baycode.tianya","Text":"sun顽石"},{"Bounds":{"bottom":886,"left":16,"right":704,"top":792},"Classname":"android.widget.TextView","Packagename":"com.baycode.tianya","Text":"科比如果当年去了黄蜂，生涯成就能不能赶上马布里？"},{"Bounds":{"bottom":924,"left":16,"right":245,"top":886},"Classname":"android.widget.TextView","Packagename":"com.baycode.tianya","Text":"回复:363"},{"Bounds":{"bottom":924,"left":245,"right":474,"top":886},"Classname":"android.widget.TextView","Packagename":"com.baycode.tianya","Text":"05-10 14:12"},{"Bounds":{"bottom":924,"left":474,"right":704,"top":886},"Classname":"android.widget.TextView","Packagename":"com.baycode.tianya","Text":"sphinx8512"},{"Bounds":{"bottom":1027,"left":16,"right":704,"top":933},"Classname":"android.widget.TextView","Packagename":"com.baycode.tianya","Text":"勒布朗，你TM在哪儿？我们为何不能猖狂？（十年绿军球迷）"},{"Bounds":{"bottom":1065,"left":16,"right":245,"top":1027},"Classname":"android.widget.TextView","Packagename":"com.baycode.tianya","Text":"回复:5"},{"Bounds":{"bottom":1065,"left":245,"right":474,"top":1027},"Classname":"android.widget.TextView","Packagename":"com.baycode.tianya","Text":"05-10 13:51"},{"Bounds":{"bottom":1065,"left":474,"right":704,"top":1027},"Classname":"android.widget.TextView","Packagename":"com.baycode.tianya","Text":"无赖的啊立"},{"Bounds":{"bottom":1168,"left":16,"right":704,"top":1074},"Classname":"android.widget.TextView","Packagename":"com.baycode.tianya","Text":"火箭陪跑开始"},{"Bounds":{"bottom":1135,"left":16,"right":245,"top":1097},"Classname":"android.widget.TextView","Packagename":"com.baycode.tianya","Text":"回复:0"},{"Bounds":{"bottom":1114,"left":245,"right":474,"top":1076},"Classname":"android.widget.TextView","Packagename":"com.baycode.tianya","Text":"05-10 13:38"},{"Bounds":{"bottom":1094,"left":474,"right":704,"top":1056},"Classname":"android.widget.TextView","Packagename":"com.baycode.tianya","Text":"wonderhihao"},{"Bounds":{"bottom":1280,"left":16,"right":704,"top":1215},"Classname":"android.widget.TextView","Packagename":"com.baycode.tianya","Text":"勇士火箭胜负手"},{"Bounds":{"bottom":1280,"left":16,"right":245,"top":1309},"Classname":"android.widget.TextView","Packagename":"com.baycode.tianya","Text":"回复:0"},{"Bounds":{"bottom":1280,"left":245,"right":474,"top":1309},"Classname":"android.widget.TextView","Packagename":"com.baycode.tianya","Text":"05-10 12:42"},{"Bounds":{"bottom":1280,"left":474,"right":704,"top":1309},"Classname":"android.widget.TextView","Packagename":"com.baycode.tianya","Text":"sun顽石"}],"packagename":"com.example.a10628.myapplication","width":1080}