{"events":[{"eventname":"TYPE_VIEW_CLICKED","source":{"Bounds":{"bottom":1107,"left":16,"right":704,"top":899},"Classname":"android.widget.FrameLayout","Packagename":"com.cundong.izhihu","Text":""}},{"eventname":"TYPE_WINDOW_STATE_CHANGED","source":{"Bounds":{"bottom":1280,"left":0,"right":720,"top":0},"Classname":"android.widget.FrameLayout","Packagename":"com.cundong.izhihu","Text":""}}],"height":1920,"hovertime":3241,"nodes":[{"Bounds":{"bottom":120,"left":97,"right":241,"top":71},"Classname":"android.widget.TextView","Packagename":"com.cundong.izhihu","Text":"新奇日报"},{"Bounds":{"bottom":144,"left":496,"right":608,"top":48},"Classname":"android.widget.TextView","Packagename":"com.cundong.izhihu","Text":""},{"Bounds":{"bottom":144,"left":608,"right":720,"top":48},"Classname":"android.widget.ImageButton","Packagename":"com.cundong.izhihu","Text":""},{"Bounds":{"bottom":243,"left":48,"right":228,"top":144},"Classname":"android.widget.ImageView","Packagename":"com.cundong.izhihu","Text":""},{"Bounds":{"bottom":190,"left":244,"right":672,"top":144},"Classname":"android.widget.TextView","Packagename":"com.cundong.izhihu","Text":"小事 · 干干净净，坦坦荡荡"},{"Bounds":{"bottom":451,"left":48,"right":228,"top":307},"Classname":"android.widget.ImageView","Packagename":"com.cundong.izhihu","Text":""},{"Bounds":{"bottom":398,"left":244,"right":672,"top":307},"Classname":"android.widget.TextView","Packagename":"com.cundong.izhihu","Text":"BBC 新出的这部高分「推理片」，让我忍不住吐槽"},{"Bounds":{"bottom":659,"left":48,"right":228,"top":515},"Classname":"android.widget.ImageView","Packagename":"com.cundong.izhihu","Text":""},{"Bounds":{"bottom":606,"left":244,"right":672,"top":515},"Classname":"android.widget.TextView","Packagename":"com.cundong.izhihu","Text":"用大脑「生孩子」的 90 后、00 后们"},{"Bounds":{"bottom":867,"left":48,"right":228,"top":723},"Classname":"android.widget.ImageView","Packagename":"com.cundong.izhihu","Text":""},{"Bounds":{"bottom":856,"left":244,"right":672,"top":723},"Classname":"android.widget.TextView","Packagename":"com.cundong.izhihu","Text":"你自以为无大碍的举动，可能每天都在伤害孩子的安全感"},{"Bounds":{"bottom":1075,"left":48,"right":228,"top":931},"Classname":"android.widget.ImageView","Packagename":"com.cundong.izhihu","Text":""},{"Bounds":{"bottom":1064,"left":244,"right":672,"top":931},"Classname":"android.widget.TextView","Packagename":"com.cundong.izhihu","Text":"不知道为什么，近几年的古装剧我总是看不下去，觉得缺了点什么"},{"Bounds":{"bottom":1280,"left":48,"right":228,"top":1139},"Classname":"android.widget.ImageView","Packagename":"com.cundong.izhihu","Text":""},{"Bounds":{"bottom":1230,"left":244,"right":672,"top":1139},"Classname":"android.widget.TextView","Packagename":"com.cundong.izhihu","Text":"寒门出身的人是不是不适合念金融？"}],"packagename":"com.example.a10628.myapplication","width":1080}