{"events":[{"eventname":"TYPE_VIEW_SCROLLED","source":{"Bounds":{"bottom":1280,"left":0,"right":720,"top":216},"Classname":"android.widget.ListView","Packagename":"com.baycode.tianya","Text":""}},{"eventname":"TYPE_VIEW_SCROLLED","source":{"Bounds":{"bottom":1280,"left":0,"right":720,"top":216},"Classname":"android.widget.ListView","Packagename":"com.baycode.tianya","Text":""}}],"height":1920,"hovertime":4232,"nodes":[{"Bounds":{"bottom":136,"left":0,"right":720,"top":48},"Classname":"android.widget.TextView","Packagename":"com.baycode.tianya","Text":"南方体育"},{"Bounds":{"bottom":136,"left":0,"right":720,"top":48},"Classname":"android.widget.TextView","Packagename":"com.baycode.tianya","Text":""},{"Bounds":{"bottom":124,"left":20,"right":84,"top":60},"Classname":"android.widget.Button","Packagename":"com.baycode.tianya","Text":""},{"Bounds":{"bottom":112,"left":659,"right":720,"top":71},"Classname":"android.widget.ImageButton","Packagename":"com.baycode.tianya","Text":""},{"Bounds":{"bottom":216,"left":0,"right":720,"top":136},"Classname":"android.widget.HorizontalScrollView","Packagename":"com.baycode.tianya","Text":""},{"Bounds":{"bottom":160,"left":274,"right":445,"top":216},"Classname":"android.widget.TextView","Packagename":"com.baycode.tianya","Text":"下拉刷新…"},{"Bounds":{"bottom":241,"left":16,"right":704,"top":216},"Classname":"android.widget.TextView","Packagename":"com.baycode.tianya","Text":"想学健身教练了，有没有一起的？"},{"Bounds":{"bottom":279,"left":16,"right":245,"top":241},"Classname":"android.widget.TextView","Packagename":"com.baycode.tianya","Text":"回复:0"},{"Bounds":{"bottom":279,"left":245,"right":474,"top":241},"Classname":"android.widget.TextView","Packagename":"com.baycode.tianya","Text":"01-24 15:27"},{"Bounds":{"bottom":279,"left":474,"right":704,"top":241},"Classname":"android.widget.TextView","Packagename":"com.baycode.tianya","Text":"爱健身的人"},{"Bounds":{"bottom":382,"left":16,"right":704,"top":288},"Classname":"android.widget.TextView","Packagename":"com.baycode.tianya","Text":"他再也看不到了"},{"Bounds":{"bottom":393,"left":16,"right":245,"top":355},"Classname":"android.widget.TextView","Packagename":"com.baycode.tianya","Text":"回复:0"},{"Bounds":{"bottom":383,"left":245,"right":474,"top":345},"Classname":"android.widget.TextView","Packagename":"com.baycode.tianya","Text":"01-19 07:34"},{"Bounds":{"bottom":374,"left":474,"right":704,"top":336},"Classname":"android.widget.TextView","Packagename":"com.baycode.tianya","Text":"顽强的仙人掌"},{"Bounds":{"bottom":523,"left":16,"right":704,"top":429},"Classname":"android.widget.TextView","Packagename":"com.baycode.tianya","Text":"思六方武学"},{"Bounds":{"bottom":561,"left":16,"right":245,"top":523},"Classname":"android.widget.TextView","Packagename":"com.baycode.tianya","Text":"回复:0"},{"Bounds":{"bottom":561,"left":245,"right":474,"top":523},"Classname":"android.widget.TextView","Packagename":"com.baycode.tianya","Text":"11-07 01:56"},{"Bounds":{"bottom":561,"left":474,"right":704,"top":523},"Classname":"android.widget.TextView","Packagename":"com.baycode.tianya","Text":"思六方国际电影"},{"Bounds":{"bottom":664,"left":16,"right":704,"top":570},"Classname":"android.widget.TextView","Packagename":"com.baycode.tianya","Text":"大爷和女神在街头跳舞，引众人围观"},{"Bounds":{"bottom":702,"left":16,"right":245,"top":664},"Classname":"android.widget.TextView","Packagename":"com.baycode.tianya","Text":""},{"Bounds":{"bottom":702,"left":245,"right":474,"top":664},"Classname":"android.widget.TextView","Packagename":"com.baycode.tianya","Text":""},{"Bounds":{"bottom":702,"left":474,"right":704,"top":664},"Classname":"android.widget.TextView","Packagename":"com.baycode.tianya","Text":"推广"},{"Bounds":{"bottom":805,"left":16,"right":704,"top":711},"Classname":"android.widget.TextView","Packagename":"com.baycode.tianya","Text":"足球"},{"Bounds":{"bottom":843,"left":16,"right":245,"top":805},"Classname":"android.widget.TextView","Packagename":"com.baycode.tianya","Text":"回复:0"},{"Bounds":{"bottom":843,"left":245,"right":474,"top":805},"Classname":"android.widget.TextView","Packagename":"com.baycode.tianya","Text":"10-19 16:45"},{"Bounds":{"bottom":843,"left":474,"right":704,"top":805},"Classname":"android.widget.TextView","Packagename":"com.baycode.tianya","Text":"君君XS"},{"Bounds":{"bottom":946,"left":16,"right":704,"top":852},"Classname":"android.widget.TextView","Packagename":"com.baycode.tianya","Text":"乔丹暑期训练营"},{"Bounds":{"bottom":984,"left":16,"right":245,"top":946},"Classname":"android.widget.TextView","Packagename":"com.baycode.tianya","Text":"回复:3"},{"Bounds":{"bottom":984,"left":245,"right":474,"top":946},"Classname":"android.widget.TextView","Packagename":"com.baycode.tianya","Text":"03-27 20:46"},{"Bounds":{"bottom":984,"left":474,"right":704,"top":946},"Classname":"android.widget.TextView","Packagename":"com.baycode.tianya","Text":"宏远时代时代教练"},{"Bounds":{"bottom":1087,"left":16,"right":704,"top":993},"Classname":"android.widget.TextView","Packagename":"com.baycode.tianya","Text":"NBA3月21号推荐"},{"Bounds":{"bottom":1125,"left":16,"right":245,"top":1087},"Classname":"android.widget.TextView","Packagename":"com.baycode.tianya","Text":"回复:3"},{"Bounds":{"bottom":1125,"left":245,"right":474,"top":1087},"Classname":"android.widget.TextView","Packagename":"com.baycode.tianya","Text":"03-21 02:33"},{"Bounds":{"bottom":1125,"left":474,"right":704,"top":1087},"Classname":"android.widget.TextView","Packagename":"com.baycode.tianya","Text":"我是你的小月儿"},{"Bounds":{"bottom":1228,"left":16,"right":704,"top":1134},"Classname":"android.widget.TextView","Packagename":"com.baycode.tianya","Text":"宏远体育教学都啥内容"},{"Bounds":{"bottom":1266,"left":16,"right":245,"top":1228},"Classname":"android.widget.TextView","Packagename":"com.baycode.tianya","Text":"回复:10"},{"Bounds":{"bottom":1266,"left":245,"right":474,"top":1228},"Classname":"android.widget.TextView","Packagename":"com.baycode.tianya","Text":"02-10 22:15"},{"Bounds":{"bottom":1266,"left":474,"right":704,"top":1228},"Classname":"android.widget.TextView","Packagename":"com.baycode.tianya","Text":"培训公司"},{"Bounds":{"bottom":1280,"left":16,"right":704,"top":1275},"Classname":"android.widget.TextView","Packagename":"com.baycode.tianya","Text":"当代太极拳拜师乱象 ︳“大师”们走入“弟子经济”歧途！"},{"Bounds":{"bottom":1280,"left":16,"right":245,"top":1369},"Classname":"android.widget.TextView","Packagename":"com.baycode.tianya","Text":"回复:1"},{"Bounds":{"bottom":1280,"left":245,"right":474,"top":1369},"Classname":"android.widget.TextView","Packagename":"com.baycode.tianya","Text":"02-09 12:49"},{"Bounds":{"bottom":1280,"left":474,"right":704,"top":1369},"Classname":"android.widget.TextView","Packagename":"com.baycode.tianya","Text":"江南古巷柳絮舞"}],"packagename":"com.example.a10628.myapplication","width":1080}