{"events":[{"eventname":"TYPE_VIEW_SCROLLED","source":{"Bounds":{"bottom":1280,"left":0,"right":720,"top":160},"Classname":"android.widget.ListView","Packagename":"com.zhihu.daily.android","Text":""}}],"height":1920,"hovertime":1400,"nodes":[{"Bounds":{"bottom":160,"left":0,"right":112,"top":48},"Classname":"android.widget.ImageButton","Packagename":"com.zhihu.daily.android","Text":""},{"Bounds":{"bottom":128,"left":144,"right":288,"top":79},"Classname":"android.widget.TextView","Packagename":"com.zhihu.daily.android","Text":"电影日报"},{"Bounds":{"bottom":152,"left":618,"right":720,"top":56},"Classname":"android.widget.TextView","Packagename":"com.zhihu.daily.android","Text":""},{"Bounds":{"bottom":280,"left":16,"right":72,"top":242},"Classname":"android.widget.TextView","Packagename":"com.zhihu.daily.android","Text":"主编"},{"Bounds":{"bottom":440,"left":48,"right":672,"top":349},"Classname":"android.widget.TextView","Packagename":"com.zhihu.daily.android","Text":"哪些电影有浓厚的建筑人文意味？"},{"Bounds":{"bottom":600,"left":48,"right":492,"top":509},"Classname":"android.widget.TextView","Packagename":"com.zhihu.daily.android","Text":"「新片」十月份，值得你走进影院的电影总会有一些"},{"Bounds":{"bottom":854,"left":48,"right":492,"top":721},"Classname":"android.widget.TextView","Packagename":"com.zhihu.daily.android","Text":"是不是发现自己除了久石让，其他的日本配乐师都不认识…"},{"Bounds":{"bottom":1024,"left":48,"right":492,"top":933},"Classname":"android.widget.TextView","Packagename":"com.zhihu.daily.android","Text":"知道这些彩蛋，《头脑特工队》将好看10倍"},{"Bounds":{"bottom":1236,"left":48,"right":492,"top":1145},"Classname":"android.widget.TextView","Packagename":"com.zhihu.daily.android","Text":"玩物 | 鬼族怪兽团，[九层妖塔]中的神奇动物"},{"Bounds":{"bottom":159,"left":32,"right":671,"top":160},"Classname":"android.widget.TextView","Packagename":"com.zhihu.daily.android","Text":"除了经典和新片，我们还关注技术和产业"},{"Bounds":{"bottom":193,"left":688,"right":688,"top":160},"Classname":"android.widget.TextView","Packagename":"com.zhihu.daily.android","Text":""}],"packagename":"com.example.a10628.myapplication","width":1080}