{"events":[{"eventname":"TYPE_VIEW_CLICKED","source":{"Bounds":{"bottom":537,"left":380,"right":534,"top":320},"Classname":"android.widget.LinearLayout","Packagename":"com.tmall.wireless","Text":""}},{"eventname":"TYPE_WINDOW_STATE_CHANGED","source":{"Bounds":{"bottom":1280,"left":0,"right":720,"top":0},"Classname":"android.widget.FrameLayout","Packagename":"com.tmall.wireless","Text":""}}],"height":1920,"hovertime":1957,"nodes":[{"Bounds":{"bottom":144,"left":1,"right":105,"top":48},"Classname":"android.widget.TextView","Packagename":"com.tmall.wireless","Text":""},{"Bounds":{"bottom":128,"left":113,"right":603,"top":64},"Classname":"android.widget.EditText","Packagename":"com.tmall.wireless","Text":"宝宝出行必备"},{"Bounds":{"bottom":114,"left":125,"right":159,"top":77},"Classname":"android.widget.TextView","Packagename":"com.tmall.wireless","Text":""},{"Bounds":{"bottom":144,"left":616,"right":720,"top":48},"Classname":"android.widget.TextView","Packagename":"com.tmall.wireless","Text":""},{"Bounds":{"bottom":147,"left":0,"right":192,"top":145},"Classname":"android.widget.CheckedTextView","Packagename":"com.tmall.wireless","Text":"男装"},{"Bounds":{"bottom":259,"left":0,"right":192,"top":149},"Classname":"android.widget.CheckedTextView","Packagename":"com.tmall.wireless","Text":"男鞋"},{"Bounds":{"bottom":371,"left":0,"right":192,"top":261},"Classname":"android.widget.CheckedTextView","Packagename":"com.tmall.wireless","Text":"内衣"},{"Bounds":{"bottom":483,"left":0,"right":192,"top":373},"Classname":"android.widget.CheckedTextView","Packagename":"com.tmall.wireless","Text":"母婴"},{"Bounds":{"bottom":595,"left":0,"right":192,"top":485},"Classname":"android.widget.CheckedTextView","Packagename":"com.tmall.wireless","Text":"手机"},{"Bounds":{"bottom":707,"left":0,"right":192,"top":597},"Classname":"android.widget.CheckedTextView","Packagename":"com.tmall.wireless","Text":"数码"},{"Bounds":{"bottom":819,"left":0,"right":192,"top":709},"Classname":"android.widget.CheckedTextView","Packagename":"com.tmall.wireless","Text":"家电"},{"Bounds":{"bottom":931,"left":0,"right":192,"top":821},"Classname":"android.widget.CheckedTextView","Packagename":"com.tmall.wireless","Text":"美妆"},{"Bounds":{"bottom":1043,"left":0,"right":192,"top":933},"Classname":"android.widget.CheckedTextView","Packagename":"com.tmall.wireless","Text":"箱包"},{"Bounds":{"bottom":1155,"left":0,"right":192,"top":1045},"Classname":"android.widget.CheckedTextView","Packagename":"com.tmall.wireless","Text":"运动"},{"Bounds":{"bottom":1267,"left":0,"right":192,"top":1157},"Classname":"android.widget.CheckedTextView","Packagename":"com.tmall.wireless","Text":"户外"},{"Bounds":{"bottom":1280,"left":0,"right":192,"top":1269},"Classname":"android.widget.CheckedTextView","Packagename":"com.tmall.wireless","Text":"家装"},{"Bounds":{"bottom":235,"left":208,"right":706,"top":155},"Classname":"android.widget.TextView","Packagename":"com.tmall.wireless","Text":"进入手机频道  \u003e"},{"Bounds":{"bottom":305,"left":401,"right":513,"top":266},"Classname":"android.widget.TextView","Packagename":"com.tmall.wireless","Text":"热门品牌"},{"Bounds":{"bottom":529,"left":246,"right":324,"top":496},"Classname":"android.widget.TextView","Packagename":"com.tmall.wireless","Text":"iPhone"},{"Bounds":{"bottom":529,"left":433,"right":481,"top":496},"Classname":"android.widget.TextView","Packagename":"com.tmall.wireless","Text":"小米"},{"Bounds":{"bottom":529,"left":605,"right":653,"top":496},"Classname":"android.widget.TextView","Packagename":"com.tmall.wireless","Text":"荣耀"},{"Bounds":{"bottom":765,"left":261,"right":309,"top":732},"Classname":"android.widget.TextView","Packagename":"com.tmall.wireless","Text":"华为"},{"Bounds":{"bottom":765,"left":420,"right":494,"top":732},"Classname":"android.widget.TextView","Packagename":"com.tmall.wireless","Text":"OPPO"},{"Bounds":{"bottom":765,"left":606,"right":651,"top":732},"Classname":"android.widget.TextView","Packagename":"com.tmall.wireless","Text":"vivo"},{"Bounds":{"bottom":1001,"left":261,"right":309,"top":968},"Classname":"android.widget.TextView","Packagename":"com.tmall.wireless","Text":"三星"},{"Bounds":{"bottom":1001,"left":433,"right":481,"top":968},"Classname":"android.widget.TextView","Packagename":"com.tmall.wireless","Text":"魅族"},{"Bounds":{"bottom":1001,"left":605,"right":653,"top":968},"Classname":"android.widget.TextView","Packagename":"com.tmall.wireless","Text":"乐视"},{"Bounds":{"bottom":1237,"left":264,"right":306,"top":1204},"Classname":"android.widget.TextView","Packagename":"com.tmall.wireless","Text":"360"},{"Bounds":{"bottom":1237,"left":421,"right":493,"top":1204},"Classname":"android.widget.TextView","Packagename":"com.tmall.wireless","Text":"努比亚"},{"Bounds":{"bottom":1237,"left":605,"right":653,"top":1204},"Classname":"android.widget.TextView","Packagename":"com.tmall.wireless","Text":"金立"},{"Bounds":{"bottom":1280,"left":257,"right":313,"top":1440},"Classname":"android.widget.TextView","Packagename":"com.tmall.wireless","Text":"Moto"},{"Bounds":{"bottom":1280,"left":433,"right":481,"top":1440},"Classname":"android.widget.TextView","Packagename":"com.tmall.wireless","Text":"酷派"},{"Bounds":{"bottom":1280,"left":605,"right":653,"top":1440},"Classname":"android.widget.TextView","Packagename":"com.tmall.wireless","Text":"华硕"}],"packagename":"com.example.a10628.myapplication","width":1080}