{"events":[{"eventname":"TYPE_VIEW_FOCUSED","source":{"Bounds":{"bottom":136,"left":0,"right":0,"top":136},"Classname":"android.widget.FrameLayout","Packagename":"com.baycode.tianya","Text":""}},{"eventname":"TYPE_VIEW_CLICKED","source":{"Bounds":{"bottom":1280,"left":288,"right":432,"top":1180},"Classname":"android.widget.RelativeLayout","Packagename":"com.baycode.tianya","Text":""}},{"eventname":"TYPE_VIEW_SCROLLED","source":{"Bounds":{"bottom":1020,"left":0,"right":720,"top":136},"Classname":"android.widget.ListView","Packagename":"com.baycode.tianya","Text":""}}],"height":1920,"hovertime":4664,"nodes":[{"Bounds":{"bottom":136,"left":0,"right":720,"top":48},"Classname":"android.widget.HorizontalScrollView","Packagename":"com.baycode.tianya","Text":""},{"Bounds":{"bottom":-65,"left":274,"right":445,"top":136},"Classname":"android.widget.TextView","Packagename":"com.baycode.tianya","Text":"下拉刷新…"},{"Bounds":{"bottom":-9,"left":0,"right":720,"top":136},"Classname":"android.widget.FrameLayout","Packagename":"com.baycode.tianya","Text":""},{"Bounds":{"bottom":75,"left":16,"right":704,"top":136},"Classname":"android.widget.TextView","Packagename":"com.baycode.tianya","Text":"被拒多次！818我在重庆的求职经历"},{"Bounds":{"bottom":112,"left":16,"right":245,"top":136},"Classname":"android.widget.TextView","Packagename":"com.baycode.tianya","Text":"希望我的经验能帮到你"},{"Bounds":{"bottom":116,"left":245,"right":474,"top":136},"Classname":"android.widget.TextView","Packagename":"com.baycode.tianya","Text":""},{"Bounds":{"bottom":116,"left":474,"right":704,"top":136},"Classname":"android.widget.TextView","Packagename":"com.baycode.tianya","Text":"人生即修行2018"},{"Bounds":{"bottom":219,"left":16,"right":704,"top":136},"Classname":"android.widget.TextView","Packagename":"com.baycode.tianya","Text":"国庆中秋，还有多少亿不旅游的人？"},{"Bounds":{"bottom":257,"left":16,"right":245,"top":219},"Classname":"android.widget.TextView","Packagename":"com.baycode.tianya","Text":"痴山"},{"Bounds":{"bottom":257,"left":245,"right":474,"top":219},"Classname":"android.widget.TextView","Packagename":"com.baycode.tianya","Text":""},{"Bounds":{"bottom":257,"left":474,"right":704,"top":219},"Classname":"android.widget.TextView","Packagename":"com.baycode.tianya","Text":"痴山"},{"Bounds":{"bottom":371,"left":16,"right":704,"top":277},"Classname":"android.widget.TextView","Packagename":"com.baycode.tianya","Text":"枪击案虽然严重，但美国仍不会禁枪"},{"Bounds":{"bottom":409,"left":16,"right":245,"top":371},"Classname":"android.widget.TextView","Packagename":"com.baycode.tianya","Text":"韩和元"},{"Bounds":{"bottom":409,"left":245,"right":474,"top":371},"Classname":"android.widget.TextView","Packagename":"com.baycode.tianya","Text":""},{"Bounds":{"bottom":409,"left":474,"right":704,"top":371},"Classname":"android.widget.TextView","Packagename":"com.baycode.tianya","Text":"韩和元"},{"Bounds":{"bottom":512,"left":16,"right":704,"top":418},"Classname":"android.widget.TextView","Packagename":"com.baycode.tianya","Text":"拉斯维加斯的枪声，再谈谈禁枪"},{"Bounds":{"bottom":550,"left":16,"right":245,"top":512},"Classname":"android.widget.TextView","Packagename":"com.baycode.tianya","Text":"挑灯看吴钩"},{"Bounds":{"bottom":550,"left":245,"right":474,"top":512},"Classname":"android.widget.TextView","Packagename":"com.baycode.tianya","Text":""},{"Bounds":{"bottom":550,"left":474,"right":704,"top":512},"Classname":"android.widget.TextView","Packagename":"com.baycode.tianya","Text":"挑灯看吴钩"},{"Bounds":{"bottom":653,"left":16,"right":704,"top":559},"Classname":"android.widget.TextView","Packagename":"com.baycode.tianya","Text":"我喜欢看脑残粉打脸，真是喜闻乐见啊"},{"Bounds":{"bottom":690,"left":16,"right":245,"top":653},"Classname":"android.widget.TextView","Packagename":"com.baycode.tianya","Text":"已经足够我笑一礼拜"},{"Bounds":{"bottom":691,"left":245,"right":474,"top":653},"Classname":"android.widget.TextView","Packagename":"com.baycode.tianya","Text":""},{"Bounds":{"bottom":691,"left":474,"right":704,"top":653},"Classname":"android.widget.TextView","Packagename":"com.baycode.tianya","Text":"一夕有风"},{"Bounds":{"bottom":794,"left":16,"right":704,"top":700},"Classname":"android.widget.TextView","Packagename":"com.baycode.tianya","Text":"中国历史上的罪人——说说你的看法"},{"Bounds":{"bottom":831,"left":16,"right":245,"top":794},"Classname":"android.widget.TextView","Packagename":"com.baycode.tianya","Text":"不同角度看到不同罪人"},{"Bounds":{"bottom":832,"left":245,"right":474,"top":794},"Classname":"android.widget.TextView","Packagename":"com.baycode.tianya","Text":""},{"Bounds":{"bottom":832,"left":474,"right":704,"top":794},"Classname":"android.widget.TextView","Packagename":"com.baycode.tianya","Text":"风云交错"},{"Bounds":{"bottom":935,"left":16,"right":704,"top":841},"Classname":"android.widget.TextView","Packagename":"com.baycode.tianya","Text":"高昂学费惹的祸，三本妹子的高压生活"},{"Bounds":{"bottom":973,"left":16,"right":245,"top":935},"Classname":"android.widget.TextView","Packagename":"com.baycode.tianya","Text":"我的大学"},{"Bounds":{"bottom":973,"left":245,"right":474,"top":935},"Classname":"android.widget.TextView","Packagename":"com.baycode.tianya","Text":"09-05 00:00"},{"Bounds":{"bottom":973,"left":474,"right":704,"top":935},"Classname":"android.widget.TextView","Packagename":"com.baycode.tianya","Text":"ty_小胖妹"},{"Bounds":{"bottom":1034,"left":16,"right":704,"top":982},"Classname":"android.widget.TextView","Packagename":"com.baycode.tianya","Text":"史上最大山火来势凶猛，水火无情杠上美国，洛杉矶宣布进入紧急状态！"},{"Bounds":{"bottom":1034,"left":16,"right":245,"top":1076},"Classname":"android.widget.TextView","Packagename":"com.baycode.tianya","Text":"国际观察"},{"Bounds":{"bottom":1034,"left":245,"right":474,"top":1076},"Classname":"android.widget.TextView","Packagename":"com.baycode.tianya","Text":"09-05 00:13"},{"Bounds":{"bottom":1034,"left":474,"right":704,"top":1076},"Classname":"android.widget.TextView","Packagename":"com.baycode.tianya","Text":"金鹏聊斋文"},{"Bounds":{"bottom":1280,"left":46,"right":98,"top":1244},"Classname":"android.widget.TextView","Packagename":"com.baycode.tianya","Text":"热帖"},{"Bounds":{"bottom":1280,"left":190,"right":242,"top":1244},"Classname":"android.widget.TextView","Packagename":"com.baycode.tianya","Text":"聚焦"},{"Bounds":{"bottom":1280,"left":334,"right":386,"top":1244},"Classname":"android.widget.TextView","Packagename":"com.baycode.tianya","Text":"书签"},{"Bounds":{"bottom":1280,"left":478,"right":530,"top":1244},"Classname":"android.widget.TextView","Packagename":"com.baycode.tianya","Text":"版块"},{"Bounds":{"bottom":1280,"left":622,"right":674,"top":1244},"Classname":"android.widget.TextView","Packagename":"com.baycode.tianya","Text":"设置"}],"packagename":"com.example.a10628.myapplication","width":1080}