{"events":[{"eventname":"TYPE_VIEW_CLICKED","source":{"Bounds":{"bottom":126,"left":22,"right":82,"top":66},"Classname":"android.widget.TextView","Packagename":"com.tmall.wireless","Text":""}},{"eventname":"TYPE_WINDOW_STATE_CHANGED","source":{"Bounds":{"bottom":1280,"left":0,"right":720,"top":0},"Classname":"android.widget.FrameLayout","Packagename":"com.tmall.wireless","Text":""}}],"height":1920,"hovertime":1268,"nodes":[{"Bounds":{"bottom":53,"left":24,"right":668,"top":48},"Classname":"android.widget.TextView","Packagename":"com.tmall.wireless","Text":"选择颜色分类"},{"Bounds":{"bottom":94,"left":0,"right":720,"top":76},"Classname":"android.widget.LinearLayout","Packagename":"com.tmall.wireless","Text":""},{"Bounds":{"bottom":714,"left":0,"right":720,"top":696},"Classname":"android.widget.LinearLayout","Packagename":"com.tmall.wireless","Text":""},{"Bounds":{"bottom":791,"left":144,"right":368,"top":754},"Classname":"android.widget.TextView","Packagename":"com.tmall.wireless","Text":"德尔玛飞鱼专卖店"},{"Bounds":{"bottom":951,"left":46,"right":142,"top":873},"Classname":"android.widget.TextView","Packagename":"com.tmall.wireless","Text":"37\n全部宝贝"},{"Bounds":{"bottom":951,"left":190,"right":286,"top":873},"Classname":"android.widget.TextView","Packagename":"com.tmall.wireless","Text":"9\n上新宝贝"},{"Bounds":{"bottom":951,"left":334,"right":430,"top":873},"Classname":"android.widget.TextView","Packagename":"com.tmall.wireless","Text":"5.4万\n关注人数"},{"Bounds":{"bottom":889,"left":501,"right":672,"top":854},"Classname":"android.widget.TextView","Packagename":"com.tmall.wireless","Text":"宝贝描述 4.8 平"},{"Bounds":{"bottom":924,"left":501,"right":672,"top":889},"Classname":"android.widget.TextView","Packagename":"com.tmall.wireless","Text":"卖家服务 4.8 高"},{"Bounds":{"bottom":959,"left":501,"right":672,"top":924},"Classname":"android.widget.TextView","Packagename":"com.tmall.wireless","Text":"物流服务 4.7 平"},{"Bounds":{"bottom":224,"left":1474,"right":720,"top":173},"Classname":"android.widget.TextView","Packagename":"com.tmall.wireless","Text":"全部"},{"Bounds":{"bottom":224,"left":1587,"right":720,"top":173},"Classname":"android.widget.TextView","Packagename":"com.tmall.wireless","Text":"追加(4)"},{"Bounds":{"bottom":224,"left":1700,"right":720,"top":173},"Classname":"android.widget.TextView","Packagename":"com.tmall.wireless","Text":"有图(32)"},{"Bounds":{"bottom":224,"left":1826,"right":720,"top":173},"Classname":"android.widget.TextView","Packagename":"com.tmall.wireless","Text":"很实用(15)"},{"Bounds":{"bottom":290,"left":1474,"right":720,"top":239},"Classname":"android.widget.TextView","Packagename":"com.tmall.wireless","Text":"快递不错(9)"},{"Bounds":{"bottom":290,"left":1635,"right":720,"top":239},"Classname":"android.widget.TextView","Packagename":"com.tmall.wireless","Text":"质量不错(8)"},{"Bounds":{"bottom":290,"left":1796,"right":720,"top":239},"Classname":"android.widget.TextView","Packagename":"com.tmall.wireless","Text":"款式好看(5)"},{"Bounds":{"bottom":304,"left":1474,"right":720,"top":305},"Classname":"android.widget.TextView","Packagename":"com.tmall.wireless","Text":"颜值也很高(4)"},{"Bounds":{"bottom":364,"left":1440,"right":720,"top":304},"Classname":"android.widget.TextView","Packagename":"com.tmall.wireless","Text":""},{"Bounds":{"bottom":126,"left":22,"right":82,"top":66},"Classname":"android.widget.TextView","Packagename":"com.tmall.wireless","Text":""},{"Bounds":{"bottom":126,"left":560,"right":620,"top":66},"Classname":"android.widget.TextView","Packagename":"com.tmall.wireless","Text":""},{"Bounds":{"bottom":126,"left":640,"right":700,"top":66},"Classname":"android.widget.TextView","Packagename":"com.tmall.wireless","Text":""},{"Bounds":{"bottom":144,"left":1,"right":105,"top":48},"Classname":"android.widget.TextView","Packagename":"com.tmall.wireless","Text":""},{"Bounds":{"bottom":144,"left":296,"right":424,"top":144},"Classname":"android.widget.TextView","Packagename":"com.tmall.wireless","Text":"图文详情"},{"Bounds":{"bottom":144,"left":539,"right":619,"top":48},"Classname":"android.widget.TextView","Packagename":"com.tmall.wireless","Text":""},{"Bounds":{"bottom":144,"left":620,"right":720,"top":48},"Classname":"android.widget.TextView","Packagename":"com.tmall.wireless","Text":""},{"Bounds":{"bottom":1280,"left":289,"right":504,"top":1184},"Classname":"android.widget.TextView","Packagename":"com.tmall.wireless","Text":"加入购物车"},{"Bounds":{"bottom":1280,"left":504,"right":720,"top":1184},"Classname":"android.widget.TextView","Packagename":"com.tmall.wireless","Text":"立即购买"}],"packagename":"com.example.a10628.myapplication","width":1080}