{"events":[{"eventname":"TYPE_VIEW_CLICKED","source":{"Bounds":{"bottom":160,"left":0,"right":112,"top":48},"Classname":"android.widget.ImageButton","Packagename":"com.zhihu.daily.android","Text":""}},{"eventname":"TYPE_WINDOW_STATE_CHANGED","source":{"Bounds":{"bottom":1280,"left":0,"right":720,"top":0},"Classname":"android.support.v4.widget.DrawerLayout","Packagename":"com.zhihu.daily.android","Text":""}}],"height":1920,"hovertime":2015,"nodes":[{"Bounds":{"bottom":160,"left":0,"right":112,"top":48},"Classname":"android.widget.ImageButton","Packagename":"com.zhihu.daily.android","Text":""},{"Bounds":{"bottom":128,"left":144,"right":324,"top":79},"Classname":"android.widget.TextView","Packagename":"com.zhihu.daily.android","Text":"互联网安全"},{"Bounds":{"bottom":152,"left":618,"right":720,"top":56},"Classname":"android.widget.TextView","Packagename":"com.zhihu.daily.android","Text":""},{"Bounds":{"bottom":277,"left":48,"right":492,"top":186},"Classname":"android.widget.TextView","Packagename":"com.zhihu.daily.android","Text":"听说抢火车票也能开外挂了？别逗了"},{"Bounds":{"bottom":489,"left":48,"right":492,"top":398},"Classname":"android.widget.TextView","Packagename":"com.zhihu.daily.android","Text":"用iPhone的，丢过或者可能会丢的赶紧进来瞅瞅"},{"Bounds":{"bottom":701,"left":48,"right":492,"top":610},"Classname":"android.widget.TextView","Packagename":"com.zhihu.daily.android","Text":"揭秘：安卓木马是如何盗取用户手机银行的？"},{"Bounds":{"bottom":913,"left":48,"right":492,"top":822},"Classname":"android.widget.TextView","Packagename":"com.zhihu.daily.android","Text":"你的数据值多少钱？来自暗网市场的调查报告"},{"Bounds":{"bottom":1125,"left":48,"right":492,"top":1034},"Classname":"android.widget.TextView","Packagename":"com.zhihu.daily.android","Text":"fenggou：警惕！那些可能在你家中上演的「窃听风暴」"},{"Bounds":{"bottom":1280,"left":48,"right":492,"top":1246},"Classname":"android.widget.TextView","Packagename":"com.zhihu.daily.android","Text":"乌云预警！海外黑客勒索组织开始瞄准国内互联网企业（外来个坏和尚）"},{"Bounds":{"bottom":110,"left":32,"right":464,"top":160},"Classname":"android.widget.TextView","Packagename":"com.zhihu.daily.android","Text":"把黑客知识科普到你的面前"},{"Bounds":{"bottom":144,"left":688,"right":688,"top":160},"Classname":"android.widget.TextView","Packagename":"com.zhihu.daily.android","Text":""}],"packagename":"com.example.a10628.myapplication","width":1080}