{"events":[{"eventname":"TYPE_VIEW_SCROLLED","source":{"Bounds":{"bottom":1280,"left":0,"right":720,"top":144},"Classname":"android.webkit.WebView","Packagename":"com.douban.frodo","Text":""}}],"height":1920,"hovertime":14174,"nodes":[{"Bounds":{"bottom":144,"left":0,"right":112,"top":48},"Classname":"android.widget.ImageButton","Packagename":"com.douban.frodo","Text":""},{"Bounds":{"bottom":117,"left":360,"right":360,"top":74},"Classname":"android.widget.TextView","Packagename":"com.douban.frodo","Text":""},{"Bounds":{"bottom":148,"left":40,"right":680,"top":146},"Classname":"android.view.View","Packagename":"com.douban.frodo","Text":"新垣结衣"},{"Bounds":{"bottom":148,"left":40,"right":680,"top":146},"Classname":"android.view.View","Packagename":"com.douban.frodo","Text":"Yui Aragaki"},{"Bounds":{"bottom":148,"left":40,"right":1472,"top":146},"Classname":"android.view.View","Packagename":"com.douban.frodo","Text":"性别：女"},{"Bounds":{"bottom":148,"left":40,"right":1472,"top":146},"Classname":"android.view.View","Packagename":"com.douban.frodo","Text":"星座：双子座"},{"Bounds":{"bottom":148,"left":40,"right":1472,"top":146},"Classname":"android.view.View","Packagename":"com.douban.frodo","Text":"出生日期：1988-06-11"},{"Bounds":{"bottom":148,"left":40,"right":1472,"top":146},"Classname":"android.view.View","Packagename":"com.douban.frodo","Text":"去世日期："},{"Bounds":{"bottom":148,"left":40,"right":1472,"top":146},"Classname":"android.view.View","Packagename":"com.douban.frodo","Text":"出生地：日本,冲绳县,那霸市"},{"Bounds":{"bottom":148,"left":40,"right":1472,"top":146},"Classname":"android.view.View","Packagename":"com.douban.frodo","Text":"更多中文名："},{"Bounds":{"bottom":186,"left":40,"right":720,"top":146},"Classname":"android.view.View","Packagename":"com.douban.frodo","Text":"更多外文名：新垣結衣 / あらがき ゆい / ガッキー / Aragaki-Yui (本名) / Yuibo (昵称) / Yui (昵称) / Gakki(昵称) / Gakky (昵称)"},{"Bounds":{"bottom":236,"left":40,"right":720,"top":186},"Classname":"android.view.View","Packagename":"com.douban.frodo","Text":"家庭成员："},{"Bounds":{"bottom":286,"left":40,"right":720,"top":236},"Classname":"android.view.View","Packagename":"com.douban.frodo","Text":"imdb编号：nm2201753"},{"Bounds":{"bottom":286,"left":40,"right":720,"top":146},"Classname":"android.view.View","Packagename":"com.douban.frodo","Text":""},{"Bounds":{"bottom":286,"left":40,"right":720,"top":146},"Classname":"android.view.View","Packagename":"com.douban.frodo","Text":""},{"Bounds":{"bottom":390,"left":40,"right":680,"top":346},"Classname":"android.view.View","Packagename":"com.douban.frodo","Text":"简介"},{"Bounds":{"bottom":1280,"left":40,"right":680,"top":410},"Classname":"android.view.View","Packagename":"com.douban.frodo","Text":"新垣结衣（1988年6月11日－）是出身于日本冲绳县那霸市的演员、歌手及模特儿，官方身高168厘米，现为日本LesPros Entertainment旗下的艺人。2001年代替姊姊参加当时《nicola》举办的模特儿比赛，获得最优秀奖。作为杂志模特儿，主要为少年杂志拍摄平面照片。2005年因在电视剧《龙樱》中的演出开始受到关注。2006年出版第一本写真集《水漾青春》。2007年毕业于日出高等学校后专注于演艺圈发展。同年出演电视剧《父女七日变》，发表个人首张音乐专辑《天空》，并参与专辑封面设计与作词。2008年因主演电影《恋空》接连获得电影新人奖。 新垣结衣是家中三姊妹中最小的一个，小时候是个很害羞的女孩，到现在还很怕生。中学时参加了一个月的羽毛球俱乐部。虽然是冲绳人，但还是很怕热，腿长 80cm。她对自己的称呼一直换，最常用“WATASHI”，但是日记里她喜用“BOKU”、“YUIBO”、“YUI”、“ARAGAKI”、 “GAKKI”等等（在冲绳和她同龄的人很少用“WATASHI”）。她的昵称“GAKKI”成为“nicomo”后榎本亜弥子给她取的，中学同学叫她 “YUIBO”。很敬佩身边沉着冷静的人，还说自己2006年的目标就是“在心理上长大5岁”。兴趣是卡拉OK ，是DA PUMP的FAN。 　　很喜欢漫画，也擅长画画，最擅长的料理是冲绳特色料理“苦瓜炒什锦”，在和小出的约会中就做了这道菜。 　　很喜欢吃冰淇淋，甚至冬天也吃。酷爱牛奶，以至于在吃PIZZA和拉面的时候都要喝。很讨厌打针。演了很多辣妹角色。 　　在她还是nicomo的时候就有很多FANS喜欢她了，早安少女的新垣里沙和她同年生，但是名字的读法不一样。石田未来和她也是同年生，两人同一个事务所，搬到东京后还一起住。和佐津川爱美，就是辣妹里演SHIZUKA的女生，读同一所学校。　 　　其他 　　在家中3姐妹中排行最小。 在初中的时候，参加了羽毛球队。 运动细胞不好，朋友形容她“没办法把手抬到肩膀以上”。 在冲绳出生，但是怕热；非常害怕打针，有惧高症，不喜欢灵异鬼怪类的故事。 刚拍摄写真集时，号称有80cm的长腿。 第一人称屡次改变。基本是称“我”（私），自己写的日记会称自己为“我”（仆）、“Yuibo”（ゆいぼ）、“Yui”（ユイ）、“新垣”、“小垣” （ガッキー）、“Gacchan”（ガッちゃん）等。初中学时代的朋友称呼为“ゆいぼ”。 另外，最常被人使用的昵称“ガッキー”（Gakky；Gakki）是由同为《nicola》模特儿的前辈榎本亚弥子所提议使用的。 有养小型爬虫类（豹纹守宫）当宠物，并取名为“心”。 爱好是卡拉OK。 喜欢的艺人有DA PUMP，HY，Cocco，D-51，Michael Jackson等。 非常喜欢漫画。喜爱的漫画有“乱马1/2”、“恋爱情结”等。 喜欢吃冰，即使冬天也会吃。非常喜欢喝牛奶，连吃披萨及拉面时都会喝。 擅长画插画，本人谦称为涂鸦，在许多访问活动及节目中都曾展露画图技巧。 擅长菜是冲绳的家常菜，苦瓜炒什锦；在综艺节目恋爱观察室与NTT广告中展露过。"}],"packagename":"com.example.a10628.myapplication","width":1080}