{"events":[{"eventname":"TYPE_VIEW_SCROLLED","source":{"Bounds":{"bottom":1280,"left":0,"right":720,"top":241},"Classname":"android.support.v7.widget.RecyclerView","Packagename":"com.justwayward.readerer","Text":""}},{"eventname":"TYPE_VIEW_CLICKED","source":{"Bounds":{"bottom":900,"left":0,"right":720,"top":693},"Classname":"android.widget.RelativeLayout","Packagename":"com.justwayward.readerer","Text":""}},{"eventname":"TYPE_WINDOW_STATE_CHANGED","source":{"Bounds":{"bottom":1280,"left":0,"right":720,"top":0},"Classname":"android.widget.FrameLayout","Packagename":"com.justwayward.readerer","Text":""}},{"eventname":"TYPE_VIEW_FOCUSED","source":{"Bounds":{"bottom":1280,"left":0,"right":720,"top":160},"Classname":"android.support.v7.widget.RecyclerView","Packagename":"com.justwayward.readerer","Text":""}}],"height":1920,"hovertime":3771,"nodes":[{"Bounds":{"bottom":160,"left":0,"right":112,"top":48},"Classname":"android.widget.ImageButton","Packagename":"com.justwayward.readerer","Text":""},{"Bounds":{"bottom":131,"left":120,"right":320,"top":77},"Classname":"android.widget.TextView","Packagename":"com.justwayward.readerer","Text":"综合讨论区"},{"Bounds":{"bottom":221,"left":134,"right":194,"top":180},"Classname":"android.widget.TextView","Packagename":"com.justwayward.readerer","Text":"全部"},{"Bounds":{"bottom":221,"left":464,"right":584,"top":180},"Classname":"android.widget.TextView","Packagename":"com.justwayward.readerer","Text":"默认排序"},{"Bounds":{"bottom":224,"left":150,"right":254,"top":241},"Classname":"android.widget.TextView","Packagename":"com.justwayward.readerer","Text":"苦尽甘来"},{"Bounds":{"bottom":224,"left":254,"right":300,"top":241},"Classname":"android.widget.TextView","Packagename":"com.justwayward.readerer","Text":" lv.9"},{"Bounds":{"bottom":224,"left":592,"right":700,"top":241},"Classname":"android.widget.TextView","Packagename":"com.justwayward.readerer","Text":"11小时前"},{"Bounds":{"bottom":272,"left":150,"right":380,"top":241},"Classname":"android.widget.TextView","Packagename":"com.justwayward.readerer","Text":"#树洞#母亲节快乐"},{"Bounds":{"bottom":322,"left":150,"right":220,"top":282},"Classname":"android.widget.TextView","Packagename":"com.justwayward.readerer","Text":"15"},{"Bounds":{"bottom":322,"left":240,"right":313,"top":282},"Classname":"android.widget.TextView","Packagename":"com.justwayward.readerer","Text":"10"},{"Bounds":{"bottom":399,"left":150,"right":254,"top":363},"Classname":"android.widget.TextView","Packagename":"com.justwayward.readerer","Text":"诶呦卧槽"},{"Bounds":{"bottom":399,"left":254,"right":300,"top":363},"Classname":"android.widget.TextView","Packagename":"com.justwayward.readerer","Text":" lv.8"},{"Bounds":{"bottom":399,"left":592,"right":700,"top":363},"Classname":"android.widget.TextView","Packagename":"com.justwayward.readerer","Text":"13小时前"},{"Bounds":{"bottom":447,"left":150,"right":374,"top":409},"Classname":"android.widget.TextView","Packagename":"com.justwayward.readerer","Text":"找一个小姐姐网恋"},{"Bounds":{"bottom":497,"left":150,"right":220,"top":457},"Classname":"android.widget.TextView","Packagename":"com.justwayward.readerer","Text":"12"},{"Bounds":{"bottom":497,"left":240,"right":298,"top":457},"Classname":"android.widget.TextView","Packagename":"com.justwayward.readerer","Text":"5"},{"Bounds":{"bottom":574,"left":150,"right":202,"top":538},"Classname":"android.widget.TextView","Packagename":"com.justwayward.readerer","Text":"浅笑"},{"Bounds":{"bottom":574,"left":202,"right":248,"top":538},"Classname":"android.widget.TextView","Packagename":"com.justwayward.readerer","Text":" lv.9"},{"Bounds":{"bottom":574,"left":592,"right":700,"top":538},"Classname":"android.widget.TextView","Packagename":"com.justwayward.readerer","Text":"17小时前"},{"Bounds":{"bottom":622,"left":150,"right":458,"top":584},"Classname":"android.widget.TextView","Packagename":"com.justwayward.readerer","Text":"＃树洞＃写给过去的自己"},{"Bounds":{"bottom":672,"left":150,"right":220,"top":632},"Classname":"android.widget.TextView","Packagename":"com.justwayward.readerer","Text":"26"},{"Bounds":{"bottom":672,"left":240,"right":313,"top":632},"Classname":"android.widget.TextView","Packagename":"com.justwayward.readerer","Text":"14"},{"Bounds":{"bottom":749,"left":150,"right":254,"top":713},"Classname":"android.widget.TextView","Packagename":"com.justwayward.readerer","Text":"银河河神"},{"Bounds":{"bottom":749,"left":254,"right":300,"top":713},"Classname":"android.widget.TextView","Packagename":"com.justwayward.readerer","Text":" lv.9"},{"Bounds":{"bottom":749,"left":592,"right":700,"top":713},"Classname":"android.widget.TextView","Packagename":"com.justwayward.readerer","Text":"17小时前"},{"Bounds":{"bottom":830,"left":150,"right":700,"top":759},"Classname":"android.widget.TextView","Packagename":"com.justwayward.readerer","Text":"这还是我到现在第二个觉得不喜欢甚至厌恶的明星"},{"Bounds":{"bottom":880,"left":150,"right":220,"top":840},"Classname":"android.widget.TextView","Packagename":"com.justwayward.readerer","Text":"17"},{"Bounds":{"bottom":880,"left":240,"right":298,"top":840},"Classname":"android.widget.TextView","Packagename":"com.justwayward.readerer","Text":"6"},{"Bounds":{"bottom":957,"left":150,"right":202,"top":921},"Classname":"android.widget.TextView","Packagename":"com.justwayward.readerer","Text":"修魔"},{"Bounds":{"bottom":957,"left":202,"right":248,"top":921},"Classname":"android.widget.TextView","Packagename":"com.justwayward.readerer","Text":" lv.9"},{"Bounds":{"bottom":957,"left":592,"right":700,"top":921},"Classname":"android.widget.TextView","Packagename":"com.justwayward.readerer","Text":"21小时前"},{"Bounds":{"bottom":1005,"left":150,"right":262,"top":967},"Classname":"android.widget.TextView","Packagename":"com.justwayward.readerer","Text":"＃树洞＃"},{"Bounds":{"bottom":1055,"left":150,"right":220,"top":1015},"Classname":"android.widget.TextView","Packagename":"com.justwayward.readerer","Text":"40"},{"Bounds":{"bottom":1055,"left":240,"right":313,"top":1015},"Classname":"android.widget.TextView","Packagename":"com.justwayward.readerer","Text":"14"},{"Bounds":{"bottom":1132,"left":150,"right":411,"top":1096},"Classname":"android.widget.TextView","Packagename":"com.justwayward.readerer","Text":"逆天不成lv999反噬为8"},{"Bounds":{"bottom":1132,"left":411,"right":457,"top":1096},"Classname":"android.widget.TextView","Packagename":"com.justwayward.readerer","Text":" lv.8"},{"Bounds":{"bottom":1132,"left":592,"right":700,"top":1096},"Classname":"android.widget.TextView","Packagename":"com.justwayward.readerer","Text":"22小时前"},{"Bounds":{"bottom":1180,"left":150,"right":402,"top":1142},"Classname":"android.widget.TextView","Packagename":"com.justwayward.readerer","Text":"求各位帮一下多谢了"},{"Bounds":{"bottom":1230,"left":150,"right":220,"top":1190},"Classname":"android.widget.TextView","Packagename":"com.justwayward.readerer","Text":"30"},{"Bounds":{"bottom":1230,"left":240,"right":298,"top":1190},"Classname":"android.widget.TextView","Packagename":"com.justwayward.readerer","Text":"3"},{"Bounds":{"bottom":1280,"left":150,"right":326,"top":1271},"Classname":"android.widget.TextView","Packagename":"com.justwayward.readerer","Text":"♂向左、♀向右"},{"Bounds":{"bottom":1280,"left":326,"right":372,"top":1271},"Classname":"android.widget.TextView","Packagename":"com.justwayward.readerer","Text":" lv.8"},{"Bounds":{"bottom":1280,"left":592,"right":700,"top":1271},"Classname":"android.widget.TextView","Packagename":"com.justwayward.readerer","Text":"11小时前"},{"Bounds":{"bottom":1280,"left":150,"right":479,"top":1317},"Classname":"android.widget.TextView","Packagename":"com.justwayward.readerer","Text":"十年前的大家都在做什么？"},{"Bounds":{"bottom":1280,"left":150,"right":220,"top":1365},"Classname":"android.widget.TextView","Packagename":"com.justwayward.readerer","Text":"15"},{"Bounds":{"bottom":1280,"left":240,"right":298,"top":1365},"Classname":"android.widget.TextView","Packagename":"com.justwayward.readerer","Text":"3"}],"packagename":"com.example.a10628.myapplication","width":1080}