{"events":[{"eventname":"TYPE_VIEW_SCROLLED","source":{"Bounds":{"bottom":1183,"left":0,"right":720,"top":48},"Classname":"android.widget.ListView","Packagename":"com.tmall.wireless","Text":""}},{"eventname":"TYPE_VIEW_SCROLLED","source":{"Bounds":{"bottom":1183,"left":0,"right":720,"top":48},"Classname":"android.widget.ListView","Packagename":"com.tmall.wireless","Text":""}},{"eventname":"TYPE_VIEW_SCROLLED","source":{"Bounds":{"bottom":1183,"left":0,"right":720,"top":48},"Classname":"android.widget.ListView","Packagename":"com.tmall.wireless","Text":""}},{"eventname":"TYPE_VIEW_SCROLLED","source":{"Bounds":{"bottom":1183,"left":0,"right":720,"top":48},"Classname":"android.widget.ListView","Packagename":"com.tmall.wireless","Text":""}}],"height":1920,"hovertime":4151,"nodes":[{"Bounds":{"bottom":163,"left":24,"right":598,"top":79},"Classname":"android.widget.TextView","Packagename":"com.tmall.wireless","Text":"外星人 alienware ALW17C- 2859游戏本17英寸笔记本电脑i7双硬盘"},{"Bounds":{"bottom":140,"left":609,"right":720,"top":77},"Classname":"android.widget.LinearLayout","Packagename":"com.tmall.wireless","Text":""},{"Bounds":{"bottom":109,"left":0,"right":176,"top":76},"Classname":"android.widget.TextView","Packagename":"com.tmall.wireless","Text":"较大尺寸"},{"Bounds":{"bottom":142,"left":0,"right":176,"top":115},"Classname":"android.widget.TextView","Packagename":"com.tmall.wireless","Text":"屏幕尺寸"},{"Bounds":{"bottom":109,"left":178,"right":354,"top":76},"Classname":"android.widget.TextView","Packagename":"com.tmall.wireless","Text":"Intel i7"},{"Bounds":{"bottom":142,"left":178,"right":354,"top":115},"Classname":"android.widget.TextView","Packagename":"com.tmall.wireless","Text":"CPU"},{"Bounds":{"bottom":109,"left":356,"right":532,"top":76},"Classname":"android.widget.TextView","Packagename":"com.tmall.wireless","Text":"独立显卡"},{"Bounds":{"bottom":142,"left":356,"right":532,"top":115},"Classname":"android.widget.TextView","Packagename":"com.tmall.wireless","Text":"显卡类型"},{"Bounds":{"bottom":109,"left":534,"right":710,"top":76},"Classname":"android.widget.TextView","Packagename":"com.tmall.wireless","Text":"正常厚度"},{"Bounds":{"bottom":142,"left":534,"right":710,"top":115},"Classname":"android.widget.TextView","Packagename":"com.tmall.wireless","Text":"厚度"},{"Bounds":{"bottom":109,"left":712,"right":720,"top":76},"Classname":"android.widget.TextView","Packagename":"com.tmall.wireless","Text":"1TB"},{"Bounds":{"bottom":142,"left":712,"right":720,"top":115},"Classname":"android.widget.TextView","Packagename":"com.tmall.wireless","Text":"含固态硬盘"},{"Bounds":{"bottom":227,"left":65,"right":193,"top":187},"Classname":"android.widget.TextView","Packagename":"com.tmall.wireless","Text":"三单有礼"},{"Bounds":{"bottom":191,"left":668,"right":696,"top":163},"Classname":"android.widget.TextView","Packagename":"com.tmall.wireless","Text":""},{"Bounds":{"bottom":248,"left":0,"right":689,"top":215},"Classname":"android.widget.TextView","Packagename":"com.tmall.wireless","Text":"本商品参加“天猫APP精选·三单有礼”活动（限天猫APP下单）"},{"Bounds":{"bottom":496,"left":0,"right":720,"top":478},"Classname":"android.widget.LinearLayout","Packagename":"com.tmall.wireless","Text":""},{"Bounds":{"bottom":324,"left":154,"right":376,"top":283},"Classname":"android.widget.TextView","Packagename":"com.tmall.wireless","Text":"全天猫实物商品通用"},{"Bounds":{"bottom":325,"left":620,"right":700,"top":284},"Classname":"android.widget.TextView","Packagename":"com.tmall.wireless","Text":"领取"},{"Bounds":{"bottom":596,"left":0,"right":720,"top":595},"Classname":"android.widget.LinearLayout","Packagename":"com.tmall.wireless","Text":""},{"Bounds":{"bottom":658,"left":24,"right":72,"top":631},"Classname":"android.widget.TextView","Packagename":"com.tmall.wireless","Text":"积分"},{"Bounds":{"bottom":665,"left":82,"right":288,"top":624},"Classname":"android.widget.TextView","Packagename":"com.tmall.wireless","Text":"购买可得3499积分"},{"Bounds":{"bottom":659,"left":672,"right":700,"top":631},"Classname":"android.widget.TextView","Packagename":"com.tmall.wireless","Text":""},{"Bounds":{"bottom":696,"left":0,"right":720,"top":695},"Classname":"android.widget.LinearLayout","Packagename":"com.tmall.wireless","Text":""},{"Bounds":{"bottom":752,"left":24,"right":120,"top":728},"Classname":"android.widget.TextView","Packagename":"com.tmall.wireless","Text":"正品保证"},{"Bounds":{"bottom":744,"left":166,"right":174,"top":736},"Classname":"android.widget.TextView","Packagename":"com.tmall.wireless","Text":""},{"Bounds":{"bottom":752,"left":180,"right":276,"top":728},"Classname":"android.widget.TextView","Packagename":"com.tmall.wireless","Text":"极速退款"},{"Bounds":{"bottom":744,"left":322,"right":330,"top":736},"Classname":"android.widget.TextView","Packagename":"com.tmall.wireless","Text":""},{"Bounds":{"bottom":752,"left":336,"right":432,"top":728},"Classname":"android.widget.TextView","Packagename":"com.tmall.wireless","Text":"七天退换"},{"Bounds":{"bottom":754,"left":668,"right":696,"top":726},"Classname":"android.widget.TextView","Packagename":"com.tmall.wireless","Text":"ꁪ"},{"Bounds":{"bottom":802,"left":0,"right":720,"top":784},"Classname":"android.widget.LinearLayout","Packagename":"com.tmall.wireless","Text":""},{"Bounds":{"bottom":888,"left":24,"right":136,"top":802},"Classname":"android.widget.TextView","Packagename":"com.tmall.wireless","Text":"产品参数"},{"Bounds":{"bottom":859,"left":668,"right":696,"top":831},"Classname":"android.widget.TextView","Packagename":"com.tmall.wireless","Text":""},{"Bounds":{"bottom":889,"left":0,"right":720,"top":888},"Classname":"android.widget.LinearLayout","Packagename":"com.tmall.wireless","Text":""},{"Bounds":{"bottom":686,"left":24,"right":668,"top":648},"Classname":"android.widget.TextView","Packagename":"com.tmall.wireless","Text":"选择颜色分类,套餐类型"},{"Bounds":{"bottom":686,"left":668,"right":668,"top":648},"Classname":"android.widget.TextView","Packagename":"com.tmall.wireless","Text":""},{"Bounds":{"bottom":681,"left":668,"right":696,"top":653},"Classname":"android.widget.TextView","Packagename":"com.tmall.wireless","Text":""},{"Bounds":{"bottom":991,"left":0,"right":720,"top":973},"Classname":"android.widget.LinearLayout","Packagename":"com.tmall.wireless","Text":""},{"Bounds":{"bottom":813,"left":0,"right":720,"top":727},"Classname":"android.widget.TextView","Packagename":"com.tmall.wireless","Text":"商品评价(72)"},{"Bounds":{"bottom":873,"left":24,"right":169,"top":813},"Classname":"android.widget.TextView","Packagename":"com.tmall.wireless","Text":"服务好(5)"},{"Bounds":{"bottom":873,"left":181,"right":374,"top":813},"Classname":"android.widget.TextView","Packagename":"com.tmall.wireless","Text":"运行速度快(3)"},{"Bounds":{"bottom":929,"left":100,"right":147,"top":897},"Classname":"android.widget.TextView","Packagename":"com.tmall.wireless","Text":"c**9"},{"Bounds":{"bottom":1025,"left":24,"right":696,"top":953},"Classname":"android.widget.TextView","Packagename":"com.tmall.wireless","Text":"玩过太多好设备，手上已经有上百台电脑设备，在此之前从来没想过会买外星人，而我也估计没几个人会为了这份信仰埋单。随着现在整天在外出差，对接的在外对接项目越来越频密，目前手上的笔记本已经很难满足我需求。macbook屏幕好，也漂亮，但是运行大型一点的软件还是吃力，surface轻便，续航好。。。但是依然是同样的问题。直到后来把心一横，入手了aw17 r4.。。不在乎什么价钱，只在意是否能解决工作要求。一开始aw乱七八糟的型号我是在太懵，而我要求是非常明确，广色域的ips，这是最基本的要求，大内存起码32g，cpu3G以上。经过咨询之后，入手R4。回到国内，拿到机器，做了基本的系统调整之后，用蜘蛛测试了一下，屏幕非常满意，色域超广，ntsc和argb相当高。与我现在用的27寸苹果的显示器比较，aw17 qht屏基于红色域的宽广，画面整体会有点红倾向，其他各项性能优异，建议行李箱携带。"},{"Bounds":{"bottom":1073,"left":24,"right":156,"top":1041},"Classname":"android.widget.TextView","Packagename":"com.tmall.wireless","Text":"2018-05-08"},{"Bounds":{"bottom":1073,"left":180,"right":696,"top":1041},"Classname":"android.widget.TextView","Packagename":"com.tmall.wireless","Text":"颜色分类:银色;套餐类型:官方标配"},{"Bounds":{"bottom":126,"left":22,"right":82,"top":66},"Classname":"android.widget.TextView","Packagename":"com.tmall.wireless","Text":""},{"Bounds":{"bottom":126,"left":560,"right":620,"top":66},"Classname":"android.widget.TextView","Packagename":"com.tmall.wireless","Text":""},{"Bounds":{"bottom":126,"left":640,"right":700,"top":66},"Classname":"android.widget.TextView","Packagename":"com.tmall.wireless","Text":""},{"Bounds":{"bottom":144,"left":1,"right":105,"top":48},"Classname":"android.widget.TextView","Packagename":"com.tmall.wireless","Text":""},{"Bounds":{"bottom":118,"left":171,"right":265,"top":74},"Classname":"android.widget.TextView","Packagename":"com.tmall.wireless","Text":"商品"},{"Bounds":{"bottom":118,"left":313,"right":407,"top":74},"Classname":"android.widget.TextView","Packagename":"com.tmall.wireless","Text":"详情"},{"Bounds":{"bottom":118,"left":455,"right":549,"top":74},"Classname":"android.widget.TextView","Packagename":"com.tmall.wireless","Text":"评价"},{"Bounds":{"bottom":144,"left":296,"right":424,"top":144},"Classname":"android.widget.TextView","Packagename":"com.tmall.wireless","Text":"图文详情"},{"Bounds":{"bottom":144,"left":539,"right":619,"top":48},"Classname":"android.widget.TextView","Packagename":"com.tmall.wireless","Text":""},{"Bounds":{"bottom":144,"left":620,"right":720,"top":48},"Classname":"android.widget.TextView","Packagename":"com.tmall.wireless","Text":""},{"Bounds":{"bottom":1235,"left":27,"right":67,"top":1195},"Classname":"android.widget.TextView","Packagename":"com.tmall.wireless","Text":""},{"Bounds":{"bottom":1268,"left":27,"right":67,"top":1241},"Classname":"android.widget.TextView","Packagename":"com.tmall.wireless","Text":"客服"},{"Bounds":{"bottom":1235,"left":124,"right":164,"top":1195},"Classname":"android.widget.TextView","Packagename":"com.tmall.wireless","Text":""},{"Bounds":{"bottom":1268,"left":124,"right":164,"top":1241},"Classname":"android.widget.TextView","Packagename":"com.tmall.wireless","Text":"店铺"},{"Bounds":{"bottom":1235,"left":221,"right":261,"top":1195},"Classname":"android.widget.TextView","Packagename":"com.tmall.wireless","Text":""},{"Bounds":{"bottom":1268,"left":221,"right":261,"top":1241},"Classname":"android.widget.TextView","Packagename":"com.tmall.wireless","Text":"收藏"},{"Bounds":{"bottom":1280,"left":289,"right":504,"top":1184},"Classname":"android.widget.TextView","Packagename":"com.tmall.wireless","Text":"加入购物车"},{"Bounds":{"bottom":1280,"left":504,"right":720,"top":1184},"Classname":"android.widget.TextView","Packagename":"com.tmall.wireless","Text":"立即购买"}],"packagename":"com.example.a10628.myapplication","width":1080}