{"events":[{"eventname":"TYPE_VIEW_SCROLLED","source":{"Bounds":{"bottom":1280,"left":0,"right":720,"top":160},"Classname":"android.widget.ListView","Packagename":"com.zhihu.daily.android","Text":""}}],"height":1920,"hovertime":3893,"nodes":[{"Bounds":{"bottom":160,"left":0,"right":112,"top":48},"Classname":"android.widget.ImageButton","Packagename":"com.zhihu.daily.android","Text":""},{"Bounds":{"bottom":128,"left":144,"right":324,"top":79},"Classname":"android.widget.TextView","Packagename":"com.zhihu.daily.android","Text":"日常心理学"},{"Bounds":{"bottom":152,"left":618,"right":720,"top":56},"Classname":"android.widget.TextView","Packagename":"com.zhihu.daily.android","Text":""},{"Bounds":{"bottom":190,"left":48,"right":672,"top":160},"Classname":"android.widget.TextView","Packagename":"com.zhihu.daily.android","Text":"「我不能胜任」吗？你可以的"},{"Bounds":{"bottom":350,"left":48,"right":672,"top":259},"Classname":"android.widget.TextView","Packagename":"com.zhihu.daily.android","Text":"总听说留学生心理压力过大引起各种问题，怎么预防"},{"Bounds":{"bottom":510,"left":48,"right":672,"top":419},"Classname":"android.widget.TextView","Packagename":"com.zhihu.daily.android","Text":"有时候，学一样东西过了好久再拾起来，反而比先前更熟练，这是为什么？"},{"Bounds":{"bottom":670,"left":48,"right":492,"top":579},"Classname":"android.widget.TextView","Packagename":"com.zhihu.daily.android","Text":"大脑是否接收到了视野中的所有信息？"},{"Bounds":{"bottom":882,"left":48,"right":672,"top":791},"Classname":"android.widget.TextView","Packagename":"com.zhihu.daily.android","Text":"有关抑郁：关爱自己，做个温暖的朋友"},{"Bounds":{"bottom":1042,"left":48,"right":672,"top":951},"Classname":"android.widget.TextView","Packagename":"com.zhihu.daily.android","Text":"不如重新开始"},{"Bounds":{"bottom":1244,"left":48,"right":672,"top":1111},"Classname":"android.widget.TextView","Packagename":"com.zhihu.daily.android","Text":"为什么创伤后心理干预已被证明无效甚至有害，心理工作者们却还继续去灾区做心理疏导？"},{"Bounds":{"bottom":110,"left":32,"right":688,"top":160},"Classname":"android.widget.TextView","Packagename":"com.zhihu.daily.android","Text":"了解自己和别人，了解彼此的欲望和局限。"},{"Bounds":{"bottom":144,"left":688,"right":688,"top":160},"Classname":"android.widget.TextView","Packagename":"com.zhihu.daily.android","Text":""}],"packagename":"com.example.a10628.myapplication","width":1080}