{"events":[{"eventname":"TYPE_WINDOW_STATE_CHANGED","source":{"Bounds":{"bottom":1280,"left":0,"right":720,"top":0},"Classname":"android.widget.FrameLayout","Packagename":"com.tmall.wireless","Text":""}},{"eventname":"TYPE_VIEW_FOCUSED","source":{"Bounds":{"bottom":1280,"left":0,"right":720,"top":48},"Classname":"android.support.v7.widget.RecyclerView","Packagename":"com.tmall.wireless","Text":""}}],"height":1920,"hovertime":1275,"nodes":[{"Bounds":{"bottom":232,"left":0,"right":720,"top":48},"Classname":"android.widget.FrameLayout","Packagename":"com.tmall.wireless","Text":""},{"Bounds":{"bottom":642,"left":24,"right":338,"top":604},"Classname":"android.widget.TextView","Packagename":"com.tmall.wireless","Text":"西门子助听器莲花灵悦SP老人年轻人无线隐形耳聋耳背式助听器原声"},{"Bounds":{"bottom":686,"left":24,"right":112,"top":646},"Classname":"android.widget.TextView","Packagename":"com.tmall.wireless","Text":"￥838"},{"Bounds":{"bottom":720,"left":24,"right":110,"top":687},"Classname":"android.widget.TextView","Packagename":"com.tmall.wireless","Text":"月销8笔"},{"Bounds":{"bottom":722,"left":300,"right":336,"top":686},"Classname":"android.widget.TextView","Packagename":"com.tmall.wireless","Text":""},{"Bounds":{"bottom":642,"left":384,"right":698,"top":604},"Classname":"android.widget.TextView","Packagename":"com.tmall.wireless","Text":"西门子助听器 莲花23p心动升级老人耳聋耳背无线隐形灵悦灵捷原声"},{"Bounds":{"bottom":686,"left":384,"right":472,"top":646},"Classname":"android.widget.TextView","Packagename":"com.tmall.wireless","Text":"￥738"},{"Bounds":{"bottom":720,"left":384,"right":481,"top":687},"Classname":"android.widget.TextView","Packagename":"com.tmall.wireless","Text":"月销13笔"},{"Bounds":{"bottom":722,"left":660,"right":696,"top":686},"Classname":"android.widget.TextView","Packagename":"com.tmall.wireless","Text":""},{"Bounds":{"bottom":1160,"left":24,"right":338,"top":1122},"Classname":"android.widget.TextView","Packagename":"com.tmall.wireless","Text":"我的第一本心灵成长魔法书 第二辑 全4册 七色花童话馆 双语绘本 图画故事 免费收听英语原声 儿童文学 正版 华东师范大学出版社"},{"Bounds":{"bottom":1204,"left":24,"right":122,"top":1164},"Classname":"android.widget.TextView","Packagename":"com.tmall.wireless","Text":"￥50.4"},{"Bounds":{"bottom":1238,"left":24,"right":110,"top":1205},"Classname":"android.widget.TextView","Packagename":"com.tmall.wireless","Text":"月销0笔"},{"Bounds":{"bottom":1240,"left":300,"right":336,"top":1204},"Classname":"android.widget.TextView","Packagename":"com.tmall.wireless","Text":""},{"Bounds":{"bottom":1160,"left":384,"right":698,"top":1122},"Classname":"android.widget.TextView","Packagename":"com.tmall.wireless","Text":"我的第一本心灵成长魔法书 第一辑 全6册 七色花童话馆 双语绘本 图画故事 免费收听英语原声 儿童文学 正版 华东师范大学出版社"},{"Bounds":{"bottom":1204,"left":384,"right":482,"top":1164},"Classname":"android.widget.TextView","Packagename":"com.tmall.wireless","Text":"￥75.6"},{"Bounds":{"bottom":1238,"left":384,"right":470,"top":1205},"Classname":"android.widget.TextView","Packagename":"com.tmall.wireless","Text":"月销0笔"},{"Bounds":{"bottom":1240,"left":660,"right":696,"top":1204},"Classname":"android.widget.TextView","Packagename":"com.tmall.wireless","Text":""},{"Bounds":{"bottom":1280,"left":24,"right":338,"top":1640},"Classname":"android.widget.TextView","Packagename":"com.tmall.wireless","Text":"我的第一本心灵成长魔法书 第三辑 全6册 七色花童话馆 双语绘本 图画故事 免费收听英语原声 儿童文学 正版 华东师范大学出版社"},{"Bounds":{"bottom":1280,"left":24,"right":122,"top":1682},"Classname":"android.widget.TextView","Packagename":"com.tmall.wireless","Text":"￥75.6"},{"Bounds":{"bottom":1280,"left":24,"right":110,"top":1723},"Classname":"android.widget.TextView","Packagename":"com.tmall.wireless","Text":"月销0笔"},{"Bounds":{"bottom":1280,"left":300,"right":336,"top":1722},"Classname":"android.widget.TextView","Packagename":"com.tmall.wireless","Text":""},{"Bounds":{"bottom":1280,"left":384,"right":698,"top":1640},"Classname":"android.widget.TextView","Packagename":"com.tmall.wireless","Text":"西门子助听器莲花灵悦SP老人年轻人无线隐形耳聋耳背式助听器原声"},{"Bounds":{"bottom":1280,"left":384,"right":472,"top":1682},"Classname":"android.widget.TextView","Packagename":"com.tmall.wireless","Text":"￥838"},{"Bounds":{"bottom":1280,"left":384,"right":470,"top":1723},"Classname":"android.widget.TextView","Packagename":"com.tmall.wireless","Text":"月销3笔"},{"Bounds":{"bottom":1280,"left":660,"right":696,"top":1722},"Classname":"android.widget.TextView","Packagename":"com.tmall.wireless","Text":""},{"Bounds":{"bottom":144,"left":1,"right":105,"top":48},"Classname":"android.widget.TextView","Packagename":"com.tmall.wireless","Text":""},{"Bounds":{"bottom":126,"left":113,"right":219,"top":66},"Classname":"android.widget.TextView","Packagename":"com.tmall.wireless","Text":"原声花"},{"Bounds":{"bottom":126,"left":220,"right":248,"top":66},"Classname":"android.widget.TextView","Packagename":"com.tmall.wireless","Text":""},{"Bounds":{"bottom":134,"left":614,"right":690,"top":58},"Classname":"android.widget.TextView","Packagename":"com.tmall.wireless","Text":""},{"Bounds":{"bottom":144,"left":0,"right":720,"top":144},"Classname":"android.widget.LinearLayout","Packagename":"com.tmall.wireless","Text":""},{"Bounds":{"bottom":230,"left":39,"right":95,"top":144},"Classname":"android.widget.TextView","Packagename":"com.tmall.wireless","Text":"综合"},{"Bounds":{"bottom":217,"left":101,"right":119,"top":157},"Classname":"android.widget.TextView","Packagename":"com.tmall.wireless","Text":""},{"Bounds":{"bottom":230,"left":198,"right":254,"top":144},"Classname":"android.widget.TextView","Packagename":"com.tmall.wireless","Text":"销量"},{"Bounds":{"bottom":230,"left":333,"right":389,"top":144},"Classname":"android.widget.TextView","Packagename":"com.tmall.wireless","Text":"逛啊"},{"Bounds":{"bottom":230,"left":468,"right":524,"top":144},"Classname":"android.widget.TextView","Packagename":"com.tmall.wireless","Text":"店铺"},{"Bounds":{"bottom":230,"left":603,"right":680,"top":144},"Classname":"android.widget.TextView","Packagename":"com.tmall.wireless","Text":"|  筛选"},{"Bounds":{"bottom":232,"left":0,"right":720,"top":232},"Classname":"android.widget.LinearLayout","Packagename":"com.tmall.wireless","Text":""},{"Bounds":{"bottom":1267,"left":614,"right":702,"top":1179},"Classname":"android.widget.ImageView","Packagename":"com.tmall.wireless","Text":""},{"Bounds":{"bottom":1280,"left":614,"right":702,"top":1291},"Classname":"android.widget.ImageView","Packagename":"com.tmall.wireless","Text":""}],"packagename":"com.example.a10628.myapplication","width":1080}