{"events":[{"eventname":"TYPE_VIEW_SCROLLED","source":{"Bounds":{"bottom":1184,"left":0,"right":720,"top":48},"Classname":"android.support.v7.widget.RecyclerView","Packagename":"com.tmall.wireless","Text":""}},{"eventname":"TYPE_VIEW_SCROLLED","source":{"Bounds":{"bottom":1184,"left":0,"right":720,"top":48},"Classname":"android.support.v7.widget.RecyclerView","Packagename":"com.tmall.wireless","Text":""}},{"eventname":"TYPE_VIEW_SCROLLED","source":{"Bounds":{"bottom":1184,"left":0,"right":720,"top":48},"Classname":"android.support.v7.widget.RecyclerView","Packagename":"com.tmall.wireless","Text":""}},{"eventname":"TYPE_VIEW_SCROLLED","source":{"Bounds":{"bottom":1184,"left":0,"right":720,"top":48},"Classname":"android.support.v7.widget.RecyclerView","Packagename":"com.tmall.wireless","Text":""}},{"eventname":"TYPE_VIEW_SCROLLED","source":{"Bounds":{"bottom":1184,"left":0,"right":720,"top":48},"Classname":"android.support.v7.widget.RecyclerView","Packagename":"com.tmall.wireless","Text":""}}],"height":1920,"hovertime":2460,"nodes":[{"Bounds":{"bottom":39,"left":312,"right":408,"top":48},"Classname":"android.widget.TextView","Packagename":"com.tmall.wireless","Text":"下拉刷新"},{"Bounds":{"bottom":50,"left":46,"right":205,"top":48},"Classname":"android.widget.TextView","Packagename":"com.tmall.wireless","Text":"ROMOSS/罗马仕"},{"Bounds":{"bottom":131,"left":40,"right":330,"top":48},"Classname":"android.widget.TextView","Packagename":"com.tmall.wireless","Text":"罗马仕苹果iphone6\u001d/\u001d6s 6plus\u001d/\u001d6splus6 5\u001d/\u001d5s5c电板电池"},{"Bounds":{"bottom":189,"left":40,"right":201,"top":148},"Classname":"android.widget.TextView","Packagename":"com.tmall.wireless","Text":"¥69"},{"Bounds":{"bottom":249,"left":201,"right":349,"top":170},"Classname":"android.widget.ImageView","Packagename":"com.tmall.wireless","Text":""},{"Bounds":{"bottom":33,"left":442,"right":541,"top":48},"Classname":"android.widget.TextView","Packagename":"com.tmall.wireless","Text":"Nikon/尼康"},{"Bounds":{"bottom":135,"left":390,"right":680,"top":52},"Classname":"android.widget.TextView","Packagename":"com.tmall.wireless","Text":"尼康d5500\u001dd7000\u001dd7100\u001dd3400\u001dd5600摄影包"},{"Bounds":{"bottom":183,"left":390,"right":551,"top":142},"Classname":"android.widget.TextView","Packagename":"com.tmall.wireless","Text":"¥49"},{"Bounds":{"bottom":243,"left":551,"right":699,"top":164},"Classname":"android.widget.ImageView","Packagename":"com.tmall.wireless","Text":""},{"Bounds":{"bottom":650,"left":46,"right":154,"top":623},"Classname":"android.widget.TextView","Packagename":"com.tmall.wireless","Text":"Aigo/爱国者"},{"Bounds":{"bottom":748,"left":40,"right":330,"top":669},"Classname":"android.widget.TextView","Packagename":"com.tmall.wireless","Text":"一加3t三one plus+智能休眠手机壳"},{"Bounds":{"bottom":806,"left":40,"right":201,"top":765},"Classname":"android.widget.TextView","Packagename":"com.tmall.wireless","Text":"¥29.9"},{"Bounds":{"bottom":866,"left":201,"right":349,"top":787},"Classname":"android.widget.ImageView","Packagename":"com.tmall.wireless","Text":""},{"Bounds":{"bottom":654,"left":396,"right":482,"top":627},"Classname":"android.widget.TextView","Packagename":"com.tmall.wireless","Text":"Letv/乐视"},{"Bounds":{"bottom":752,"left":390,"right":680,"top":673},"Classname":"android.widget.TextView","Packagename":"com.tmall.wireless","Text":"乐视2pro充电器原装乐qc3.0数据线"},{"Bounds":{"bottom":755,"left":390,"right":551,"top":714},"Classname":"android.widget.TextView","Packagename":"com.tmall.wireless","Text":"¥16.5"},{"Bounds":{"bottom":815,"left":551,"right":699,"top":736},"Classname":"android.widget.ImageView","Packagename":"com.tmall.wireless","Text":""},{"Bounds":{"bottom":1147,"left":46,"right":86,"top":1120},"Classname":"android.widget.TextView","Packagename":"com.tmall.wireless","Text":"绿联"},{"Bounds":{"bottom":1184,"left":40,"right":330,"top":1166},"Classname":"android.widget.TextView","Packagename":"com.tmall.wireless","Text":"绿联aptx台式机手机接收器音响耳机"},{"Bounds":{"bottom":1184,"left":40,"right":201,"top":1262},"Classname":"android.widget.TextView","Packagename":"com.tmall.wireless","Text":"¥29"},{"Bounds":{"bottom":1184,"left":201,"right":349,"top":1284},"Classname":"android.widget.ImageView","Packagename":"com.tmall.wireless","Text":""},{"Bounds":{"bottom":1184,"left":396,"right":527,"top":1199},"Classname":"android.widget.TextView","Packagename":"com.tmall.wireless","Text":"BASEUS/倍思"},{"Bounds":{"bottom":1184,"left":390,"right":680,"top":1245},"Classname":"android.widget.TextView","Packagename":"com.tmall.wireless","Text":"倍思三星note8 n950f 3d钢化手机膜"},{"Bounds":{"bottom":1184,"left":390,"right":551,"top":1341},"Classname":"android.widget.TextView","Packagename":"com.tmall.wireless","Text":"¥45"},{"Bounds":{"bottom":1184,"left":551,"right":699,"top":1363},"Classname":"android.widget.ImageView","Packagename":"com.tmall.wireless","Text":""},{"Bounds":{"bottom":44,"left":20,"right":700,"top":48},"Classname":"android.widget.ImageView","Packagename":"com.tmall.wireless","Text":""},{"Bounds":{"bottom":120,"left":20,"right":62,"top":78},"Classname":"android.widget.TextView","Packagename":"com.tmall.wireless","Text":""},{"Bounds":{"bottom":138,"left":84,"right":636,"top":68},"Classname":"android.widget.TextView","Packagename":"com.tmall.wireless","Text":""},{"Bounds":{"bottom":119,"left":104,"right":136,"top":87},"Classname":"android.widget.TextView","Packagename":"com.tmall.wireless","Text":""},{"Bounds":{"bottom":122,"left":146,"right":314,"top":84},"Classname":"android.widget.TextView","Packagename":"com.tmall.wireless","Text":"宝宝出行必备"},{"Bounds":{"bottom":119,"left":584,"right":616,"top":87},"Classname":"android.widget.TextView","Packagename":"com.tmall.wireless","Text":""},{"Bounds":{"bottom":120,"left":658,"right":700,"top":78},"Classname":"android.widget.TextView","Packagename":"com.tmall.wireless","Text":""},{"Bounds":{"bottom":1174,"left":602,"right":694,"top":1082},"Classname":"android.widget.ImageView","Packagename":"com.tmall.wireless","Text":""},{"Bounds":{"bottom":1280,"left":0,"right":144,"top":1184},"Classname":"android.view.View","Packagename":"com.tmall.wireless","Text":""},{"Bounds":{"bottom":1243,"left":45,"right":99,"top":1189},"Classname":"android.widget.TextView","Packagename":"com.tmall.wireless","Text":""},{"Bounds":{"bottom":1270,"left":52,"right":92,"top":1243},"Classname":"android.widget.TextView","Packagename":"com.tmall.wireless","Text":"精选"},{"Bounds":{"bottom":1280,"left":144,"right":288,"top":1184},"Classname":"android.view.View","Packagename":"com.tmall.wireless","Text":""},{"Bounds":{"bottom":1243,"left":189,"right":243,"top":1189},"Classname":"android.widget.TextView","Packagename":"com.tmall.wireless","Text":""},{"Bounds":{"bottom":1270,"left":196,"right":236,"top":1243},"Classname":"android.widget.TextView","Packagename":"com.tmall.wireless","Text":"品牌"},{"Bounds":{"bottom":1280,"left":288,"right":432,"top":1184},"Classname":"android.view.View","Packagename":"com.tmall.wireless","Text":""},{"Bounds":{"bottom":1243,"left":333,"right":387,"top":1189},"Classname":"android.widget.TextView","Packagename":"com.tmall.wireless","Text":""},{"Bounds":{"bottom":1270,"left":340,"right":380,"top":1243},"Classname":"android.widget.TextView","Packagename":"com.tmall.wireless","Text":"会员"},{"Bounds":{"bottom":1280,"left":432,"right":576,"top":1184},"Classname":"android.view.View","Packagename":"com.tmall.wireless","Text":""},{"Bounds":{"bottom":1243,"left":477,"right":531,"top":1189},"Classname":"android.widget.TextView","Packagename":"com.tmall.wireless","Text":""},{"Bounds":{"bottom":1270,"left":474,"right":534,"top":1243},"Classname":"android.widget.TextView","Packagename":"com.tmall.wireless","Text":"购物车"},{"Bounds":{"bottom":1280,"left":576,"right":720,"top":1184},"Classname":"android.view.View","Packagename":"com.tmall.wireless","Text":""},{"Bounds":{"bottom":1243,"left":621,"right":675,"top":1189},"Classname":"android.widget.TextView","Packagename":"com.tmall.wireless","Text":""},{"Bounds":{"bottom":1270,"left":638,"right":658,"top":1243},"Classname":"android.widget.TextView","Packagename":"com.tmall.wireless","Text":"我"}],"packagename":"com.example.a10628.myapplication","width":1080}