{"events":[{"eventname":"TYPE_VIEW_SCROLLED","source":{"Bounds":{"bottom":1182,"left":0,"right":720,"top":143},"Classname":"android.webkit.WebView","Packagename":"cn.amazon.mShop.android","Text":"亚马逊·发现"}}],"height":1920,"hovertime":1636,"nodes":[{"Bounds":{"bottom":120,"left":300,"right":420,"top":68},"Classname":"android.widget.ImageView","Packagename":"cn.amazon.mShop.android","Text":""},{"Bounds":{"bottom":140,"left":532,"right":624,"top":48},"Classname":"android.widget.ImageButton","Packagename":"cn.amazon.mShop.android","Text":""},{"Bounds":{"bottom":140,"left":624,"right":716,"top":48},"Classname":"android.widget.ImageView","Packagename":"cn.amazon.mShop.android","Text":""},{"Bounds":{"bottom":140,"left":656,"right":684,"top":62},"Classname":"android.widget.TextView","Packagename":"cn.amazon.mShop.android","Text":"0"},{"Bounds":{"bottom":145,"left":0,"right":720,"top":143},"Classname":"android.view.View","Packagename":"cn.amazon.mShop.android","Text":""},{"Bounds":{"bottom":145,"left":16,"right":704,"top":143},"Classname":"android.view.View","Packagename":"cn.amazon.mShop.android","Text":"要不是因为它颜值高，吃什么饭呀 用一只好看又实用的便当盒，午饭吃得更舒心。 "},{"Bounds":{"bottom":145,"left":502,"right":704,"top":143},"Classname":"android.view.View","Packagename":"cn.amazon.mShop.android","Text":""},{"Bounds":{"bottom":145,"left":570,"right":610,"top":143},"Classname":"android.widget.Image","Packagename":"cn.amazon.mShop.android","Text":""},{"Bounds":{"bottom":145,"left":618,"right":652,"top":143},"Classname":"android.view.View","Packagename":"cn.amazon.mShop.android","Text":"98"},{"Bounds":{"bottom":145,"left":16,"right":704,"top":143},"Classname":"android.view.View","Packagename":"cn.amazon.mShop.android","Text":"欧倍青的咖啡因“不喝就有效果” 掉发很烦恼？欧倍青的诞生帮你迎刃而解，利用复合咖啡因... "},{"Bounds":{"bottom":145,"left":502,"right":704,"top":143},"Classname":"android.view.View","Packagename":"cn.amazon.mShop.android","Text":""},{"Bounds":{"bottom":145,"left":570,"right":610,"top":143},"Classname":"android.widget.Image","Packagename":"cn.amazon.mShop.android","Text":""},{"Bounds":{"bottom":145,"left":618,"right":652,"top":143},"Classname":"android.view.View","Packagename":"cn.amazon.mShop.android","Text":"14"},{"Bounds":{"bottom":145,"left":16,"right":704,"top":143},"Classname":"android.view.View","Packagename":"cn.amazon.mShop.android","Text":"名人访谈 | 郝景芳新书《人之彼岸》 【亚马逊名人访谈】名人携新作做客亚马逊和大家谈谈在创... "},{"Bounds":{"bottom":145,"left":502,"right":704,"top":143},"Classname":"android.view.View","Packagename":"cn.amazon.mShop.android","Text":""},{"Bounds":{"bottom":145,"left":570,"right":610,"top":143},"Classname":"android.widget.Image","Packagename":"cn.amazon.mShop.android","Text":""},{"Bounds":{"bottom":145,"left":618,"right":668,"top":143},"Classname":"android.view.View","Packagename":"cn.amazon.mShop.android","Text":"336"},{"Bounds":{"bottom":145,"left":0,"right":720,"top":143},"Classname":"android.view.View","Packagename":"cn.amazon.mShop.android","Text":"童心未泯 让生活更有趣 "},{"Bounds":{"bottom":145,"left":502,"right":704,"top":143},"Classname":"android.view.View","Packagename":"cn.amazon.mShop.android","Text":""},{"Bounds":{"bottom":145,"left":570,"right":610,"top":143},"Classname":"android.widget.Image","Packagename":"cn.amazon.mShop.android","Text":""},{"Bounds":{"bottom":145,"left":618,"right":668,"top":143},"Classname":"android.view.View","Packagename":"cn.amazon.mShop.android","Text":"342"},{"Bounds":{"bottom":145,"left":0,"right":720,"top":143},"Classname":"android.view.View","Packagename":"cn.amazon.mShop.android","Text":"自然的馈赠 纽约有机美容品牌 "},{"Bounds":{"bottom":145,"left":502,"right":704,"top":143},"Classname":"android.view.View","Packagename":"cn.amazon.mShop.android","Text":""},{"Bounds":{"bottom":145,"left":570,"right":610,"top":143},"Classname":"android.widget.Image","Packagename":"cn.amazon.mShop.android","Text":""},{"Bounds":{"bottom":145,"left":618,"right":668,"top":143},"Classname":"android.view.View","Packagename":"cn.amazon.mShop.android","Text":"199"},{"Bounds":{"bottom":145,"left":16,"right":704,"top":143},"Classname":"android.view.View","Packagename":"cn.amazon.mShop.android","Text":"# 开运红鞋精选 # "},{"Bounds":{"bottom":145,"left":502,"right":704,"top":143},"Classname":"android.view.View","Packagename":"cn.amazon.mShop.android","Text":""},{"Bounds":{"bottom":145,"left":570,"right":610,"top":143},"Classname":"android.widget.Image","Packagename":"cn.amazon.mShop.android","Text":""},{"Bounds":{"bottom":145,"left":618,"right":668,"top":143},"Classname":"android.view.View","Packagename":"cn.amazon.mShop.android","Text":"183"},{"Bounds":{"bottom":145,"left":160,"right":560,"top":143},"Classname":"android.view.View","Packagename":"cn.amazon.mShop.android","Text":"ref\u003ddiscover_asn_clk_editors_choice_gl_jewelry"},{"Bounds":{"bottom":145,"left":36,"right":160,"top":143},"Classname":"android.view.View","Packagename":"cn.amazon.mShop.android","Text":"香港/保税仓"},{"Bounds":{"bottom":145,"left":36,"right":684,"top":143},"Classname":"android.view.View","Packagename":"cn.amazon.mShop.android","Text":"Tiffany \u0026 Co 蒂芙尼 心形豆豆吊坠纯银项链-银色 25185129..."},{"Bounds":{"bottom":145,"left":36,"right":670,"top":143},"Classname":"android.view.View","Packagename":"cn.amazon.mShop.android","Text":"自1837年以来，蒂芙尼传奇杰作引领风格，见证世间无数至臻至美的爱情故事。极致..."},{"Bounds":{"bottom":145,"left":264,"right":288,"top":143},"Classname":"android.widget.Image","Packagename":"cn.amazon.mShop.android","Text":""},{"Bounds":{"bottom":145,"left":298,"right":346,"top":143},"Classname":"android.view.View","Packagename":"cn.amazon.mShop.android","Text":"更多"},{"Bounds":{"bottom":145,"left":36,"right":198,"top":143},"Classname":"android.view.View","Packagename":"cn.amazon.mShop.android","Text":""},{"Bounds":{"bottom":145,"left":210,"right":244,"top":143},"Classname":"android.view.View","Packagename":"cn.amazon.mShop.android","Text":"24"},{"Bounds":{"bottom":145,"left":36,"right":188,"top":143},"Classname":"android.view.View","Packagename":"cn.amazon.mShop.android","Text":"￥1,339.00"},{"Bounds":{"bottom":145,"left":36,"right":684,"top":143},"Classname":"android.view.View","Packagename":"cn.amazon.mShop.android","Text":"查看更多相似商品 "},{"Bounds":{"bottom":145,"left":502,"right":704,"top":143},"Classname":"android.view.View","Packagename":"cn.amazon.mShop.android","Text":""},{"Bounds":{"bottom":145,"left":570,"right":610,"top":143},"Classname":"android.widget.Image","Packagename":"cn.amazon.mShop.android","Text":""},{"Bounds":{"bottom":145,"left":618,"right":652,"top":143},"Classname":"android.view.View","Packagename":"cn.amazon.mShop.android","Text":"23"},{"Bounds":{"bottom":145,"left":202,"right":518,"top":143},"Classname":"android.view.View","Packagename":"cn.amazon.mShop.android","Text":"ref\u003ddiscover_asn_clk_recommendation_gl_digital_ebook_purchase"},{"Bounds":{"bottom":145,"left":36,"right":128,"top":143},"Classname":"android.view.View","Packagename":"cn.amazon.mShop.android","Text":"猜您喜欢"},{"Bounds":{"bottom":145,"left":36,"right":684,"top":143},"Classname":"android.view.View","Packagename":"cn.amazon.mShop.android","Text":"新版爆笑校园40"},{"Bounds":{"bottom":145,"left":36,"right":198,"top":143},"Classname":"android.view.View","Packagename":"cn.amazon.mShop.android","Text":""},{"Bounds":{"bottom":145,"left":210,"right":244,"top":143},"Classname":"android.view.View","Packagename":"cn.amazon.mShop.android","Text":"29"},{"Bounds":{"bottom":145,"left":36,"right":128,"top":143},"Classname":"android.view.View","Packagename":"cn.amazon.mShop.android","Text":"￥1.49"},{"Bounds":{"bottom":145,"left":36,"right":684,"top":143},"Classname":"android.view.View","Packagename":"cn.amazon.mShop.android","Text":"查看更多相似商品 "},{"Bounds":{"bottom":145,"left":502,"right":704,"top":143},"Classname":"android.view.View","Packagename":"cn.amazon.mShop.android","Text":""},{"Bounds":{"bottom":145,"left":570,"right":610,"top":143},"Classname":"android.widget.Image","Packagename":"cn.amazon.mShop.android","Text":""},{"Bounds":{"bottom":145,"left":618,"right":636,"top":143},"Classname":"android.view.View","Packagename":"cn.amazon.mShop.android","Text":"0"},{"Bounds":{"bottom":145,"left":160,"right":560,"top":143},"Classname":"android.view.View","Packagename":"cn.amazon.mShop.android","Text":"ref\u003ddiscover_asn_clk_editors_choice_gl_drugstore"},{"Bounds":{"bottom":145,"left":36,"right":268,"top":143},"Classname":"android.view.View","Packagename":"cn.amazon.mShop.android","Text":"香港/保税仓 · 热销爆款"},{"Bounds":{"bottom":145,"left":36,"right":684,"top":143},"Classname":"android.view.View","Packagename":"cn.amazon.mShop.android","Text":"The ORIGINAL Bad Air Sponge吸收异味空气净化剂400..."},{"Bounds":{"bottom":145,"left":36,"right":684,"top":143},"Classname":"android.view.View","Packagename":"cn.amazon.mShop.android","Text":"风靡美国60年，白宫御用。强力吸附异味与有害物质，呵护家人健康。"},{"Bounds":{"bottom":145,"left":86,"right":112,"top":143},"Classname":"android.widget.Image","Packagename":"cn.amazon.mShop.android","Text":""},{"Bounds":{"bottom":145,"left":120,"right":168,"top":143},"Classname":"android.view.View","Packagename":"cn.amazon.mShop.android","Text":"更多"},{"Bounds":{"bottom":145,"left":36,"right":198,"top":143},"Classname":"android.view.View","Packagename":"cn.amazon.mShop.android","Text":""},{"Bounds":{"bottom":145,"left":210,"right":244,"top":143},"Classname":"android.view.View","Packagename":"cn.amazon.mShop.android","Text":"93"},{"Bounds":{"bottom":145,"left":36,"right":164,"top":143},"Classname":"android.view.View","Packagename":"cn.amazon.mShop.android","Text":"￥159.00"},{"Bounds":{"bottom":145,"left":36,"right":684,"top":143},"Classname":"android.view.View","Packagename":"cn.amazon.mShop.android","Text":"查看更多相似商品 "},{"Bounds":{"bottom":145,"left":502,"right":704,"top":143},"Classname":"android.view.View","Packagename":"cn.amazon.mShop.android","Text":""},{"Bounds":{"bottom":145,"left":570,"right":610,"top":143},"Classname":"android.widget.Image","Packagename":"cn.amazon.mShop.android","Text":""},{"Bounds":{"bottom":145,"left":618,"right":652,"top":143},"Classname":"android.view.View","Packagename":"cn.amazon.mShop.android","Text":"31"},{"Bounds":{"bottom":145,"left":16,"right":704,"top":143},"Classname":"android.view.View","Packagename":"cn.amazon.mShop.android","Text":"运动欢畅后，可不能带来损伤 你还以为只要运动健身就能拥有好身体吗？体育锻炼虽然可... "},{"Bounds":{"bottom":145,"left":502,"right":704,"top":143},"Classname":"android.view.View","Packagename":"cn.amazon.mShop.android","Text":""},{"Bounds":{"bottom":145,"left":570,"right":610,"top":143},"Classname":"android.widget.Image","Packagename":"cn.amazon.mShop.android","Text":""},{"Bounds":{"bottom":145,"left":618,"right":652,"top":143},"Classname":"android.view.View","Packagename":"cn.amazon.mShop.android","Text":"21"},{"Bounds":{"bottom":145,"left":16,"right":704,"top":143},"Classname":"android.view.View","Packagename":"cn.amazon.mShop.android","Text":"气质满分，恋上你的闪亮回眸~ 国际四大隐形眼镜品牌之一，带你感受每日崭新的视觉体验... "},{"Bounds":{"bottom":145,"left":502,"right":704,"top":143},"Classname":"android.view.View","Packagename":"cn.amazon.mShop.android","Text":""},{"Bounds":{"bottom":145,"left":570,"right":610,"top":143},"Classname":"android.widget.Image","Packagename":"cn.amazon.mShop.android","Text":""},{"Bounds":{"bottom":145,"left":618,"right":652,"top":143},"Classname":"android.view.View","Packagename":"cn.amazon.mShop.android","Text":"60"},{"Bounds":{"bottom":145,"left":16,"right":704,"top":143},"Classname":"android.view.View","Packagename":"cn.amazon.mShop.android","Text":"美丽绽放，仙气小秘诀！|入春挑好物 仙女们注意啦！春天的气息扑面而来，快脱下厚厚的衣服，... "},{"Bounds":{"bottom":145,"left":502,"right":704,"top":143},"Classname":"android.view.View","Packagename":"cn.amazon.mShop.android","Text":""},{"Bounds":{"bottom":145,"left":570,"right":610,"top":143},"Classname":"android.widget.Image","Packagename":"cn.amazon.mShop.android","Text":""},{"Bounds":{"bottom":145,"left":618,"right":668,"top":143},"Classname":"android.view.View","Packagename":"cn.amazon.mShop.android","Text":"110"},{"Bounds":{"bottom":145,"left":0,"right":720,"top":143},"Classname":"android.view.View","Packagename":"cn.amazon.mShop.android","Text":"源自法国的时尚饰品品牌 "},{"Bounds":{"bottom":145,"left":502,"right":704,"top":143},"Classname":"android.view.View","Packagename":"cn.amazon.mShop.android","Text":""},{"Bounds":{"bottom":145,"left":570,"right":610,"top":143},"Classname":"android.widget.Image","Packagename":"cn.amazon.mShop.android","Text":""},{"Bounds":{"bottom":145,"left":618,"right":668,"top":143},"Classname":"android.view.View","Packagename":"cn.amazon.mShop.android","Text":"410"},{"Bounds":{"bottom":145,"left":0,"right":720,"top":143},"Classname":"android.view.View","Packagename":"cn.amazon.mShop.android","Text":"英伦绅士的品质包袋 "},{"Bounds":{"bottom":145,"left":502,"right":704,"top":143},"Classname":"android.view.View","Packagename":"cn.amazon.mShop.android","Text":""},{"Bounds":{"bottom":145,"left":570,"right":610,"top":143},"Classname":"android.widget.Image","Packagename":"cn.amazon.mShop.android","Text":""},{"Bounds":{"bottom":145,"left":618,"right":668,"top":143},"Classname":"android.view.View","Packagename":"cn.amazon.mShop.android","Text":"243"},{"Bounds":{"bottom":459,"left":16,"right":704,"top":143},"Classname":"android.view.View","Packagename":"cn.amazon.mShop.android","Text":"# 全球梦想礼物清单 # "},{"Bounds":{"bottom":457,"left":502,"right":704,"top":361},"Classname":"android.view.View","Packagename":"cn.amazon.mShop.android","Text":""},{"Bounds":{"bottom":427,"left":570,"right":610,"top":393},"Classname":"android.widget.Image","Packagename":"cn.amazon.mShop.android","Text":""},{"Bounds":{"bottom":427,"left":618,"right":668,"top":393},"Classname":"android.view.View","Packagename":"cn.amazon.mShop.android","Text":"152"},{"Bounds":{"bottom":919,"left":160,"right":560,"top":517},"Classname":"android.view.View","Packagename":"cn.amazon.mShop.android","Text":"ref\u003ddiscover_asn_clk_recommendation_gl_kitchen"},{"Bounds":{"bottom":973,"left":36,"right":128,"top":943},"Classname":"android.view.View","Packagename":"cn.amazon.mShop.android","Text":"猜您喜欢"},{"Bounds":{"bottom":1075,"left":36,"right":684,"top":999},"Classname":"android.view.View","Packagename":"cn.amazon.mShop.android","Text":"Lifefactory 475ml 玻璃吸管饮料瓶224040(浅紫色)"},{"Bounds":{"bottom":1123,"left":36,"right":198,"top":1085},"Classname":"android.view.View","Packagename":"cn.amazon.mShop.android","Text":""},{"Bounds":{"bottom":1119,"left":210,"right":244,"top":1081},"Classname":"android.view.View","Packagename":"cn.amazon.mShop.android","Text":"22"},{"Bounds":{"bottom":1165,"left":36,"right":164,"top":1131},"Classname":"android.view.View","Packagename":"cn.amazon.mShop.android","Text":"￥104.66"},{"Bounds":{"bottom":1182,"left":36,"right":684,"top":1181},"Classname":"android.view.View","Packagename":"cn.amazon.mShop.android","Text":"查看更多相似商品 "},{"Bounds":{"bottom":1182,"left":502,"right":704,"top":1117},"Classname":"android.view.View","Packagename":"cn.amazon.mShop.android","Text":""},{"Bounds":{"bottom":1165,"left":570,"right":610,"top":1131},"Classname":"android.widget.Image","Packagename":"cn.amazon.mShop.android","Text":""},{"Bounds":{"bottom":1165,"left":618,"right":636,"top":1131},"Classname":"android.view.View","Packagename":"cn.amazon.mShop.android","Text":"1"},{"Bounds":{"bottom":1182,"left":188,"right":532,"top":1181},"Classname":"android.view.View","Packagename":"cn.amazon.mShop.android","Text":"ref\u003ddiscover_asn_clk_best_selling_gl_book"},{"Bounds":{"bottom":1182,"left":36,"right":82,"top":1181},"Classname":"android.view.View","Packagename":"cn.amazon.mShop.android","Text":"畅销"},{"Bounds":{"bottom":1182,"left":36,"right":684,"top":1181},"Classname":"android.view.View","Packagename":"cn.amazon.mShop.android","Text":"高兴死了!!!"},{"Bounds":{"bottom":1182,"left":36,"right":198,"top":1181},"Classname":"android.view.View","Packagename":"cn.amazon.mShop.android","Text":""},{"Bounds":{"bottom":1182,"left":210,"right":262,"top":1181},"Classname":"android.view.View","Packagename":"cn.amazon.mShop.android","Text":"140"},{"Bounds":{"bottom":1182,"left":36,"right":146,"top":1181},"Classname":"android.view.View","Packagename":"cn.amazon.mShop.android","Text":"￥44.54"},{"Bounds":{"bottom":1182,"left":36,"right":684,"top":1181},"Classname":"android.view.View","Packagename":"cn.amazon.mShop.android","Text":"查看更多相似商品 "},{"Bounds":{"bottom":1182,"left":502,"right":704,"top":1181},"Classname":"android.view.View","Packagename":"cn.amazon.mShop.android","Text":""},{"Bounds":{"bottom":1182,"left":570,"right":610,"top":1181},"Classname":"android.widget.Image","Packagename":"cn.amazon.mShop.android","Text":""},{"Bounds":{"bottom":1182,"left":618,"right":636,"top":1181},"Classname":"android.view.View","Packagename":"cn.amazon.mShop.android","Text":"8"},{"Bounds":{"bottom":1182,"left":160,"right":560,"top":1181},"Classname":"android.view.View","Packagename":"cn.amazon.mShop.android","Text":"ref\u003ddiscover_asn_clk_editors_choice_gl_jewelry"},{"Bounds":{"bottom":1182,"left":36,"right":268,"top":1181},"Classname":"android.view.View","Packagename":"cn.amazon.mShop.android","Text":"香港/保税仓 · 新品上架"},{"Bounds":{"bottom":1182,"left":36,"right":684,"top":1181},"Classname":"android.view.View","Packagename":"cn.amazon.mShop.android","Text":"PANDORA 潘多拉 女士醉人月夜925银串珠 791725NMB （丹麦品..."},{"Bounds":{"bottom":1182,"left":36,"right":276,"top":1181},"Classname":"android.view.View","Packagename":"cn.amazon.mShop.android","Text":"海洋之心，醉人月夜蓝。"},{"Bounds":{"bottom":1182,"left":286,"right":310,"top":1181},"Classname":"android.widget.Image","Packagename":"cn.amazon.mShop.android","Text":""},{"Bounds":{"bottom":1182,"left":320,"right":368,"top":1181},"Classname":"android.view.View","Packagename":"cn.amazon.mShop.android","Text":"更多"},{"Bounds":{"bottom":1182,"left":36,"right":198,"top":1181},"Classname":"android.view.View","Packagename":"cn.amazon.mShop.android","Text":""},{"Bounds":{"bottom":1182,"left":210,"right":228,"top":1181},"Classname":"android.view.View","Packagename":"cn.amazon.mShop.android","Text":"1"},{"Bounds":{"bottom":1182,"left":36,"right":164,"top":1181},"Classname":"android.view.View","Packagename":"cn.amazon.mShop.android","Text":"￥414.82"},{"Bounds":{"bottom":1182,"left":36,"right":684,"top":1181},"Classname":"android.view.View","Packagename":"cn.amazon.mShop.android","Text":"查看更多相似商品 "},{"Bounds":{"bottom":1182,"left":502,"right":704,"top":1181},"Classname":"android.view.View","Packagename":"cn.amazon.mShop.android","Text":""},{"Bounds":{"bottom":1182,"left":570,"right":610,"top":1181},"Classname":"android.widget.Image","Packagename":"cn.amazon.mShop.android","Text":""},{"Bounds":{"bottom":1182,"left":618,"right":652,"top":1181},"Classname":"android.view.View","Packagename":"cn.amazon.mShop.android","Text":"17"},{"Bounds":{"bottom":1182,"left":16,"right":704,"top":1181},"Classname":"android.view.View","Packagename":"cn.amazon.mShop.android","Text":"一觉醒来，世界有什么新变化？ 拥有知识和智慧的人，定能从容应对这个变化的世界。 "},{"Bounds":{"bottom":1182,"left":502,"right":704,"top":1181},"Classname":"android.view.View","Packagename":"cn.amazon.mShop.android","Text":""},{"Bounds":{"bottom":1182,"left":570,"right":610,"top":1181},"Classname":"android.widget.Image","Packagename":"cn.amazon.mShop.android","Text":""},{"Bounds":{"bottom":1182,"left":618,"right":652,"top":1181},"Classname":"android.view.View","Packagename":"cn.amazon.mShop.android","Text":"13"},{"Bounds":{"bottom":1182,"left":16,"right":704,"top":1181},"Classname":"android.view.View","Packagename":"cn.amazon.mShop.android","Text":"袖扣中的艺术品——机械袖扣 绅士的心机，都在这款袖扣里了。 "},{"Bounds":{"bottom":1182,"left":502,"right":704,"top":1181},"Classname":"android.view.View","Packagename":"cn.amazon.mShop.android","Text":""},{"Bounds":{"bottom":1182,"left":570,"right":610,"top":1181},"Classname":"android.widget.Image","Packagename":"cn.amazon.mShop.android","Text":""},{"Bounds":{"bottom":1182,"left":618,"right":652,"top":1181},"Classname":"android.view.View","Packagename":"cn.amazon.mShop.android","Text":"96"},{"Bounds":{"bottom":1182,"left":16,"right":704,"top":1181},"Classname":"android.view.View","Packagename":"cn.amazon.mShop.android","Text":"成长伴读 | 同漫威英雄一起成长 【亚马逊成长伴读】孩子的阅读“饥饿感”在14岁之前形... "},{"Bounds":{"bottom":1182,"left":502,"right":704,"top":1181},"Classname":"android.view.View","Packagename":"cn.amazon.mShop.android","Text":""},{"Bounds":{"bottom":1182,"left":570,"right":610,"top":1181},"Classname":"android.widget.Image","Packagename":"cn.amazon.mShop.android","Text":""},{"Bounds":{"bottom":1182,"left":618,"right":668,"top":1181},"Classname":"android.view.View","Packagename":"cn.amazon.mShop.android","Text":"819"},{"Bounds":{"bottom":1182,"left":0,"right":720,"top":1181},"Classname":"android.view.View","Packagename":"cn.amazon.mShop.android","Text":"日本知名内衣丝袜品牌 "},{"Bounds":{"bottom":1182,"left":502,"right":704,"top":1181},"Classname":"android.view.View","Packagename":"cn.amazon.mShop.android","Text":""},{"Bounds":{"bottom":1182,"left":570,"right":610,"top":1181},"Classname":"android.widget.Image","Packagename":"cn.amazon.mShop.android","Text":""},{"Bounds":{"bottom":1182,"left":618,"right":668,"top":1181},"Classname":"android.view.View","Packagename":"cn.amazon.mShop.android","Text":"117"},{"Bounds":{"bottom":1182,"left":330,"right":390,"top":1181},"Classname":"android.view.View","Packagename":"cn.amazon.mShop.android","Text":""},{"Bounds":{"bottom":145,"left":0,"right":720,"top":143},"Classname":"android.view.View","Packagename":"cn.amazon.mShop.android","Text":""},{"Bounds":{"bottom":145,"left":568,"right":624,"top":143},"Classname":"android.widget.Image","Packagename":"cn.amazon.mShop.android","Text":""},{"Bounds":{"bottom":1182,"left":0,"right":720,"top":1181},"Classname":"android.view.View","Packagename":"cn.amazon.mShop.android","Text":""},{"Bounds":{"bottom":1280,"left":0,"right":180,"top":1184},"Classname":"android.widget.RadioButton","Packagename":"cn.amazon.mShop.android","Text":"首页"},{"Bounds":{"bottom":1280,"left":180,"right":360,"top":1184},"Classname":"android.widget.RadioButton","Packagename":"cn.amazon.mShop.android","Text":"品类"},{"Bounds":{"bottom":1280,"left":360,"right":540,"top":1184},"Classname":"android.widget.RadioButton","Packagename":"cn.amazon.mShop.android","Text":"发现"},{"Bounds":{"bottom":1280,"left":540,"right":720,"top":1184},"Classname":"android.widget.RadioButton","Packagename":"cn.amazon.mShop.android","Text":"我的"}],"packagename":"com.example.a10628.myapplication","width":1080}