{"events":[{"eventname":"TYPE_VIEW_CLICKED","source":{"Bounds":{"bottom":701,"left":0,"right":720,"top":486},"Classname":"android.widget.RelativeLayout","Packagename":"com.justwayward.readerer","Text":""}},{"eventname":"TYPE_WINDOW_STATE_CHANGED","source":{"Bounds":{"bottom":1280,"left":0,"right":720,"top":0},"Classname":"android.widget.FrameLayout","Packagename":"com.justwayward.readerer","Text":""}}],"height":1920,"hovertime":2592,"nodes":[{"Bounds":{"bottom":160,"left":0,"right":112,"top":48},"Classname":"android.widget.ImageButton","Packagename":"com.justwayward.readerer","Text":""},{"Bounds":{"bottom":131,"left":120,"right":280,"top":77},"Classname":"android.widget.TextView","Packagename":"com.justwayward.readerer","Text":"游戏竞技"},{"Bounds":{"bottom":152,"left":544,"right":720,"top":56},"Classname":"android.widget.TextView","Packagename":"com.justwayward.readerer","Text":"游戏竞技"},{"Bounds":{"bottom":270,"left":0,"right":180,"top":160},"Classname":"android.widget.TextView","Packagename":"com.justwayward.readerer","Text":"新书"},{"Bounds":{"bottom":270,"left":180,"right":360,"top":160},"Classname":"android.widget.TextView","Packagename":"com.justwayward.readerer","Text":"热门"},{"Bounds":{"bottom":270,"left":360,"right":540,"top":160},"Classname":"android.widget.TextView","Packagename":"com.justwayward.readerer","Text":"口碑"},{"Bounds":{"bottom":270,"left":540,"right":720,"top":160},"Classname":"android.widget.TextView","Packagename":"com.justwayward.readerer","Text":"完结"},{"Bounds":{"bottom":333,"left":850,"right":720,"top":290},"Classname":"android.widget.TextView","Packagename":"com.justwayward.readerer","Text":"这个大神开外挂"},{"Bounds":{"bottom":377,"left":850,"right":720,"top":339},"Classname":"android.widget.TextView","Packagename":"com.justwayward.readerer","Text":"呆萌的萝卜 | 游戏竞技"},{"Bounds":{"bottom":421,"left":850,"right":720,"top":383},"Classname":"android.widget.TextView","Packagename":"com.justwayward.readerer","Text":"重生第一天，叶小飞撞瘪了班花的胸，看光了她的身子。 第二天，他摸了中国区最强美女公会老大的屁股，抢了她的BOSS。 后来，在世界大赛上，人们看到叶小飞从裤裆里掏出一把巨型狼牙棒，扯着鸭脖嗓子大吼一声“变羊术”，SKT职业战队五个人全都吓尿了…… 本书主角骚得卑鄙，浪得飞起，请在未满十八岁妹子陪同下观看！"},{"Bounds":{"bottom":465,"left":850,"right":720,"top":427},"Classname":"android.widget.TextView","Packagename":"com.justwayward.readerer","Text":"2388人在追 |  35.28%读者留存"},{"Bounds":{"bottom":1197,"left":850,"right":720,"top":1154},"Classname":"android.widget.TextView","Packagename":"com.justwayward.readerer","Text":"网游之机械时代"},{"Bounds":{"bottom":1241,"left":850,"right":720,"top":1203},"Classname":"android.widget.TextView","Packagename":"com.justwayward.readerer","Text":"萌的我一脸 | 游戏竞技"},{"Bounds":{"bottom":1280,"left":850,"right":720,"top":1247},"Classname":"android.widget.TextView","Packagename":"com.justwayward.readerer","Text":"重生一世，北溪回到游戏做起了萌萌哒的机械师小萝莉。\r\n　　双枪重炮，人形萝莉召唤兽，霸气的黄金加特林...一人颠覆整个时代。\r\n　　“我要重现机械师的辉煌。”\r\n　　这是机械的时代，亦是你们的时代。－－－－致所有的机械师玩家！\r\n　　PS：求各种推荐票各种收藏各种打赏各种票票...."},{"Bounds":{"bottom":333,"left":1570,"right":720,"top":290},"Classname":"android.widget.TextView","Packagename":"com.justwayward.readerer","Text":"快穿王者荣耀：英雄，你躺好！"},{"Bounds":{"bottom":377,"left":1570,"right":720,"top":339},"Classname":"android.widget.TextView","Packagename":"com.justwayward.readerer","Text":"柳如痴 | 游戏竞技"},{"Bounds":{"bottom":421,"left":1570,"right":720,"top":383},"Classname":"android.widget.TextView","Packagename":"com.justwayward.readerer","Text":"阮萌只是打个王者，结果死了。死了就死了，结果还被一个莫名其妙的系统选中去各个位面平息英雄们的“怨气”。平息就平息，最后都发展成恋爱攻略是什么鬼。韩跳跳，我不是男人也不是人鱼，拒绝搞基。赵子龙，就算是你的影子我也是有尊严的，别靠过来。李白哥哥，你是凤我是凰凑一对多好，能不拔剑么？……最后，系统你告诉我，为什么你是鲁班七号？【相信科学！玩家智障250！】"},{"Bounds":{"bottom":465,"left":1570,"right":720,"top":427},"Classname":"android.widget.TextView","Packagename":"com.justwayward.readerer","Text":"1759人在追 |  42.2%读者留存"},{"Bounds":{"bottom":549,"left":1570,"right":720,"top":506},"Classname":"android.widget.TextView","Packagename":"com.justwayward.readerer","Text":"网游之机械时代"},{"Bounds":{"bottom":593,"left":1570,"right":720,"top":555},"Classname":"android.widget.TextView","Packagename":"com.justwayward.readerer","Text":"萌的我一脸 | 游戏竞技"},{"Bounds":{"bottom":637,"left":1570,"right":720,"top":599},"Classname":"android.widget.TextView","Packagename":"com.justwayward.readerer","Text":"重生一世，北溪回到游戏做起了萌萌哒的机械师小萝莉。\r\n　　双枪重炮，人形萝莉召唤兽，霸气的黄金加特林...一人颠覆整个时代。\r\n　　“我要重现机械师的辉煌。”\r\n　　这是机械的时代，亦是你们的时代。－－－－致所有的机械师玩家！\r\n　　PS：求各种推荐票各种收藏各种打赏各种票票...."},{"Bounds":{"bottom":681,"left":1570,"right":720,"top":643},"Classname":"android.widget.TextView","Packagename":"com.justwayward.readerer","Text":"869人在追 |  38.54%读者留存"},{"Bounds":{"bottom":765,"left":1570,"right":720,"top":722},"Classname":"android.widget.TextView","Packagename":"com.justwayward.readerer","Text":"快穿王者：英雄，开黑吗！"},{"Bounds":{"bottom":809,"left":1570,"right":720,"top":771},"Classname":"android.widget.TextView","Packagename":"com.justwayward.readerer","Text":"安墨安 | 游戏竞技"},{"Bounds":{"bottom":853,"left":1570,"right":720,"top":815},"Classname":"android.widget.TextView","Packagename":"com.justwayward.readerer","Text":"【原书名：《快穿：王者荣耀》】我还是很喜欢你，像臣民等待王朝复辟，遥遥无期。我还是很喜欢你，像星辰奔波亿万年黑夜，不诉怨语。我还是很喜欢你，像春宵红帐的入梦无息，犹恐念起。女主不小白不软萌，尽量写到所有英雄。"},{"Bounds":{"bottom":897,"left":1570,"right":720,"top":859},"Classname":"android.widget.TextView","Packagename":"com.justwayward.readerer","Text":"343人在追 |  37.28%读者留存"},{"Bounds":{"bottom":981,"left":1570,"right":720,"top":938},"Classname":"android.widget.TextView","Packagename":"com.justwayward.readerer","Text":"这个大神开外挂"},{"Bounds":{"bottom":1025,"left":1570,"right":720,"top":987},"Classname":"android.widget.TextView","Packagename":"com.justwayward.readerer","Text":"呆萌的萝卜 | 游戏竞技"},{"Bounds":{"bottom":1069,"left":1570,"right":720,"top":1031},"Classname":"android.widget.TextView","Packagename":"com.justwayward.readerer","Text":"重生第一天，叶小飞撞瘪了班花的胸，看光了她的身子。 第二天，他摸了中国区最强美女公会老大的屁股，抢了她的BOSS。 后来，在世界大赛上，人们看到叶小飞从裤裆里掏出一把巨型狼牙棒，扯着鸭脖嗓子大吼一声“变羊术”，SKT职业战队五个人全都吓尿了…… 本书主角骚得卑鄙，浪得飞起，请在未满十八岁妹子陪同下观看！"},{"Bounds":{"bottom":1113,"left":1570,"right":720,"top":1075},"Classname":"android.widget.TextView","Packagename":"com.justwayward.readerer","Text":"2388人在追 |  35.28%读者留存"},{"Bounds":{"bottom":1197,"left":1570,"right":720,"top":1154},"Classname":"android.widget.TextView","Packagename":"com.justwayward.readerer","Text":"电竞男神是女生：洛爷，狠强势"},{"Bounds":{"bottom":1241,"left":1570,"right":720,"top":1203},"Classname":"android.widget.TextView","Packagename":"com.justwayward.readerer","Text":"东南雀 | 游戏竞技"},{"Bounds":{"bottom":1280,"left":1570,"right":720,"top":1247},"Classname":"android.widget.TextView","Packagename":"com.justwayward.readerer","Text":"堂堂帝国黑客，却被某军区的少将盯上了。“少将大人，你以为自己很强吗？”“确实不强！”一晚过后，“你觉得我现在强了吗？”“臭不要脸。”“你不是说最喜欢臭不要脸的吗？”（简介无能，本文宠文，不宠你们虐我好了，男女主身心干净。）"},{"Bounds":{"bottom":1280,"left":1570,"right":720,"top":1291},"Classname":"android.widget.TextView","Packagename":"com.justwayward.readerer","Text":"1881人在追 |  28.48%读者留存"}],"packagename":"com.example.a10628.myapplication","width":1080}