{"events":[{"eventname":"TYPE_VIEW_SCROLLED","source":{"Bounds":{"bottom":1184,"left":0,"right":720,"top":48},"Classname":"android.support.v7.widget.RecyclerView","Packagename":"com.tmall.wireless","Text":""}},{"eventname":"TYPE_VIEW_CLICKED","source":{"Bounds":{"bottom":614,"left":253,"right":466,"top":289},"Classname":"android.widget.RelativeLayout","Packagename":"com.tmall.wireless","Text":""}},{"eventname":"TYPE_WINDOW_STATE_CHANGED","source":{"Bounds":{"bottom":1280,"left":0,"right":720,"top":0},"Classname":"android.widget.FrameLayout","Packagename":"com.tmall.wireless","Text":""}}],"height":1920,"hovertime":1318,"nodes":[{"Bounds":{"bottom":39,"left":312,"right":408,"top":48},"Classname":"android.widget.TextView","Packagename":"com.tmall.wireless","Text":"下拉刷新"},{"Bounds":{"bottom":-422,"left":158,"right":522,"top":48},"Classname":"android.widget.TextView","Packagename":"com.tmall.wireless","Text":"Skyworth 创维"},{"Bounds":{"bottom":-378,"left":158,"right":522,"top":48},"Classname":"android.widget.TextView","Packagename":"com.tmall.wireless","Text":"中国 | 凝聚健康科技"},{"Bounds":{"bottom":-403,"left":542,"right":670,"top":48},"Classname":"android.widget.TextView","Packagename":"com.tmall.wireless","Text":"进入品牌"},{"Bounds":{"bottom":-39,"left":30,"right":210,"top":48},"Classname":"android.widget.TextView","Packagename":"com.tmall.wireless","Text":"创维原装电视挂架 L-WH04 适合32/40/42/43/49/50/55/60吋通用架"},{"Bounds":{"bottom":-1,"left":30,"right":82,"top":48},"Classname":"android.widget.TextView","Packagename":"com.tmall.wireless","Text":"￥59"},{"Bounds":{"bottom":-39,"left":253,"right":433,"top":48},"Classname":"android.widget.TextView","Packagename":"com.tmall.wireless","Text":"Skyworth/创维 BCD-203T 冰箱三门家用小型电冰箱三开门冷藏静音"},{"Bounds":{"bottom":-1,"left":253,"right":327,"top":48},"Classname":"android.widget.TextView","Packagename":"com.tmall.wireless","Text":"￥1199"},{"Bounds":{"bottom":-39,"left":476,"right":656,"top":48},"Classname":"android.widget.TextView","Packagename":"com.tmall.wireless","Text":"Skyworth/创维 42E5ERS 42吋平板高清液晶平板电视机 40"},{"Bounds":{"bottom":-1,"left":476,"right":553,"top":48},"Classname":"android.widget.TextView","Packagename":"com.tmall.wireless","Text":"￥1999"},{"Bounds":{"bottom":193,"left":158,"right":522,"top":141},"Classname":"android.widget.TextView","Packagename":"com.tmall.wireless","Text":"Motorola 摩托罗拉"},{"Bounds":{"bottom":237,"left":192,"right":522,"top":193},"Classname":"android.widget.TextView","Packagename":"com.tmall.wireless","Text":"美国 | 定义模块化手机"},{"Bounds":{"bottom":212,"left":542,"right":670,"top":166},"Classname":"android.widget.TextView","Packagename":"com.tmall.wireless","Text":"进入品牌"},{"Bounds":{"bottom":576,"left":30,"right":210,"top":512},"Classname":"android.widget.TextView","Packagename":"com.tmall.wireless","Text":"摩托罗拉凯益星smp218对讲机 自驾游民用手持式手台送耳机"},{"Bounds":{"bottom":614,"left":30,"right":93,"top":581},"Classname":"android.widget.TextView","Packagename":"com.tmall.wireless","Text":"￥170"},{"Bounds":{"bottom":576,"left":253,"right":433,"top":512},"Classname":"android.widget.TextView","Packagename":"com.tmall.wireless","Text":"摩托罗拉对讲机SMP418民用50公里户外机电台手台大功率对讲器迷你"},{"Bounds":{"bottom":614,"left":253,"right":319,"top":581},"Classname":"android.widget.TextView","Packagename":"com.tmall.wireless","Text":"￥360"},{"Bounds":{"bottom":576,"left":476,"right":656,"top":512},"Classname":"android.widget.TextView","Packagename":"com.tmall.wireless","Text":"摩托罗拉对讲机T8 商务办公餐厅功率对讲手持机民用手台免执照"},{"Bounds":{"bottom":614,"left":476,"right":542,"top":581},"Classname":"android.widget.TextView","Packagename":"com.tmall.wireless","Text":"￥499"},{"Bounds":{"bottom":809,"left":158,"right":522,"top":757},"Classname":"android.widget.TextView","Packagename":"com.tmall.wireless","Text":"Sanyo 三洋"},{"Bounds":{"bottom":853,"left":192,"right":522,"top":809},"Classname":"android.widget.TextView","Packagename":"com.tmall.wireless","Text":"日本 | 三洋，健康洗衣专家"},{"Bounds":{"bottom":828,"left":542,"right":670,"top":782},"Classname":"android.widget.TextView","Packagename":"com.tmall.wireless","Text":"进入品牌"},{"Bounds":{"bottom":1184,"left":30,"right":210,"top":1128},"Classname":"android.widget.TextView","Packagename":"com.tmall.wireless","Text":"Sanyo/三洋 XQB70-S750Z 7公斤静音迷你小型洗衣机波轮全自动家用"},{"Bounds":{"bottom":1184,"left":30,"right":96,"top":1197},"Classname":"android.widget.TextView","Packagename":"com.tmall.wireless","Text":"￥949"},{"Bounds":{"bottom":1184,"left":253,"right":433,"top":1128},"Classname":"android.widget.TextView","Packagename":"com.tmall.wireless","Text":"Sanyo/三洋 WT8655YM0S 8KG超音波大容量波轮 全自动家用洗衣机"},{"Bounds":{"bottom":1184,"left":253,"right":330,"top":1197},"Classname":"android.widget.TextView","Packagename":"com.tmall.wireless","Text":"￥1049"},{"Bounds":{"bottom":1184,"left":476,"right":656,"top":1128},"Classname":"android.widget.TextView","Packagename":"com.tmall.wireless","Text":"Sanyo/三洋 WF810320BS0S 8公斤变频家用洗衣机大容量全自动滚筒"},{"Bounds":{"bottom":1184,"left":476,"right":553,"top":1197},"Classname":"android.widget.TextView","Packagename":"com.tmall.wireless","Text":"￥1899"},{"Bounds":{"bottom":120,"left":30,"right":74,"top":76},"Classname":"android.widget.TextView","Packagename":"com.tmall.wireless","Text":""},{"Bounds":{"bottom":120,"left":324,"right":396,"top":70},"Classname":"android.widget.TextView","Packagename":"com.tmall.wireless","Text":"品牌"},{"Bounds":{"bottom":120,"left":658,"right":720,"top":48},"Classname":"android.widget.TextView","Packagename":"com.tmall.wireless","Text":""},{"Bounds":{"bottom":1174,"left":602,"right":694,"top":1082},"Classname":"android.widget.ImageView","Packagename":"com.tmall.wireless","Text":""},{"Bounds":{"bottom":1280,"left":0,"right":144,"top":1184},"Classname":"android.view.View","Packagename":"com.tmall.wireless","Text":""},{"Bounds":{"bottom":1243,"left":45,"right":99,"top":1189},"Classname":"android.widget.TextView","Packagename":"com.tmall.wireless","Text":""},{"Bounds":{"bottom":1270,"left":52,"right":92,"top":1243},"Classname":"android.widget.TextView","Packagename":"com.tmall.wireless","Text":"精选"},{"Bounds":{"bottom":1280,"left":144,"right":288,"top":1184},"Classname":"android.view.View","Packagename":"com.tmall.wireless","Text":""},{"Bounds":{"bottom":1243,"left":189,"right":243,"top":1189},"Classname":"android.widget.TextView","Packagename":"com.tmall.wireless","Text":""},{"Bounds":{"bottom":1270,"left":196,"right":236,"top":1243},"Classname":"android.widget.TextView","Packagename":"com.tmall.wireless","Text":"品牌"},{"Bounds":{"bottom":1280,"left":288,"right":432,"top":1184},"Classname":"android.view.View","Packagename":"com.tmall.wireless","Text":""},{"Bounds":{"bottom":1243,"left":333,"right":387,"top":1189},"Classname":"android.widget.TextView","Packagename":"com.tmall.wireless","Text":""},{"Bounds":{"bottom":1270,"left":340,"right":380,"top":1243},"Classname":"android.widget.TextView","Packagename":"com.tmall.wireless","Text":"会员"},{"Bounds":{"bottom":1280,"left":432,"right":576,"top":1184},"Classname":"android.view.View","Packagename":"com.tmall.wireless","Text":""},{"Bounds":{"bottom":1243,"left":477,"right":531,"top":1189},"Classname":"android.widget.TextView","Packagename":"com.tmall.wireless","Text":""},{"Bounds":{"bottom":1270,"left":474,"right":534,"top":1243},"Classname":"android.widget.TextView","Packagename":"com.tmall.wireless","Text":"购物车"},{"Bounds":{"bottom":1280,"left":576,"right":720,"top":1184},"Classname":"android.view.View","Packagename":"com.tmall.wireless","Text":""},{"Bounds":{"bottom":1243,"left":621,"right":675,"top":1189},"Classname":"android.widget.TextView","Packagename":"com.tmall.wireless","Text":""},{"Bounds":{"bottom":1270,"left":638,"right":658,"top":1243},"Classname":"android.widget.TextView","Packagename":"com.tmall.wireless","Text":"我"}],"packagename":"com.example.a10628.myapplication","width":1080}