{"events":[{"eventname":"TYPE_VIEW_SCROLLED","source":{"Bounds":{"bottom":1280,"left":0,"right":720,"top":259},"Classname":"android.widget.ListView","Packagename":"cn.amazon.mShop.android","Text":""}},{"eventname":"TYPE_VIEW_SCROLLED","source":{"Bounds":{"bottom":1280,"left":0,"right":720,"top":259},"Classname":"android.widget.ListView","Packagename":"cn.amazon.mShop.android","Text":""}}],"height":1920,"hovertime":12781,"nodes":[{"Bounds":{"bottom":140,"left":0,"right":92,"top":48},"Classname":"android.widget.LinearLayout","Packagename":"cn.amazon.mShop.android","Text":""},{"Bounds":{"bottom":120,"left":300,"right":420,"top":68},"Classname":"android.widget.ImageView","Packagename":"cn.amazon.mShop.android","Text":""},{"Bounds":{"bottom":140,"left":532,"right":624,"top":48},"Classname":"android.widget.ImageButton","Packagename":"cn.amazon.mShop.android","Text":""},{"Bounds":{"bottom":140,"left":624,"right":716,"top":48},"Classname":"android.widget.ImageView","Packagename":"cn.amazon.mShop.android","Text":""},{"Bounds":{"bottom":140,"left":656,"right":684,"top":62},"Classname":"android.widget.TextView","Packagename":"cn.amazon.mShop.android","Text":"0"},{"Bounds":{"bottom":243,"left":16,"right":704,"top":159},"Classname":"android.widget.EditText","Packagename":"cn.amazon.mShop.android","Text":"搜索商品"},{"Bounds":{"bottom":160,"left":703,"right":704,"top":159},"Classname":"android.widget.Button","Packagename":"cn.amazon.mShop.android","Text":""},{"Bounds":{"bottom":236,"left":622,"right":704,"top":166},"Classname":"android.widget.ImageView","Packagename":"cn.amazon.mShop.android","Text":""},{"Bounds":{"bottom":163,"left":233,"right":710,"top":259},"Classname":"android.widget.TextView","Packagename":"cn.amazon.mShop.android","Text":"Bose QuietComfort QC25 有源消噪 头戴式耳机-Samsung及Android版本-黑色 (有线)"},{"Bounds":{"bottom":201,"left":233,"right":295,"top":259},"Classname":"android.widget.TextView","Packagename":"cn.amazon.mShop.android","Text":"Bose"},{"Bounds":{"bottom":246,"left":233,"right":379,"top":259},"Classname":"android.widget.TextView","Packagename":"cn.amazon.mShop.android","Text":"￥1,299.00 "},{"Bounds":{"bottom":243,"left":379,"right":464,"top":259},"Classname":"android.widget.TextView","Packagename":"cn.amazon.mShop.android","Text":"符合尊榮方案條件"},{"Bounds":{"bottom":288,"left":233,"right":418,"top":259},"Classname":"android.widget.TextView","Packagename":"cn.amazon.mShop.android","Text":"4.0 明星 (87)"},{"Bounds":{"bottom":323,"left":233,"right":325,"top":291},"Classname":"android.widget.TextView","Packagename":"cn.amazon.mShop.android","Text":"更多选项"},{"Bounds":{"bottom":432,"left":233,"right":710,"top":366},"Classname":"android.widget.TextView","Packagename":"cn.amazon.mShop.android","Text":"SONY 索尼 wi-1000 X 无线入耳式降噪高分辨率耳机带活动识别 10 小时电池寿命"},{"Bounds":{"bottom":470,"left":233,"right":357,"top":432},"Classname":"android.widget.TextView","Packagename":"cn.amazon.mShop.android","Text":"Sony 索尼"},{"Bounds":{"bottom":515,"left":233,"right":379,"top":477},"Classname":"android.widget.TextView","Packagename":"cn.amazon.mShop.android","Text":"￥1,443.33 "},{"Bounds":{"bottom":512,"left":379,"right":464,"top":487},"Classname":"android.widget.TextView","Packagename":"cn.amazon.mShop.android","Text":"符合尊榮方案條件"},{"Bounds":{"bottom":557,"left":233,"right":406,"top":525},"Classname":"android.widget.TextView","Packagename":"cn.amazon.mShop.android","Text":"5.0 明星 (1)"},{"Bounds":{"bottom":592,"left":233,"right":325,"top":560},"Classname":"android.widget.TextView","Packagename":"cn.amazon.mShop.android","Text":"更多选项"},{"Bounds":{"bottom":654,"left":233,"right":710,"top":588},"Classname":"android.widget.TextView","Packagename":"cn.amazon.mShop.android","Text":"AKG N20 NC 入耳式主动降噪耳机 黑 AKGN20NCBLK"},{"Bounds":{"bottom":692,"left":233,"right":379,"top":654},"Classname":"android.widget.TextView","Packagename":"cn.amazon.mShop.android","Text":"AKG 爱科技"},{"Bounds":{"bottom":737,"left":233,"right":356,"top":699},"Classname":"android.widget.TextView","Packagename":"cn.amazon.mShop.android","Text":"￥786.45 "},{"Bounds":{"bottom":734,"left":356,"right":441,"top":709},"Classname":"android.widget.TextView","Packagename":"cn.amazon.mShop.android","Text":"符合尊榮方案條件"},{"Bounds":{"bottom":779,"left":233,"right":418,"top":747},"Classname":"android.widget.TextView","Packagename":"cn.amazon.mShop.android","Text":"4.2 明星 (29)"},{"Bounds":{"bottom":964,"left":233,"right":710,"top":898},"Classname":"android.widget.TextView","Packagename":"cn.amazon.mShop.android","Text":"Marshall 马歇尔 Monitor Bluetooth_Black 头戴式无线蓝牙耳机 监听耳机 线控 黑色"},{"Bounds":{"bottom":1002,"left":233,"right":430,"top":964},"Classname":"android.widget.TextView","Packagename":"cn.amazon.mShop.android","Text":"Marshall 马歇尔"},{"Bounds":{"bottom":994,"left":233,"right":356,"top":956},"Classname":"android.widget.TextView","Packagename":"cn.amazon.mShop.android","Text":"￥676.92 "},{"Bounds":{"bottom":984,"left":356,"right":441,"top":959},"Classname":"android.widget.TextView","Packagename":"cn.amazon.mShop.android","Text":"符合尊榮方案條件"},{"Bounds":{"bottom":1089,"left":233,"right":406,"top":1057},"Classname":"android.widget.TextView","Packagename":"cn.amazon.mShop.android","Text":"4.8 明星 (8)"},{"Bounds":{"bottom":1124,"left":233,"right":325,"top":1092},"Classname":"android.widget.TextView","Packagename":"cn.amazon.mShop.android","Text":"更多选项"},{"Bounds":{"bottom":1233,"left":233,"right":710,"top":1167},"Classname":"android.widget.TextView","Packagename":"cn.amazon.mShop.android","Text":"SoundPEATS Q30 磁性无线 蓝牙耳机 IPX6 防水防汗耳机 内置麦克风 兼容苹果安卓等设备 入耳式 蓝牙耳机 "},{"Bounds":{"bottom":1271,"left":233,"right":396,"top":1233},"Classname":"android.widget.TextView","Packagename":"cn.amazon.mShop.android","Text":"SoundPEATS"},{"Bounds":{"bottom":1280,"left":233,"right":356,"top":1278},"Classname":"android.widget.TextView","Packagename":"cn.amazon.mShop.android","Text":"￥185.00 "},{"Bounds":{"bottom":1280,"left":356,"right":441,"top":1288},"Classname":"android.widget.TextView","Packagename":"cn.amazon.mShop.android","Text":"符合尊榮方案條件"},{"Bounds":{"bottom":1280,"left":233,"right":418,"top":1326},"Classname":"android.widget.TextView","Packagename":"cn.amazon.mShop.android","Text":"4.6 明星 (28)"},{"Bounds":{"bottom":331,"left":10,"right":271,"top":270},"Classname":"android.widget.TextView","Packagename":"cn.amazon.mShop.android","Text":"超过10,000个结果"},{"Bounds":{"bottom":342,"left":440,"right":522,"top":260},"Classname":"android.widget.ImageView","Packagename":"cn.amazon.mShop.android","Text":""},{"Bounds":{"bottom":343,"left":533,"right":720,"top":259},"Classname":"android.widget.TextView","Packagename":"cn.amazon.mShop.android","Text":"筛选 (1)"}],"packagename":"com.example.a10628.myapplication","width":1080}