{"events":[{"eventname":"TYPE_VIEW_SCROLLED","source":{"Bounds":{"bottom":1183,"left":0,"right":720,"top":48},"Classname":"android.widget.ListView","Packagename":"com.tmall.wireless","Text":""}},{"eventname":"TYPE_VIEW_SCROLLED","source":{"Bounds":{"bottom":1183,"left":0,"right":720,"top":48},"Classname":"android.widget.ListView","Packagename":"com.tmall.wireless","Text":""}},{"eventname":"TYPE_VIEW_SCROLLED","source":{"Bounds":{"bottom":1183,"left":0,"right":720,"top":48},"Classname":"android.widget.ListView","Packagename":"com.tmall.wireless","Text":""}}],"height":1920,"hovertime":2148,"nodes":[{"Bounds":{"bottom":6,"left":24,"right":151,"top":48},"Classname":"android.widget.TextView","Packagename":"com.tmall.wireless","Text":"至雕庄街道:"},{"Bounds":{"bottom":8,"left":161,"right":572,"top":48},"Classname":"android.widget.TextView","Packagename":"com.tmall.wireless","Text":"次日达 17:59前付款，承诺5月14日送达"},{"Bounds":{"bottom":8,"left":668,"right":696,"top":48},"Classname":"android.widget.TextView","Packagename":"com.tmall.wireless","Text":""},{"Bounds":{"bottom":50,"left":189,"right":405,"top":48},"Classname":"android.widget.TextView","Packagename":"com.tmall.wireless","Text":"天猫保障的配送服务"},{"Bounds":{"bottom":50,"left":409,"right":437,"top":48},"Classname":"android.widget.TextView","Packagename":"com.tmall.wireless","Text":""},{"Bounds":{"bottom":71,"left":0,"right":720,"top":70},"Classname":"android.widget.LinearLayout","Packagename":"com.tmall.wireless","Text":""},{"Bounds":{"bottom":50,"left":24,"right":24,"top":50},"Classname":"android.widget.TextView","Packagename":"com.tmall.wireless","Text":""},{"Bounds":{"bottom":50,"left":38,"right":24,"top":50},"Classname":"android.widget.TextView","Packagename":"com.tmall.wireless","Text":"七天退换"},{"Bounds":{"bottom":74,"left":24,"right":120,"top":50},"Classname":"android.widget.TextView","Packagename":"com.tmall.wireless","Text":"正品保证"},{"Bounds":{"bottom":66,"left":166,"right":174,"top":58},"Classname":"android.widget.TextView","Packagename":"com.tmall.wireless","Text":""},{"Bounds":{"bottom":74,"left":180,"right":276,"top":50},"Classname":"android.widget.TextView","Packagename":"com.tmall.wireless","Text":"极速退款"},{"Bounds":{"bottom":66,"left":322,"right":330,"top":58},"Classname":"android.widget.TextView","Packagename":"com.tmall.wireless","Text":""},{"Bounds":{"bottom":74,"left":336,"right":432,"top":50},"Classname":"android.widget.TextView","Packagename":"com.tmall.wireless","Text":"全国联保"},{"Bounds":{"bottom":66,"left":478,"right":486,"top":58},"Classname":"android.widget.TextView","Packagename":"com.tmall.wireless","Text":""},{"Bounds":{"bottom":74,"left":492,"right":588,"top":50},"Classname":"android.widget.TextView","Packagename":"com.tmall.wireless","Text":"赠运费险"},{"Bounds":{"bottom":76,"left":668,"right":696,"top":48},"Classname":"android.widget.TextView","Packagename":"com.tmall.wireless","Text":"ꁪ"},{"Bounds":{"bottom":177,"left":0,"right":720,"top":159},"Classname":"android.widget.LinearLayout","Packagename":"com.tmall.wireless","Text":""},{"Bounds":{"bottom":190,"left":24,"right":136,"top":104},"Classname":"android.widget.TextView","Packagename":"com.tmall.wireless","Text":"产品参数"},{"Bounds":{"bottom":161,"left":668,"right":696,"top":133},"Classname":"android.widget.TextView","Packagename":"com.tmall.wireless","Text":""},{"Bounds":{"bottom":264,"left":0,"right":720,"top":263},"Classname":"android.widget.LinearLayout","Packagename":"com.tmall.wireless","Text":""},{"Bounds":{"bottom":252,"left":24,"right":668,"top":214},"Classname":"android.widget.TextView","Packagename":"com.tmall.wireless","Text":"配送至：雕庄街道，选择颜色分类,套餐类型"},{"Bounds":{"bottom":233,"left":668,"right":668,"top":195},"Classname":"android.widget.TextView","Packagename":"com.tmall.wireless","Text":""},{"Bounds":{"bottom":228,"left":668,"right":696,"top":200},"Classname":"android.widget.TextView","Packagename":"com.tmall.wireless","Text":""},{"Bounds":{"bottom":366,"left":0,"right":720,"top":348},"Classname":"android.widget.LinearLayout","Packagename":"com.tmall.wireless","Text":""},{"Bounds":{"bottom":360,"left":0,"right":720,"top":274},"Classname":"android.widget.TextView","Packagename":"com.tmall.wireless","Text":"商品评价(400)"},{"Bounds":{"bottom":420,"left":24,"right":205,"top":360},"Classname":"android.widget.TextView","Packagename":"com.tmall.wireless","Text":"外观很赞(85)"},{"Bounds":{"bottom":404,"left":217,"right":422,"top":344},"Classname":"android.widget.TextView","Packagename":"com.tmall.wireless","Text":"运行速度快(48)"},{"Bounds":{"bottom":404,"left":434,"right":614,"top":344},"Classname":"android.widget.TextView","Packagename":"com.tmall.wireless","Text":"态度不错(45)"},{"Bounds":{"bottom":480,"left":24,"right":204,"top":420},"Classname":"android.widget.TextView","Packagename":"com.tmall.wireless","Text":"包装不错(36)"},{"Bounds":{"bottom":480,"left":216,"right":442,"top":420},"Classname":"android.widget.TextView","Packagename":"com.tmall.wireless","Text":"游戏娱乐不错(14)"},{"Bounds":{"bottom":480,"left":454,"right":656,"top":420},"Classname":"android.widget.TextView","Packagename":"com.tmall.wireless","Text":"键盘效果好(12)"},{"Bounds":{"bottom":558,"left":100,"right":144,"top":526},"Classname":"android.widget.TextView","Packagename":"com.tmall.wireless","Text":"y**1"},{"Bounds":{"bottom":654,"left":24,"right":696,"top":582},"Classname":"android.widget.TextView","Packagename":"com.tmall.wireless","Text":"今天收到笔记本就迫不及待的打开了！这是第二个雷神本了，颜值性感，高端大气上档次，价位也可以，不知道运行游戏如何！后面追评看！"},{"Bounds":{"bottom":702,"left":24,"right":156,"top":670},"Classname":"android.widget.TextView","Packagename":"com.tmall.wireless","Text":"2018-05-09"},{"Bounds":{"bottom":702,"left":180,"right":696,"top":670},"Classname":"android.widget.TextView","Packagename":"com.tmall.wireless","Text":"颜色分类:晖 金色;套餐类型:官方标配"},{"Bounds":{"bottom":790,"left":260,"right":460,"top":742},"Classname":"android.widget.TextView","Packagename":"com.tmall.wireless","Text":"查看全部评价"},{"Bounds":{"bottom":986,"left":0,"right":720,"top":968},"Classname":"android.widget.LinearLayout","Packagename":"com.tmall.wireless","Text":""},{"Bounds":{"bottom":943,"left":144,"right":382,"top":906},"Classname":"android.widget.TextView","Packagename":"com.tmall.wireless","Text":"thunderobot旗舰店"},{"Bounds":{"bottom":1103,"left":46,"right":142,"top":1025},"Classname":"android.widget.TextView","Packagename":"com.tmall.wireless","Text":"39\n全部宝贝"},{"Bounds":{"bottom":1103,"left":190,"right":286,"top":1025},"Classname":"android.widget.TextView","Packagename":"com.tmall.wireless","Text":"4\n上新宝贝"},{"Bounds":{"bottom":1093,"left":330,"right":433,"top":1015},"Classname":"android.widget.TextView","Packagename":"com.tmall.wireless","Text":"64.6万\n关注人数"},{"Bounds":{"bottom":1031,"left":501,"right":672,"top":996},"Classname":"android.widget.TextView","Packagename":"com.tmall.wireless","Text":"宝贝描述 4.9 高"},{"Bounds":{"bottom":1066,"left":501,"right":672,"top":1031},"Classname":"android.widget.TextView","Packagename":"com.tmall.wireless","Text":"卖家服务 4.8 高"},{"Bounds":{"bottom":1101,"left":501,"right":672,"top":1066},"Classname":"android.widget.TextView","Packagename":"com.tmall.wireless","Text":"物流服务 4.8 高"},{"Bounds":{"bottom":126,"left":22,"right":82,"top":66},"Classname":"android.widget.TextView","Packagename":"com.tmall.wireless","Text":""},{"Bounds":{"bottom":126,"left":560,"right":620,"top":66},"Classname":"android.widget.TextView","Packagename":"com.tmall.wireless","Text":""},{"Bounds":{"bottom":126,"left":640,"right":700,"top":66},"Classname":"android.widget.TextView","Packagename":"com.tmall.wireless","Text":""},{"Bounds":{"bottom":144,"left":1,"right":105,"top":48},"Classname":"android.widget.TextView","Packagename":"com.tmall.wireless","Text":""},{"Bounds":{"bottom":118,"left":171,"right":265,"top":74},"Classname":"android.widget.TextView","Packagename":"com.tmall.wireless","Text":"商品"},{"Bounds":{"bottom":118,"left":313,"right":407,"top":74},"Classname":"android.widget.TextView","Packagename":"com.tmall.wireless","Text":"详情"},{"Bounds":{"bottom":118,"left":455,"right":549,"top":74},"Classname":"android.widget.TextView","Packagename":"com.tmall.wireless","Text":"评价"},{"Bounds":{"bottom":144,"left":296,"right":424,"top":144},"Classname":"android.widget.TextView","Packagename":"com.tmall.wireless","Text":"图文详情"},{"Bounds":{"bottom":144,"left":539,"right":619,"top":48},"Classname":"android.widget.TextView","Packagename":"com.tmall.wireless","Text":""},{"Bounds":{"bottom":144,"left":620,"right":720,"top":48},"Classname":"android.widget.TextView","Packagename":"com.tmall.wireless","Text":""},{"Bounds":{"bottom":1235,"left":28,"right":68,"top":1195},"Classname":"android.widget.TextView","Packagename":"com.tmall.wireless","Text":""},{"Bounds":{"bottom":1268,"left":28,"right":68,"top":1241},"Classname":"android.widget.TextView","Packagename":"com.tmall.wireless","Text":"客服"},{"Bounds":{"bottom":1235,"left":126,"right":166,"top":1195},"Classname":"android.widget.TextView","Packagename":"com.tmall.wireless","Text":""},{"Bounds":{"bottom":1268,"left":126,"right":166,"top":1241},"Classname":"android.widget.TextView","Packagename":"com.tmall.wireless","Text":"店铺"},{"Bounds":{"bottom":1235,"left":224,"right":264,"top":1195},"Classname":"android.widget.TextView","Packagename":"com.tmall.wireless","Text":""},{"Bounds":{"bottom":1268,"left":224,"right":264,"top":1241},"Classname":"android.widget.TextView","Packagename":"com.tmall.wireless","Text":"收藏"},{"Bounds":{"bottom":1280,"left":293,"right":511,"top":1184},"Classname":"android.widget.TextView","Packagename":"com.tmall.wireless","Text":"加入购物车"},{"Bounds":{"bottom":1280,"left":511,"right":719,"top":1184},"Classname":"android.widget.TextView","Packagename":"com.tmall.wireless","Text":"马上抢"}],"packagename":"com.example.a10628.myapplication","width":1080}