{"events":[{"eventname":"TYPE_VIEW_SCROLLED","source":{"Bounds":{"bottom":1280,"left":0,"right":720,"top":48},"Classname":"android.support.v7.widget.RecyclerView","Packagename":"com.tmall.wireless","Text":""}}],"height":1920,"hovertime":2936,"nodes":[{"Bounds":{"bottom":93,"left":23,"right":351,"top":48},"Classname":"android.widget.FrameLayout","Packagename":"com.tmall.wireless","Text":""},{"Bounds":{"bottom":180,"left":23,"right":351,"top":105},"Classname":"android.view.View","Packagename":"com.tmall.wireless","Text":""},{"Bounds":{"bottom":228,"left":23,"right":48,"top":199},"Classname":"android.view.View","Packagename":"com.tmall.wireless","Text":""},{"Bounds":{"bottom":233,"left":48,"right":108,"top":192},"Classname":"android.view.View","Packagename":"com.tmall.wireless","Text":""},{"Bounds":{"bottom":233,"left":252,"right":339,"top":209},"Classname":"android.view.View","Packagename":"com.tmall.wireless","Text":""},{"Bounds":{"bottom":267,"left":48,"right":227,"top":243},"Classname":"android.view.View","Packagename":"com.tmall.wireless","Text":""},{"Bounds":{"bottom":93,"left":368,"right":696,"top":48},"Classname":"android.widget.FrameLayout","Packagename":"com.tmall.wireless","Text":""},{"Bounds":{"bottom":180,"left":368,"right":696,"top":105},"Classname":"android.view.View","Packagename":"com.tmall.wireless","Text":""},{"Bounds":{"bottom":228,"left":368,"right":393,"top":199},"Classname":"android.view.View","Packagename":"com.tmall.wireless","Text":""},{"Bounds":{"bottom":233,"left":393,"right":493,"top":192},"Classname":"android.view.View","Packagename":"com.tmall.wireless","Text":""},{"Bounds":{"bottom":233,"left":609,"right":684,"top":209},"Classname":"android.view.View","Packagename":"com.tmall.wireless","Text":""},{"Bounds":{"bottom":267,"left":393,"right":572,"top":243},"Classname":"android.view.View","Packagename":"com.tmall.wireless","Text":""},{"Bounds":{"bottom":651,"left":23,"right":351,"top":323},"Classname":"android.widget.FrameLayout","Packagename":"com.tmall.wireless","Text":""},{"Bounds":{"bottom":738,"left":23,"right":351,"top":663},"Classname":"android.view.View","Packagename":"com.tmall.wireless","Text":""},{"Bounds":{"bottom":786,"left":23,"right":48,"top":757},"Classname":"android.view.View","Packagename":"com.tmall.wireless","Text":""},{"Bounds":{"bottom":791,"left":48,"right":128,"top":750},"Classname":"android.view.View","Packagename":"com.tmall.wireless","Text":""},{"Bounds":{"bottom":791,"left":252,"right":339,"top":767},"Classname":"android.view.View","Packagename":"com.tmall.wireless","Text":""},{"Bounds":{"bottom":825,"left":48,"right":227,"top":801},"Classname":"android.view.View","Packagename":"com.tmall.wireless","Text":""},{"Bounds":{"bottom":651,"left":368,"right":696,"top":323},"Classname":"android.widget.FrameLayout","Packagename":"com.tmall.wireless","Text":""},{"Bounds":{"bottom":738,"left":368,"right":696,"top":663},"Classname":"android.view.View","Packagename":"com.tmall.wireless","Text":""},{"Bounds":{"bottom":786,"left":368,"right":393,"top":757},"Classname":"android.view.View","Packagename":"com.tmall.wireless","Text":""},{"Bounds":{"bottom":791,"left":393,"right":493,"top":750},"Classname":"android.view.View","Packagename":"com.tmall.wireless","Text":""},{"Bounds":{"bottom":791,"left":597,"right":684,"top":767},"Classname":"android.view.View","Packagename":"com.tmall.wireless","Text":""},{"Bounds":{"bottom":825,"left":393,"right":572,"top":801},"Classname":"android.view.View","Packagename":"com.tmall.wireless","Text":""},{"Bounds":{"bottom":1209,"left":23,"right":351,"top":881},"Classname":"android.widget.FrameLayout","Packagename":"com.tmall.wireless","Text":""},{"Bounds":{"bottom":1280,"left":23,"right":351,"top":1221},"Classname":"android.view.View","Packagename":"com.tmall.wireless","Text":""},{"Bounds":{"bottom":1280,"left":23,"right":48,"top":1315},"Classname":"android.view.View","Packagename":"com.tmall.wireless","Text":""},{"Bounds":{"bottom":1280,"left":48,"right":108,"top":1308},"Classname":"android.view.View","Packagename":"com.tmall.wireless","Text":""},{"Bounds":{"bottom":1280,"left":240,"right":339,"top":1325},"Classname":"android.view.View","Packagename":"com.tmall.wireless","Text":""},{"Bounds":{"bottom":1280,"left":48,"right":227,"top":1359},"Classname":"android.view.View","Packagename":"com.tmall.wireless","Text":""},{"Bounds":{"bottom":1209,"left":368,"right":696,"top":881},"Classname":"android.widget.FrameLayout","Packagename":"com.tmall.wireless","Text":""},{"Bounds":{"bottom":1280,"left":368,"right":696,"top":1221},"Classname":"android.view.View","Packagename":"com.tmall.wireless","Text":""},{"Bounds":{"bottom":1280,"left":368,"right":393,"top":1315},"Classname":"android.view.View","Packagename":"com.tmall.wireless","Text":""},{"Bounds":{"bottom":1280,"left":393,"right":453,"top":1308},"Classname":"android.view.View","Packagename":"com.tmall.wireless","Text":""},{"Bounds":{"bottom":1280,"left":597,"right":684,"top":1325},"Classname":"android.view.View","Packagename":"com.tmall.wireless","Text":""},{"Bounds":{"bottom":1280,"left":393,"right":614,"top":1359},"Classname":"android.view.View","Packagename":"com.tmall.wireless","Text":""},{"Bounds":{"bottom":119,"left":0,"right":77,"top":61},"Classname":"android.widget.FrameLayout","Packagename":"com.tmall.wireless","Text":""},{"Bounds":{"bottom":110,"left":77,"right":634,"top":69},"Classname":"android.view.View","Packagename":"com.tmall.wireless","Text":""},{"Bounds":{"bottom":119,"left":634,"right":720,"top":61},"Classname":"android.widget.FrameLayout","Packagename":"com.tmall.wireless","Text":""},{"Bounds":{"bottom":189,"left":23,"right":131,"top":157},"Classname":"android.view.View","Packagename":"com.tmall.wireless","Text":""},{"Bounds":{"bottom":189,"left":179,"right":287,"top":157},"Classname":"android.view.View","Packagename":"com.tmall.wireless","Text":""},{"Bounds":{"bottom":189,"left":335,"right":443,"top":157},"Classname":"android.view.View","Packagename":"com.tmall.wireless","Text":""},{"Bounds":{"bottom":189,"left":491,"right":599,"top":157},"Classname":"android.view.View","Packagename":"com.tmall.wireless","Text":""}],"packagename":"com.example.a10628.myapplication","width":1080}