{"events":[{"eventname":"TYPE_VIEW_CLICKED","source":{"Bounds":{"bottom":1149,"left":230,"right":430,"top":769},"Classname":"android.widget.LinearLayout","Packagename":"com.netease.pris","Text":""}},{"eventname":"TYPE_WINDOW_STATE_CHANGED","source":{"Bounds":{"bottom":1280,"left":0,"right":720,"top":0},"Classname":"android.widget.FrameLayout","Packagename":"com.netease.pris","Text":""}}],"height":1920,"hovertime":1899,"nodes":[{"Bounds":{"bottom":136,"left":0,"right":108,"top":48},"Classname":"android.widget.ImageView","Packagename":"com.netease.pris","Text":""},{"Bounds":{"bottom":114,"left":360,"right":360,"top":69},"Classname":"android.widget.TextView","Packagename":"com.netease.pris","Text":""},{"Bounds":{"bottom":114,"left":644,"right":688,"top":70},"Classname":"android.widget.Button","Packagename":"com.netease.pris","Text":""},{"Bounds":{"bottom":-1890,"left":12,"right":228,"top":136},"Classname":"android.widget.ImageView","Packagename":"com.netease.pris","Text":""},{"Bounds":{"bottom":-2138,"left":238,"right":646,"top":136},"Classname":"android.widget.TextView","Packagename":"com.netease.pris","Text":"霸宠悍妻：总裁被我承包了"},{"Bounds":{"bottom":-2092,"left":238,"right":334,"top":136},"Classname":"android.widget.TextView","Packagename":"com.netease.pris","Text":"都市言情"},{"Bounds":{"bottom":-2092,"left":368,"right":440,"top":136},"Classname":"android.widget.TextView","Packagename":"com.netease.pris","Text":"暮璃雪"},{"Bounds":{"bottom":-2056,"left":234,"right":384,"top":136},"Classname":"android.widget.RatingBar","Packagename":"com.netease.pris","Text":""},{"Bounds":{"bottom":-2012,"left":238,"right":312,"top":136},"Classname":"android.widget.TextView","Packagename":"com.netease.pris","Text":"65万字"},{"Bounds":{"bottom":-2012,"left":346,"right":477,"top":136},"Classname":"android.widget.TextView","Packagename":"com.netease.pris","Text":"343.8万点击"},{"Bounds":{"bottom":-1959,"left":238,"right":256,"top":136},"Classname":"android.widget.TextView","Packagename":"com.netease.pris","Text":"5"},{"Bounds":{"bottom":-1961,"left":256,"right":360,"top":136},"Classname":"android.widget.TextView","Packagename":"com.netease.pris","Text":"阅点/千字"},{"Bounds":{"bottom":-1477,"left":0,"right":720,"top":136},"Classname":"android.widget.TextView","Packagename":"com.netease.pris","Text":"“五千块，今晚我包你了。”她甩下一叠钱说。“你在这儿等我，别想偷偷溜走，你一走我就报警说你非法载客且非礼我。”“你个流氓，真上了就认啊，好汉做事好汉当，你要是觉得受了委屈，我可以补偿你，条件任你开。”他这辈子还没见过如此霸道的女人，偏偏那一夜后，他和她频频相遇，而且每次见面都状况百出，先是被泼红油，再来惊魂赛车……这女人像狗皮膏药一样黏上自己，居然还住在他家隔壁。“为了报答你，我决定补偿你的条件就是——嫁给你！”这到底是女人，还是女流氓？……"},{"Bounds":{"bottom":-1401,"left":30,"right":234,"top":136},"Classname":"android.widget.TextView","Packagename":"com.netease.pris","Text":"作品类型：VIP作品"},{"Bounds":{"bottom":-1158,"left":64,"right":130,"top":136},"Classname":"android.widget.ImageView","Packagename":"com.netease.pris","Text":""},{"Bounds":{"bottom":-1158,"left":140,"right":206,"top":136},"Classname":"android.widget.ImageView","Packagename":"com.netease.pris","Text":""},{"Bounds":{"bottom":-1158,"left":216,"right":282,"top":136},"Classname":"android.widget.ImageView","Packagename":"com.netease.pris","Text":""},{"Bounds":{"bottom":-1158,"left":292,"right":358,"top":136},"Classname":"android.widget.ImageView","Packagename":"com.netease.pris","Text":""},{"Bounds":{"bottom":-1158,"left":368,"right":434,"top":136},"Classname":"android.widget.ImageView","Packagename":"com.netease.pris","Text":""},{"Bounds":{"bottom":-1169,"left":520,"right":720,"top":136},"Classname":"android.widget.TextView","Packagename":"com.netease.pris","Text":"打赏"},{"Bounds":{"bottom":-1032,"left":47,"right":552,"top":136},"Classname":"android.widget.TextView","Packagename":"com.netease.pris","Text":"大师来了"},{"Bounds":{"bottom":-1026,"left":552,"right":690,"top":136},"Classname":"android.widget.TextView","Packagename":"com.netease.pris","Text":"写评论"},{"Bounds":{"bottom":-758,"left":0,"right":720,"top":136},"Classname":"android.widget.RelativeLayout","Packagename":"com.netease.pris","Text":""},{"Bounds":{"bottom":598,"left":218,"right":502,"top":528},"Classname":"android.widget.Button","Packagename":"com.netease.pris","Text":"查看全部评论"},{"Bounds":{"bottom":744,"left":47,"right":227,"top":699},"Classname":"android.widget.TextView","Packagename":"com.netease.pris","Text":"用户还喜欢"},{"Bounds":{"bottom":1101,"left":50,"right":210,"top":1029},"Classname":"android.widget.TextView","Packagename":"com.netease.pris","Text":"惹火娇妻：总裁要不停"},{"Bounds":{"bottom":1149,"left":50,"right":210,"top":1119},"Classname":"android.widget.TextView","Packagename":"com.netease.pris","Text":"锦欢"},{"Bounds":{"bottom":1101,"left":250,"right":410,"top":1029},"Classname":"android.widget.TextView","Packagename":"com.netease.pris","Text":"蚀骨危情：总裁的私密爱人"},{"Bounds":{"bottom":1149,"left":250,"right":410,"top":1119},"Classname":"android.widget.TextView","Packagename":"com.netease.pris","Text":"水沐耳"},{"Bounds":{"bottom":1101,"left":450,"right":610,"top":1029},"Classname":"android.widget.TextView","Packagename":"com.netease.pris","Text":"情深刻骨：陆少的新欢"},{"Bounds":{"bottom":1149,"left":450,"right":610,"top":1119},"Classname":"android.widget.TextView","Packagename":"com.netease.pris","Text":"天蓝的蓝"},{"Bounds":{"bottom":1101,"left":650,"right":720,"top":1029},"Classname":"android.widget.TextView","Packagename":"com.netease.pris","Text":"先婚后爱：老公轻点宠"},{"Bounds":{"bottom":1149,"left":650,"right":720,"top":1119},"Classname":"android.widget.TextView","Packagename":"com.netease.pris","Text":"熊猫芃芃"},{"Bounds":{"bottom":1280,"left":0,"right":239,"top":1180},"Classname":"android.widget.Button","Packagename":"com.netease.pris","Text":"加入书架"},{"Bounds":{"bottom":1280,"left":241,"right":480,"top":1180},"Classname":"android.widget.Button","Packagename":"com.netease.pris","Text":"购买"},{"Bounds":{"bottom":1280,"left":480,"right":720,"top":1180},"Classname":"android.widget.Button","Packagename":"com.netease.pris","Text":"立即阅读"}],"packagename":"com.example.a10628.myapplication","width":1080}