{"events":[{"eventname":"TYPE_VIEW_SCROLLED","source":{"Bounds":{"bottom":1179,"left":0,"right":720,"top":940},"Classname":"android.support.v7.widget.RecyclerView","Packagename":"com.netease.pris","Text":""}},{"eventname":"TYPE_VIEW_SELECTED","source":{"Bounds":{"bottom":1179,"left":128,"right":278,"top":2303},"Classname":"android.widget.RatingBar","Packagename":"com.netease.pris","Text":""}},{"eventname":"TYPE_VIEW_CLICKED","source":{"Bounds":{"bottom":555,"left":653,"right":720,"top":524},"Classname":"android.widget.ImageView","Packagename":"com.netease.pris","Text":""}}],"height":1920,"hovertime":1308,"nodes":[{"Bounds":{"bottom":136,"left":0,"right":108,"top":48},"Classname":"android.widget.ImageView","Packagename":"com.netease.pris","Text":""},{"Bounds":{"bottom":114,"left":360,"right":360,"top":69},"Classname":"android.widget.TextView","Packagename":"com.netease.pris","Text":""},{"Bounds":{"bottom":114,"left":644,"right":688,"top":70},"Classname":"android.widget.Button","Packagename":"com.netease.pris","Text":""},{"Bounds":{"bottom":436,"left":12,"right":228,"top":136},"Classname":"android.widget.ImageView","Packagename":"com.netease.pris","Text":""},{"Bounds":{"bottom":188,"left":238,"right":646,"top":146},"Classname":"android.widget.TextView","Packagename":"com.netease.pris","Text":"霸宠悍妻：总裁被我承包了"},{"Bounds":{"bottom":234,"left":238,"right":334,"top":204},"Classname":"android.widget.TextView","Packagename":"com.netease.pris","Text":"都市言情"},{"Bounds":{"bottom":234,"left":368,"right":440,"top":204},"Classname":"android.widget.TextView","Packagename":"com.netease.pris","Text":"暮璃雪"},{"Bounds":{"bottom":270,"left":234,"right":384,"top":244},"Classname":"android.widget.RatingBar","Packagename":"com.netease.pris","Text":""},{"Bounds":{"bottom":314,"left":238,"right":312,"top":284},"Classname":"android.widget.TextView","Packagename":"com.netease.pris","Text":"65万字"},{"Bounds":{"bottom":314,"left":346,"right":477,"top":284},"Classname":"android.widget.TextView","Packagename":"com.netease.pris","Text":"343.8万点击"},{"Bounds":{"bottom":367,"left":238,"right":256,"top":328},"Classname":"android.widget.TextView","Packagename":"com.netease.pris","Text":"5"},{"Bounds":{"bottom":365,"left":256,"right":360,"top":335},"Classname":"android.widget.TextView","Packagename":"com.netease.pris","Text":"阅点/千字"},{"Bounds":{"bottom":555,"left":0,"right":720,"top":436},"Classname":"android.widget.TextView","Packagename":"com.netease.pris","Text":"“五千块，今晚我包你了。”她甩下一叠钱说。“你在这儿等我，别想偷偷溜走，你一走我就报警说你非法载客且非礼我。”“你个流氓，真上了就认..."},{"Bounds":{"bottom":555,"left":653,"right":720,"top":524},"Classname":"android.widget.ImageView","Packagename":"com.netease.pris","Text":""},{"Bounds":{"bottom":640,"left":94,"right":574,"top":612},"Classname":"android.widget.TextView","Packagename":"com.netease.pris","Text":"共321章"},{"Bounds":{"bottom":640,"left":574,"right":690,"top":612},"Classname":"android.widget.TextView","Packagename":"com.netease.pris","Text":"已完结"},{"Bounds":{"bottom":778,"left":64,"right":130,"top":712},"Classname":"android.widget.ImageView","Packagename":"com.netease.pris","Text":""},{"Bounds":{"bottom":778,"left":140,"right":206,"top":712},"Classname":"android.widget.ImageView","Packagename":"com.netease.pris","Text":""},{"Bounds":{"bottom":778,"left":216,"right":282,"top":712},"Classname":"android.widget.ImageView","Packagename":"com.netease.pris","Text":""},{"Bounds":{"bottom":778,"left":292,"right":358,"top":712},"Classname":"android.widget.ImageView","Packagename":"com.netease.pris","Text":""},{"Bounds":{"bottom":778,"left":368,"right":434,"top":712},"Classname":"android.widget.ImageView","Packagename":"com.netease.pris","Text":""},{"Bounds":{"bottom":767,"left":520,"right":720,"top":723},"Classname":"android.widget.TextView","Packagename":"com.netease.pris","Text":"打赏"},{"Bounds":{"bottom":904,"left":47,"right":552,"top":859},"Classname":"android.widget.TextView","Packagename":"com.netease.pris","Text":"大师来了"},{"Bounds":{"bottom":910,"left":552,"right":690,"top":854},"Classname":"android.widget.TextView","Packagename":"com.netease.pris","Text":"写评论"},{"Bounds":{"bottom":1054,"left":25,"right":99,"top":980},"Classname":"android.widget.ImageView","Packagename":"com.netease.pris","Text":""},{"Bounds":{"bottom":1012,"left":128,"right":324,"top":980},"Classname":"android.widget.TextView","Packagename":"com.netease.pris","Text":"你好，明天！！"},{"Bounds":{"bottom":1007,"left":336,"right":377,"top":985},"Classname":"android.widget.TextView","Packagename":"com.netease.pris","Text":"LV.1"},{"Bounds":{"bottom":1054,"left":128,"right":278,"top":1028},"Classname":"android.widget.RatingBar","Packagename":"com.netease.pris","Text":""},{"Bounds":{"bottom":1056,"left":298,"right":474,"top":1028},"Classname":"android.widget.TextView","Packagename":"com.netease.pris","Text":"2017年12月10日"},{"Bounds":{"bottom":1033,"left":624,"right":650,"top":980},"Classname":"android.widget.TextView","Packagename":"com.netease.pris","Text":"77"},{"Bounds":{"bottom":1146,"left":130,"right":668,"top":1072},"Classname":"android.widget.TextView","Packagename":"com.netease.pris","Text":"六仔来打call，加油，女主真够霸道的，哈哈"},{"Bounds":{"bottom":1178,"left":0,"right":720,"top":1162},"Classname":"android.widget.RelativeLayout","Packagename":"com.netease.pris","Text":""},{"Bounds":{"bottom":1179,"left":0,"right":130,"top":1178},"Classname":"android.widget.TextView","Packagename":"com.netease.pris","Text":""},{"Bounds":{"bottom":1179,"left":150,"right":650,"top":1182},"Classname":"android.widget.TextView","Packagename":"com.netease.pris","Text":"candykong1989 (作者) 回复 你好，明天！！ : 谢谢支持，的确哈，女主比较有个性，希望你会喜欢。"},{"Bounds":{"bottom":1179,"left":25,"right":99,"top":1342},"Classname":"android.widget.ImageView","Packagename":"com.netease.pris","Text":""},{"Bounds":{"bottom":1179,"left":128,"right":395,"top":1342},"Classname":"android.widget.TextView","Packagename":"com.netease.pris","Text":"candykong1989 作者"},{"Bounds":{"bottom":1179,"left":407,"right":448,"top":1347},"Classname":"android.widget.TextView","Packagename":"com.netease.pris","Text":"LV.4"},{"Bounds":{"bottom":1179,"left":128,"right":278,"top":1390},"Classname":"android.widget.RatingBar","Packagename":"com.netease.pris","Text":""},{"Bounds":{"bottom":1179,"left":298,"right":464,"top":1390},"Classname":"android.widget.TextView","Packagename":"com.netease.pris","Text":"01月13日 09:58"},{"Bounds":{"bottom":1179,"left":624,"right":650,"top":1342},"Classname":"android.widget.TextView","Packagename":"com.netease.pris","Text":"54"},{"Bounds":{"bottom":1179,"left":130,"right":668,"top":1436},"Classname":"android.widget.TextView","Packagename":"com.netease.pris","Text":"如果觉得此书不错，请各位亲爱的看官留下你们的评论，如果觉得此书写得精彩，可以的话请给我一个打赏哈😊，我会努力更新哒，么么哒～"},{"Bounds":{"bottom":1179,"left":25,"right":99,"top":1650},"Classname":"android.widget.ImageView","Packagename":"com.netease.pris","Text":""},{"Bounds":{"bottom":1179,"left":128,"right":196,"top":1650},"Classname":"android.widget.TextView","Packagename":"com.netease.pris","Text":"Yakie"},{"Bounds":{"bottom":1179,"left":208,"right":249,"top":1655},"Classname":"android.widget.TextView","Packagename":"com.netease.pris","Text":"LV.1"},{"Bounds":{"bottom":1179,"left":128,"right":278,"top":1698},"Classname":"android.widget.RatingBar","Packagename":"com.netease.pris","Text":""},{"Bounds":{"bottom":1179,"left":298,"right":464,"top":1698},"Classname":"android.widget.TextView","Packagename":"com.netease.pris","Text":"01月28日 22:31"},{"Bounds":{"bottom":1179,"left":624,"right":650,"top":1650},"Classname":"android.widget.TextView","Packagename":"com.netease.pris","Text":"29"},{"Bounds":{"bottom":1179,"left":130,"right":668,"top":1742},"Classname":"android.widget.TextView","Packagename":"com.netease.pris","Text":"来打个call，继续养文。大大快点写，我等不及看了😬"},{"Bounds":{"bottom":1179,"left":47,"right":191,"top":1862},"Classname":"android.widget.TextView","Packagename":"com.netease.pris","Text":"最新评论"},{"Bounds":{"bottom":1179,"left":25,"right":99,"top":1977},"Classname":"android.widget.ImageView","Packagename":"com.netease.pris","Text":""},{"Bounds":{"bottom":1179,"left":128,"right":184,"top":1977},"Classname":"android.widget.TextView","Packagename":"com.netease.pris","Text":"吴莎"},{"Bounds":{"bottom":1179,"left":196,"right":245,"top":1982},"Classname":"android.widget.TextView","Packagename":"com.netease.pris","Text":"LV.10"},{"Bounds":{"bottom":1179,"left":128,"right":278,"top":2025},"Classname":"android.widget.RatingBar","Packagename":"com.netease.pris","Text":""},{"Bounds":{"bottom":1179,"left":298,"right":464,"top":2025},"Classname":"android.widget.TextView","Packagename":"com.netease.pris","Text":"04月24日 02:45"},{"Bounds":{"bottom":1179,"left":637,"right":650,"top":1977},"Classname":"android.widget.TextView","Packagename":"com.netease.pris","Text":"8"},{"Bounds":{"bottom":1179,"left":130,"right":494,"top":2069},"Classname":"android.widget.TextView","Packagename":"com.netease.pris","Text":"更新太慢了，今天才更新一节"},{"Bounds":{"bottom":1179,"left":0,"right":720,"top":2117},"Classname":"android.widget.RelativeLayout","Packagename":"com.netease.pris","Text":""},{"Bounds":{"bottom":1179,"left":0,"right":130,"top":2133},"Classname":"android.widget.TextView","Packagename":"com.netease.pris","Text":""},{"Bounds":{"bottom":1179,"left":150,"right":650,"top":2137},"Classname":"android.widget.TextView","Packagename":"com.netease.pris","Text":"candykong1989 (作者) 回复 吴莎 : 这周内本书将完结，敬请留意，谢谢支持。"},{"Bounds":{"bottom":1179,"left":25,"right":99,"top":2255},"Classname":"android.widget.ImageView","Packagename":"com.netease.pris","Text":""},{"Bounds":{"bottom":1179,"left":128,"right":184,"top":2255},"Classname":"android.widget.TextView","Packagename":"com.netease.pris","Text":"欣怡"},{"Bounds":{"bottom":1179,"left":196,"right":237,"top":2260},"Classname":"android.widget.TextView","Packagename":"com.netease.pris","Text":"LV.8"},{"Bounds":{"bottom":1179,"left":128,"right":278,"top":2303},"Classname":"android.widget.RatingBar","Packagename":"com.netease.pris","Text":""},{"Bounds":{"bottom":1179,"left":298,"right":464,"top":2303},"Classname":"android.widget.TextView","Packagename":"com.netease.pris","Text":"03月20日 21:17"},{"Bounds":{"bottom":1179,"left":637,"right":650,"top":2255},"Classname":"android.widget.TextView","Packagename":"com.netease.pris","Text":"7"},{"Bounds":{"bottom":1179,"left":130,"right":410,"top":2347},"Classname":"android.widget.TextView","Packagename":"com.netease.pris","Text":"不错，就是更新的慢！"},{"Bounds":{"bottom":1179,"left":218,"right":502,"top":2465},"Classname":"android.widget.Button","Packagename":"com.netease.pris","Text":"查看全部评论"},{"Bounds":{"bottom":1179,"left":47,"right":227,"top":2636},"Classname":"android.widget.TextView","Packagename":"com.netease.pris","Text":"用户还喜欢"},{"Bounds":{"bottom":1179,"left":50,"right":210,"top":2966},"Classname":"android.widget.TextView","Packagename":"com.netease.pris","Text":"惹火娇妻：总裁要不停"},{"Bounds":{"bottom":1179,"left":50,"right":210,"top":3056},"Classname":"android.widget.TextView","Packagename":"com.netease.pris","Text":"锦欢"},{"Bounds":{"bottom":1179,"left":250,"right":410,"top":2966},"Classname":"android.widget.TextView","Packagename":"com.netease.pris","Text":"蚀骨危情：总裁的私密爱人"},{"Bounds":{"bottom":1179,"left":250,"right":410,"top":3056},"Classname":"android.widget.TextView","Packagename":"com.netease.pris","Text":"水沐耳"},{"Bounds":{"bottom":1179,"left":450,"right":610,"top":2966},"Classname":"android.widget.TextView","Packagename":"com.netease.pris","Text":"情深刻骨：陆少的新欢"},{"Bounds":{"bottom":1179,"left":450,"right":610,"top":3056},"Classname":"android.widget.TextView","Packagename":"com.netease.pris","Text":"天蓝的蓝"},{"Bounds":{"bottom":1179,"left":650,"right":720,"top":2966},"Classname":"android.widget.TextView","Packagename":"com.netease.pris","Text":"先婚后爱：老公轻点宠"},{"Bounds":{"bottom":1179,"left":650,"right":720,"top":3056},"Classname":"android.widget.TextView","Packagename":"com.netease.pris","Text":"熊猫芃芃"},{"Bounds":{"bottom":1280,"left":0,"right":239,"top":1180},"Classname":"android.widget.Button","Packagename":"com.netease.pris","Text":"加入书架"},{"Bounds":{"bottom":1280,"left":241,"right":480,"top":1180},"Classname":"android.widget.Button","Packagename":"com.netease.pris","Text":"购买"},{"Bounds":{"bottom":1280,"left":480,"right":720,"top":1180},"Classname":"android.widget.Button","Packagename":"com.netease.pris","Text":"立即阅读"}],"packagename":"com.example.a10628.myapplication","width":1080}