{"events":[{"eventname":"TYPE_VIEW_SCROLLED","source":{"Bounds":{"bottom":1280,"left":0,"right":720,"top":48},"Classname":"android.widget.ScrollView","Packagename":"com.zhihu.daily.android","Text":""}}],"height":1920,"hovertime":11930,"nodes":[{"Bounds":{"bottom":-632,"left":30,"right":690,"top":48},"Classname":"android.widget.TextView","Packagename":"com.zhihu.daily.android","Text":"粤语究竟是「语言」还是「方言」？"},{"Bounds":{"bottom":-632,"left":690,"right":690,"top":48},"Classname":"android.widget.TextView","Packagename":"com.zhihu.daily.android","Text":""},{"Bounds":{"bottom":-488,"left":0,"right":720,"top":-592},"Classname":"android.view.View","Packagename":"com.zhihu.daily.android","Text":"粤语究竟是「语言」还是「方言」？"},{"Bounds":{"bottom":-408,"left":40,"right":680,"top":-408},"Classname":"android.view.View","Packagename":"com.zhihu.daily.android","Text":""},{"Bounds":{"bottom":-366,"left":40,"right":80,"top":-406},"Classname":"android.widget.Image","Packagename":"com.zhihu.daily.android","Text":"1853735173"},{"Bounds":{"bottom":-370,"left":90,"right":98,"top":-408},"Classname":"android.view.View","Packagename":"com.zhihu.daily.android","Text":" "},{"Bounds":{"bottom":-368,"left":96,"right":206,"top":-406},"Classname":"android.view.View","Packagename":"com.zhihu.daily.android","Text":"Hynuza"},{"Bounds":{"bottom":-70,"left":40,"right":678,"top":-326},"Classname":"android.view.View","Packagename":"com.zhihu.daily.android","Text":"「语言」这个词，一般来说特指人类独有的通过口腔和喉咙发声来交流的沟通方式。从这个角度来讲，任何人类所使用的口语，不论有没有文字，影响力大小，历史长短，都属于语言的范畴。"},{"Bounds":{"bottom":-16,"left":40,"right":652,"top":-110},"Classname":"android.view.View","Packagename":"com.zhihu.daily.android","Text":"北京话、上海话、广州话，都是语言；成都郊区话、天津大港话、"},{"Bounds":{"bottom":38,"left":40,"right":278,"top":-2},"Classname":"android.view.View","Packagename":"com.zhihu.daily.android","Text":"宇宙地镇很黑村"},{"Bounds":{"bottom":38,"left":278,"right":312,"top":-2},"Classname":"android.view.View","Packagename":"com.zhihu.daily.android","Text":"话"},{"Bounds":{"bottom":38,"left":312,"right":534,"top":-2},"Classname":"android.view.View","Packagename":"com.zhihu.daily.android","Text":"，也都是语言。"},{"Bounds":{"bottom":362,"left":40,"right":678,"top":-2},"Classname":"android.view.View","Packagename":"com.zhihu.daily.android","Text":"不存在哪种口语没有资格被称作「语言」。只存在不同的命名涵盖的范围和定义，以及不同语境下方言和语言的关系所指。例如，当我们说汉语这种语言的时候，粤语是汉语的一种方言。当我们说粤语是一种语言的时候，它与闽语、吴语、赣语等并列为"},{"Bounds":{"bottom":362,"left":430,"right":534,"top":322},"Classname":"android.view.View","Packagename":"com.zhihu.daily.android","Text":"汉语族"},{"Bounds":{"bottom":416,"left":40,"right":670,"top":322},"Classname":"android.view.View","Packagename":"com.zhihu.daily.android","Text":"内部的不同语言。"},{"Bounds":{"bottom":1052,"left":40,"right":680,"top":458},"Classname":"android.view.View","Packagename":"com.zhihu.daily.android","Text":"我们之所以会对语言的资格有所困惑，是因为一般来讲，一个民族或一个国家的人所使用的相近语言，往往被统一命名为一个大的语言，比如汉语、日语、英语这样一些和国家、民族关系非常密切的名字。这样的状况导致「一种语言」往往代表一个国家，一个民族，或者更准确地说，是代表一个相对长久的政权，因为在漫长的历史上，民族和国家总是伴随着政治上的一致对外，和文化上的对内认同。于是有一个著名的关于语言的 Quote："},{"Bounds":{"bottom":1174,"left":62,"right":670,"top":1088},"Classname":"android.view.View","Packagename":"com.zhihu.daily.android","Text":"A language is a dialect with an army and navy "},{"Bounds":{"bottom":1174,"left":140,"right":202,"top":1134},"Classname":"android.view.View","Packagename":"com.zhihu.daily.android","Text":"—— "},{"Bounds":{"bottom":1174,"left":200,"right":424,"top":1134},"Classname":"android.view.View","Packagename":"com.zhihu.daily.android","Text":"Max Weinreich "},{"Bounds":{"bottom":1220,"left":62,"right":600,"top":1180},"Classname":"android.view.View","Packagename":"com.zhihu.daily.android","Text":"一种语言就是一种拥有军队的方言。"},{"Bounds":{"bottom":1798,"left":40,"right":680,"top":1258},"Classname":"android.view.View","Packagename":"com.zhihu.daily.android","Text":"这句话陈述的便是针对上述事实的总结，然而后来往往被人们引用以批判政权对语言多样性的镇压，认为某些方言之所以无法获得语言的资格，是因为没有自己独立的军队和政权。这多多少少有一些反推误用。不过这种情况造成的结果是，大多数影响力不够大的方言，一般不会被称作「一种语言」，比如，我们说汉语是一种语言，但如果有人说贵州话是一种语言，尽管正确，但会让人觉得奇怪。"},{"Bounds":{"bottom":2696,"left":40,"right":680,"top":1832},"Classname":"android.view.View","Packagename":"com.zhihu.daily.android","Text":"另一个给我们造成困惑的原因是「通用语」和「标准语」概念的混淆 / 融合。一个国家或民族，为了交流方便，会制定通用语来解决鸡同鸭讲的情况。通用语的形成历史上有两种，一种是自然地融合，两种语言在贸易或杂居过程中不断地互相吸收词汇乃至语音，逐渐形成通用语；另一种则是官方制定，将某地的口语指定为全国通用语，最好的例子就是中国。从雅言到官话，大多都是用政权所在地或文化中心的口语作为通用语。由于通用语的第一大用户是政府，方便上行下效，故而有「官话」之称。这样一来，「通用语」的概念渐渐和「标准语」相混淆。尤其建国后普通话的推行，更是将这个以北京方言为基础的通用语，推行成为了标准语。"},{"Bounds":{"bottom":3216,"left":40,"right":680,"top":2730},"Classname":"android.view.View","Packagename":"com.zhihu.daily.android","Text":"至此，普通话在很多场合下被默认为汉语的标准语，而其他汉语族内的语言，都被视为「方言」。比如一个外国人要学习汉语，必然学习的是普通话，而不会学其他任何的汉语方言；联合国的工作语言之一「汉语」，也指的是普通话。尽管如此，普通话依然不能够和汉语等价，在汉语作为一种语言的语境下，普通话和粤语一样，都是汉语的「方言」。"},{"Bounds":{"bottom":4060,"left":40,"right":680,"top":3250},"Classname":"android.view.View","Packagename":"com.zhihu.daily.android","Text":"这个时候再看粤语。粤语由于其在省港澳，东南亚以及北美等地的较高影响力，同时较早为西方人所接触，有 Cantonese 一词特指，其地位和其他汉语方言有显著的不同。其实在粤语内部，同样存在通用语和标准语概念的融合。粤语，在广东广西通常被称为「白话」。尽管粤语内部也有诸多差别不小的方言，如茂名白话，湛江白话，恩平白话等，但广州白话毫无疑问拥有压倒性的强势地位，成为粤语内部的通用语的同时，也随着香港的影响，成为粤语的「标准语」。现今人们提到「白话」，便一般默认是指通行于珠三角，以广州话为标准的粤语。但当我们将粤语视为一种语言的时候，「标准粤语」依然是粤语的一种方言。"},{"Bounds":{"bottom":4248,"left":40,"right":678,"top":4100},"Classname":"android.view.View","Packagename":"com.zhihu.daily.android","Text":"那么，有关粤语是方言还是语言的争论就十分明朗了，这完全取决于讨论问题时候所处的语境。这里我们不妨引用南都"},{"Bounds":{"bottom":4302,"left":40,"right":678,"top":4208},"Classname":"android.view.View","Packagename":"com.zhihu.daily.android","Text":"粤语是方言还是语言，这是个坏问题"},{"Bounds":{"bottom":4356,"left":40,"right":644,"top":4262},"Classname":"android.view.View","Packagename":"com.zhihu.daily.android","Text":"一文中的一组判断，以作总结："},{"Bounds":{"bottom":4852,"left":40,"right":680,"top":4398},"Classname":"android.widget.Image","Packagename":"com.zhihu.daily.android","Text":""},{"Bounds":{"bottom":4952,"left":40,"right":680,"top":4890},"Classname":"android.view.View","Packagename":"com.zhihu.daily.android","Text":"查看知乎讨论"},{"Bounds":{"bottom":5102,"left":40,"right":590,"top":5000},"Classname":"android.view.View","Packagename":"com.zhihu.daily.android","Text":"本文来自：用户推荐日报"},{"Bounds":{"bottom":5102,"left":590,"right":680,"top":5000},"Classname":"android.view.View","Packagename":"com.zhihu.daily.android","Text":"关注"},{"Bounds":{"bottom":48,"left":720,"right":720,"top":48},"Classname":"android.webkit.WebView","Packagename":"com.zhihu.daily.android","Text":""}],"packagename":"com.example.a10628.myapplication","width":1080}