{"events":[{"eventname":"TYPE_VIEW_SCROLLED","source":{"Bounds":{"bottom":1280,"left":0,"right":720,"top":146},"Classname":"android.webkit.WebView","Packagename":"com.douban.frodo","Text":""}}],"height":1920,"hovertime":1786,"nodes":[{"Bounds":{"bottom":144,"left":0,"right":112,"top":48},"Classname":"android.widget.ImageButton","Packagename":"com.douban.frodo","Text":""},{"Bounds":{"bottom":119,"left":145,"right":213,"top":73},"Classname":"android.widget.TextView","Packagename":"com.douban.frodo","Text":"影评"},{"Bounds":{"bottom":119,"left":360,"right":360,"top":73},"Classname":"android.widget.TextView","Packagename":"com.douban.frodo","Text":""},{"Bounds":{"bottom":130,"left":442,"right":510,"top":62},"Classname":"android.view.View","Packagename":"com.douban.frodo","Text":""},{"Bounds":{"bottom":85,"left":594,"right":604,"top":60},"Classname":"android.widget.TextView","Packagename":"com.douban.frodo","Text":"4"},{"Bounds":{"bottom":144,"left":624,"right":720,"top":48},"Classname":"android.widget.TextView","Packagename":"com.douban.frodo","Text":""},{"Bounds":{"bottom":10,"left":30,"right":690,"top":146},"Classname":"android.view.View","Packagename":"com.douban.frodo","Text":"电影《霸王别姬》 《霸王别姬》中张国荣的表演达到了一种什么样的境界？ 5398人浏览 · 4篇文章 去话题页 "},{"Bounds":{"bottom":10,"left":50,"right":670,"top":146},"Classname":"android.view.View","Packagename":"com.douban.frodo","Text":"《霸王别姬》中张国荣的表演达到了一种什么样的境界？"},{"Bounds":{"bottom":10,"left":50,"right":130,"top":146},"Classname":"android.view.View","Packagename":"com.douban.frodo","Text":"160030909"},{"Bounds":{"bottom":10,"left":146,"right":198,"top":146},"Classname":"android.view.View","Packagename":"com.douban.frodo","Text":"哈哈"},{"Bounds":{"bottom":10,"left":198,"right":232,"top":146},"Classname":"android.view.View","Packagename":"com.douban.frodo","Text":" 的"},{"Bounds":{"bottom":10,"left":230,"right":284,"top":146},"Classname":"android.view.View","Packagename":"com.douban.frodo","Text":"影评"},{"Bounds":{"bottom":10,"left":146,"right":670,"top":146},"Classname":"android.view.View","Packagename":"com.douban.frodo","Text":"2017-12-22看过"},{"Bounds":{"bottom":500,"left":50,"right":670,"top":146},"Classname":"android.view.View","Packagename":"com.douban.frodo","Text":"人生如戏，戏如人生。可惜入戏太深，魔怔了结。。。。。。。。。。。。。。。。。。。。。。。。。。！？！？！？！？！？！？！？！？！？！？！？！？！？！？！？。？。？。？。？。？。？。？。？。？，？，？！？！？！？！。？！？！？！？！？！？！？！？！？！？！？！？！？！？！？！？！？！？！？！？！？！？！？！？！？！？！？！？！可惜可惜啊！！！！！！！！"},{"Bounds":{"bottom":550,"left":50,"right":670,"top":550},"Classname":"android.view.View","Packagename":"com.douban.frodo","Text":""},{"Bounds":{"bottom":552,"left":50,"right":670,"top":550},"Classname":"android.view.View","Packagename":"com.douban.frodo","Text":""},{"Bounds":{"bottom":638,"left":50,"right":670,"top":602},"Classname":"android.view.View","Packagename":"com.douban.frodo","Text":"©本文版权归 哈哈 所有，任何形式转载请联系作者。"},{"Bounds":{"bottom":726,"left":50,"right":670,"top":688},"Classname":"android.view.View","Packagename":"com.douban.frodo","Text":""},{"Bounds":{"bottom":862,"left":138,"right":338,"top":786},"Classname":"android.view.View","Packagename":"com.douban.frodo","Text":"有用 (4)"},{"Bounds":{"bottom":862,"left":366,"right":582,"top":786},"Classname":"android.view.View","Packagename":"com.douban.frodo","Text":"没用 (84)"},{"Bounds":{"bottom":924,"left":0,"right":720,"top":922},"Classname":"android.view.View","Packagename":"com.douban.frodo","Text":""},{"Bounds":{"bottom":1032,"left":30,"right":110,"top":952},"Classname":"android.widget.Image","Packagename":"com.douban.frodo","Text":"user_normal"},{"Bounds":{"bottom":1034,"left":82,"right":112,"top":1004},"Classname":"android.view.View","Packagename":"com.douban.frodo","Text":""},{"Bounds":{"bottom":1036,"left":562,"right":690,"top":972},"Classname":"android.view.View","Packagename":"com.douban.frodo","Text":"关注"},{"Bounds":{"bottom":994,"left":140,"right":522,"top":958},"Classname":"android.view.View","Packagename":"com.douban.frodo","Text":"作者 哈哈"},{"Bounds":{"bottom":1026,"left":140,"right":522,"top":998},"Classname":"android.view.View","Packagename":"com.douban.frodo","Text":"暂无简介，去看看他的个人主页"},{"Bounds":{"bottom":1142,"left":0,"right":720,"top":1066},"Classname":"android.view.View","Packagename":"com.douban.frodo","Text":"回复 4"},{"Bounds":{"bottom":1142,"left":30,"right":90,"top":1140},"Classname":"android.view.View","Packagename":"com.douban.frodo","Text":"up140791321-2"},{"Bounds":{"bottom":1142,"left":110,"right":252,"top":1140},"Classname":"android.view.View","Packagename":"com.douban.frodo","Text":"^(oo)^雅雅"},{"Bounds":{"bottom":1142,"left":250,"right":260,"top":1140},"Classname":"android.view.View","Packagename":"com.douban.frodo","Text":" "},{"Bounds":{"bottom":1142,"left":258,"right":424,"top":1140},"Classname":"android.view.View","Packagename":"com.douban.frodo","Text":"2017年12月29日"},{"Bounds":{"bottom":1142,"left":660,"right":690,"top":1140},"Classname":"android.view.View","Packagename":"com.douban.frodo","Text":"comments?pos\u003d1\u0026reply_comment_uri\u003ddouban%3A%2F%2Fdouban"},{"Bounds":{"bottom":1142,"left":110,"right":690,"top":1140},"Classname":"android.view.View","Packagename":"com.douban.frodo","Text":"张国荣是张国荣，他是一个专业的演员，他的经典角色不止程蝶衣，各种风格都能驾驭，入戏深，出戏快，演好每一个角色，说他出不来戏看过他演的其他电影吗？!??!?!?!?!?!?!!?!?!?"},{"Bounds":{"bottom":1142,"left":110,"right":720,"top":1140},"Classname":"android.view.View","Packagename":"com.douban.frodo","Text":""},{"Bounds":{"bottom":1142,"left":30,"right":90,"top":1140},"Classname":"android.view.View","Packagename":"com.douban.frodo","Text":"up151699639-7"},{"Bounds":{"bottom":1142,"left":110,"right":224,"top":1140},"Classname":"android.view.View","Packagename":"com.douban.frodo","Text":"Rachelrr"},{"Bounds":{"bottom":1142,"left":222,"right":232,"top":1140},"Classname":"android.view.View","Packagename":"com.douban.frodo","Text":" "},{"Bounds":{"bottom":1142,"left":230,"right":396,"top":1140},"Classname":"android.view.View","Packagename":"com.douban.frodo","Text":"2017年12月29日"},{"Bounds":{"bottom":1142,"left":660,"right":690,"top":1140},"Classname":"android.view.View","Packagename":"com.douban.frodo","Text":"comments?pos\u003d2\u0026reply_comment_uri\u003ddouban%3A%2F%2Fdouban"},{"Bounds":{"bottom":1142,"left":110,"right":690,"top":1140},"Classname":"android.view.View","Packagename":"com.douban.frodo","Text":"很多声称张国荣先生“人戏合一”“把自己演进去”的言论都是不负责任的，这样的言论其实是不懂表演艺术家同时也不懂电影艺术。结论是究竟人戏不分的人又是谁呢？张国荣先生将《霸王别姬》演得出彩是值得尊重而不是值得“惋惜”的事情，或许所谓惋惜前再欣赏之后出演的其他角色也不会妄下结论了吧。"},{"Bounds":{"bottom":1142,"left":110,"right":720,"top":1140},"Classname":"android.view.View","Packagename":"com.douban.frodo","Text":""},{"Bounds":{"bottom":1142,"left":0,"right":720,"top":1140},"Classname":"android.view.View","Packagename":"com.douban.frodo","Text":"更多回复 4"},{"Bounds":{"bottom":1142,"left":0,"right":720,"top":1140},"Classname":"android.view.View","Packagename":"com.douban.frodo","Text":"话题下的其他内容"},{"Bounds":{"bottom":1142,"left":0,"right":720,"top":1140},"Classname":"android.view.View","Packagename":"com.douban.frodo","Text":"阳光肆无忌惮 的影评 1月7日 ................................................................................究竟是众人皆醒我独醉，还是众人皆醉我独醒............................................................................... 0/0有用0 "},{"Bounds":{"bottom":1142,"left":0,"right":720,"top":1140},"Classname":"android.view.View","Packagename":"com.douban.frodo","Text":"Deep 的影评 1月10日 他是虞姬。虞姬不是虞姬。。。。。。。。。。。。。。。。。。。。。。。。。。。。。。。。。。。。。。。。。。。。。。。。。。。。。。。。。。。。。。。。。。。。。。。。。。。。。。。。。。。。。。。。。。。。。。。。。。。。。。。。。。。。。。。。。。。。。。。。。。。。。。。。。。。。。。。。。。。。。。。。。。。。。。。。。。。。。。。。看着就他心疼。。。。。。。。。。。。。 0/3有用0 "}],"packagename":"com.example.a10628.myapplication","width":1080}