{"events":[{"eventname":"TYPE_VIEW_FOCUSED","source":{"Bounds":{"bottom":136,"left":0,"right":0,"top":136},"Classname":"android.widget.ExpandableListView","Packagename":"com.baycode.tianya","Text":""}},{"eventname":"TYPE_VIEW_CLICKED","source":{"Bounds":{"bottom":1280,"left":432,"right":576,"top":1180},"Classname":"android.widget.RelativeLayout","Packagename":"com.baycode.tianya","Text":""}},{"eventname":"TYPE_VIEW_SCROLLED","source":{"Bounds":{"bottom":1180,"left":0,"right":720,"top":136},"Classname":"android.widget.ExpandableListView","Packagename":"com.baycode.tianya","Text":""}},{"eventname":"TYPE_VIEW_SCROLLED","source":{"Bounds":{"bottom":1180,"left":0,"right":720,"top":136},"Classname":"android.widget.ExpandableListView","Packagename":"com.baycode.tianya","Text":""}},{"eventname":"TYPE_VIEW_SCROLLED","source":{"Bounds":{"bottom":1180,"left":0,"right":720,"top":136},"Classname":"android.widget.ExpandableListView","Packagename":"com.baycode.tianya","Text":""}}],"height":1920,"hovertime":2233,"nodes":[{"Bounds":{"bottom":136,"left":0,"right":720,"top":48},"Classname":"android.widget.HorizontalScrollView","Packagename":"com.baycode.tianya","Text":""},{"Bounds":{"bottom":80,"left":274,"right":445,"top":136},"Classname":"android.widget.TextView","Packagename":"com.baycode.tianya","Text":"下拉刷新…"},{"Bounds":{"bottom":224,"left":34,"right":720,"top":136},"Classname":"android.widget.TextView","Packagename":"com.baycode.tianya","Text":"社会"},{"Bounds":{"bottom":313,"left":34,"right":720,"top":225},"Classname":"android.widget.TextView","Packagename":"com.baycode.tianya","Text":"娱乐"},{"Bounds":{"bottom":402,"left":34,"right":720,"top":314},"Classname":"android.widget.TextView","Packagename":"com.baycode.tianya","Text":"情感"},{"Bounds":{"bottom":491,"left":34,"right":720,"top":403},"Classname":"android.widget.TextView","Packagename":"com.baycode.tianya","Text":"财经"},{"Bounds":{"bottom":580,"left":34,"right":720,"top":492},"Classname":"android.widget.TextView","Packagename":"com.baycode.tianya","Text":"时尚"},{"Bounds":{"bottom":669,"left":34,"right":720,"top":581},"Classname":"android.widget.TextView","Packagename":"com.baycode.tianya","Text":"文学"},{"Bounds":{"bottom":758,"left":34,"right":720,"top":670},"Classname":"android.widget.TextView","Packagename":"com.baycode.tianya","Text":"旅游"},{"Bounds":{"bottom":847,"left":34,"right":720,"top":759},"Classname":"android.widget.TextView","Packagename":"com.baycode.tianya","Text":"生活"},{"Bounds":{"bottom":936,"left":34,"right":720,"top":848},"Classname":"android.widget.TextView","Packagename":"com.baycode.tianya","Text":"汽车"},{"Bounds":{"bottom":1025,"left":34,"right":720,"top":937},"Classname":"android.widget.TextView","Packagename":"com.baycode.tianya","Text":"体育"},{"Bounds":{"bottom":1114,"left":34,"right":720,"top":1026},"Classname":"android.widget.TextView","Packagename":"com.baycode.tianya","Text":"校园"},{"Bounds":{"bottom":1180,"left":34,"right":720,"top":1115},"Classname":"android.widget.TextView","Packagename":"com.baycode.tianya","Text":"数码"},{"Bounds":{"bottom":1280,"left":46,"right":98,"top":1244},"Classname":"android.widget.TextView","Packagename":"com.baycode.tianya","Text":"热帖"},{"Bounds":{"bottom":1280,"left":190,"right":242,"top":1244},"Classname":"android.widget.TextView","Packagename":"com.baycode.tianya","Text":"聚焦"},{"Bounds":{"bottom":1280,"left":334,"right":386,"top":1244},"Classname":"android.widget.TextView","Packagename":"com.baycode.tianya","Text":"书签"},{"Bounds":{"bottom":1280,"left":478,"right":530,"top":1244},"Classname":"android.widget.TextView","Packagename":"com.baycode.tianya","Text":"版块"},{"Bounds":{"bottom":1280,"left":622,"right":674,"top":1244},"Classname":"android.widget.TextView","Packagename":"com.baycode.tianya","Text":"设置"}],"packagename":"com.example.a10628.myapplication","width":1080}