{"events":[{"eventname":"TYPE_VIEW_SCROLLED","source":{"Bounds":{"bottom":1280,"left":0,"right":720,"top":136},"Classname":"android.widget.ListView","Packagename":"com.sina.weibo","Text":""}},{"eventname":"TYPE_VIEW_SCROLLED","source":{"Bounds":{"bottom":1280,"left":0,"right":720,"top":136},"Classname":"android.widget.ListView","Packagename":"com.sina.weibo","Text":""}}],"height":1920,"hovertime":5784,"nodes":[{"Bounds":{"bottom":122,"left":14,"right":74,"top":62},"Classname":"android.widget.TextView","Packagename":"com.sina.weibo","Text":""},{"Bounds":{"bottom":110,"left":337,"right":441,"top":74},"Classname":"android.widget.TextView","Packagename":"com.sina.weibo","Text":"头条新闻"},{"Bounds":{"bottom":116,"left":488,"right":612,"top":68},"Classname":"android.view.View","Packagename":"com.sina.weibo","Text":""},{"Bounds":{"bottom":122,"left":646,"right":706,"top":62},"Classname":"android.widget.TextView","Packagename":"com.sina.weibo","Text":""},{"Bounds":{"bottom":109,"left":24,"right":100,"top":136},"Classname":"android.widget.FrameLayout","Packagename":"com.sina.weibo","Text":""},{"Bounds":{"bottom":67,"left":124,"right":222,"top":136},"Classname":"android.widget.TextView","Packagename":"com.sina.weibo","Text":"未味"},{"Bounds":{"bottom":209,"left":124,"right":696,"top":136},"Classname":"android.widget.TextView","Packagename":"com.sina.weibo","Text":"看完这个终于明白，汶川书记那句“压力太大了”是真的，全国都在关注汶川的发展。"},{"Bounds":{"bottom":262,"left":144,"right":515,"top":224},"Classname":"android.widget.TextView","Packagename":"com.sina.weibo","Text":"白羊82591等人  共59条回复   "},{"Bounds":{"bottom":343,"left":124,"right":243,"top":310},"Classname":"android.widget.TextView","Packagename":"com.sina.weibo","Text":"5-12 08:58"},{"Bounds":{"bottom":361,"left":420,"right":496,"top":293},"Classname":"android.widget.ImageView","Packagename":"com.sina.weibo","Text":""},{"Bounds":{"bottom":361,"left":496,"right":572,"top":293},"Classname":"android.widget.ImageView","Packagename":"com.sina.weibo","Text":""},{"Bounds":{"bottom":323,"left":658,"right":696,"top":290},"Classname":"android.widget.TextView","Packagename":"com.sina.weibo","Text":"291"},{"Bounds":{"bottom":457,"left":24,"right":100,"top":381},"Classname":"android.widget.FrameLayout","Packagename":"com.sina.weibo","Text":""},{"Bounds":{"bottom":415,"left":124,"right":277,"top":377},"Classname":"android.widget.TextView","Packagename":"com.sina.weibo","Text":"陈宝国·"},{"Bounds":{"bottom":741,"left":124,"right":696,"top":411},"Classname":"android.widget.TextView","Packagename":"com.sina.weibo","Text":"转眼十年了，看到这些画面还是想哭。十年前，有的人离开了，有的人留下了。留下的你们还好吗？离开的你们呢？北川的孩子们，用身体护住孩子的母亲、老师，牺牲的军人，你们在天上还好吗？看见重建的家园了吗？铭记历史，努力未来，才能生生不息。🙏🙏"},{"Bounds":{"bottom":809,"left":144,"right":598,"top":771},"Classname":"android.widget.TextView","Packagename":"com.sina.weibo","Text":"用户5387550468等人  共20条回复   "},{"Bounds":{"bottom":875,"left":124,"right":243,"top":842},"Classname":"android.widget.TextView","Packagename":"com.sina.weibo","Text":"5-12 08:58"},{"Bounds":{"bottom":893,"left":419,"right":495,"top":825},"Classname":"android.widget.ImageView","Packagename":"com.sina.weibo","Text":""},{"Bounds":{"bottom":893,"left":495,"right":571,"top":825},"Classname":"android.widget.ImageView","Packagename":"com.sina.weibo","Text":""},{"Bounds":{"bottom":875,"left":657,"right":696,"top":842},"Classname":"android.widget.TextView","Packagename":"com.sina.weibo","Text":"180"},{"Bounds":{"bottom":989,"left":24,"right":100,"top":913},"Classname":"android.widget.FrameLayout","Packagename":"com.sina.weibo","Text":""},{"Bounds":{"bottom":947,"left":124,"right":334,"top":909},"Classname":"android.widget.TextView","Packagename":"com.sina.weibo","Text":"中华民族族草"},{"Bounds":{"bottom":1032,"left":124,"right":696,"top":943},"Classname":"android.widget.TextView","Packagename":"com.sina.weibo","Text":"今天的路上特别堵，因为回家的人会很多[蜡烛]"},{"Bounds":{"bottom":1100,"left":144,"right":483,"top":1062},"Classname":"android.widget.TextView","Packagename":"com.sina.weibo","Text":"菀儿999等人  共14条回复   "},{"Bounds":{"bottom":1166,"left":124,"right":243,"top":1133},"Classname":"android.widget.TextView","Packagename":"com.sina.weibo","Text":"5-12 09:03"},{"Bounds":{"bottom":1184,"left":422,"right":498,"top":1116},"Classname":"android.widget.ImageView","Packagename":"com.sina.weibo","Text":""},{"Bounds":{"bottom":1184,"left":498,"right":574,"top":1116},"Classname":"android.widget.ImageView","Packagename":"com.sina.weibo","Text":""},{"Bounds":{"bottom":1166,"left":660,"right":696,"top":1133},"Classname":"android.widget.TextView","Packagename":"com.sina.weibo","Text":"141"},{"Bounds":{"bottom":1280,"left":24,"right":100,"top":1204},"Classname":"android.widget.FrameLayout","Packagename":"com.sina.weibo","Text":""},{"Bounds":{"bottom":1238,"left":124,"right":418,"top":1200},"Classname":"android.widget.TextView","Packagename":"com.sina.weibo","Text":"当然是我最瘦最好看"},{"Bounds":{"bottom":1280,"left":124,"right":696,"top":1234},"Classname":"android.widget.TextView","Packagename":"com.sina.weibo","Text":"万物皆有裂痕 那是光之来处"},{"Bounds":{"bottom":224,"left":8,"right":160,"top":136},"Classname":"android.widget.TextView","Packagename":"com.sina.weibo","Text":"转发 1万"},{"Bounds":{"bottom":224,"left":160,"right":312,"top":136},"Classname":"android.widget.TextView","Packagename":"com.sina.weibo","Text":"评论 1万"},{"Bounds":{"bottom":224,"left":601,"right":696,"top":136},"Classname":"android.widget.TextView","Packagename":"com.sina.weibo","Text":"赞 2万"},{"Bounds":{"bottom":1258,"left":111,"right":175,"top":1214},"Classname":"android.widget.TextView","Packagename":"com.sina.weibo","Text":"转发"},{"Bounds":{"bottom":1258,"left":351,"right":415,"top":1214},"Classname":"android.widget.TextView","Packagename":"com.sina.weibo","Text":"评论"},{"Bounds":{"bottom":1258,"left":608,"right":640,"top":1214},"Classname":"android.widget.TextView","Packagename":"com.sina.weibo","Text":"赞"}],"packagename":"com.example.a10628.myapplication","width":1080}