{"events":[{"eventname":"TYPE_VIEW_SCROLLED","source":{"Bounds":{"bottom":1280,"left":0,"right":720,"top":2},"Classname":"android.webkit.WebView","Packagename":"com.baycode.tianya","Text":""}}],"height":1920,"hovertime":2715,"nodes":[{"Bounds":{"bottom":4,"left":10,"right":122,"top":2},"Classname":"android.view.View","Packagename":"com.baycode.tianya","Text":"只看楼主"},{"Bounds":{"bottom":4,"left":10,"right":710,"top":2},"Classname":"android.view.View","Packagename":"com.baycode.tianya","Text":"]霍华德：勒布朗是世界最佳球员，猛龙被横扫让我震惊(转载)"},{"Bounds":{"bottom":4,"left":0,"right":720,"top":2},"Classname":"android.view.View","Packagename":"com.baycode.tianya","Text":"第1页 | 共1页   访问382 | 回复8"},{"Bounds":{"bottom":4,"left":8,"right":712,"top":2},"Classname":"android.view.View","Packagename":"com.baycode.tianya","Text":"少剑波20122018-05-10 09:55:06"},{"Bounds":{"bottom":224,"left":10,"right":710,"top":2},"Classname":"android.view.View","Packagename":"com.baycode.tianya","Text":"　　虎扑5月10日讯 近日，黄蜂球员德怀特-霍华德做客节目谈到了再次进入东部决赛的骑士和勒布朗-詹姆斯。\n　　谈到骑士横扫猛龙晋级，霍华德表示：“我认为他们只是需要一点时间来建立化学反应，除此之外，他们有勒布朗，他整个赛季都发挥神勇。他们全队都打得很好。我也惊讶看到凯文-乐福的表现如此之好。说了这么多，他们可是骑士啊，拥有世界上最好的球员，他也一直展现出最好的水准。我很沮丧猛龙遭到了横扫，我以为他们会表现得更好的。”\n　　谈到如今的詹姆斯与自己在魔术时期交手的那个詹姆斯有何不同时，霍华德说道：“我认为他的投射提升了许多，跳投能力提升巨大。但除此之外，他就是勒布朗，他将冲击篮下完成终结，他将在许多人头上扣篮。看起来他在猛龙身上施加了许多威慑力，我以为赛尔吉（伊巴卡）和（约纳斯）瓦兰丘纳斯将彻底统治内线，但勒布朗生吞活剥了他们。”\n　　谈到猛龙令人失望的表现，霍华德说道：“我对他们原本期望更多，从我与他们整个赛季的交手经历出发，那些家伙很强硬，你很难在他们身上得分。他们有赛尔吉、瓦兰丘纳斯和OG-阿奴诺比这些家伙，OG身高臂长，表现出色。看到他们被骑士横扫让我很震惊。”\n　　本赛季常规赛，霍华德场均出战30.4分钟得到16.6分12.5篮板1.62盖帽。"},{"Bounds":{"bottom":746,"left":20,"right":700,"top":244},"Classname":"android.view.View","Packagename":"com.baycode.tianya","Text":"推广 旅行的时候遇见过哪些难忘的事 旅行的意义，让人不断的相遇、分开、再相遇 "},{"Bounds":{"bottom":802,"left":648,"right":700,"top":772},"Classname":"android.view.View","Packagename":"com.baycode.tianya","Text":"回复"},{"Bounds":{"bottom":870,"left":8,"right":712,"top":822},"Classname":"android.view.View","Packagename":"com.baycode.tianya","Text":"何为帅20152018-05-10 09:55:47"},{"Bounds":{"bottom":934,"left":10,"right":710,"top":880},"Classname":"android.view.View","Packagename":"com.baycode.tianya","Text":"　　哦"},{"Bounds":{"bottom":970,"left":648,"right":700,"top":940},"Classname":"android.view.View","Packagename":"com.baycode.tianya","Text":"回复"},{"Bounds":{"bottom":1038,"left":8,"right":712,"top":990},"Classname":"android.view.View","Packagename":"com.baycode.tianya","Text":"少剑波20122018-05-10 09:55:58"},{"Bounds":{"bottom":1102,"left":10,"right":710,"top":1048},"Classname":"android.view.View","Packagename":"com.baycode.tianya","Text":"　　多复制了半个括号"},{"Bounds":{"bottom":1138,"left":648,"right":700,"top":1108},"Classname":"android.view.View","Packagename":"com.baycode.tianya","Text":"回复"},{"Bounds":{"bottom":1206,"left":8,"right":712,"top":1158},"Classname":"android.view.View","Packagename":"com.baycode.tianya","Text":"何为帅20152018-05-10 09:56:15"},{"Bounds":{"bottom":1270,"left":10,"right":710,"top":1216},"Classname":"android.view.View","Packagename":"com.baycode.tianya","Text":"　　优秀的兰兰我顶你！"},{"Bounds":{"bottom":1280,"left":648,"right":700,"top":1276},"Classname":"android.view.View","Packagename":"com.baycode.tianya","Text":"回复"},{"Bounds":{"bottom":1280,"left":8,"right":712,"top":1280},"Classname":"android.view.View","Packagename":"com.baycode.tianya","Text":"少剑波20122018-05-10 09:57:03"},{"Bounds":{"bottom":1280,"left":10,"right":710,"top":1280},"Classname":"android.view.View","Packagename":"com.baycode.tianya","Text":"　　@何为帅2015 2018-05-10 09:56:15\n　　优秀的兰兰我顶你！\n　　-----------------------------\n　　不要脸的人离我远点！"},{"Bounds":{"bottom":1280,"left":648,"right":700,"top":1280},"Classname":"android.view.View","Packagename":"com.baycode.tianya","Text":"回复"},{"Bounds":{"bottom":1280,"left":8,"right":712,"top":1280},"Classname":"android.view.View","Packagename":"com.baycode.tianya","Text":"菏泽人在无锡2018-05-11 12:05:32"},{"Bounds":{"bottom":1280,"left":10,"right":710,"top":1280},"Classname":"android.view.View","Packagename":"com.baycode.tianya","Text":"　　这次不是球员赞铁王了吧？！"},{"Bounds":{"bottom":1280,"left":648,"right":700,"top":1280},"Classname":"android.view.View","Packagename":"com.baycode.tianya","Text":"回复"},{"Bounds":{"bottom":1280,"left":8,"right":712,"top":1280},"Classname":"android.view.View","Packagename":"com.baycode.tianya","Text":"涡轮双擎动力2018-05-11 15:25:52"},{"Bounds":{"bottom":1280,"left":10,"right":710,"top":1280},"Classname":"android.view.View","Packagename":"com.baycode.tianya","Text":"　　兰副总的神贴，变形鸡你咋还不过来跪舔呢？？？"},{"Bounds":{"bottom":1280,"left":648,"right":700,"top":1280},"Classname":"android.view.View","Packagename":"com.baycode.tianya","Text":"回复"},{"Bounds":{"bottom":1280,"left":8,"right":712,"top":1280},"Classname":"android.view.View","Packagename":"com.baycode.tianya","Text":"少剑波20122018-05-11 15:32:57"},{"Bounds":{"bottom":1280,"left":10,"right":710,"top":1280},"Classname":"android.view.View","Packagename":"com.baycode.tianya","Text":"　　@涡轮双擎动力 2018-05-11 15:25:52\n　　兰副总的神贴，变形鸡你咋还不过来跪舔呢？？？\n　　-----------------------------\n　　又成功添加了一个。\n　　滚！"},{"Bounds":{"bottom":1280,"left":648,"right":700,"top":1280},"Classname":"android.view.View","Packagename":"com.baycode.tianya","Text":"回复"},{"Bounds":{"bottom":1280,"left":8,"right":712,"top":1280},"Classname":"android.view.View","Packagename":"com.baycode.tianya","Text":"詹韦连线20152018-05-11 15:45:53"},{"Bounds":{"bottom":1280,"left":10,"right":710,"top":1280},"Classname":"android.view.View","Packagename":"com.baycode.tianya","Text":"　　别搭理伦奴，苍蝇般恶心。以后发帖拉黑就行了\n　　至少我们讨论篮球不会动不动黑科比，伦奴一密抵十黑，有时候蜗壳被黑真的太冤枉了"},{"Bounds":{"bottom":1280,"left":648,"right":700,"top":1280},"Classname":"android.view.View","Packagename":"com.baycode.tianya","Text":"回复"},{"Bounds":{"bottom":1280,"left":108,"right":182,"top":1280},"Classname":"android.view.View","Packagename":"com.baycode.tianya","Text":"返回"},{"Bounds":{"bottom":1280,"left":200,"right":274,"top":1280},"Classname":"android.view.View","Packagename":"com.baycode.tianya","Text":"上页"},{"Bounds":{"bottom":1280,"left":282,"right":438,"top":1280},"Classname":"android.view.View","Packagename":"com.baycode.tianya","Text":"第1页 | 共1页"},{"Bounds":{"bottom":1280,"left":446,"right":520,"top":1280},"Classname":"android.view.View","Packagename":"com.baycode.tianya","Text":"下页"},{"Bounds":{"bottom":1280,"left":538,"right":612,"top":1280},"Classname":"android.view.View","Packagename":"com.baycode.tianya","Text":"末页"},{"Bounds":{"bottom":1280,"left":40,"right":680,"top":1280},"Classname":"android.view.View","Packagename":"com.baycode.tianya","Text":"查看原文"},{"Bounds":{"bottom":1280,"left":40,"right":680,"top":1280},"Classname":"android.view.View","Packagename":"com.baycode.tianya","Text":"转发分享"},{"Bounds":{"bottom":651,"left":0,"right":88,"top":531},"Classname":"android.view.View","Packagename":"com.baycode.tianya","Text":""},{"Bounds":{"bottom":1280,"left":660,"right":720,"top":1260},"Classname":"android.view.View","Packagename":"com.baycode.tianya","Text":""},{"Bounds":{"bottom":1280,"left":0,"right":720,"top":1180},"Classname":"android.view.View","Packagename":"com.baycode.tianya","Text":"javascript:;"}],"packagename":"com.example.a10628.myapplication","width":1080}