{"events":[{"eventname":"TYPE_VIEW_SCROLLED","source":{"Bounds":{"bottom":1280,"left":0,"right":720,"top":143},"Classname":"android.webkit.WebView","Packagename":"cn.amazon.mShop.android","Text":""}}],"height":1920,"hovertime":1992,"nodes":[{"Bounds":{"bottom":140,"left":0,"right":92,"top":48},"Classname":"android.widget.LinearLayout","Packagename":"cn.amazon.mShop.android","Text":""},{"Bounds":{"bottom":120,"left":300,"right":420,"top":68},"Classname":"android.widget.ImageView","Packagename":"cn.amazon.mShop.android","Text":""},{"Bounds":{"bottom":140,"left":532,"right":624,"top":48},"Classname":"android.widget.ImageButton","Packagename":"cn.amazon.mShop.android","Text":""},{"Bounds":{"bottom":140,"left":624,"right":716,"top":48},"Classname":"android.widget.ImageView","Packagename":"cn.amazon.mShop.android","Text":""},{"Bounds":{"bottom":140,"left":656,"right":684,"top":62},"Classname":"android.widget.TextView","Packagename":"cn.amazon.mShop.android","Text":"0"},{"Bounds":{"bottom":1280,"left":0,"right":720,"top":143},"Classname":"android.widget.Image","Packagename":"cn.amazon.mShop.android","Text":""},{"Bounds":{"bottom":145,"left":0,"right":720,"top":143},"Classname":"android.widget.Image","Packagename":"cn.amazon.mShop.android","Text":""},{"Bounds":{"bottom":145,"left":34,"right":176,"top":143},"Classname":"android.view.View","Packagename":"cn.amazon.mShop.android","Text":""},{"Bounds":{"bottom":145,"left":34,"right":64,"top":143},"Classname":"android.widget.Image","Packagename":"cn.amazon.mShop.android","Text":""},{"Bounds":{"bottom":145,"left":64,"right":116,"top":143},"Classname":"android.view.View","Packagename":"cn.amazon.mShop.android","Text":" 已有"},{"Bounds":{"bottom":145,"left":114,"right":154,"top":143},"Classname":"android.view.View","Packagename":"cn.amazon.mShop.android","Text":"199"},{"Bounds":{"bottom":145,"left":152,"right":222,"top":143},"Classname":"android.view.View","Packagename":"cn.amazon.mShop.android","Text":"人喜欢"},{"Bounds":{"bottom":145,"left":34,"right":686,"top":143},"Classname":"android.view.View","Packagename":"cn.amazon.mShop.android","Text":"john masters 是源于纽约美发沙龙的天然美发护肤品牌，旗下的头发以及面部护理产品等均是采用有机植物成分，甚至在包装的使用上也很重视环保回收，赢得了极好口碑，已经成为全球最知名的植物美容品牌之一。"},{"Bounds":{"bottom":145,"left":92,"right":148,"top":143},"Classname":"android.widget.Image","Packagename":"cn.amazon.mShop.android","Text":""},{"Bounds":{"bottom":145,"left":0,"right":240,"top":143},"Classname":"android.view.View","Packagename":"cn.amazon.mShop.android","Text":"分享"},{"Bounds":{"bottom":145,"left":332,"right":388,"top":143},"Classname":"android.widget.Image","Packagename":"cn.amazon.mShop.android","Text":""},{"Bounds":{"bottom":145,"left":238,"right":480,"top":143},"Classname":"android.view.View","Packagename":"cn.amazon.mShop.android","Text":"喜欢"},{"Bounds":{"bottom":145,"left":562,"right":636,"top":143},"Classname":"android.widget.Image","Packagename":"cn.amazon.mShop.android","Text":""},{"Bounds":{"bottom":145,"left":478,"right":720,"top":143},"Classname":"android.view.View","Packagename":"cn.amazon.mShop.android","Text":"我喜欢的"},{"Bounds":{"bottom":145,"left":0,"right":720,"top":143},"Classname":"android.view.View","Packagename":"cn.amazon.mShop.android","Text":""},{"Bounds":{"bottom":145,"left":0,"right":720,"top":143},"Classname":"android.view.View","Packagename":"cn.amazon.mShop.android","Text":""},{"Bounds":{"bottom":145,"left":0,"right":720,"top":143},"Classname":"android.view.View","Packagename":"cn.amazon.mShop.android","Text":""},{"Bounds":{"bottom":145,"left":16,"right":704,"top":143},"Classname":"android.view.View","Packagename":"cn.amazon.mShop.android","Text":""},{"Bounds":{"bottom":145,"left":34,"right":686,"top":143},"Classname":"android.view.View","Packagename":"cn.amazon.mShop.android","Text":"崇尚自然的 john masters 从基剂开始，摈弃石油衍生品，而采用各种有机植物榨取的精油。不管是原料、味道以及包装上，都能感受到浓浓的森林气息，给使用者带来温和的安全感，身心都放松了。"},{"Bounds":{"bottom":455,"left":16,"right":704,"top":143},"Classname":"android.view.View","Packagename":"cn.amazon.mShop.android","Text":""},{"Bounds":{"bottom":667,"left":34,"right":686,"top":485},"Classname":"android.view.View","Packagename":"cn.amazon.mShop.android","Text":"创立者 John Masters 为好莱坞明星提供美发服务多年，深感化学成分对人体的伤害，于是萌生自制植物美容产品的想法。1991 年研发了第一款护发有机产品，并在 1994 年在纽约曼哈顿开设了第一家天然有机概念发廊，john masters 品牌由此发展起来。"},{"Bounds":{"bottom":1237,"left":16,"right":704,"top":723},"Classname":"android.view.View","Packagename":"cn.amazon.mShop.android","Text":""},{"Bounds":{"bottom":1280,"left":34,"right":686,"top":1265},"Classname":"android.view.View","Packagename":"cn.amazon.mShop.android","Text":"john masters 还是日本 cosme 大赏的榜上有名的品牌，也迅速在日本走红。除了一系列的护发产品之外，他家的摩洛哥精油以及玫瑰泡沫洁面等产品，也是口碑款。"},{"Bounds":{"bottom":1280,"left":0,"right":720,"top":1279},"Classname":"android.view.View","Packagename":"cn.amazon.mShop.android","Text":""},{"Bounds":{"bottom":1280,"left":0,"right":720,"top":1279},"Classname":"android.view.View","Packagename":"cn.amazon.mShop.android","Text":"- 精选商品 -"},{"Bounds":{"bottom":1280,"left":34,"right":336,"top":1279},"Classname":"android.view.View","Packagename":"cn.amazon.mShop.android","Text":"John Masters Organics Spearmint \u0026 Meado... 76 ￥131.30 "},{"Bounds":{"bottom":1280,"left":384,"right":686,"top":1279},"Classname":"android.view.View","Packagename":"cn.amazon.mShop.android","Text":"JOHN MASTERS Organics Essential 体验装适用于*... 3 ￥97.66 "},{"Bounds":{"bottom":1280,"left":34,"right":336,"top":1279},"Classname":"android.view.View","Packagename":"cn.amazon.mShop.android","Text":"Lemon \u0026 Ginger Foaming Hand \u0026 B... 1 ￥205.49 "},{"Bounds":{"bottom":1280,"left":384,"right":686,"top":1279},"Classname":"android.view.View","Packagename":"cn.amazon.mShop.android","Text":"JOHN MASTERS Organics – 柑橘 \u0026 neroli det... 143 ￥78.83 "},{"Bounds":{"bottom":1280,"left":34,"right":336,"top":1279},"Classname":"android.view.View","Packagename":"cn.amazon.mShop.android","Text":"John Master Organics 沐浴露,血橙/香草,8液盎司 日本 31 ￥130.55 "},{"Bounds":{"bottom":1280,"left":384,"right":686,"top":1279},"Classname":"android.view.View","Packagename":"cn.amazon.mShop.android","Text":"JOHN MASTERS Organics – ROSE \u0026 杏色*牛奶 1盎... 45 ￥111.79 "},{"Bounds":{"bottom":1280,"left":34,"right":336,"top":1279},"Classname":"android.view.View","Packagename":"cn.amazon.mShop.android","Text":"Geranium \u0026 Grapefruit Body Wash 1 ￥130.21 "},{"Bounds":{"bottom":1280,"left":384,"right":686,"top":1279},"Classname":"android.view.View","Packagename":"cn.amazon.mShop.android","Text":"Lavender \u0026 Palmarosa Body Scrub Rel... ￥136.16 "},{"Bounds":{"bottom":1280,"left":34,"right":336,"top":1279},"Classname":"android.view.View","Packagename":"cn.amazon.mShop.android","Text":"John Masters Organics Deep Scalp Follic... 105 ￥143.80 "},{"Bounds":{"bottom":1280,"left":384,"right":686,"top":1279},"Classname":"android.view.View","Packagename":"cn.amazon.mShop.android","Text":"John Masters Organics Color Enhancing C... 5 ￥126.96 "},{"Bounds":{"bottom":1280,"left":34,"right":336,"top":1279},"Classname":"android.view.View","Packagename":"cn.amazon.mShop.android","Text":"JOHN Masters Organics 洗发水薰衣草罗斯玛丽 , 60毫升 1 ￥90.25 "},{"Bounds":{"bottom":1280,"left":384,"right":686,"top":1279},"Classname":"android.view.View","Packagename":"cn.amazon.mShop.android","Text":"JOHN Masters Organics 薰衣草 Rosemary 洗发水 ... ￥257.44 "},{"Bounds":{"bottom":1280,"left":34,"right":336,"top":1279},"Classname":"android.view.View","Packagename":"cn.amazon.mShop.android","Text":"John Masters Organics 约翰大师有机物 John Mast... 1 ￥245.10 "},{"Bounds":{"bottom":1280,"left":384,"right":686,"top":1279},"Classname":"android.view.View","Packagename":"cn.amazon.mShop.android","Text":"Rose \u0026 Aloe Hydrating Toning Mist-1... 7 ￥241.04 "},{"Bounds":{"bottom":1280,"left":34,"right":336,"top":1279},"Classname":"android.view.View","Packagename":"cn.amazon.mShop.android","Text":"JOHN MASTERS Organics voluminizing 泡沫17... 5 ￥203.06 "},{"Bounds":{"bottom":1280,"left":384,"right":686,"top":1279},"Classname":"android.view.View","Packagename":"cn.amazon.mShop.android","Text":"Green Tea \u0026 Rose Hydrating Face Ser... 23 ￥374.15 "},{"Bounds":{"bottom":1280,"left":34,"right":336,"top":1279},"Classname":"android.view.View","Packagename":"cn.amazon.mShop.android","Text":"JOHN MASTERS Organics 唇 CALM balm ，紫红色4... 2 ￥62.58 "},{"Bounds":{"bottom":1280,"left":384,"right":686,"top":1279},"Classname":"android.view.View","Packagename":"cn.amazon.mShop.android","Text":"JOHN MASTERS Organics 唇 CALM balm ，薄荷4 ... 61 ￥61.80 "},{"Bounds":{"bottom":1280,"left":34,"right":336,"top":1279},"Classname":"android.view.View","Packagename":"cn.amazon.mShop.android","Text":"[John Masters Organics] Zinc \u0026 Sage Sha... ￥192.09 "},{"Bounds":{"bottom":1280,"left":384,"right":686,"top":1279},"Classname":"android.view.View","Packagename":"cn.amazon.mShop.android","Text":"John Masters Organics Shine On Leave-in... 24 ￥223.02 "},{"Bounds":{"bottom":1280,"left":0,"right":720,"top":1279},"Classname":"android.view.View","Packagename":"cn.amazon.mShop.android","Text":"- 更多品牌 - "},{"Bounds":{"bottom":1280,"left":16,"right":704,"top":1279},"Classname":"android.view.View","Packagename":"cn.amazon.mShop.android","Text":"小清新香氛 触动少女心 79 "},{"Bounds":{"bottom":1280,"left":16,"right":704,"top":1279},"Classname":"android.view.View","Packagename":"cn.amazon.mShop.android","Text":"净透美肌如初新生 12 "},{"Bounds":{"bottom":1280,"left":16,"right":704,"top":1279},"Classname":"android.view.View","Packagename":"cn.amazon.mShop.android","Text":"皮肤科医生都在推荐的防晒专家 249 "},{"Bounds":{"bottom":1280,"left":0,"right":720,"top":1279},"Classname":"android.view.View","Packagename":"cn.amazon.mShop.android","Text":"ref\u003ddiscover_to_discover_brand?ie\u003dUTF8\u0026app-action\u003dwebview\u0026url\u003dhttps%3A%2F%2Fwww.amazon"},{"Bounds":{"bottom":1280,"left":0,"right":720,"top":1279},"Classname":"android.view.View","Packagename":"cn.amazon.mShop.android","Text":""},{"Bounds":{"bottom":1280,"left":0,"right":720,"top":1279},"Classname":"android.view.View","Packagename":"cn.amazon.mShop.android","Text":""}],"packagename":"com.example.a10628.myapplication","width":1080}