{"events":[{"eventname":"TYPE_VIEW_SCROLLED","source":{"Bounds":{"bottom":1179,"left":0,"right":720,"top":2702},"Classname":"android.support.v7.widget.RecyclerView","Packagename":"com.netease.pris","Text":""}},{"eventname":"TYPE_VIEW_SELECTED","source":{"Bounds":{"bottom":1179,"left":128,"right":278,"top":2175},"Classname":"android.widget.RatingBar","Packagename":"com.netease.pris","Text":""}},{"eventname":"TYPE_VIEW_CLICKED","source":{"Bounds":{"bottom":555,"left":0,"right":720,"top":436},"Classname":"android.widget.TextView","Packagename":"com.netease.pris","Text":"从行为脉络来看，本书基本上是从数据统计、数据指标理解、数据模型、聚类/分类与机器学习、数据应用、大数据框架补充知识，以及扩展讨论这样..."}}],"height":1920,"hovertime":2184,"nodes":[{"Bounds":{"bottom":136,"left":0,"right":108,"top":48},"Classname":"android.widget.ImageView","Packagename":"com.netease.pris","Text":""},{"Bounds":{"bottom":114,"left":360,"right":360,"top":69},"Classname":"android.widget.TextView","Packagename":"com.netease.pris","Text":""},{"Bounds":{"bottom":112,"left":378,"right":542,"top":72},"Classname":"android.widget.Button","Packagename":"com.netease.pris","Text":"加入购物车"},{"Bounds":{"bottom":114,"left":572,"right":612,"top":70},"Classname":"android.widget.RelativeLayout","Packagename":"com.netease.pris","Text":""},{"Bounds":{"bottom":114,"left":644,"right":688,"top":70},"Classname":"android.widget.Button","Packagename":"com.netease.pris","Text":""},{"Bounds":{"bottom":436,"left":12,"right":228,"top":136},"Classname":"android.widget.ImageView","Packagename":"com.netease.pris","Text":""},{"Bounds":{"bottom":188,"left":238,"right":578,"top":146},"Classname":"android.widget.TextView","Packagename":"com.netease.pris","Text":"白话大数据与机器学习"},{"Bounds":{"bottom":234,"left":238,"right":258,"top":204},"Classname":"android.widget.TextView","Packagename":"com.netease.pris","Text":"IT"},{"Bounds":{"bottom":234,"left":292,"right":340,"top":204},"Classname":"android.widget.TextView","Packagename":"com.netease.pris","Text":"高扬"},{"Bounds":{"bottom":270,"left":234,"right":384,"top":244},"Classname":"android.widget.RatingBar","Packagename":"com.netease.pris","Text":""},{"Bounds":{"bottom":314,"left":238,"right":365,"top":284},"Classname":"android.widget.TextView","Packagename":"com.netease.pris","Text":"大小：641K"},{"Bounds":{"bottom":314,"left":399,"right":517,"top":284},"Classname":"android.widget.TextView","Packagename":"com.netease.pris","Text":"61.7万点击"},{"Bounds":{"bottom":367,"left":238,"right":310,"top":328},"Classname":"android.widget.TextView","Packagename":"com.netease.pris","Text":"2500"},{"Bounds":{"bottom":365,"left":310,"right":358,"top":335},"Classname":"android.widget.TextView","Packagename":"com.netease.pris","Text":"阅点"},{"Bounds":{"bottom":555,"left":0,"right":720,"top":436},"Classname":"android.widget.TextView","Packagename":"com.netease.pris","Text":"从行为脉络来看，本书基本上是从数据统计、数据指标理解、数据模型、聚类/分类与机器学习、数据应用、大数据框架补充知识，以及扩展讨论这样..."},{"Bounds":{"bottom":555,"left":653,"right":720,"top":524},"Classname":"android.widget.ImageView","Packagename":"com.netease.pris","Text":""},{"Bounds":{"bottom":640,"left":94,"right":666,"top":612},"Classname":"android.widget.TextView","Packagename":"com.netease.pris","Text":"共230章"},{"Bounds":{"bottom":762,"left":47,"right":552,"top":717},"Classname":"android.widget.TextView","Packagename":"com.netease.pris","Text":"大师来了"},{"Bounds":{"bottom":768,"left":552,"right":690,"top":712},"Classname":"android.widget.TextView","Packagename":"com.netease.pris","Text":"写评论"},{"Bounds":{"bottom":912,"left":25,"right":99,"top":838},"Classname":"android.widget.ImageView","Packagename":"com.netease.pris","Text":""},{"Bounds":{"bottom":870,"left":128,"right":280,"top":838},"Classname":"android.widget.TextView","Packagename":"com.netease.pris","Text":"f826760951"},{"Bounds":{"bottom":865,"left":292,"right":333,"top":843},"Classname":"android.widget.TextView","Packagename":"com.netease.pris","Text":"LV.3"},{"Bounds":{"bottom":914,"left":128,"right":304,"top":886},"Classname":"android.widget.TextView","Packagename":"com.netease.pris","Text":"2017年05月27日"},{"Bounds":{"bottom":891,"left":637,"right":650,"top":838},"Classname":"android.widget.TextView","Packagename":"com.netease.pris","Text":"6"},{"Bounds":{"bottom":1048,"left":130,"right":668,"top":932},"Classname":"android.widget.TextView","Packagename":"com.netease.pris","Text":"3.2.2 购车摇号时  计算概率有误  最后应该是 5/6 * 4/5 * 1/4 \u003d 1/6   结果应该是1/2  而不是8/15"},{"Bounds":{"bottom":1139,"left":47,"right":191,"top":1094},"Classname":"android.widget.TextView","Packagename":"com.netease.pris","Text":"最新评论"},{"Bounds":{"bottom":1179,"left":25,"right":99,"top":1209},"Classname":"android.widget.ImageView","Packagename":"com.netease.pris","Text":""},{"Bounds":{"bottom":1179,"left":128,"right":162,"top":1209},"Classname":"android.widget.TextView","Packagename":"com.netease.pris","Text":"YF"},{"Bounds":{"bottom":1179,"left":174,"right":215,"top":1214},"Classname":"android.widget.TextView","Packagename":"com.netease.pris","Text":"LV.1"},{"Bounds":{"bottom":1179,"left":128,"right":278,"top":1257},"Classname":"android.widget.RatingBar","Packagename":"com.netease.pris","Text":""},{"Bounds":{"bottom":1179,"left":298,"right":474,"top":1257},"Classname":"android.widget.TextView","Packagename":"com.netease.pris","Text":"2017年05月15日"},{"Bounds":{"bottom":1179,"left":637,"right":650,"top":1209},"Classname":"android.widget.TextView","Packagename":"com.netease.pris","Text":"4"},{"Bounds":{"bottom":1179,"left":130,"right":346,"top":1301},"Classname":"android.widget.TextView","Packagename":"com.netease.pris","Text":"150页的公式有误"},{"Bounds":{"bottom":1179,"left":25,"right":99,"top":1389},"Classname":"android.widget.ImageView","Packagename":"com.netease.pris","Text":""},{"Bounds":{"bottom":1179,"left":128,"right":214,"top":1389},"Classname":"android.widget.TextView","Packagename":"com.netease.pris","Text":"ideallic"},{"Bounds":{"bottom":1179,"left":226,"right":267,"top":1394},"Classname":"android.widget.TextView","Packagename":"com.netease.pris","Text":"LV.2"},{"Bounds":{"bottom":1179,"left":128,"right":304,"top":1437},"Classname":"android.widget.TextView","Packagename":"com.netease.pris","Text":"2016年10月27日"},{"Bounds":{"bottom":1179,"left":637,"right":650,"top":1389},"Classname":"android.widget.TextView","Packagename":"com.netease.pris","Text":"1"},{"Bounds":{"bottom":1179,"left":130,"right":668,"top":1481},"Classname":"android.widget.TextView","Packagename":"com.netease.pris","Text":"不错，正在学习机器学习，很好的入门资料，通俗易懂。"},{"Bounds":{"bottom":1179,"left":25,"right":99,"top":1611},"Classname":"android.widget.ImageView","Packagename":"com.netease.pris","Text":""},{"Bounds":{"bottom":1179,"left":128,"right":304,"top":1611},"Classname":"android.widget.TextView","Packagename":"com.netease.pris","Text":"15167010106"},{"Bounds":{"bottom":1179,"left":316,"right":357,"top":1616},"Classname":"android.widget.TextView","Packagename":"com.netease.pris","Text":"LV.8"},{"Bounds":{"bottom":1179,"left":128,"right":278,"top":1659},"Classname":"android.widget.RatingBar","Packagename":"com.netease.pris","Text":""},{"Bounds":{"bottom":1179,"left":298,"right":474,"top":1659},"Classname":"android.widget.TextView","Packagename":"com.netease.pris","Text":"2016年09月19日"},{"Bounds":{"bottom":1179,"left":637,"right":650,"top":1611},"Classname":"android.widget.TextView","Packagename":"com.netease.pris","Text":"2"},{"Bounds":{"bottom":1179,"left":130,"right":668,"top":1703},"Classname":"android.widget.TextView","Packagename":"com.netease.pris","Text":"这本书我打算从头到尾读三遍，第一遍已翻完，第二遍要记笔记了，这回是做详细的阅读与学习！说真的，这本书颠覆了我地人生观啊！我是一名职业高中毕业生，自学编程三年了，有一段时间的项目开发经验吧，喜欢查阅资料与独立思考。这本书无疑给我提供了很多思考的空间，我翻了那么多机器学习的资料，就这本是我第一本从头到尾翻完的，真的是太棒了！"},{"Bounds":{"bottom":1179,"left":25,"right":99,"top":2127},"Classname":"android.widget.ImageView","Packagename":"com.netease.pris","Text":""},{"Bounds":{"bottom":1179,"left":128,"right":304,"top":2127},"Classname":"android.widget.TextView","Packagename":"com.netease.pris","Text":"15167010106"},{"Bounds":{"bottom":1179,"left":316,"right":357,"top":2132},"Classname":"android.widget.TextView","Packagename":"com.netease.pris","Text":"LV.8"},{"Bounds":{"bottom":1179,"left":128,"right":278,"top":2175},"Classname":"android.widget.RatingBar","Packagename":"com.netease.pris","Text":""},{"Bounds":{"bottom":1179,"left":298,"right":474,"top":2175},"Classname":"android.widget.TextView","Packagename":"com.netease.pris","Text":"2016年09月17日"},{"Bounds":{"bottom":1179,"left":637,"right":650,"top":2127},"Classname":"android.widget.TextView","Packagename":"com.netease.pris","Text":"2"},{"Bounds":{"bottom":1179,"left":130,"right":668,"top":2219},"Classname":"android.widget.TextView","Packagename":"com.netease.pris","Text":"讲的非常通俗易懂，但是目前由于资金有限不能买，还在网上找有没有免费的pdf。。。\r\n书中完全以生活中的例子来为我们讲解机器学习所需要掌握的基础数学，毕竟机器学习这门课门槛确实很高，使不少人都望而却步。不知道我这位不要命的高中青年勇者是否能将其拿下呢？"},{"Bounds":{"bottom":1179,"left":47,"right":227,"top":2632},"Classname":"android.widget.TextView","Packagename":"com.netease.pris","Text":"用户还喜欢"},{"Bounds":{"bottom":1179,"left":50,"right":210,"top":2962},"Classname":"android.widget.TextView","Packagename":"com.netease.pris","Text":"产品心经：产品经理应该知道的50件事"},{"Bounds":{"bottom":1179,"left":50,"right":210,"top":3052},"Classname":"android.widget.TextView","Packagename":"com.netease.pris","Text":"闫荣"},{"Bounds":{"bottom":1179,"left":250,"right":410,"top":2962},"Classname":"android.widget.TextView","Packagename":"com.netease.pris","Text":"父与子的编程之旅：与小卡特一起学Python"},{"Bounds":{"bottom":1179,"left":250,"right":410,"top":3052},"Classname":"android.widget.TextView","Packagename":"com.netease.pris","Text":"【美】Warren Sande"},{"Bounds":{"bottom":1179,"left":450,"right":610,"top":2962},"Classname":"android.widget.TextView","Packagename":"com.netease.pris","Text":"跟小贤学运营"},{"Bounds":{"bottom":1179,"left":450,"right":610,"top":3052},"Classname":"android.widget.TextView","Packagename":"com.netease.pris","Text":"陈维贤"},{"Bounds":{"bottom":1179,"left":650,"right":720,"top":2962},"Classname":"android.widget.TextView","Packagename":"com.netease.pris","Text":"Redis开发与运维"},{"Bounds":{"bottom":1179,"left":650,"right":720,"top":3052},"Classname":"android.widget.TextView","Packagename":"com.netease.pris","Text":"付磊;张益军"},{"Bounds":{"bottom":1280,"left":0,"right":239,"top":1180},"Classname":"android.widget.Button","Packagename":"com.netease.pris","Text":"加入书架"},{"Bounds":{"bottom":1280,"left":241,"right":480,"top":1180},"Classname":"android.widget.Button","Packagename":"com.netease.pris","Text":"购买"},{"Bounds":{"bottom":1280,"left":480,"right":720,"top":1180},"Classname":"android.widget.Button","Packagename":"com.netease.pris","Text":"立即阅读"}],"packagename":"com.example.a10628.myapplication","width":1080}