{"events":[{"eventname":"TYPE_VIEW_SCROLLED","source":{"Bounds":{"bottom":1170,"left":0,"right":720,"top":160},"Classname":"android.support.v7.widget.RecyclerView","Packagename":"com.zhihu.android","Text":""}}],"height":1920,"hovertime":2353,"nodes":[{"Bounds":{"bottom":160,"left":0,"right":112,"top":48},"Classname":"android.widget.ImageButton","Packagename":"com.zhihu.android","Text":""},{"Bounds":{"bottom":131,"left":120,"right":200,"top":77},"Classname":"android.widget.TextView","Packagename":"com.zhihu.android","Text":"评论"},{"Bounds":{"bottom":152,"left":624,"right":720,"top":56},"Classname":"android.widget.TextView","Packagename":"com.zhihu.android","Text":""},{"Bounds":{"bottom":272,"left":32,"right":112,"top":192},"Classname":"android.widget.ImageView","Packagename":"com.zhihu.android","Text":""},{"Bounds":{"bottom":230,"left":144,"right":200,"top":192},"Classname":"android.widget.TextView","Packagename":"com.zhihu.android","Text":"万岁"},{"Bounds":{"bottom":284,"left":144,"right":688,"top":246},"Classname":"android.widget.TextView","Packagename":"com.zhihu.android","Text":"诶..."},{"Bounds":{"bottom":364,"left":144,"right":278,"top":284},"Classname":"android.widget.TextView","Packagename":"com.zhihu.android","Text":"昨天 22:07"},{"Bounds":{"bottom":364,"left":624,"right":704,"top":284},"Classname":"android.widget.TextView","Packagename":"com.zhihu.android","Text":""},{"Bounds":{"bottom":492,"left":32,"right":112,"top":412},"Classname":"android.widget.ImageView","Packagename":"com.zhihu.android","Text":""},{"Bounds":{"bottom":450,"left":144,"right":200,"top":412},"Classname":"android.widget.TextView","Packagename":"com.zhihu.android","Text":"阿濯"},{"Bounds":{"bottom":504,"left":144,"right":688,"top":466},"Classname":"android.widget.TextView","Packagename":"com.zhihu.android","Text":"虐了虐了"},{"Bounds":{"bottom":584,"left":144,"right":278,"top":504},"Classname":"android.widget.TextView","Packagename":"com.zhihu.android","Text":"昨天 22:53"},{"Bounds":{"bottom":584,"left":608,"right":704,"top":504},"Classname":"android.widget.TextView","Packagename":"com.zhihu.android","Text":"1"},{"Bounds":{"bottom":712,"left":32,"right":112,"top":632},"Classname":"android.widget.ImageView","Packagename":"com.zhihu.android","Text":""},{"Bounds":{"bottom":670,"left":144,"right":226,"top":632},"Classname":"android.widget.TextView","Packagename":"com.zhihu.android","Text":"Alan D"},{"Bounds":{"bottom":724,"left":144,"right":688,"top":686},"Classname":"android.widget.TextView","Packagename":"com.zhihu.android","Text":"我靠这个答案真是"},{"Bounds":{"bottom":804,"left":144,"right":278,"top":724},"Classname":"android.widget.TextView","Packagename":"com.zhihu.android","Text":"昨天 23:09"},{"Bounds":{"bottom":804,"left":608,"right":704,"top":724},"Classname":"android.widget.TextView","Packagename":"com.zhihu.android","Text":"2"},{"Bounds":{"bottom":932,"left":32,"right":112,"top":852},"Classname":"android.widget.ImageView","Packagename":"com.zhihu.android","Text":""},{"Bounds":{"bottom":890,"left":144,"right":312,"top":852},"Classname":"android.widget.TextView","Packagename":"com.zhihu.android","Text":"此人无法显示"},{"Bounds":{"bottom":944,"left":144,"right":688,"top":906},"Classname":"android.widget.TextView","Packagename":"com.zhihu.android","Text":"扎心"},{"Bounds":{"bottom":1024,"left":144,"right":278,"top":944},"Classname":"android.widget.TextView","Packagename":"com.zhihu.android","Text":"昨天 23:10"},{"Bounds":{"bottom":1024,"left":608,"right":704,"top":944},"Classname":"android.widget.TextView","Packagename":"com.zhihu.android","Text":"1"},{"Bounds":{"bottom":1152,"left":32,"right":112,"top":1072},"Classname":"android.widget.ImageView","Packagename":"com.zhihu.android","Text":""},{"Bounds":{"bottom":1110,"left":144,"right":311,"top":1072},"Classname":"android.widget.TextView","Packagename":"com.zhihu.android","Text":"粥新酒漫man"},{"Bounds":{"bottom":1164,"left":144,"right":688,"top":1126},"Classname":"android.widget.TextView","Packagename":"com.zhihu.android","Text":"泪点低呀..."},{"Bounds":{"bottom":1170,"left":144,"right":278,"top":1164},"Classname":"android.widget.TextView","Packagename":"com.zhihu.android","Text":"昨天 23:27"},{"Bounds":{"bottom":1170,"left":608,"right":704,"top":1164},"Classname":"android.widget.TextView","Packagename":"com.zhihu.android","Text":"1"},{"Bounds":{"bottom":1248,"left":32,"right":620,"top":1202},"Classname":"android.widget.EditText","Packagename":"com.zhihu.android","Text":"添加评论"},{"Bounds":{"bottom":1248,"left":636,"right":684,"top":1202},"Classname":"android.widget.ImageButton","Packagename":"com.zhihu.android","Text":""}],"packagename":"com.example.a10628.myapplication","width":1080}