{"events":[{"eventname":"TYPE_VIEW_FOCUSED","source":{"Bounds":{"bottom":1280,"left":0,"right":720,"top":160},"Classname":"android.webkit.WebView","Packagename":"com.zhihu.android","Text":""}},{"eventname":"TYPE_VIEW_FOCUSED","source":{"Bounds":{"bottom":1280,"left":0,"right":720,"top":160},"Classname":"android.support.v7.widget.RecyclerView","Packagename":"com.zhihu.android","Text":""}},{"eventname":"TYPE_VIEW_SCROLLED","source":{"Bounds":{"bottom":1280,"left":0,"right":720,"top":160},"Classname":"android.support.v7.widget.RecyclerView","Packagename":"com.zhihu.android","Text":""}},{"eventname":"TYPE_VIEW_SCROLLED","source":{"Bounds":{"bottom":1280,"left":0,"right":720,"top":160},"Classname":"android.support.v7.widget.RecyclerView","Packagename":"com.zhihu.android","Text":""}},{"eventname":"TYPE_VIEW_SCROLLED","source":{"Bounds":{"bottom":1280,"left":0,"right":720,"top":160},"Classname":"android.support.v7.widget.RecyclerView","Packagename":"com.zhihu.android","Text":""}}],"height":1920,"hovertime":1907,"nodes":[{"Bounds":{"bottom":160,"left":16,"right":128,"top":48},"Classname":"android.widget.ImageButton","Packagename":"com.zhihu.android","Text":""},{"Bounds":{"bottom":123,"left":128,"right":528,"top":85},"Classname":"android.widget.TextView","Packagename":"com.zhihu.android","Text":"搜索知乎内容"},{"Bounds":{"bottom":125,"left":128,"right":128,"top":82},"Classname":"android.widget.TextView","Packagename":"com.zhihu.android","Text":"知乎"},{"Bounds":{"bottom":152,"left":528,"right":624,"top":56},"Classname":"android.widget.TextView","Packagename":"com.zhihu.android","Text":""},{"Bounds":{"bottom":152,"left":624,"right":704,"top":56},"Classname":"android.widget.ImageView","Packagename":"com.zhihu.android","Text":""},{"Bounds":{"bottom":242,"left":30,"right":134,"top":180},"Classname":"android.view.View","Packagename":"com.zhihu.android","Text":"NBA"},{"Bounds":{"bottom":240,"left":148,"right":254,"top":178},"Classname":"android.view.View","Packagename":"com.zhihu.android","Text":"篮球"},{"Bounds":{"bottom":240,"left":268,"right":466,"top":178},"Classname":"android.view.View","Packagename":"com.zhihu.android","Text":"NBA 季后赛"},{"Bounds":{"bottom":240,"left":480,"right":648,"top":178},"Classname":"android.view.View","Packagename":"com.zhihu.android","Text":"NBA 球员"},{"Bounds":{"bottom":240,"left":662,"right":720,"top":178},"Classname":"android.view.View","Packagename":"com.zhihu.android","Text":"NBA 历史"},{"Bounds":{"bottom":260,"left":608,"right":720,"top":160},"Classname":"android.view.View","Packagename":"com.zhihu.android","Text":"  "},{"Bounds":{"bottom":314,"left":0,"right":720,"top":260},"Classname":"android.view.View","Packagename":"com.zhihu.android","Text":"NBA替补席到底是怎么样的存在？"},{"Bounds":{"bottom":434,"left":30,"right":690,"top":334},"Classname":"android.view.View","Packagename":"com.zhihu.android","Text":"譬如萨克雷萨帝这样的存在\nNBA球队替补席拥有都是一道亮丽的风景线！"},{"Bounds":{"bottom":510,"left":30,"right":160,"top":466},"Classname":"android.view.View","Packagename":"com.zhihu.android","Text":"148 人关注"},{"Bounds":{"bottom":510,"left":188,"right":290,"top":466},"Classname":"android.view.View","Packagename":"com.zhihu.android","Text":"0 条评论"},{"Bounds":{"bottom":504,"left":530,"right":562,"top":472},"Classname":"android.widget.Image","Packagename":"com.zhihu.android","Text":""},{"Bounds":{"bottom":506,"left":568,"right":672,"top":476},"Classname":"android.view.View","Packagename":"com.zhihu.android","Text":"关注问题"},{"Bounds":{"bottom":642,"left":0,"right":360,"top":542},"Classname":"android.view.View","Packagename":"com.zhihu.android","Text":"  "},{"Bounds":{"bottom":608,"left":102,"right":136,"top":576},"Classname":"android.widget.Image","Packagename":"com.zhihu.android","Text":""},{"Bounds":{"bottom":612,"left":144,"right":258,"top":578},"Classname":"android.view.View","Packagename":"com.zhihu.android","Text":"邀请回答"},{"Bounds":{"bottom":642,"left":360,"right":720,"top":542},"Classname":"android.view.View","Packagename":"com.zhihu.android","Text":"  "},{"Bounds":{"bottom":608,"left":462,"right":496,"top":576},"Classname":"android.widget.Image","Packagename":"com.zhihu.android","Text":""},{"Bounds":{"bottom":612,"left":504,"right":618,"top":578},"Classname":"android.view.View","Packagename":"com.zhihu.android","Text":"添加回答"},{"Bounds":{"bottom":351,"left":360,"right":360,"top":262},"Classname":"android.widget.TextView","Packagename":"com.zhihu.android","Text":""},{"Bounds":{"bottom":418,"left":280,"right":440,"top":351},"Classname":"android.widget.TextView","Packagename":"com.zhihu.android","Text":""},{"Bounds":{"bottom":710,"left":32,"right":155,"top":642},"Classname":"android.widget.TextView","Packagename":"com.zhihu.android","Text":"25 个回答"},{"Bounds":{"bottom":710,"left":500,"right":688,"top":642},"Classname":"android.widget.TextView","Packagename":"com.zhihu.android","Text":"按质量排序"},{"Bounds":{"bottom":789,"left":88,"right":152,"top":751},"Classname":"android.widget.TextView","Packagename":"com.zhihu.android","Text":"BallU"},{"Bounds":{"bottom":770,"left":160,"right":160,"top":770},"Classname":"android.view.View","Packagename":"com.zhihu.android","Text":""},{"Bounds":{"bottom":943,"left":32,"right":250,"top":798},"Classname":"android.widget.FrameLayout","Packagename":"com.zhihu.android","Text":""},{"Bounds":{"bottom":943,"left":250,"right":468,"top":798},"Classname":"android.widget.FrameLayout","Packagename":"com.zhihu.android","Text":""},{"Bounds":{"bottom":943,"left":470,"right":686,"top":798},"Classname":"android.widget.TextView","Packagename":"com.zhihu.android","Text":"+24"},{"Bounds":{"bottom":1077,"left":32,"right":688,"top":943},"Classname":"android.widget.TextView","Packagename":"com.zhihu.android","Text":"超巨背后的男人们 又高又壮 经常因为超巨的一举一动 亢奋 [图片] NBA不止精彩的比赛和叱咤风云的球星啊啦啦队、现场球迷、替补席……每个地方都有故事 [图片] 当主力球员在球场上翻江倒海挥汗如雨、为主队做贡献的时候还有一群人也在以自己的方式为主队添砖加瓦 他们就是坐在替补席上的“毛巾侠”“领舞者”“饮水机守护者”们 [图片] 他们当中有些人是固定轮换球员有些人是偶尔轮换球员有些人甚至一个赛季都未能获得上场机会 但是，即使不能上场他们也会…"},{"Bounds":{"bottom":1123,"left":32,"right":164,"top":1085},"Classname":"android.widget.TextView","Packagename":"com.zhihu.android","Text":"533 赞同 · "},{"Bounds":{"bottom":1123,"left":164,"right":280,"top":1085},"Classname":"android.widget.TextView","Packagename":"com.zhihu.android","Text":"42 评论 · "},{"Bounds":{"bottom":1123,"left":280,"right":359,"top":1085},"Classname":"android.widget.TextView","Packagename":"com.zhihu.android","Text":"1 天前"},{"Bounds":{"bottom":1242,"left":88,"right":144,"top":1204},"Classname":"android.widget.TextView","Packagename":"com.zhihu.android","Text":"张鑫"},{"Bounds":{"bottom":1223,"left":152,"right":152,"top":1223},"Classname":"android.view.View","Packagename":"com.zhihu.android","Text":""},{"Bounds":{"bottom":1280,"left":32,"right":688,"top":1251},"Classname":"android.widget.TextView","Packagename":"com.zhihu.android","Text":"替补也分三六九等。第一等：超级第六人。球队核心之一，在实际作用上一般是球队的第三人。因为某些原因带替补可以在双方都上主力时建立优势，拉开比分，决战的关键时刻也会留在场上。发明者是奥尔巴赫。比较有名的超六有哈夫利切克、麦克海尔、吉诺比利。前两位都是NBA50大，马努也能进名人堂。哈登在雷霆时也是这个角色。第二等：主力轮换。上场时间有保证，个人实力也可以打先发，一般是侧翼或后卫球员。上场时间在20-30分钟左…"},{"Bounds":{"bottom":1280,"left":32,"right":148,"top":1393},"Classname":"android.widget.TextView","Packagename":"com.zhihu.android","Text":"65 赞同 · "},{"Bounds":{"bottom":1280,"left":148,"right":248,"top":1393},"Classname":"android.widget.TextView","Packagename":"com.zhihu.android","Text":"6 评论 · "},{"Bounds":{"bottom":1280,"left":248,"right":327,"top":1393},"Classname":"android.widget.TextView","Packagename":"com.zhihu.android","Text":"1 天前"}],"packagename":"com.example.a10628.myapplication","width":1080}