{"events":[{"eventname":"TYPE_VIEW_SCROLLED","source":{"Bounds":{"bottom":1174,"left":720,"right":720,"top":271},"Classname":"android.support.v7.widget.RecyclerView","Packagename":"com.netease.pris","Text":""}},{"eventname":"TYPE_VIEW_SCROLLED","source":{"Bounds":{"bottom":1174,"left":0,"right":720,"top":271},"Classname":"android.support.v7.widget.RecyclerView","Packagename":"com.netease.pris","Text":""}}],"height":1920,"hovertime":1073,"nodes":[{"Bounds":{"bottom":146,"left":0,"right":-1310,"top":48},"Classname":"android.widget.RelativeLayout","Packagename":"com.netease.pris","Text":""},{"Bounds":{"bottom":119,"left":0,"right":-1059,"top":74},"Classname":"android.widget.TextView","Packagename":"com.netease.pris","Text":"书架"},{"Bounds":{"bottom":146,"left":0,"right":-793,"top":48},"Classname":"android.widget.ImageView","Packagename":"com.netease.pris","Text":""},{"Bounds":{"bottom":146,"left":0,"right":-729,"top":48},"Classname":"android.widget.RelativeLayout","Packagename":"com.netease.pris","Text":""},{"Bounds":{"bottom":199,"left":0,"right":-819,"top":167},"Classname":"android.widget.TextView","Packagename":"com.netease.pris","Text":"即使离线，也能规避高温天气"},{"Bounds":{"bottom":219,"left":0,"right":-719,"top":147},"Classname":"android.widget.ImageView","Packagename":"com.netease.pris","Text":""},{"Bounds":{"bottom":220,"left":0,"right":-719,"top":220},"Classname":"android.widget.FrameLayout","Packagename":"com.netease.pris","Text":""},{"Bounds":{"bottom":220,"left":0,"right":-719,"top":220},"Classname":"android.widget.FrameLayout","Packagename":"com.netease.pris","Text":""},{"Bounds":{"bottom":252,"left":0,"right":-1215,"top":220},"Classname":"android.widget.TextView","Packagename":"com.netease.pris","Text":"99+"},{"Bounds":{"bottom":559,"left":0,"right":-1225,"top":524},"Classname":"android.widget.TextView","Packagename":"com.netease.pris","Text":"罪恶调查局"},{"Bounds":{"bottom":603,"left":0,"right":-1225,"top":573},"Classname":"android.widget.TextView","Packagename":"com.netease.pris","Text":"319章未读"},{"Bounds":{"bottom":559,"left":0,"right":-985,"top":524},"Classname":"android.widget.TextView","Packagename":"com.netease.pris","Text":"心理罪：画像"},{"Bounds":{"bottom":603,"left":0,"right":-985,"top":573},"Classname":"android.widget.TextView","Packagename":"com.netease.pris","Text":"未读"},{"Bounds":{"bottom":591,"left":0,"right":-745,"top":524},"Classname":"android.widget.TextView","Packagename":"com.netease.pris","Text":"北京，北京（周冬雨、张一山主演《春风十里，不如你》原著）"},{"Bounds":{"bottom":635,"left":0,"right":-745,"top":605},"Classname":"android.widget.TextView","Packagename":"com.netease.pris","Text":"未读"},{"Bounds":{"bottom":702,"left":0,"right":-1215,"top":670},"Classname":"android.widget.TextView","Packagename":"com.netease.pris","Text":"99+"},{"Bounds":{"bottom":1041,"left":0,"right":-1225,"top":974},"Classname":"android.widget.TextView","Packagename":"com.netease.pris","Text":"侯沧海商路笔记"},{"Bounds":{"bottom":1085,"left":0,"right":-1225,"top":1055},"Classname":"android.widget.TextView","Packagename":"com.netease.pris","Text":"453章未读"},{"Bounds":{"bottom":702,"left":0,"right":-975,"top":670},"Classname":"android.widget.TextView","Packagename":"com.netease.pris","Text":"99+"},{"Bounds":{"bottom":1041,"left":0,"right":-985,"top":974},"Classname":"android.widget.TextView","Packagename":"com.netease.pris","Text":"女帝惊华：杠上宦官九千岁"},{"Bounds":{"bottom":1085,"left":0,"right":-985,"top":1055},"Classname":"android.widget.TextView","Packagename":"com.netease.pris","Text":"840章未读"},{"Bounds":{"bottom":702,"left":0,"right":-735,"top":670},"Classname":"android.widget.TextView","Packagename":"com.netease.pris","Text":"99+"},{"Bounds":{"bottom":1041,"left":0,"right":-745,"top":974},"Classname":"android.widget.TextView","Packagename":"com.netease.pris","Text":"池先生，你失宠了"},{"Bounds":{"bottom":1085,"left":0,"right":-745,"top":1055},"Classname":"android.widget.TextView","Packagename":"com.netease.pris","Text":"323章未读"},{"Bounds":{"bottom":1120,"left":0,"right":-719,"top":1120},"Classname":"android.widget.FrameLayout","Packagename":"com.netease.pris","Text":""},{"Bounds":{"bottom":146,"left":0,"right":-629,"top":48},"Classname":"android.widget.ImageView","Packagename":"com.netease.pris","Text":""},{"Bounds":{"bottom":127,"left":0,"right":-29,"top":67},"Classname":"android.widget.TextView","Packagename":"com.netease.pris","Text":"搜你想要的书籍"},{"Bounds":{"bottom":218,"left":0,"right":0,"top":146},"Classname":"android.widget.HorizontalScrollView","Packagename":"com.netease.pris","Text":""},{"Bounds":{"bottom":1174,"left":0,"right":0,"top":218},"Classname":"android.support.v4.view.ViewPager","Packagename":"com.netease.pris","Text":""},{"Bounds":{"bottom":91,"left":0,"right":-581,"top":56},"Classname":"android.widget.TextView","Packagename":"com.netease.pris","Text":"都市生活"},{"Bounds":{"bottom":91,"left":0,"right":-443,"top":56},"Classname":"android.widget.TextView","Packagename":"com.netease.pris","Text":"官场职场"},{"Bounds":{"bottom":91,"left":0,"right":-305,"top":56},"Classname":"android.widget.TextView","Packagename":"com.netease.pris","Text":"玄幻仙侠"},{"Bounds":{"bottom":91,"left":0,"right":-167,"top":56},"Classname":"android.widget.TextView","Packagename":"com.netease.pris","Text":"悬疑探险"},{"Bounds":{"bottom":91,"left":0,"right":-29,"top":56},"Classname":"android.widget.TextView","Packagename":"com.netease.pris","Text":"灵异恐怖"},{"Bounds":{"bottom":166,"left":0,"right":-581,"top":131},"Classname":"android.widget.TextView","Packagename":"com.netease.pris","Text":"历史传奇"},{"Bounds":{"bottom":166,"left":0,"right":-443,"top":131},"Classname":"android.widget.TextView","Packagename":"com.netease.pris","Text":"军事谍战"},{"Bounds":{"bottom":166,"left":0,"right":-305,"top":131},"Classname":"android.widget.TextView","Packagename":"com.netease.pris","Text":"科幻奇幻"},{"Bounds":{"bottom":166,"left":0,"right":-167,"top":131},"Classname":"android.widget.TextView","Packagename":"com.netease.pris","Text":"同人网游"},{"Bounds":{"bottom":166,"left":0,"right":-29,"top":131},"Classname":"android.widget.TextView","Packagename":"com.netease.pris","Text":"短篇小说"},{"Bounds":{"bottom":199,"left":0,"right":-623,"top":199},"Classname":"android.widget.RadioButton","Packagename":"com.netease.pris","Text":"全部"},{"Bounds":{"bottom":199,"left":0,"right":-439,"top":199},"Classname":"android.widget.RadioButton","Packagename":"com.netease.pris","Text":"30万字以下"},{"Bounds":{"bottom":199,"left":0,"right":-268,"top":199},"Classname":"android.widget.RadioButton","Packagename":"com.netease.pris","Text":"30-50万字"},{"Bounds":{"bottom":199,"left":0,"right":-81,"top":199},"Classname":"android.widget.RadioButton","Packagename":"com.netease.pris","Text":"50-100万字"},{"Bounds":{"bottom":199,"left":0,"right":-519,"top":274},"Classname":"android.widget.RadioButton","Packagename":"com.netease.pris","Text":"100万字以上"},{"Bounds":{"bottom":199,"left":0,"right":-623,"top":350},"Classname":"android.widget.RadioButton","Packagename":"com.netease.pris","Text":"全部"},{"Bounds":{"bottom":199,"left":0,"right":-499,"top":350},"Classname":"android.widget.RadioButton","Packagename":"com.netease.pris","Text":"连载中"},{"Bounds":{"bottom":199,"left":0,"right":-375,"top":350},"Classname":"android.widget.RadioButton","Packagename":"com.netease.pris","Text":"已完本"},{"Bounds":{"bottom":199,"left":0,"right":-623,"top":426},"Classname":"android.widget.RadioButton","Packagename":"com.netease.pris","Text":"全部"},{"Bounds":{"bottom":199,"left":0,"right":-527,"top":426},"Classname":"android.widget.RadioButton","Packagename":"com.netease.pris","Text":"收费"},{"Bounds":{"bottom":199,"left":0,"right":-431,"top":426},"Classname":"android.widget.RadioButton","Packagename":"com.netease.pris","Text":"免费"},{"Bounds":{"bottom":199,"left":0,"right":-335,"top":426},"Classname":"android.widget.RadioButton","Packagename":"com.netease.pris","Text":"包月"},{"Bounds":{"bottom":199,"left":0,"right":-595,"top":502},"Classname":"android.widget.RadioButton","Packagename":"com.netease.pris","Text":"按人气"},{"Bounds":{"bottom":199,"left":0,"right":-471,"top":502},"Classname":"android.widget.RadioButton","Packagename":"com.netease.pris","Text":"按畅销"},{"Bounds":{"bottom":199,"left":0,"right":-347,"top":502},"Classname":"android.widget.RadioButton","Packagename":"com.netease.pris","Text":"按更新"},{"Bounds":{"bottom":252,"left":0,"right":-339,"top":217},"Classname":"android.widget.TextView","Packagename":"com.netease.pris","Text":"按人气"},{"Bounds":{"bottom":271,"left":0,"right":0,"top":271},"Classname":"android.widget.LinearLayout","Packagename":"com.netease.pris","Text":""},{"Bounds":{"bottom":646,"left":0,"right":-587,"top":611},"Classname":"android.widget.TextView","Packagename":"com.netease.pris","Text":"花都御医"},{"Bounds":{"bottom":684,"left":0,"right":-507,"top":654},"Classname":"android.widget.TextView","Packagename":"com.netease.pris","Text":"雪糕"},{"Bounds":{"bottom":646,"left":0,"right":-347,"top":611},"Classname":"android.widget.TextView","Packagename":"com.netease.pris","Text":"绝世高手"},{"Bounds":{"bottom":684,"left":0,"right":-267,"top":654},"Classname":"android.widget.TextView","Packagename":"com.netease.pris","Text":"我自对天笑"},{"Bounds":{"bottom":646,"left":0,"right":-107,"top":611},"Classname":"android.widget.TextView","Packagename":"com.netease.pris","Text":"医路官途"},{"Bounds":{"bottom":684,"left":0,"right":-27,"top":654},"Classname":"android.widget.TextView","Packagename":"com.netease.pris","Text":"司徒浪子"},{"Bounds":{"bottom":1059,"left":0,"right":-587,"top":1024},"Classname":"android.widget.TextView","Packagename":"com.netease.pris","Text":"红杏妻欲"},{"Bounds":{"bottom":1097,"left":0,"right":-507,"top":1067},"Classname":"android.widget.TextView","Packagename":"com.netease.pris","Text":"地火蚂蚁"},{"Bounds":{"bottom":1091,"left":0,"right":-267,"top":1024},"Classname":"android.widget.TextView","Packagename":"com.netease.pris","Text":"日久生情：宝贝，你好甜"},{"Bounds":{"bottom":1129,"left":0,"right":-267,"top":1099},"Classname":"android.widget.TextView","Packagename":"com.netease.pris","Text":"妩儿"},{"Bounds":{"bottom":1059,"left":0,"right":-107,"top":1024},"Classname":"android.widget.TextView","Packagename":"com.netease.pris","Text":"花都赘婿"},{"Bounds":{"bottom":1097,"left":0,"right":-27,"top":1067},"Classname":"android.widget.TextView","Packagename":"com.netease.pris","Text":"貌似纯洁"},{"Bounds":{"bottom":1174,"left":0,"right":-507,"top":1469},"Classname":"android.widget.TextView","Packagename":"com.netease.pris","Text":"另类保镖：美女总裁爱上我"},{"Bounds":{"bottom":1174,"left":0,"right":-507,"top":1544},"Classname":"android.widget.TextView","Packagename":"com.netease.pris","Text":"风流小二"},{"Bounds":{"bottom":1174,"left":0,"right":-347,"top":1469},"Classname":"android.widget.TextView","Packagename":"com.netease.pris","Text":"超级神医"},{"Bounds":{"bottom":1174,"left":0,"right":-267,"top":1512},"Classname":"android.widget.TextView","Packagename":"com.netease.pris","Text":"罗汉果"},{"Bounds":{"bottom":1174,"left":0,"right":-79,"top":1469},"Classname":"android.widget.TextView","Packagename":"com.netease.pris","Text":"罪恶调查局"},{"Bounds":{"bottom":1174,"left":0,"right":-27,"top":1512},"Classname":"android.widget.TextView","Packagename":"com.netease.pris","Text":"骁骑校"},{"Bounds":{"bottom":199,"left":0,"right":0,"top":199},"Classname":"android.widget.RadioButton","Packagename":"com.netease.pris","Text":"全部"},{"Bounds":{"bottom":199,"left":96,"right":0,"top":199},"Classname":"android.widget.RadioButton","Packagename":"com.netease.pris","Text":"30万字以下"},{"Bounds":{"bottom":199,"left":280,"right":0,"top":199},"Classname":"android.widget.RadioButton","Packagename":"com.netease.pris","Text":"30-50万字"},{"Bounds":{"bottom":199,"left":451,"right":0,"top":199},"Classname":"android.widget.RadioButton","Packagename":"com.netease.pris","Text":"50-100万字"},{"Bounds":{"bottom":199,"left":0,"right":0,"top":274},"Classname":"android.widget.RadioButton","Packagename":"com.netease.pris","Text":"100万字以上"},{"Bounds":{"bottom":199,"left":0,"right":0,"top":350},"Classname":"android.widget.RadioButton","Packagename":"com.netease.pris","Text":"全部"},{"Bounds":{"bottom":199,"left":96,"right":0,"top":350},"Classname":"android.widget.RadioButton","Packagename":"com.netease.pris","Text":"连载中"},{"Bounds":{"bottom":199,"left":220,"right":0,"top":350},"Classname":"android.widget.RadioButton","Packagename":"com.netease.pris","Text":"已完本"},{"Bounds":{"bottom":199,"left":0,"right":0,"top":426},"Classname":"android.widget.RadioButton","Packagename":"com.netease.pris","Text":"全部"},{"Bounds":{"bottom":199,"left":96,"right":0,"top":426},"Classname":"android.widget.RadioButton","Packagename":"com.netease.pris","Text":"收费"},{"Bounds":{"bottom":199,"left":192,"right":0,"top":426},"Classname":"android.widget.RadioButton","Packagename":"com.netease.pris","Text":"免费"},{"Bounds":{"bottom":199,"left":288,"right":0,"top":426},"Classname":"android.widget.RadioButton","Packagename":"com.netease.pris","Text":"包月"},{"Bounds":{"bottom":199,"left":0,"right":0,"top":502},"Classname":"android.widget.RadioButton","Packagename":"com.netease.pris","Text":"按人气"},{"Bounds":{"bottom":199,"left":124,"right":0,"top":502},"Classname":"android.widget.RadioButton","Packagename":"com.netease.pris","Text":"按畅销"},{"Bounds":{"bottom":199,"left":248,"right":0,"top":502},"Classname":"android.widget.RadioButton","Packagename":"com.netease.pris","Text":"按更新"},{"Bounds":{"bottom":252,"left":296,"right":0,"top":217},"Classname":"android.widget.TextView","Packagename":"com.netease.pris","Text":"按人气"},{"Bounds":{"bottom":271,"left":0,"right":0,"top":271},"Classname":"android.widget.LinearLayout","Packagename":"com.netease.pris","Text":""},{"Bounds":{"bottom":646,"left":20,"right":0,"top":611},"Classname":"android.widget.TextView","Packagename":"com.netease.pris","Text":"官梯"},{"Bounds":{"bottom":684,"left":20,"right":0,"top":654},"Classname":"android.widget.TextView","Packagename":"com.netease.pris","Text":"钓人的鱼"},{"Bounds":{"bottom":646,"left":260,"right":0,"top":611},"Classname":"android.widget.TextView","Packagename":"com.netease.pris","Text":"提拔"},{"Bounds":{"bottom":684,"left":260,"right":0,"top":654},"Classname":"android.widget.TextView","Packagename":"com.netease.pris","Text":"渔阳员外"},{"Bounds":{"bottom":646,"left":500,"right":0,"top":611},"Classname":"android.widget.TextView","Packagename":"com.netease.pris","Text":"仕途多娇"},{"Bounds":{"bottom":684,"left":500,"right":0,"top":654},"Classname":"android.widget.TextView","Packagename":"com.netease.pris","Text":"骑鹤人"},{"Bounds":{"bottom":1091,"left":20,"right":0,"top":1024},"Classname":"android.widget.TextView","Packagename":"com.netease.pris","Text":"女神的贴身男秘"},{"Bounds":{"bottom":1129,"left":20,"right":0,"top":1099},"Classname":"android.widget.TextView","Packagename":"com.netease.pris","Text":"多情木偶"},{"Bounds":{"bottom":1059,"left":260,"right":0,"top":1024},"Classname":"android.widget.TextView","Packagename":"com.netease.pris","Text":"登天奇缘"},{"Bounds":{"bottom":1097,"left":260,"right":0,"top":1067},"Classname":"android.widget.TextView","Packagename":"com.netease.pris","Text":"丙戌"},{"Bounds":{"bottom":1059,"left":500,"right":0,"top":1024},"Classname":"android.widget.TextView","Packagename":"com.netease.pris","Text":"官妖"},{"Bounds":{"bottom":1097,"left":500,"right":0,"top":1067},"Classname":"android.widget.TextView","Packagename":"com.netease.pris","Text":"丁公子"},{"Bounds":{"bottom":1174,"left":20,"right":0,"top":1469},"Classname":"android.widget.TextView","Packagename":"com.netease.pris","Text":"权力之巅"},{"Bounds":{"bottom":1174,"left":20,"right":0,"top":1512},"Classname":"android.widget.TextView","Packagename":"com.netease.pris","Text":"阿诸"},{"Bounds":{"bottom":1174,"left":260,"right":0,"top":1469},"Classname":"android.widget.TextView","Packagename":"com.netease.pris","Text":"一号红人"},{"Bounds":{"bottom":1174,"left":260,"right":0,"top":1512},"Classname":"android.widget.TextView","Packagename":"com.netease.pris","Text":"山间老寺"},{"Bounds":{"bottom":1174,"left":500,"right":0,"top":1469},"Classname":"android.widget.TextView","Packagename":"com.netease.pris","Text":"侯沧海商路笔记"},{"Bounds":{"bottom":1174,"left":500,"right":0,"top":1544},"Classname":"android.widget.TextView","Packagename":"com.netease.pris","Text":"小桥老树"},{"Bounds":{"bottom":91,"left":26,"right":138,"top":56},"Classname":"android.widget.TextView","Packagename":"com.netease.pris","Text":"都市言情"},{"Bounds":{"bottom":91,"left":164,"right":276,"top":56},"Classname":"android.widget.TextView","Packagename":"com.netease.pris","Text":"穿越架空"},{"Bounds":{"bottom":91,"left":302,"right":414,"top":56},"Classname":"android.widget.TextView","Packagename":"com.netease.pris","Text":"宫斗宅斗"},{"Bounds":{"bottom":91,"left":440,"right":552,"top":56},"Classname":"android.widget.TextView","Packagename":"com.netease.pris","Text":"古风古韵"},{"Bounds":{"bottom":91,"left":578,"right":690,"top":56},"Classname":"android.widget.TextView","Packagename":"com.netease.pris","Text":"灵异推理"},{"Bounds":{"bottom":166,"left":26,"right":138,"top":131},"Classname":"android.widget.TextView","Packagename":"com.netease.pris","Text":"短篇美文"},{"Bounds":{"bottom":166,"left":164,"right":276,"top":131},"Classname":"android.widget.TextView","Packagename":"com.netease.pris","Text":"浪漫青春"},{"Bounds":{"bottom":166,"left":302,"right":414,"top":131},"Classname":"android.widget.TextView","Packagename":"com.netease.pris","Text":"仙侠幻情"},{"Bounds":{"bottom":166,"left":440,"right":552,"top":131},"Classname":"android.widget.TextView","Packagename":"com.netease.pris","Text":"种田重生"},{"Bounds":{"bottom":166,"left":578,"right":690,"top":131},"Classname":"android.widget.TextView","Packagename":"com.netease.pris","Text":"同人网游"},{"Bounds":{"bottom":199,"left":0,"right":-623,"top":199},"Classname":"android.widget.RadioButton","Packagename":"com.netease.pris","Text":"全部"},{"Bounds":{"bottom":199,"left":0,"right":-439,"top":199},"Classname":"android.widget.RadioButton","Packagename":"com.netease.pris","Text":"30万字以下"},{"Bounds":{"bottom":199,"left":0,"right":-268,"top":199},"Classname":"android.widget.RadioButton","Packagename":"com.netease.pris","Text":"30-50万字"},{"Bounds":{"bottom":199,"left":0,"right":-81,"top":199},"Classname":"android.widget.RadioButton","Packagename":"com.netease.pris","Text":"50-100万字"},{"Bounds":{"bottom":199,"left":0,"right":-519,"top":274},"Classname":"android.widget.RadioButton","Packagename":"com.netease.pris","Text":"100万字以上"},{"Bounds":{"bottom":199,"left":0,"right":-623,"top":350},"Classname":"android.widget.RadioButton","Packagename":"com.netease.pris","Text":"全部"},{"Bounds":{"bottom":199,"left":0,"right":-499,"top":350},"Classname":"android.widget.RadioButton","Packagename":"com.netease.pris","Text":"连载中"},{"Bounds":{"bottom":199,"left":0,"right":-375,"top":350},"Classname":"android.widget.RadioButton","Packagename":"com.netease.pris","Text":"已完本"},{"Bounds":{"bottom":199,"left":0,"right":-623,"top":426},"Classname":"android.widget.RadioButton","Packagename":"com.netease.pris","Text":"全部"},{"Bounds":{"bottom":199,"left":0,"right":-527,"top":426},"Classname":"android.widget.RadioButton","Packagename":"com.netease.pris","Text":"收费"},{"Bounds":{"bottom":199,"left":0,"right":-431,"top":426},"Classname":"android.widget.RadioButton","Packagename":"com.netease.pris","Text":"免费"},{"Bounds":{"bottom":199,"left":0,"right":-335,"top":426},"Classname":"android.widget.RadioButton","Packagename":"com.netease.pris","Text":"包月"},{"Bounds":{"bottom":199,"left":0,"right":-595,"top":502},"Classname":"android.widget.RadioButton","Packagename":"com.netease.pris","Text":"按人气"},{"Bounds":{"bottom":199,"left":0,"right":-471,"top":502},"Classname":"android.widget.RadioButton","Packagename":"com.netease.pris","Text":"按畅销"},{"Bounds":{"bottom":199,"left":0,"right":-347,"top":502},"Classname":"android.widget.RadioButton","Packagename":"com.netease.pris","Text":"按更新"},{"Bounds":{"bottom":252,"left":0,"right":-339,"top":217},"Classname":"android.widget.TextView","Packagename":"com.netease.pris","Text":"按人气"},{"Bounds":{"bottom":271,"left":0,"right":0,"top":271},"Classname":"android.widget.LinearLayout","Packagename":"com.netease.pris","Text":""},{"Bounds":{"bottom":678,"left":0,"right":-507,"top":611},"Classname":"android.widget.TextView","Packagename":"com.netease.pris","Text":"弃夫难缠，国民老公甩不掉"},{"Bounds":{"bottom":716,"left":0,"right":-507,"top":686},"Classname":"android.widget.TextView","Packagename":"com.netease.pris","Text":"夏冬"},{"Bounds":{"bottom":646,"left":0,"right":-319,"top":611},"Classname":"android.widget.TextView","Packagename":"com.netease.pris","Text":"冲啊！苏！"},{"Bounds":{"bottom":684,"left":0,"right":-267,"top":654},"Classname":"android.widget.TextView","Packagename":"com.netease.pris","Text":"陆琪"},{"Bounds":{"bottom":678,"left":0,"right":-27,"top":611},"Classname":"android.widget.TextView","Packagename":"com.netease.pris","Text":"婚然天成：老公么么哒"},{"Bounds":{"bottom":716,"left":0,"right":-27,"top":686},"Classname":"android.widget.TextView","Packagename":"com.netease.pris","Text":"司舞舞"},{"Bounds":{"bottom":1123,"left":0,"right":-507,"top":1056},"Classname":"android.widget.TextView","Packagename":"com.netease.pris","Text":"撩倒撒旦冷殿下"},{"Bounds":{"bottom":1161,"left":0,"right":-507,"top":1131},"Classname":"android.widget.TextView","Packagename":"com.netease.pris","Text":"晨光熹微"},{"Bounds":{"bottom":1123,"left":0,"right":-267,"top":1056},"Classname":"android.widget.TextView","Packagename":"com.netease.pris","Text":"春风十里，不如睡你"},{"Bounds":{"bottom":1161,"left":0,"right":-267,"top":1131},"Classname":"android.widget.TextView","Packagename":"com.netease.pris","Text":"恣意江湖"},{"Bounds":{"bottom":1123,"left":0,"right":-27,"top":1056},"Classname":"android.widget.TextView","Packagename":"com.netease.pris","Text":"世上有朵美丽的花"},{"Bounds":{"bottom":1161,"left":0,"right":-27,"top":1131},"Classname":"android.widget.TextView","Packagename":"com.netease.pris","Text":"高明富"},{"Bounds":{"bottom":1174,"left":0,"right":-587,"top":1501},"Classname":"android.widget.TextView","Packagename":"com.netease.pris","Text":"望雪拂花"},{"Bounds":{"bottom":1174,"left":0,"right":-507,"top":1544},"Classname":"android.widget.TextView","Packagename":"com.netease.pris","Text":"牧宸"},{"Bounds":{"bottom":1174,"left":0,"right":-267,"top":1501},"Classname":"android.widget.TextView","Packagename":"com.netease.pris","Text":"召唤时光的女孩"},{"Bounds":{"bottom":1174,"left":0,"right":-267,"top":1576},"Classname":"android.widget.TextView","Packagename":"com.netease.pris","Text":"执笔旧巷"},{"Bounds":{"bottom":1174,"left":0,"right":-51,"top":1501},"Classname":"android.widget.TextView","Packagename":"com.netease.pris","Text":"嘿，学长大人"},{"Bounds":{"bottom":1174,"left":0,"right":-27,"top":1544},"Classname":"android.widget.TextView","Packagename":"com.netease.pris","Text":"寂小恬"},{"Bounds":{"bottom":199,"left":0,"right":96,"top":199},"Classname":"android.widget.RadioButton","Packagename":"com.netease.pris","Text":"全部"},{"Bounds":{"bottom":199,"left":96,"right":280,"top":199},"Classname":"android.widget.RadioButton","Packagename":"com.netease.pris","Text":"30万字以下"},{"Bounds":{"bottom":199,"left":280,"right":451,"top":199},"Classname":"android.widget.RadioButton","Packagename":"com.netease.pris","Text":"30-50万字"},{"Bounds":{"bottom":199,"left":451,"right":638,"top":199},"Classname":"android.widget.RadioButton","Packagename":"com.netease.pris","Text":"50-100万字"},{"Bounds":{"bottom":199,"left":0,"right":200,"top":274},"Classname":"android.widget.RadioButton","Packagename":"com.netease.pris","Text":"100万字以上"},{"Bounds":{"bottom":199,"left":0,"right":96,"top":350},"Classname":"android.widget.RadioButton","Packagename":"com.netease.pris","Text":"全部"},{"Bounds":{"bottom":199,"left":96,"right":220,"top":350},"Classname":"android.widget.RadioButton","Packagename":"com.netease.pris","Text":"连载中"},{"Bounds":{"bottom":199,"left":220,"right":344,"top":350},"Classname":"android.widget.RadioButton","Packagename":"com.netease.pris","Text":"已完本"},{"Bounds":{"bottom":199,"left":0,"right":96,"top":426},"Classname":"android.widget.RadioButton","Packagename":"com.netease.pris","Text":"全部"},{"Bounds":{"bottom":199,"left":96,"right":192,"top":426},"Classname":"android.widget.RadioButton","Packagename":"com.netease.pris","Text":"收费"},{"Bounds":{"bottom":199,"left":192,"right":288,"top":426},"Classname":"android.widget.RadioButton","Packagename":"com.netease.pris","Text":"免费"},{"Bounds":{"bottom":199,"left":288,"right":384,"top":426},"Classname":"android.widget.RadioButton","Packagename":"com.netease.pris","Text":"包月"},{"Bounds":{"bottom":199,"left":0,"right":124,"top":502},"Classname":"android.widget.RadioButton","Packagename":"com.netease.pris","Text":"按人气"},{"Bounds":{"bottom":199,"left":124,"right":248,"top":502},"Classname":"android.widget.RadioButton","Packagename":"com.netease.pris","Text":"按畅销"},{"Bounds":{"bottom":199,"left":248,"right":372,"top":502},"Classname":"android.widget.RadioButton","Packagename":"com.netease.pris","Text":"按更新"},{"Bounds":{"bottom":252,"left":296,"right":380,"top":217},"Classname":"android.widget.TextView","Packagename":"com.netease.pris","Text":"按人气"},{"Bounds":{"bottom":271,"left":0,"right":720,"top":271},"Classname":"android.widget.LinearLayout","Packagename":"com.netease.pris","Text":""},{"Bounds":{"bottom":646,"left":20,"right":132,"top":611},"Classname":"android.widget.TextView","Packagename":"com.netease.pris","Text":"绘天神凰"},{"Bounds":{"bottom":684,"left":20,"right":212,"top":654},"Classname":"android.widget.TextView","Packagename":"com.netease.pris","Text":"峨嵋"},{"Bounds":{"bottom":678,"left":260,"right":452,"top":611},"Classname":"android.widget.TextView","Packagename":"com.netease.pris","Text":"随身农场修仙记"},{"Bounds":{"bottom":716,"left":260,"right":452,"top":686},"Classname":"android.widget.TextView","Packagename":"com.netease.pris","Text":"木易秋"},{"Bounds":{"bottom":678,"left":500,"right":692,"top":611},"Classname":"android.widget.TextView","Packagename":"com.netease.pris","Text":"摄政毒妃不许跑"},{"Bounds":{"bottom":716,"left":500,"right":692,"top":686},"Classname":"android.widget.TextView","Packagename":"com.netease.pris","Text":"Mr.玄猫"},{"Bounds":{"bottom":1123,"left":20,"right":212,"top":1056},"Classname":"android.widget.TextView","Packagename":"com.netease.pris","Text":"重生之炮灰玩末世"},{"Bounds":{"bottom":1161,"left":20,"right":212,"top":1131},"Classname":"android.widget.TextView","Packagename":"com.netease.pris","Text":"魅舞紫瞳"},{"Bounds":{"bottom":1123,"left":260,"right":452,"top":1056},"Classname":"android.widget.TextView","Packagename":"com.netease.pris","Text":"火爆药妃：邪王太闷骚"},{"Bounds":{"bottom":1161,"left":260,"right":452,"top":1131},"Classname":"android.widget.TextView","Packagename":"com.netease.pris","Text":"水轻轻"},{"Bounds":{"bottom":1091,"left":500,"right":612,"top":1056},"Classname":"android.widget.TextView","Packagename":"com.netease.pris","Text":"碧眼皇妃"},{"Bounds":{"bottom":1129,"left":500,"right":692,"top":1099},"Classname":"android.widget.TextView","Packagename":"com.netease.pris","Text":"清秋新月"},{"Bounds":{"bottom":1174,"left":20,"right":212,"top":1501},"Classname":"android.widget.TextView","Packagename":"com.netease.pris","Text":"绝世宠妃：殿下，你的爱妃上沙场了"},{"Bounds":{"bottom":1174,"left":20,"right":212,"top":1576},"Classname":"android.widget.TextView","Packagename":"com.netease.pris","Text":"安子太"},{"Bounds":{"bottom":1174,"left":260,"right":344,"top":1501},"Classname":"android.widget.TextView","Packagename":"com.netease.pris","Text":"揽神计"},{"Bounds":{"bottom":1174,"left":260,"right":452,"top":1544},"Classname":"android.widget.TextView","Packagename":"com.netease.pris","Text":"全馨月"},{"Bounds":{"bottom":1174,"left":500,"right":692,"top":1501},"Classname":"android.widget.TextView","Packagename":"com.netease.pris","Text":"逮个毒妃当宠妻"},{"Bounds":{"bottom":1174,"left":500,"right":692,"top":1576},"Classname":"android.widget.TextView","Packagename":"com.netease.pris","Text":"指尖似流年"},{"Bounds":{"bottom":199,"left":720,"right":720,"top":199},"Classname":"android.widget.RadioButton","Packagename":"com.netease.pris","Text":"全部"},{"Bounds":{"bottom":199,"left":816,"right":720,"top":199},"Classname":"android.widget.RadioButton","Packagename":"com.netease.pris","Text":"30万字以下"},{"Bounds":{"bottom":199,"left":1000,"right":720,"top":199},"Classname":"android.widget.RadioButton","Packagename":"com.netease.pris","Text":"30-50万字"},{"Bounds":{"bottom":199,"left":1171,"right":720,"top":199},"Classname":"android.widget.RadioButton","Packagename":"com.netease.pris","Text":"50-100万字"},{"Bounds":{"bottom":199,"left":720,"right":720,"top":274},"Classname":"android.widget.RadioButton","Packagename":"com.netease.pris","Text":"100万字以上"},{"Bounds":{"bottom":199,"left":720,"right":720,"top":350},"Classname":"android.widget.RadioButton","Packagename":"com.netease.pris","Text":"全部"},{"Bounds":{"bottom":199,"left":816,"right":720,"top":350},"Classname":"android.widget.RadioButton","Packagename":"com.netease.pris","Text":"连载中"},{"Bounds":{"bottom":199,"left":940,"right":720,"top":350},"Classname":"android.widget.RadioButton","Packagename":"com.netease.pris","Text":"已完本"},{"Bounds":{"bottom":199,"left":720,"right":720,"top":426},"Classname":"android.widget.RadioButton","Packagename":"com.netease.pris","Text":"全部"},{"Bounds":{"bottom":199,"left":816,"right":720,"top":426},"Classname":"android.widget.RadioButton","Packagename":"com.netease.pris","Text":"收费"},{"Bounds":{"bottom":199,"left":912,"right":720,"top":426},"Classname":"android.widget.RadioButton","Packagename":"com.netease.pris","Text":"免费"},{"Bounds":{"bottom":199,"left":1008,"right":720,"top":426},"Classname":"android.widget.RadioButton","Packagename":"com.netease.pris","Text":"包月"},{"Bounds":{"bottom":199,"left":720,"right":720,"top":502},"Classname":"android.widget.RadioButton","Packagename":"com.netease.pris","Text":"按人气"},{"Bounds":{"bottom":199,"left":844,"right":720,"top":502},"Classname":"android.widget.RadioButton","Packagename":"com.netease.pris","Text":"按畅销"},{"Bounds":{"bottom":199,"left":968,"right":720,"top":502},"Classname":"android.widget.RadioButton","Packagename":"com.netease.pris","Text":"按更新"},{"Bounds":{"bottom":252,"left":1016,"right":720,"top":217},"Classname":"android.widget.TextView","Packagename":"com.netease.pris","Text":"按人气"},{"Bounds":{"bottom":271,"left":720,"right":720,"top":271},"Classname":"android.widget.LinearLayout","Packagename":"com.netease.pris","Text":""},{"Bounds":{"bottom":678,"left":740,"right":720,"top":611},"Classname":"android.widget.TextView","Packagename":"com.netease.pris","Text":"农家贵女：种田撩夫养包子"},{"Bounds":{"bottom":716,"left":740,"right":720,"top":686},"Classname":"android.widget.TextView","Packagename":"com.netease.pris","Text":"倾墨"},{"Bounds":{"bottom":678,"left":980,"right":720,"top":611},"Classname":"android.widget.TextView","Packagename":"com.netease.pris","Text":"随身淘宝：农女喜种田"},{"Bounds":{"bottom":716,"left":980,"right":720,"top":686},"Classname":"android.widget.TextView","Packagename":"com.netease.pris","Text":"黄花菜"},{"Bounds":{"bottom":678,"left":1220,"right":720,"top":611},"Classname":"android.widget.TextView","Packagename":"com.netease.pris","Text":"良田喜事：家有娇妻福满园"},{"Bounds":{"bottom":716,"left":1220,"right":720,"top":686},"Classname":"android.widget.TextView","Packagename":"com.netease.pris","Text":"猫儿不偷腥"},{"Bounds":{"bottom":1123,"left":740,"right":720,"top":1056},"Classname":"android.widget.TextView","Packagename":"com.netease.pris","Text":"夫君多了好种田"},{"Bounds":{"bottom":1161,"left":740,"right":720,"top":1131},"Classname":"android.widget.TextView","Packagename":"com.netease.pris","Text":"妃羽幽宸"},{"Bounds":{"bottom":1123,"left":980,"right":720,"top":1056},"Classname":"android.widget.TextView","Packagename":"com.netease.pris","Text":"养个相公来种田"},{"Bounds":{"bottom":1161,"left":980,"right":720,"top":1131},"Classname":"android.widget.TextView","Packagename":"com.netease.pris","Text":"君子悠悠"},{"Bounds":{"bottom":1142,"left":538,"right":688,"top":992},"Classname":"android.widget.ImageView","Packagename":"com.netease.pris","Text":""},{"Bounds":{"bottom":1265,"left":96,"right":144,"top":1189},"Classname":"android.widget.TextView","Packagename":"com.netease.pris","Text":"书架"},{"Bounds":{"bottom":1265,"left":336,"right":384,"top":1189},"Classname":"android.widget.TextView","Packagename":"com.netease.pris","Text":"书城"},{"Bounds":{"bottom":1265,"left":576,"right":624,"top":1189},"Classname":"android.widget.TextView","Packagename":"com.netease.pris","Text":"分类"}],"packagename":"com.example.a10628.myapplication","width":1080}