{"events":[{"eventname":"TYPE_VIEW_SCROLLED","source":{"Bounds":{"bottom":1280,"left":0,"right":720,"top":241},"Classname":"android.support.v7.widget.RecyclerView","Packagename":"com.justwayward.readerer","Text":""}}],"height":1920,"hovertime":2814,"nodes":[{"Bounds":{"bottom":160,"left":0,"right":112,"top":48},"Classname":"android.widget.ImageButton","Packagename":"com.justwayward.readerer","Text":""},{"Bounds":{"bottom":131,"left":120,"right":320,"top":77},"Classname":"android.widget.TextView","Packagename":"com.justwayward.readerer","Text":"综合讨论区"},{"Bounds":{"bottom":221,"left":134,"right":194,"top":180},"Classname":"android.widget.TextView","Packagename":"com.justwayward.readerer","Text":"全部"},{"Bounds":{"bottom":221,"left":464,"right":584,"top":180},"Classname":"android.widget.TextView","Packagename":"com.justwayward.readerer","Text":"默认排序"},{"Bounds":{"bottom":157,"left":150,"right":202,"top":241},"Classname":"android.widget.TextView","Packagename":"com.justwayward.readerer","Text":"煌影"},{"Bounds":{"bottom":157,"left":202,"right":248,"top":241},"Classname":"android.widget.TextView","Packagename":"com.justwayward.readerer","Text":" lv.9"},{"Bounds":{"bottom":157,"left":592,"right":700,"top":241},"Classname":"android.widget.TextView","Packagename":"com.justwayward.readerer","Text":"10小时前"},{"Bounds":{"bottom":205,"left":150,"right":402,"top":241},"Classname":"android.widget.TextView","Packagename":"com.justwayward.readerer","Text":"关于吃鸡会头晕的事"},{"Bounds":{"bottom":255,"left":150,"right":220,"top":241},"Classname":"android.widget.TextView","Packagename":"com.justwayward.readerer","Text":"13"},{"Bounds":{"bottom":255,"left":240,"right":298,"top":241},"Classname":"android.widget.TextView","Packagename":"com.justwayward.readerer","Text":"1"},{"Bounds":{"bottom":332,"left":150,"right":254,"top":296},"Classname":"android.widget.TextView","Packagename":"com.justwayward.readerer","Text":"虚佐能乎"},{"Bounds":{"bottom":332,"left":254,"right":300,"top":296},"Classname":"android.widget.TextView","Packagename":"com.justwayward.readerer","Text":" lv.7"},{"Bounds":{"bottom":332,"left":592,"right":700,"top":296},"Classname":"android.widget.TextView","Packagename":"com.justwayward.readerer","Text":"10小时前"},{"Bounds":{"bottom":380,"left":150,"right":395,"top":342},"Classname":"android.widget.TextView","Packagename":"com.justwayward.readerer","Text":"想看小说，勿看书评"},{"Bounds":{"bottom":430,"left":150,"right":205,"top":390},"Classname":"android.widget.TextView","Packagename":"com.justwayward.readerer","Text":"0"},{"Bounds":{"bottom":430,"left":225,"right":283,"top":390},"Classname":"android.widget.TextView","Packagename":"com.justwayward.readerer","Text":"2"},{"Bounds":{"bottom":507,"left":150,"right":279,"top":471},"Classname":"android.widget.TextView","Packagename":"com.justwayward.readerer","Text":"芯洳ゾ芷氺"},{"Bounds":{"bottom":507,"left":279,"right":340,"top":471},"Classname":"android.widget.TextView","Packagename":"com.justwayward.readerer","Text":" lv.10"},{"Bounds":{"bottom":507,"left":592,"right":700,"top":471},"Classname":"android.widget.TextView","Packagename":"com.justwayward.readerer","Text":"10小时前"},{"Bounds":{"bottom":555,"left":150,"right":262,"top":517},"Classname":"android.widget.TextView","Packagename":"com.justwayward.readerer","Text":"六个不能"},{"Bounds":{"bottom":605,"left":150,"right":205,"top":565},"Classname":"android.widget.TextView","Packagename":"com.justwayward.readerer","Text":"0"},{"Bounds":{"bottom":605,"left":225,"right":283,"top":565},"Classname":"android.widget.TextView","Packagename":"com.justwayward.readerer","Text":"0"},{"Bounds":{"bottom":682,"left":150,"right":378,"top":646},"Classname":"android.widget.TextView","Packagename":"com.justwayward.readerer","Text":"我的嘴巴抹了毒药！"},{"Bounds":{"bottom":682,"left":378,"right":424,"top":646},"Classname":"android.widget.TextView","Packagename":"com.justwayward.readerer","Text":" lv.9"},{"Bounds":{"bottom":682,"left":592,"right":700,"top":646},"Classname":"android.widget.TextView","Packagename":"com.justwayward.readerer","Text":"10小时前"},{"Bounds":{"bottom":730,"left":150,"right":346,"top":692},"Classname":"android.widget.TextView","Packagename":"com.justwayward.readerer","Text":"追书卷如何兑换"},{"Bounds":{"bottom":780,"left":150,"right":205,"top":740},"Classname":"android.widget.TextView","Packagename":"com.justwayward.readerer","Text":"3"},{"Bounds":{"bottom":780,"left":225,"right":283,"top":740},"Classname":"android.widget.TextView","Packagename":"com.justwayward.readerer","Text":"1"},{"Bounds":{"bottom":857,"left":150,"right":248,"top":821},"Classname":"android.widget.TextView","Packagename":"com.justwayward.readerer","Text":"空心菜。"},{"Bounds":{"bottom":857,"left":248,"right":294,"top":821},"Classname":"android.widget.TextView","Packagename":"com.justwayward.readerer","Text":" lv.4"},{"Bounds":{"bottom":857,"left":592,"right":700,"top":821},"Classname":"android.widget.TextView","Packagename":"com.justwayward.readerer","Text":"10小时前"},{"Bounds":{"bottom":938,"left":150,"right":700,"top":867},"Classname":"android.widget.TextView","Packagename":"com.justwayward.readerer","Text":"我在安卓手机开通的vip和充值的点券能在苹果手机上用吗"},{"Bounds":{"bottom":988,"left":150,"right":205,"top":948},"Classname":"android.widget.TextView","Packagename":"com.justwayward.readerer","Text":"2"},{"Bounds":{"bottom":988,"left":225,"right":283,"top":948},"Classname":"android.widget.TextView","Packagename":"com.justwayward.readerer","Text":"1"},{"Bounds":{"bottom":1065,"left":150,"right":299,"top":1029},"Classname":"android.widget.TextView","Packagename":"com.justwayward.readerer","Text":"奥古斯都 · 邪"},{"Bounds":{"bottom":1065,"left":299,"right":345,"top":1029},"Classname":"android.widget.TextView","Packagename":"com.justwayward.readerer","Text":" lv.8"},{"Bounds":{"bottom":1065,"left":592,"right":700,"top":1029},"Classname":"android.widget.TextView","Packagename":"com.justwayward.readerer","Text":"10小时前"},{"Bounds":{"bottom":1113,"left":150,"right":381,"top":1075},"Classname":"android.widget.TextView","Packagename":"com.justwayward.readerer","Text":"没书看了     求推荐"},{"Bounds":{"bottom":1163,"left":150,"right":205,"top":1123},"Classname":"android.widget.TextView","Packagename":"com.justwayward.readerer","Text":"4"},{"Bounds":{"bottom":1163,"left":225,"right":283,"top":1123},"Classname":"android.widget.TextView","Packagename":"com.justwayward.readerer","Text":"2"},{"Bounds":{"bottom":1240,"left":150,"right":280,"top":1204},"Classname":"android.widget.TextView","Packagename":"com.justwayward.readerer","Text":"卖卖提切糕"},{"Bounds":{"bottom":1240,"left":280,"right":326,"top":1204},"Classname":"android.widget.TextView","Packagename":"com.justwayward.readerer","Text":" lv.8"},{"Bounds":{"bottom":1240,"left":592,"right":700,"top":1204},"Classname":"android.widget.TextView","Packagename":"com.justwayward.readerer","Text":"11小时前"},{"Bounds":{"bottom":1280,"left":150,"right":430,"top":1250},"Classname":"android.widget.TextView","Packagename":"com.justwayward.readerer","Text":"这次还是我和我哥的事"},{"Bounds":{"bottom":1280,"left":150,"right":205,"top":1298},"Classname":"android.widget.TextView","Packagename":"com.justwayward.readerer","Text":"4"},{"Bounds":{"bottom":1280,"left":225,"right":283,"top":1298},"Classname":"android.widget.TextView","Packagename":"com.justwayward.readerer","Text":"1"}],"packagename":"com.example.a10628.myapplication","width":1080}