{"events":[{"eventname":"TYPE_VIEW_SCROLLED","source":{"Bounds":{"bottom":1170,"left":0,"right":720,"top":160},"Classname":"android.support.v7.widget.RecyclerView","Packagename":"com.zhihu.android","Text":""}}],"height":1920,"hovertime":12158,"nodes":[{"Bounds":{"bottom":160,"left":0,"right":112,"top":48},"Classname":"android.widget.ImageButton","Packagename":"com.zhihu.android","Text":""},{"Bounds":{"bottom":131,"left":120,"right":200,"top":77},"Classname":"android.widget.TextView","Packagename":"com.zhihu.android","Text":"评论"},{"Bounds":{"bottom":152,"left":624,"right":720,"top":56},"Classname":"android.widget.TextView","Packagename":"com.zhihu.android","Text":""},{"Bounds":{"bottom":-116,"left":64,"right":288,"top":160},"Classname":"android.widget.TextView","Packagename":"com.zhihu.android","Text":"天猫超级懂的广告"},{"Bounds":{"bottom":-106,"left":624,"right":656,"top":160},"Classname":"android.widget.ImageView","Packagename":"com.zhihu.android","Text":""},{"Bounds":{"bottom":-64,"left":64,"right":656,"top":160},"Classname":"android.widget.TextView","Packagename":"com.zhihu.android","Text":"「会玩」的孩子都是这样玩的"},{"Bounds":{"bottom":299,"left":0,"right":179,"top":239},"Classname":"android.widget.TextView","Packagename":"com.zhihu.android","Text":"评论 (98)"},{"Bounds":{"bottom":415,"left":32,"right":112,"top":335},"Classname":"android.widget.ImageView","Packagename":"com.zhihu.android","Text":""},{"Bounds":{"bottom":373,"left":144,"right":244,"top":335},"Classname":"android.widget.TextView","Packagename":"com.zhihu.android","Text":"[已重置]"},{"Bounds":{"bottom":427,"left":144,"right":688,"top":389},"Classname":"android.widget.TextView","Packagename":"com.zhihu.android","Text":"感谢楼主分享"},{"Bounds":{"bottom":507,"left":144,"right":216,"top":427},"Classname":"android.widget.TextView","Packagename":"com.zhihu.android","Text":"01-25"},{"Bounds":{"bottom":507,"left":608,"right":704,"top":427},"Classname":"android.widget.TextView","Packagename":"com.zhihu.android","Text":"2"},{"Bounds":{"bottom":635,"left":32,"right":112,"top":555},"Classname":"android.widget.ImageView","Packagename":"com.zhihu.android","Text":""},{"Bounds":{"bottom":593,"left":144,"right":388,"top":555},"Classname":"android.widget.TextView","Packagename":"com.zhihu.android","Text":"(回答者)带你去桂林"},{"Bounds":{"bottom":647,"left":144,"right":688,"top":609},"Classname":"android.widget.TextView","Packagename":"com.zhihu.android","Text":"回复 影子 的评论：只能说都有吧"},{"Bounds":{"bottom":727,"left":144,"right":216,"top":647},"Classname":"android.widget.TextView","Packagename":"com.zhihu.android","Text":"01-25"},{"Bounds":{"bottom":727,"left":414,"right":558,"top":647},"Classname":"android.widget.TextView","Packagename":"com.zhihu.android","Text":"查看对话"},{"Bounds":{"bottom":727,"left":592,"right":704,"top":647},"Classname":"android.widget.TextView","Packagename":"com.zhihu.android","Text":"23"},{"Bounds":{"bottom":855,"left":32,"right":112,"top":775},"Classname":"android.widget.ImageView","Packagename":"com.zhihu.android","Text":""},{"Bounds":{"bottom":813,"left":144,"right":284,"top":775},"Classname":"android.widget.TextView","Packagename":"com.zhihu.android","Text":"莱斯起重机"},{"Bounds":{"bottom":867,"left":144,"right":688,"top":829},"Classname":"android.widget.TextView","Packagename":"com.zhihu.android","Text":"活塞虽然有两个冠军…可是是公敌…"},{"Bounds":{"bottom":947,"left":144,"right":216,"top":867},"Classname":"android.widget.TextView","Packagename":"com.zhihu.android","Text":"01-25"},{"Bounds":{"bottom":947,"left":414,"right":558,"top":867},"Classname":"android.widget.TextView","Packagename":"com.zhihu.android","Text":"对话列表"},{"Bounds":{"bottom":947,"left":592,"right":704,"top":867},"Classname":"android.widget.TextView","Packagename":"com.zhihu.android","Text":"32"},{"Bounds":{"bottom":1075,"left":32,"right":112,"top":995},"Classname":"android.widget.ImageView","Packagename":"com.zhihu.android","Text":""},{"Bounds":{"bottom":1033,"left":144,"right":200,"top":995},"Classname":"android.widget.TextView","Packagename":"com.zhihu.android","Text":"红尘"},{"Bounds":{"bottom":1127,"left":144,"right":688,"top":1049},"Classname":"android.widget.TextView","Packagename":"com.zhihu.android","Text":"科比和奥尼尔已经冰释前嫌了，威少和杜兰特还不知道。。。"},{"Bounds":{"bottom":1170,"left":144,"right":216,"top":1127},"Classname":"android.widget.TextView","Packagename":"com.zhihu.android","Text":"01-25"},{"Bounds":{"bottom":1170,"left":414,"right":558,"top":1127},"Classname":"android.widget.TextView","Packagename":"com.zhihu.android","Text":"对话列表"},{"Bounds":{"bottom":1170,"left":592,"right":704,"top":1127},"Classname":"android.widget.TextView","Packagename":"com.zhihu.android","Text":"28"},{"Bounds":{"bottom":1248,"left":32,"right":620,"top":1202},"Classname":"android.widget.EditText","Packagename":"com.zhihu.android","Text":"添加评论"},{"Bounds":{"bottom":1248,"left":636,"right":684,"top":1202},"Classname":"android.widget.ImageButton","Packagename":"com.zhihu.android","Text":""}],"packagename":"com.example.a10628.myapplication","width":1080}