{"events":[{"eventname":"TYPE_VIEW_SCROLLED","source":{"Bounds":{"bottom":1280,"left":0,"right":720,"top":216},"Classname":"android.widget.ListView","Packagename":"com.baycode.tianya","Text":""}},{"eventname":"TYPE_VIEW_SCROLLED","source":{"Bounds":{"bottom":1280,"left":0,"right":720,"top":216},"Classname":"android.widget.ListView","Packagename":"com.baycode.tianya","Text":""}}],"height":1920,"hovertime":3965,"nodes":[{"Bounds":{"bottom":136,"left":0,"right":720,"top":48},"Classname":"android.widget.TextView","Packagename":"com.baycode.tianya","Text":"篮球公园"},{"Bounds":{"bottom":136,"left":0,"right":720,"top":48},"Classname":"android.widget.TextView","Packagename":"com.baycode.tianya","Text":""},{"Bounds":{"bottom":124,"left":20,"right":84,"top":60},"Classname":"android.widget.Button","Packagename":"com.baycode.tianya","Text":""},{"Bounds":{"bottom":112,"left":659,"right":720,"top":71},"Classname":"android.widget.ImageButton","Packagename":"com.baycode.tianya","Text":""},{"Bounds":{"bottom":216,"left":0,"right":720,"top":136},"Classname":"android.widget.HorizontalScrollView","Packagename":"com.baycode.tianya","Text":""},{"Bounds":{"bottom":160,"left":274,"right":445,"top":216},"Classname":"android.widget.TextView","Packagename":"com.baycode.tianya","Text":"下拉刷新…"},{"Bounds":{"bottom":289,"left":16,"right":704,"top":216},"Classname":"android.widget.TextView","Packagename":"com.baycode.tianya","Text":"历史总决赛效率值均低于全队平均值，科比历史地位几何"},{"Bounds":{"bottom":327,"left":16,"right":245,"top":289},"Classname":"android.widget.TextView","Packagename":"com.baycode.tianya","Text":"回复:156"},{"Bounds":{"bottom":327,"left":245,"right":474,"top":289},"Classname":"android.widget.TextView","Packagename":"com.baycode.tianya","Text":"05-10 21:56"},{"Bounds":{"bottom":327,"left":474,"right":704,"top":289},"Classname":"android.widget.TextView","Packagename":"com.baycode.tianya","Text":"天下无粪"},{"Bounds":{"bottom":430,"left":16,"right":704,"top":336},"Classname":"android.widget.TextView","Packagename":"com.baycode.tianya","Text":"变形鸡和兰兰"},{"Bounds":{"bottom":468,"left":16,"right":245,"top":430},"Classname":"android.widget.TextView","Packagename":"com.baycode.tianya","Text":"回复:79"},{"Bounds":{"bottom":468,"left":245,"right":474,"top":430},"Classname":"android.widget.TextView","Packagename":"com.baycode.tianya","Text":"05-10 19:11"},{"Bounds":{"bottom":468,"left":474,"right":704,"top":430},"Classname":"android.widget.TextView","Packagename":"com.baycode.tianya","Text":"何为帅2015"},{"Bounds":{"bottom":571,"left":16,"right":704,"top":477},"Classname":"android.widget.TextView","Packagename":"com.baycode.tianya","Text":"勇士队如果碰到失去欧文的骑士队，A过去就行了"},{"Bounds":{"bottom":609,"left":16,"right":245,"top":571},"Classname":"android.widget.TextView","Packagename":"com.baycode.tianya","Text":"回复:807"},{"Bounds":{"bottom":609,"left":245,"right":474,"top":571},"Classname":"android.widget.TextView","Packagename":"com.baycode.tianya","Text":"05-10 18:28"},{"Bounds":{"bottom":609,"left":474,"right":704,"top":571},"Classname":"android.widget.TextView","Packagename":"com.baycode.tianya","Text":"二觉"},{"Bounds":{"bottom":712,"left":16,"right":704,"top":618},"Classname":"android.widget.TextView","Packagename":"com.baycode.tianya","Text":"詹韦连线再现！铁杆詹密也不能淡定了，开贴记录17-18赛季骑士比赛。"},{"Bounds":{"bottom":750,"left":16,"right":245,"top":712},"Classname":"android.widget.TextView","Packagename":"com.baycode.tianya","Text":"回复:1169"},{"Bounds":{"bottom":750,"left":245,"right":474,"top":712},"Classname":"android.widget.TextView","Packagename":"com.baycode.tianya","Text":"05-10 17:13"},{"Bounds":{"bottom":750,"left":474,"right":704,"top":712},"Classname":"android.widget.TextView","Packagename":"com.baycode.tianya","Text":"少剑波2012"},{"Bounds":{"bottom":853,"left":16,"right":704,"top":759},"Classname":"android.widget.TextView","Packagename":"com.baycode.tianya","Text":"腾讯力推！潮人汇聚，朝这看！立即点击下载~"},{"Bounds":{"bottom":891,"left":16,"right":245,"top":853},"Classname":"android.widget.TextView","Packagename":"com.baycode.tianya","Text":""},{"Bounds":{"bottom":891,"left":245,"right":474,"top":853},"Classname":"android.widget.TextView","Packagename":"com.baycode.tianya","Text":""},{"Bounds":{"bottom":891,"left":474,"right":704,"top":853},"Classname":"android.widget.TextView","Packagename":"com.baycode.tianya","Text":"推广"},{"Bounds":{"bottom":994,"left":16,"right":704,"top":900},"Classname":"android.widget.TextView","Packagename":"com.baycode.tianya","Text":"鹈鹕是本赛季运作最好的球队之一！！"},{"Bounds":{"bottom":1032,"left":16,"right":245,"top":994},"Classname":"android.widget.TextView","Packagename":"com.baycode.tianya","Text":"回复:12"},{"Bounds":{"bottom":1032,"left":245,"right":474,"top":994},"Classname":"android.widget.TextView","Packagename":"com.baycode.tianya","Text":"05-10 16:30"},{"Bounds":{"bottom":1032,"left":474,"right":704,"top":994},"Classname":"android.widget.TextView","Packagename":"com.baycode.tianya","Text":"烟台我是大葱"},{"Bounds":{"bottom":1135,"left":16,"right":704,"top":1041},"Classname":"android.widget.TextView","Packagename":"com.baycode.tianya","Text":"今年的东西部决赛，就是常规赛揭幕焦点战的延伸"},{"Bounds":{"bottom":1173,"left":16,"right":245,"top":1135},"Classname":"android.widget.TextView","Packagename":"com.baycode.tianya","Text":"回复:6"},{"Bounds":{"bottom":1173,"left":245,"right":474,"top":1135},"Classname":"android.widget.TextView","Packagename":"com.baycode.tianya","Text":"05-10 15:43"},{"Bounds":{"bottom":1173,"left":474,"right":704,"top":1135},"Classname":"android.widget.TextView","Packagename":"com.baycode.tianya","Text":"詹韦连线2015"},{"Bounds":{"bottom":1276,"left":16,"right":704,"top":1182},"Classname":"android.widget.TextView","Packagename":"com.baycode.tianya","Text":"一个关于杜兰特和勇士的问题"},{"Bounds":{"bottom":1280,"left":16,"right":245,"top":1276},"Classname":"android.widget.TextView","Packagename":"com.baycode.tianya","Text":"回复:15"},{"Bounds":{"bottom":1280,"left":245,"right":474,"top":1276},"Classname":"android.widget.TextView","Packagename":"com.baycode.tianya","Text":"05-10 14:22"},{"Bounds":{"bottom":1280,"left":474,"right":704,"top":1276},"Classname":"android.widget.TextView","Packagename":"com.baycode.tianya","Text":"sun顽石"}],"packagename":"com.example.a10628.myapplication","width":1080}