{"events":[{"eventname":"TYPE_VIEW_SCROLLED","source":{"Bounds":{"bottom":1280,"left":0,"right":720,"top":259},"Classname":"android.widget.ListView","Packagename":"cn.amazon.mShop.android","Text":""}},{"eventname":"TYPE_VIEW_SCROLLED","source":{"Bounds":{"bottom":1280,"left":0,"right":720,"top":259},"Classname":"android.widget.ListView","Packagename":"cn.amazon.mShop.android","Text":""}}],"height":1920,"hovertime":6418,"nodes":[{"Bounds":{"bottom":140,"left":0,"right":92,"top":48},"Classname":"android.widget.LinearLayout","Packagename":"cn.amazon.mShop.android","Text":""},{"Bounds":{"bottom":120,"left":300,"right":420,"top":68},"Classname":"android.widget.ImageView","Packagename":"cn.amazon.mShop.android","Text":""},{"Bounds":{"bottom":140,"left":532,"right":624,"top":48},"Classname":"android.widget.ImageButton","Packagename":"cn.amazon.mShop.android","Text":""},{"Bounds":{"bottom":140,"left":624,"right":716,"top":48},"Classname":"android.widget.ImageView","Packagename":"cn.amazon.mShop.android","Text":""},{"Bounds":{"bottom":140,"left":656,"right":684,"top":62},"Classname":"android.widget.TextView","Packagename":"cn.amazon.mShop.android","Text":"0"},{"Bounds":{"bottom":243,"left":16,"right":704,"top":159},"Classname":"android.widget.EditText","Packagename":"cn.amazon.mShop.android","Text":"搜索商品"},{"Bounds":{"bottom":160,"left":703,"right":704,"top":159},"Classname":"android.widget.Button","Packagename":"cn.amazon.mShop.android","Text":""},{"Bounds":{"bottom":236,"left":622,"right":704,"top":166},"Classname":"android.widget.ImageView","Packagename":"cn.amazon.mShop.android","Text":""},{"Bounds":{"bottom":292,"left":233,"right":710,"top":259},"Classname":"android.widget.TextView","Packagename":"cn.amazon.mShop.android","Text":"Sennheiser 森海塞尔无线蓝牙 全封闭 入耳式 耳机 HD 4.40 BT"},{"Bounds":{"bottom":330,"left":233,"right":489,"top":292},"Classname":"android.widget.TextView","Packagename":"cn.amazon.mShop.android","Text":"Sennheiser 森海塞尔"},{"Bounds":{"bottom":375,"left":233,"right":356,"top":337},"Classname":"android.widget.TextView","Packagename":"cn.amazon.mShop.android","Text":"￥638.22 "},{"Bounds":{"bottom":372,"left":356,"right":441,"top":347},"Classname":"android.widget.TextView","Packagename":"cn.amazon.mShop.android","Text":"符合尊榮方案條件"},{"Bounds":{"bottom":417,"left":233,"right":406,"top":385},"Classname":"android.widget.TextView","Packagename":"cn.amazon.mShop.android","Text":"3.5 明星 (3)"},{"Bounds":{"bottom":452,"left":233,"right":325,"top":420},"Classname":"android.widget.TextView","Packagename":"cn.amazon.mShop.android","Text":"更多选项"},{"Bounds":{"bottom":561,"left":233,"right":710,"top":495},"Classname":"android.widget.TextView","Packagename":"cn.amazon.mShop.android","Text":"Bose QuietComfort QC20 有源消噪耳机-For Apple-黑色"},{"Bounds":{"bottom":599,"left":233,"right":295,"top":561},"Classname":"android.widget.TextView","Packagename":"cn.amazon.mShop.android","Text":"Bose"},{"Bounds":{"bottom":644,"left":233,"right":379,"top":606},"Classname":"android.widget.TextView","Packagename":"cn.amazon.mShop.android","Text":"￥1,699.00 "},{"Bounds":{"bottom":641,"left":379,"right":464,"top":616},"Classname":"android.widget.TextView","Packagename":"cn.amazon.mShop.android","Text":"符合尊榮方案條件"},{"Bounds":{"bottom":686,"left":233,"right":418,"top":654},"Classname":"android.widget.TextView","Packagename":"cn.amazon.mShop.android","Text":"4.4 明星 (94)"},{"Bounds":{"bottom":721,"left":233,"right":325,"top":689},"Classname":"android.widget.TextView","Packagename":"cn.amazon.mShop.android","Text":"更多选项"},{"Bounds":{"bottom":830,"left":233,"right":710,"top":764},"Classname":"android.widget.TextView","Packagename":"cn.amazon.mShop.android","Text":"Beats X 入耳式耳机 - 黑色 蓝牙无线耳机 具有线控和麦克风 噪音隔绝(无线)"},{"Bounds":{"bottom":868,"left":233,"right":303,"top":830},"Classname":"android.widget.TextView","Packagename":"cn.amazon.mShop.android","Text":"Beats"},{"Bounds":{"bottom":913,"left":233,"right":349,"top":875},"Classname":"android.widget.TextView","Packagename":"cn.amazon.mShop.android","Text":"￥888.00"},{"Bounds":{"bottom":950,"left":233,"right":679,"top":918},"Classname":"android.widget.TextView","Packagename":"cn.amazon.mShop.android","Text":"消费满 ￥9999.00 起，即可享受 ￥1.00 优惠"},{"Bounds":{"bottom":987,"left":233,"right":430,"top":955},"Classname":"android.widget.TextView","Packagename":"cn.amazon.mShop.android","Text":"4.2 明星 (109)"},{"Bounds":{"bottom":1022,"left":233,"right":325,"top":990},"Classname":"android.widget.TextView","Packagename":"cn.amazon.mShop.android","Text":"更多选项"},{"Bounds":{"bottom":1131,"left":233,"right":710,"top":1065},"Classname":"android.widget.TextView","Packagename":"cn.amazon.mShop.android","Text":"Sony 索尼 WH-1000XM2 Hi-Res无线智能降噪耳机 黑色(无线)"},{"Bounds":{"bottom":1169,"left":233,"right":357,"top":1131},"Classname":"android.widget.TextView","Packagename":"cn.amazon.mShop.android","Text":"Sony 索尼"},{"Bounds":{"bottom":1164,"left":233,"right":379,"top":1126},"Classname":"android.widget.TextView","Packagename":"cn.amazon.mShop.android","Text":"￥2,499.00 "},{"Bounds":{"bottom":1150,"left":379,"right":464,"top":1125},"Classname":"android.widget.TextView","Packagename":"cn.amazon.mShop.android","Text":"符合尊榮方案條件"},{"Bounds":{"bottom":1256,"left":233,"right":418,"top":1224},"Classname":"android.widget.TextView","Packagename":"cn.amazon.mShop.android","Text":"4.1 明星 (70)"},{"Bounds":{"bottom":1280,"left":233,"right":325,"top":1259},"Classname":"android.widget.TextView","Packagename":"cn.amazon.mShop.android","Text":"更多选项"},{"Bounds":{"bottom":331,"left":10,"right":271,"top":270},"Classname":"android.widget.TextView","Packagename":"cn.amazon.mShop.android","Text":"超过10,000个结果"},{"Bounds":{"bottom":342,"left":440,"right":522,"top":260},"Classname":"android.widget.ImageView","Packagename":"cn.amazon.mShop.android","Text":""},{"Bounds":{"bottom":343,"left":533,"right":720,"top":259},"Classname":"android.widget.TextView","Packagename":"cn.amazon.mShop.android","Text":"筛选 (1)"}],"packagename":"com.example.a10628.myapplication","width":1080}