{"events":[{"eventname":"TYPE_VIEW_SCROLLED","source":{"Bounds":{"bottom":1280,"left":0,"right":720,"top":160},"Classname":"android.webkit.WebView","Packagename":"com.zhihu.android","Text":""}}],"height":1920,"hovertime":2441,"nodes":[{"Bounds":{"bottom":160,"left":0,"right":112,"top":48},"Classname":"android.widget.ImageButton","Packagename":"com.zhihu.android","Text":""},{"Bounds":{"bottom":131,"left":128,"right":536,"top":77},"Classname":"android.widget.TextView","Packagename":"com.zhihu.android","Text":"欧文对凯尔特人的重要作用体现在哪？"},{"Bounds":{"bottom":152,"left":544,"right":640,"top":56},"Classname":"android.widget.TextView","Packagename":"com.zhihu.android","Text":""},{"Bounds":{"bottom":152,"left":640,"right":720,"top":56},"Classname":"android.widget.ImageView","Packagename":"com.zhihu.android","Text":""},{"Bounds":{"bottom":162,"left":-687,"right":-27,"top":160},"Classname":"android.view.View","Packagename":"com.zhihu.android","Text":""},{"Bounds":{"bottom":162,"left":-687,"right":-31,"top":160},"Classname":"android.view.View","Packagename":"com.zhihu.android","Text":"首先亮明观点，欧文是绿凯当仁不让的老大（海沃德复出也一样），当步入季后赛之后，他的价值会愈发体现。"},{"Bounds":{"bottom":826,"left":-655,"right":1,"top":160},"Classname":"android.view.View","Packagename":"com.zhihu.android","Text":"\n"},{"Bounds":{"bottom":826,"left":-655,"right":1,"top":160},"Classname":"android.view.View","Packagename":"com.zhihu.android","Text":"\n"},{"Bounds":{"bottom":162,"left":-687,"right":-87,"top":160},"Classname":"android.view.View","Packagename":"com.zhihu.android","Text":"但是我真是受不了那些张嘴就是胡扯的人。"},{"Bounds":{"bottom":826,"left":-655,"right":1,"top":160},"Classname":"android.view.View","Packagename":"com.zhihu.android","Text":"\n"},{"Bounds":{"bottom":826,"left":-655,"right":1,"top":160},"Classname":"android.view.View","Packagename":"com.zhihu.android","Text":"\n"},{"Bounds":{"bottom":162,"left":-687,"right":-407,"top":160},"Classname":"android.view.View","Packagename":"com.zhihu.android","Text":"楼上一个哥们写道："},{"Bounds":{"bottom":826,"left":-655,"right":1,"top":160},"Classname":"android.view.View","Packagename":"com.zhihu.android","Text":"\n"},{"Bounds":{"bottom":826,"left":-655,"right":1,"top":160},"Classname":"android.view.View","Packagename":"com.zhihu.android","Text":"\n"},{"Bounds":{"bottom":162,"left":-719,"right":1,"top":160},"Classname":"android.widget.Image","Packagename":"com.zhihu.android","Text":"v2-a11c24343be75d2405dd1b0ebab9d0b7_hd"},{"Bounds":{"bottom":162,"left":-687,"right":-191,"top":160},"Classname":"android.view.View","Packagename":"com.zhihu.android","Text":"哥们，绿军的球赛真的看了很多吗？"},{"Bounds":{"bottom":1280,"left":-655,"right":1,"top":160},"Classname":"android.view.View","Packagename":"com.zhihu.android","Text":"\n"},{"Bounds":{"bottom":1280,"left":-655,"right":1,"top":160},"Classname":"android.view.View","Packagename":"com.zhihu.android","Text":"\n"},{"Bounds":{"bottom":318,"left":-687,"right":-29,"top":160},"Classname":"android.view.View","Packagename":"com.zhihu.android","Text":"欧文本赛季缺战7场，绿凯5胜2负，昨天还以16分的分差屠杀公牛。论在场的进攻效率，欧文是108.1，伙夫是109.1，换句话说伙夫才是在进攻端对绿凯帮助最大的人（仅以本赛季目前打过的常规赛而论）。"},{"Bounds":{"bottom":1280,"left":-655,"right":1,"top":160},"Classname":"android.view.View","Packagename":"com.zhihu.android","Text":"\n"},{"Bounds":{"bottom":1280,"left":-655,"right":1,"top":160},"Classname":"android.view.View","Packagename":"com.zhihu.android","Text":"\n"},{"Bounds":{"bottom":534,"left":-687,"right":-55,"top":386},"Classname":"android.view.View","Packagename":"com.zhihu.android","Text":"我不知道你说的“欧文下场绿军进攻停滞”的结论是怎么得出来的，你把史蒂文斯当泰伦卢了吧？"},{"Bounds":{"bottom":1280,"left":-655,"right":1,"top":160},"Classname":"android.view.View","Packagename":"com.zhihu.android","Text":"\n"},{"Bounds":{"bottom":1280,"left":-655,"right":1,"top":160},"Classname":"android.view.View","Packagename":"com.zhihu.android","Text":"\n"},{"Bounds":{"bottom":750,"left":-687,"right":-39,"top":602},"Classname":"android.view.View","Packagename":"com.zhihu.android","Text":"篮球板块我是真不喜欢发言，因为懂得不多。。可看到很多高票答案张嘴就是胡扯，真是让人气不打一出来。。"},{"Bounds":{"bottom":884,"left":-293,"right":-27,"top":844},"Classname":"android.view.View","Packagename":"com.zhihu.android","Text":"发布于 2018-03-07"},{"Bounds":{"bottom":946,"left":-687,"right":-27,"top":890},"Classname":"android.view.View","Packagename":"com.zhihu.android","Text":"著作权归作者所有"},{"Bounds":{"bottom":1106,"left":-719,"right":1,"top":1024},"Classname":"android.view.View","Packagename":"com.zhihu.android","Text":"推荐阅读"},{"Bounds":{"bottom":1280,"left":-687,"right":-31,"top":1104},"Classname":"android.view.View","Packagename":"com.zhihu.android","Text":"骑士要哭了！凯尔特人已经把欧文变成了新球员 欧文这个赛季的表现已经超越以往，他的进攻效率和霍福德的致命组合已经帮助他成为了一流超级巨星。虽然在一些数据方面，欧文与之前的赛季并没有什么不同，但是他现在的状态打球所处的环境和条件与之前却是截然不同。这个赛季，当欧文在场上的时候毫无疑问是… UOOSPORTS 的文章 · 227 赞同 "},{"Bounds":{"bottom":1280,"left":-687,"right":-31,"top":1278},"Classname":"android.view.View","Packagename":"com.zhihu.android","Text":"如何评价骑士与凯尔特人关于欧文的交易。？ 谢邀。关于这比交易，我刚写了一篇文章绿凯得到天赋 骑士得到想要的一切 。内容如下：早在\"欧文的决定：外有金人，内有奸佞，这太子不当了 \"这篇文章里，我就有过这样的设想： 又或者，欧文去一个有更加整体性战术的球队，类似于史蒂文斯教练治下的凯尔特人，像小托马斯那样，做一个得分第一的控球后卫——他现在的确没有那么好的无球进攻意识，但他有出色的投射能力和跑动能力，无球进攻未必磨练不出来。 以及在\"【数据最有趣了】… 静易墨 的回答 · 31 赞同 "},{"Bounds":{"bottom":1280,"left":-687,"right":-31,"top":1278},"Classname":"android.view.View","Packagename":"com.zhihu.android","Text":"凯尔特人·三巨头传 三个天才，如何坚持篮球，直到世界尽头。 张佳玮 的电子书 · 672 赞同 "},{"Bounds":{"bottom":162,"left":32,"right":692,"top":160},"Classname":"android.view.View","Packagename":"com.zhihu.android","Text":""},{"Bounds":{"bottom":162,"left":32,"right":692,"top":160},"Classname":"android.view.View","Packagename":"com.zhihu.android","Text":"队友好不好，取决于你怎么看。"},{"Bounds":{"bottom":250,"left":32,"right":692,"top":160},"Classname":"android.view.View","Packagename":"com.zhihu.android","Text":"我来介绍一下哈登的队友：快船队史第一人保罗、下一个顶薪中锋卡佩拉、最佳第六人戈登、关键先生阿里扎、野兽内线内内……"},{"Bounds":{"bottom":378,"left":32,"right":692,"top":270},"Classname":"android.view.View","Packagename":"com.zhihu.android","Text":"这么好的队友，你怎么不觉得哈登也没啥作用，因为你是哈登的球迷啊。"},{"Bounds":{"bottom":506,"left":32,"right":692,"top":398},"Classname":"android.view.View","Packagename":"com.zhihu.android","Text":"你每场凯尔特人的球都看，还提这种问题，我觉得是你的问题。"},{"Bounds":{"bottom":652,"left":426,"right":692,"top":614},"Classname":"android.view.View","Packagename":"com.zhihu.android","Text":"编辑于 2018-03-06"},{"Bounds":{"bottom":714,"left":32,"right":692,"top":660},"Classname":"android.view.View","Packagename":"com.zhihu.android","Text":"著作权归作者所有"},{"Bounds":{"bottom":874,"left":0,"right":720,"top":794},"Classname":"android.view.View","Packagename":"com.zhihu.android","Text":"推荐阅读"},{"Bounds":{"bottom":1118,"left":32,"right":688,"top":874},"Classname":"android.view.View","Packagename":"com.zhihu.android","Text":"骑士凯尔特人一换四交易欧文后，骑士相比凯尔特人在实力上是否已不占优势？ 谢邀，否。1、绿军4换1，即使不算选秀权也是3换1，深度有了困扰。2、日日奇潜力未知，但按此前的规划来看很可能是内线重要替补。绿军在这个夏天损失了阿米尔约翰逊，杰雷布科和奥利尼克（泽勒本来就没多少出场），内线轮换是有很大问题的。目前看解决方案是用体型偏小的莫里斯充当4号位，体型更小的塔图姆和杰伦要胜任2号位首发，3号位替补和4号位替补三个位置了（模糊位置倒是现代篮球的趋势）。而C的替补只有贝恩斯了，人员不… 毒舌NBA 的回答 · 29 赞同 加载中..."},{"Bounds":{"bottom":1280,"left":32,"right":688,"top":1118},"Classname":"android.view.View","Packagename":"com.zhihu.android","Text":"怎样评价欧文新赛季在凯尔特人的表现？ 文蜜来答. 本赛季欧文的进步显而易见，我只说两点. 第一：组织 欧文在骑士时期定位更像是一个得分后卫，用来攻坚的尖刀，所以经常出现一人持球四人站桩的现象..但是在少帅的队伍里，每个人都会跑战术，所以虽然欧文的助攻数没有很大提升，但是间接助攻率增加了很多，也就是说，欧文在绿军比在骑士更好的能够串联球队，这一点是骑士队给不了欧文的（毕竟勒布朗的持球是历史级的，肯定要围绕勒布朗打，那你欧文就只好委屈做尖刀） … 李燕北 的回答 · 16 赞同 加载中..."},{"Bounds":{"bottom":1280,"left":32,"right":688,"top":1278},"Classname":"android.view.View","Packagename":"com.zhihu.android","Text":"凯尔特人·三巨头传 三个天才，如何坚持篮球，直到世界尽头。 张佳玮 的电子书 · 672 赞同 加载中..."},{"Bounds":{"bottom":600,"left":752,"right":1412,"top":600},"Classname":"android.view.View","Packagename":"com.zhihu.android","Text":""},{"Bounds":{"bottom":682,"left":752,"right":1412,"top":628},"Classname":"android.view.View","Packagename":"com.zhihu.android","Text":"啊偶"},{"Bounds":{"bottom":756,"left":752,"right":1412,"top":702},"Classname":"android.view.View","Packagename":"com.zhihu.android","Text":"就今天的球啦"},{"Bounds":{"bottom":938,"left":752,"right":1412,"top":776},"Classname":"android.view.View","Packagename":"com.zhihu.android","Text":"上半场雄鹿精神饱满，体力充沛严防死守。凯尔特人面对包夹毫无办法的罗齐尔塔图姆杰伦众人接连失误被帽，一点脾气都没有了。"},{"Bounds":{"bottom":1012,"left":752,"right":1412,"top":958},"Classname":"android.view.View","Packagename":"com.zhihu.android","Text":"只有霍福德靠身体吃几个。第一节拿了11分。"},{"Bounds":{"bottom":1280,"left":752,"right":1412,"top":1032},"Classname":"android.view.View","Packagename":"com.zhihu.android","Text":"如果有欧文呢，这种几乎把球开出来就是死球的情况，肯定是给欧文单打啦（但是我相信史蒂文斯一定会坚持多点开花），当年欧文总决赛持球准备打两分，就会常常被三人包夹，三人是谁呢"},{"Bounds":{"bottom":1280,"left":752,"right":1412,"top":1278},"Classname":"android.view.View","Packagename":"com.zhihu.android","Text":"格林杜兰特汤普森。"},{"Bounds":{"bottom":1280,"left":752,"right":1412,"top":1278},"Classname":"android.view.View","Packagename":"com.zhihu.android","Text":"但是欧文依然可以保持超高的得分效率（在总决赛强度下面对防守大闸相对其他人来讲）。"},{"Bounds":{"bottom":1280,"left":752,"right":1412,"top":1278},"Classname":"android.view.View","Packagename":"com.zhihu.android","Text":"这就是凯尔特人季后赛需要的"},{"Bounds":{"bottom":1280,"left":752,"right":1412,"top":1278},"Classname":"android.view.View","Packagename":"com.zhihu.android","Text":"欧文为大场面而存在"},{"Bounds":{"bottom":1280,"left":752,"right":1412,"top":1278},"Classname":"android.view.View","Packagename":"com.zhihu.android","Text":"无论是他的大心脏还是技术"},{"Bounds":{"bottom":1280,"left":752,"right":1412,"top":1278},"Classname":"android.view.View","Packagename":"com.zhihu.android","Text":"当出手，绝不让。"},{"Bounds":{"bottom":1280,"left":1146,"right":1412,"top":1278},"Classname":"android.view.View","Packagename":"com.zhihu.android","Text":"发布于 2018-04-21"},{"Bounds":{"bottom":1280,"left":752,"right":1412,"top":1278},"Classname":"android.view.View","Packagename":"com.zhihu.android","Text":"著作权归作者所有"},{"Bounds":{"bottom":289,"left":0,"right":720,"top":161},"Classname":"android.widget.TextView","Packagename":"com.zhihu.android","Text":"欧文对凯尔特人的重要作用体现在哪？"},{"Bounds":{"bottom":378,"left":32,"right":184,"top":314},"Classname":"android.widget.TextView","Packagename":"com.zhihu.android","Text":"写回答"},{"Bounds":{"bottom":402,"left":414,"right":688,"top":290},"Classname":"android.widget.TextView","Packagename":"com.zhihu.android","Text":"查看全部 60 个回答"},{"Bounds":{"bottom":488,"left":128,"right":276,"top":450},"Classname":"android.widget.TextView","Packagename":"com.zhihu.android","Text":"完颜阿骨折"},{"Bounds":{"bottom":469,"left":276,"right":276,"top":469},"Classname":"android.view.View","Packagename":"com.zhihu.android","Text":""},{"Bounds":{"bottom":529,"left":128,"right":528,"top":496},"Classname":"android.widget.TextView","Packagename":"com.zhihu.android","Text":"夸詹姆斯被詹黑围攻，不夸詹姆斯被詹蜜围攻，詹黑眼中的詹蜜，詹蜜眼中的詹黑。"},{"Bounds":{"bottom":529,"left":128,"right":128,"top":496},"Classname":"android.widget.TextView","Packagename":"com.zhihu.android","Text":""},{"Bounds":{"bottom":522,"left":544,"right":688,"top":458},"Classname":"android.widget.TextView","Packagename":"com.zhihu.android","Text":"关注"},{"Bounds":{"bottom":1256,"left":34,"right":249,"top":1192},"Classname":"android.widget.TextView","Packagename":"com.zhihu.android","Text":"赞同 142"},{"Bounds":{"bottom":1256,"left":261,"right":353,"top":1192},"Classname":"android.widget.TextView","Packagename":"com.zhihu.android","Text":""},{"Bounds":{"bottom":1262,"left":412,"right":452,"top":1234},"Classname":"android.widget.TextView","Packagename":"com.zhihu.android","Text":"感谢"},{"Bounds":{"bottom":1262,"left":524,"right":564,"top":1234},"Classname":"android.widget.TextView","Packagename":"com.zhihu.android","Text":"收藏"},{"Bounds":{"bottom":1262,"left":645,"right":667,"top":1234},"Classname":"android.widget.TextView","Packagename":"com.zhihu.android","Text":"36"}],"packagename":"com.example.a10628.myapplication","width":1080}