{"events":[{"eventname":"TYPE_VIEW_SCROLLED","source":{"Bounds":{"bottom":1280,"left":0,"right":720,"top":0},"Classname":"android.webkit.WebView","Packagename":"com.baycode.tianya","Text":""}},{"eventname":"TYPE_WINDOW_STATE_CHANGED","source":{"Bounds":{"bottom":1280,"left":0,"right":720,"top":0},"Classname":"android.widget.FrameLayout","Packagename":"com.baycode.tianya","Text":""}}],"height":1920,"hovertime":1851,"nodes":[{"Bounds":{"bottom":2,"left":10,"right":122,"top":0},"Classname":"android.view.View","Packagename":"com.baycode.tianya","Text":"只看楼主"},{"Bounds":{"bottom":2,"left":10,"right":710,"top":0},"Classname":"android.view.View","Packagename":"com.baycode.tianya","Text":"东决无论胜负如何-欧文必成话题最大的人"},{"Bounds":{"bottom":2,"left":0,"right":720,"top":0},"Classname":"android.view.View","Packagename":"com.baycode.tianya","Text":"第1页 | 共1页   访问150 | 回复8"},{"Bounds":{"bottom":2,"left":8,"right":712,"top":0},"Classname":"android.view.View","Packagename":"com.baycode.tianya","Text":"博文灯饰2018-05-12 12:27:22"},{"Bounds":{"bottom":2,"left":10,"right":710,"top":0},"Classname":"android.view.View","Packagename":"com.baycode.tianya","Text":"　　欧文表示非常的尴尬\n\n　　离开了骑士，骑士依旧进了东决\n\n　　从绿军伤退，绿军也是依旧东决\n\n　　想起阿杜的歌词:\n　　我不应在这里我应该在车底！\n\n　　这样看起来欧文对于骑士和绿军来说都是可有可无的存在？你错了！！！\n　　还能衍生以下论据\n　　1.骑士东决淘汰了绿军，\n　　答:没有欧文的绿军终究还是不行。\n　　2.绿军东决淘汰了骑士，\n　　答:欧文离开骑士，詹姆斯再也打不进总决赛。\n　　上边缺少欧文，看似骑士和绿凯可有可无的存在。但是却可以得出骑士和绿凯谁败给了对方，就是谁失去欧文存在的原因。侧面证明了欧文的决定性存在。\n\n　　看起来怪怪的，但这必然成为东决之后的詹密和詹黑相互攻击的话题！"},{"Bounds":{"bottom":2,"left":20,"right":700,"top":0},"Classname":"android.view.View","Packagename":"com.baycode.tianya","Text":"推广 优酷 超萌超可爱的兔兔，终于免费上线观看了！ "},{"Bounds":{"bottom":2,"left":648,"right":700,"top":0},"Classname":"android.view.View","Packagename":"com.baycode.tianya","Text":"回复"},{"Bounds":{"bottom":2,"left":8,"right":712,"top":0},"Classname":"android.view.View","Packagename":"com.baycode.tianya","Text":"詹韦连线20152018-05-12 12:44:05"},{"Bounds":{"bottom":2,"left":10,"right":710,"top":0},"Classname":"android.view.View","Packagename":"com.baycode.tianya","Text":"　　骑士赢：凯尔特人缺欧文、海沃德，骑士胜之不武，没有含金量\n\n　　骑士输：让个车马你都不能赢，詹姆斯走下神坛。但这不足以让懂球帝们兴奋，黑子们还是很伤感，总亚军呢？\n\n　　楼主你这是在提前布置会场啊"},{"Bounds":{"bottom":2,"left":648,"right":700,"top":0},"Classname":"android.view.View","Packagename":"com.baycode.tianya","Text":"回复"},{"Bounds":{"bottom":2,"left":8,"right":712,"top":0},"Classname":"android.view.View","Packagename":"com.baycode.tianya","Text":"涡轮双擎动力2018-05-12 22:46:52"},{"Bounds":{"bottom":2,"left":10,"right":78,"top":0},"Classname":"android.view.View","Packagename":"com.baycode.tianya","Text":"　　"},{"Bounds":{"bottom":2,"left":10,"right":710,"top":0},"Classname":"android.widget.Image","Packagename":"com.baycode.tianya","Text":"点击图片查看幻灯模式"},{"Bounds":{"bottom":124,"left":10,"right":710,"top":0},"Classname":"android.view.View","Packagename":"com.baycode.tianya","Text":"\n"},{"Bounds":{"bottom":124,"left":10,"right":710,"top":0},"Classname":"android.view.View","Packagename":"com.baycode.tianya","Text":"\n"},{"Bounds":{"bottom":2,"left":10,"right":78,"top":0},"Classname":"android.view.View","Packagename":"com.baycode.tianya","Text":"　　"},{"Bounds":{"bottom":124,"left":10,"right":710,"top":0},"Classname":"android.widget.Image","Packagename":"com.baycode.tianya","Text":"点击图片查看幻灯模式"},{"Bounds":{"bottom":124,"left":10,"right":710,"top":0},"Classname":"android.view.View","Packagename":"com.baycode.tianya","Text":"\n"},{"Bounds":{"bottom":160,"left":648,"right":700,"top":128},"Classname":"android.view.View","Packagename":"com.baycode.tianya","Text":"回复"},{"Bounds":{"bottom":228,"left":8,"right":712,"top":178},"Classname":"android.view.View","Packagename":"com.baycode.tianya","Text":"涡轮双擎动力2018-05-12 22:47:41"},{"Bounds":{"bottom":284,"left":10,"right":78,"top":242},"Classname":"android.view.View","Packagename":"com.baycode.tianya","Text":"　　"},{"Bounds":{"bottom":1280,"left":10,"right":710,"top":310},"Classname":"android.widget.Image","Packagename":"com.baycode.tianya","Text":"点击图片查看幻灯模式"},{"Bounds":{"bottom":1280,"left":10,"right":710,"top":236},"Classname":"android.view.View","Packagename":"com.baycode.tianya","Text":"\n"},{"Bounds":{"bottom":1280,"left":10,"right":710,"top":236},"Classname":"android.view.View","Packagename":"com.baycode.tianya","Text":"\n"},{"Bounds":{"bottom":1280,"left":10,"right":78,"top":1278},"Classname":"android.view.View","Packagename":"com.baycode.tianya","Text":"　　"},{"Bounds":{"bottom":1280,"left":10,"right":710,"top":1278},"Classname":"android.widget.Image","Packagename":"com.baycode.tianya","Text":"点击图片查看幻灯模式"},{"Bounds":{"bottom":1280,"left":10,"right":710,"top":236},"Classname":"android.view.View","Packagename":"com.baycode.tianya","Text":"\n"},{"Bounds":{"bottom":1280,"left":10,"right":710,"top":236},"Classname":"android.view.View","Packagename":"com.baycode.tianya","Text":"\n"},{"Bounds":{"bottom":1280,"left":10,"right":78,"top":1278},"Classname":"android.view.View","Packagename":"com.baycode.tianya","Text":"　　"},{"Bounds":{"bottom":1280,"left":10,"right":710,"top":1278},"Classname":"android.widget.Image","Packagename":"com.baycode.tianya","Text":"点击图片查看幻灯模式"},{"Bounds":{"bottom":1280,"left":10,"right":710,"top":236},"Classname":"android.view.View","Packagename":"com.baycode.tianya","Text":"\n"},{"Bounds":{"bottom":1280,"left":648,"right":700,"top":1278},"Classname":"android.view.View","Packagename":"com.baycode.tianya","Text":"回复"},{"Bounds":{"bottom":1280,"left":108,"right":182,"top":1278},"Classname":"android.view.View","Packagename":"com.baycode.tianya","Text":"返回"},{"Bounds":{"bottom":1280,"left":200,"right":274,"top":1278},"Classname":"android.view.View","Packagename":"com.baycode.tianya","Text":"上页"},{"Bounds":{"bottom":1280,"left":282,"right":438,"top":1278},"Classname":"android.view.View","Packagename":"com.baycode.tianya","Text":"第1页 | 共1页"},{"Bounds":{"bottom":1280,"left":446,"right":520,"top":1278},"Classname":"android.view.View","Packagename":"com.baycode.tianya","Text":"下页"},{"Bounds":{"bottom":1280,"left":538,"right":612,"top":1278},"Classname":"android.view.View","Packagename":"com.baycode.tianya","Text":"末页"},{"Bounds":{"bottom":1280,"left":40,"right":680,"top":1278},"Classname":"android.view.View","Packagename":"com.baycode.tianya","Text":"查看原文"},{"Bounds":{"bottom":1280,"left":40,"right":680,"top":1278},"Classname":"android.view.View","Packagename":"com.baycode.tianya","Text":"转发分享"},{"Bounds":{"bottom":927,"left":0,"right":88,"top":807},"Classname":"android.view.View","Packagename":"com.baycode.tianya","Text":""},{"Bounds":{"bottom":1280,"left":660,"right":720,"top":1260},"Classname":"android.view.View","Packagename":"com.baycode.tianya","Text":""},{"Bounds":{"bottom":1182,"left":0,"right":720,"top":1180},"Classname":"android.view.View","Packagename":"com.baycode.tianya","Text":"javascript:;"},{"Bounds":{"bottom":1280,"left":0,"right":720,"top":1180},"Classname":"android.view.View","Packagename":"com.baycode.tianya","Text":"javascript:;"}],"packagename":"com.example.a10628.myapplication","width":1080}