{"events":[{"eventname":"TYPE_VIEW_SCROLLED","source":{"Bounds":{"bottom":1192,"left":0,"right":720,"top":135},"Classname":"android.widget.ListView","Packagename":"com.sina.weibo","Text":""}}],"height":1920,"hovertime":9464,"nodes":[{"Bounds":{"bottom":123,"left":24,"right":88,"top":59},"Classname":"android.widget.TextView","Packagename":"com.sina.weibo","Text":"注册"},{"Bounds":{"bottom":114,"left":250,"right":318,"top":68},"Classname":"android.widget.TextView","Packagename":"com.sina.weibo","Text":"关注"},{"Bounds":{"bottom":114,"left":392,"right":460,"top":68},"Classname":"android.widget.TextView","Packagename":"com.sina.weibo","Text":"热门"},{"Bounds":{"bottom":124,"left":632,"right":696,"top":60},"Classname":"android.widget.TextView","Packagename":"com.sina.weibo","Text":"登录"},{"Bounds":{"bottom":135,"left":0,"right":0,"top":135},"Classname":"android.widget.LinearLayout","Packagename":"com.sina.weibo","Text":""},{"Bounds":{"bottom":773,"left":0,"right":-74,"top":694},"Classname":"android.widget.TextView","Packagename":"com.sina.weibo","Text":"你还没有关注的人。关注自己感兴趣的人，可在这里看到他们发布的内容。"},{"Bounds":{"bottom":895,"left":0,"right":-87,"top":803},"Classname":"android.widget.Button","Packagename":"com.sina.weibo","Text":"找感兴趣的人"},{"Bounds":{"bottom":-186,"left":0,"right":470,"top":135},"Classname":"android.view.View","Packagename":"com.sina.weibo","Text":""},{"Bounds":{"bottom":128,"left":24,"right":696,"top":135},"Classname":"android.view.View","Packagename":"com.sina.weibo","Text":""},{"Bounds":{"bottom":542,"left":24,"right":176,"top":497},"Classname":"android.widget.TextView","Packagename":"com.sina.weibo","Text":"奇异博士"},{"Bounds":{"bottom":638,"left":64,"right":118,"top":566},"Classname":"android.widget.ImageView","Packagename":"com.sina.weibo","Text":""},{"Bounds":{"bottom":621,"left":119,"right":167,"top":583},"Classname":"android.widget.TextView","Packagename":"com.sina.weibo","Text":"208"},{"Bounds":{"bottom":638,"left":297,"right":351,"top":566},"Classname":"android.widget.ImageView","Packagename":"com.sina.weibo","Text":""},{"Bounds":{"bottom":621,"left":352,"right":413,"top":583},"Classname":"android.widget.TextView","Packagename":"com.sina.weibo","Text":"1259"},{"Bounds":{"bottom":638,"left":537,"right":591,"top":566},"Classname":"android.widget.ImageView","Packagename":"com.sina.weibo","Text":""},{"Bounds":{"bottom":621,"left":592,"right":653,"top":583},"Classname":"android.widget.TextView","Packagename":"com.sina.weibo","Text":"1985"},{"Bounds":{"bottom":768,"left":0,"right":470,"top":658},"Classname":"android.view.View","Packagename":"com.sina.weibo","Text":""},{"Bounds":{"bottom":913,"left":24,"right":696,"top":782},"Classname":"android.view.View","Packagename":"com.sina.weibo","Text":""},{"Bounds":{"bottom":1192,"left":24,"right":468,"top":929},"Classname":"android.widget.ImageView","Packagename":"com.sina.weibo","Text":""},{"Bounds":{"bottom":1192,"left":24,"right":468,"top":929},"Classname":"android.view.View","Packagename":"com.sina.weibo","Text":""},{"Bounds":{"bottom":1192,"left":44,"right":44,"top":1407},"Classname":"android.widget.TextView","Packagename":"com.sina.weibo","Text":""},{"Bounds":{"bottom":1192,"left":24,"right":160,"top":1541},"Classname":"android.widget.TextView","Packagename":"com.sina.weibo","Text":"422万次观看"},{"Bounds":{"bottom":1192,"left":64,"right":118,"top":1598},"Classname":"android.widget.ImageView","Packagename":"com.sina.weibo","Text":""},{"Bounds":{"bottom":1192,"left":119,"right":167,"top":1615},"Classname":"android.widget.TextView","Packagename":"com.sina.weibo","Text":"806"},{"Bounds":{"bottom":1192,"left":305,"right":359,"top":1598},"Classname":"android.widget.ImageView","Packagename":"com.sina.weibo","Text":""},{"Bounds":{"bottom":1192,"left":360,"right":405,"top":1615},"Classname":"android.widget.TextView","Packagename":"com.sina.weibo","Text":"819"},{"Bounds":{"bottom":1192,"left":547,"right":601,"top":1598},"Classname":"android.widget.ImageView","Packagename":"com.sina.weibo","Text":""},{"Bounds":{"bottom":1192,"left":602,"right":643,"top":1615},"Classname":"android.widget.TextView","Packagename":"com.sina.weibo","Text":"1万"},{"Bounds":{"bottom":1280,"left":0,"right":144,"top":1192},"Classname":"android.view.View","Packagename":"com.sina.weibo","Text":""},{"Bounds":{"bottom":1280,"left":144,"right":288,"top":1192},"Classname":"android.view.View","Packagename":"com.sina.weibo","Text":""},{"Bounds":{"bottom":1274,"left":316,"right":404,"top":1198},"Classname":"android.widget.ImageView","Packagename":"com.sina.weibo","Text":""},{"Bounds":{"bottom":1280,"left":432,"right":576,"top":1192},"Classname":"android.view.View","Packagename":"com.sina.weibo","Text":""},{"Bounds":{"bottom":1280,"left":576,"right":720,"top":1192},"Classname":"android.view.ViewGroup","Packagename":"com.sina.weibo","Text":""}],"packagename":"com.example.a10628.myapplication","width":1080}