{"events":[{"eventname":"TYPE_WINDOW_STATE_CHANGED","source":{"Bounds":{"bottom":1280,"left":0,"right":720,"top":0},"Classname":"android.widget.FrameLayout","Packagename":"com.justwayward.readerer","Text":""}},{"eventname":"TYPE_WINDOW_STATE_CHANGED","source":{"Bounds":{"bottom":1280,"left":0,"right":720,"top":0},"Classname":"android.widget.FrameLayout","Packagename":"com.justwayward.readerer","Text":""}},{"eventname":"TYPE_VIEW_SCROLLED","source":{"Bounds":{"bottom":874,"left":1440,"right":720,"top":270},"Classname":"android.support.v7.widget.RecyclerView","Packagename":"com.justwayward.readerer","Text":""}}],"height":1920,"hovertime":3592,"nodes":[{"Bounds":{"bottom":88,"left":614,"right":690,"top":30},"Classname":"android.widget.TextView","Packagename":"com.justwayward.readerer","Text":"跳过"}],"packagename":"com.example.a10628.myapplication","width":1080}