{"events":[{"eventname":"TYPE_VIEW_SCROLLED","source":{"Bounds":{"bottom":1280,"left":0,"right":720,"top":143},"Classname":"android.webkit.WebView","Packagename":"cn.amazon.mShop.android","Text":""}}],"height":1920,"hovertime":5046,"nodes":[{"Bounds":{"bottom":140,"left":0,"right":92,"top":48},"Classname":"android.widget.LinearLayout","Packagename":"cn.amazon.mShop.android","Text":""},{"Bounds":{"bottom":120,"left":300,"right":420,"top":68},"Classname":"android.widget.ImageView","Packagename":"cn.amazon.mShop.android","Text":""},{"Bounds":{"bottom":140,"left":532,"right":624,"top":48},"Classname":"android.widget.ImageButton","Packagename":"cn.amazon.mShop.android","Text":""},{"Bounds":{"bottom":140,"left":624,"right":716,"top":48},"Classname":"android.widget.ImageView","Packagename":"cn.amazon.mShop.android","Text":""},{"Bounds":{"bottom":140,"left":656,"right":684,"top":62},"Classname":"android.widget.TextView","Packagename":"cn.amazon.mShop.android","Text":"0"},{"Bounds":{"bottom":145,"left":0,"right":720,"top":143},"Classname":"android.view.View","Packagename":"cn.amazon.mShop.android","Text":""},{"Bounds":{"bottom":145,"left":636,"right":696,"top":143},"Classname":"android.view.View","Packagename":"cn.amazon.mShop.android","Text":"广告"},{"Bounds":{"bottom":145,"left":-12,"right":732,"top":143},"Classname":"android.view.View","Packagename":"cn.amazon.mShop.android","Text":"美妆"},{"Bounds":{"bottom":145,"left":714,"right":716,"top":143},"Classname":"android.view.View","Packagename":"cn.amazon.mShop.android","Text":"母婴精选"},{"Bounds":{"bottom":145,"left":714,"right":716,"top":143},"Classname":"android.view.View","Packagename":"cn.amazon.mShop.android","Text":"个护健康"},{"Bounds":{"bottom":145,"left":714,"right":716,"top":143},"Classname":"android.view.View","Packagename":"cn.amazon.mShop.android","Text":"吃货节开幕"},{"Bounds":{"bottom":145,"left":714,"right":716,"top":143},"Classname":"android.view.View","Packagename":"cn.amazon.mShop.android","Text":"玩具"},{"Bounds":{"bottom":145,"left":294,"right":310,"top":143},"Classname":"android.view.View","Packagename":"cn.amazon.mShop.android","Text":""},{"Bounds":{"bottom":145,"left":322,"right":338,"top":143},"Classname":"android.view.View","Packagename":"cn.amazon.mShop.android","Text":""},{"Bounds":{"bottom":145,"left":352,"right":368,"top":143},"Classname":"android.view.View","Packagename":"cn.amazon.mShop.android","Text":""},{"Bounds":{"bottom":145,"left":382,"right":398,"top":143},"Classname":"android.view.View","Packagename":"cn.amazon.mShop.android","Text":""},{"Bounds":{"bottom":145,"left":410,"right":426,"top":143},"Classname":"android.view.View","Packagename":"cn.amazon.mShop.android","Text":""},{"Bounds":{"bottom":145,"left":42,"right":182,"top":143},"Classname":"android.view.View","Packagename":"cn.amazon.mShop.android","Text":"进口美食"},{"Bounds":{"bottom":145,"left":208,"right":348,"top":143},"Classname":"android.view.View","Packagename":"cn.amazon.mShop.android","Text":"美酒"},{"Bounds":{"bottom":145,"left":372,"right":512,"top":143},"Classname":"android.view.View","Packagename":"cn.amazon.mShop.android","Text":"美妆大牌"},{"Bounds":{"bottom":145,"left":538,"right":678,"top":143},"Classname":"android.view.View","Packagename":"cn.amazon.mShop.android","Text":"个护健康"},{"Bounds":{"bottom":145,"left":42,"right":182,"top":143},"Classname":"android.view.View","Packagename":"cn.amazon.mShop.android","Text":"母婴"},{"Bounds":{"bottom":145,"left":208,"right":348,"top":143},"Classname":"android.view.View","Packagename":"cn.amazon.mShop.android","Text":"玩具"},{"Bounds":{"bottom":145,"left":372,"right":512,"top":143},"Classname":"android.view.View","Packagename":"cn.amazon.mShop.android","Text":"家居用品"},{"Bounds":{"bottom":145,"left":538,"right":678,"top":143},"Classname":"android.view.View","Packagename":"cn.amazon.mShop.android","Text":"跨境购"},{"Bounds":{"bottom":145,"left":0,"right":360,"top":143},"Classname":"android.view.View","Packagename":"cn.amazon.mShop.android","Text":"ref\u003dmh_cnm_bj_sl_1?_encoding\u003dUTF8\u0026node\u003d1976639071\u0026pf_rd_p\u003d6ab43580-9984-45a2-bc76-dbac1fc85273\u0026pf_rd_s\u003dmobile-hybrid-4\u0026pf_rd_t\u003dGateway\u0026pf_rd_i\u003dmobile\u0026pf_rd_m\u003dA1AJ19PSB66TGU\u0026pf_rd_r\u003dPFFQR91ZY6V7JY57C96B\u0026pf_rd_r\u003dPFFQR91ZY6V7JY57C96B\u0026pf_rd_p\u003d6ab43580-9984-45a2-bc76-dbac1fc85273"},{"Bounds":{"bottom":145,"left":360,"right":720,"top":143},"Classname":"android.view.View","Packagename":"cn.amazon.mShop.android","Text":"ref\u003dmh_cnm_bj_sl_2?_encoding\u003dUTF8\u0026node\u003d1976417071\u0026pf_rd_p\u003d6ab43580-9984-45a2-bc76-dbac1fc85273\u0026pf_rd_s\u003dmobile-hybrid-4\u0026pf_rd_t\u003dGateway\u0026pf_rd_i\u003dmobile\u0026pf_rd_m\u003dA1AJ19PSB66TGU\u0026pf_rd_r\u003dPFFQR91ZY6V7JY57C96B\u0026pf_rd_r\u003dPFFQR91ZY6V7JY57C96B\u0026pf_rd_p\u003d6ab43580-9984-45a2-bc76-dbac1fc85273"},{"Bounds":{"bottom":145,"left":0,"right":360,"top":143},"Classname":"android.view.View","Packagename":"cn.amazon.mShop.android","Text":"ref\u003dmh_cnm_bj_sl_3?_encoding\u003dUTF8\u0026node\u003d1939543071\u0026pf_rd_p\u003d6ab43580-9984-45a2-bc76-dbac1fc85273\u0026pf_rd_s\u003dmobile-hybrid-4\u0026pf_rd_t\u003dGateway\u0026pf_rd_i\u003dmobile\u0026pf_rd_m\u003dA1AJ19PSB66TGU\u0026pf_rd_r\u003dPFFQR91ZY6V7JY57C96B\u0026pf_rd_r\u003dPFFQR91ZY6V7JY57C96B\u0026pf_rd_p\u003d6ab43580-9984-45a2-bc76-dbac1fc85273"},{"Bounds":{"bottom":145,"left":360,"right":720,"top":143},"Classname":"android.view.View","Packagename":"cn.amazon.mShop.android","Text":"ref\u003dmh_cnm_bj_sl_4?_encoding\u003dUTF8\u0026node\u003d1977087071\u0026pf_rd_p\u003d6ab43580-9984-45a2-bc76-dbac1fc85273\u0026pf_rd_s\u003dmobile-hybrid-4\u0026pf_rd_t\u003dGateway\u0026pf_rd_i\u003dmobile\u0026pf_rd_m\u003dA1AJ19PSB66TGU\u0026pf_rd_r\u003dPFFQR91ZY6V7JY57C96B\u0026pf_rd_r\u003dPFFQR91ZY6V7JY57C96B\u0026pf_rd_p\u003d6ab43580-9984-45a2-bc76-dbac1fc85273"},{"Bounds":{"bottom":145,"left":0,"right":360,"top":143},"Classname":"android.view.View","Packagename":"cn.amazon.mShop.android","Text":"ref\u003dmh_cnm_bj_sl_1?_encoding\u003dUTF8\u0026node\u003d1977042071\u0026pf_rd_p\u003d1ae33451-1b52-447c-8726-d5596c6d494a\u0026pf_rd_s\u003dmobile-hybrid-6\u0026pf_rd_t\u003dGateway\u0026pf_rd_i\u003dmobile\u0026pf_rd_m\u003dA1AJ19PSB66TGU\u0026pf_rd_r\u003dPFFQR91ZY6V7JY57C96B\u0026pf_rd_r\u003dPFFQR91ZY6V7JY57C96B\u0026pf_rd_p\u003d1ae33451-1b52-447c-8726-d5596c6d494a"},{"Bounds":{"bottom":145,"left":360,"right":720,"top":143},"Classname":"android.view.View","Packagename":"cn.amazon.mShop.android","Text":"ref\u003dmh_cnm_bj_sl_2?_encoding\u003dUTF8\u0026node\u003d1976639071\u0026pf_rd_p\u003d1ae33451-1b52-447c-8726-d5596c6d494a\u0026pf_rd_s\u003dmobile-hybrid-6\u0026pf_rd_t\u003dGateway\u0026pf_rd_i\u003dmobile\u0026pf_rd_m\u003dA1AJ19PSB66TGU\u0026pf_rd_r\u003dPFFQR91ZY6V7JY57C96B\u0026pf_rd_r\u003dPFFQR91ZY6V7JY57C96B\u0026pf_rd_p\u003d1ae33451-1b52-447c-8726-d5596c6d494a"},{"Bounds":{"bottom":145,"left":0,"right":360,"top":143},"Classname":"android.view.View","Packagename":"cn.amazon.mShop.android","Text":"ref\u003dmh_cnm_bj_sl_1?_encoding\u003dUTF8\u0026node\u003d1977042071\u0026pf_rd_p\u003d1ae33451-1b52-447c-8726-d5596c6d494a\u0026pf_rd_s\u003dmobile-hybrid-6\u0026pf_rd_t\u003dGateway\u0026pf_rd_i\u003dmobile\u0026pf_rd_m\u003dA1AJ19PSB66TGU\u0026pf_rd_r\u003dPFFQR91ZY6V7JY57C96B\u0026pf_rd_r\u003dPFFQR91ZY6V7JY57C96B\u0026pf_rd_p\u003d1ae33451-1b52-447c-8726-d5596c6d494a"},{"Bounds":{"bottom":145,"left":360,"right":720,"top":143},"Classname":"android.view.View","Packagename":"cn.amazon.mShop.android","Text":"ref\u003dmh_cnm_bj_sl_3?_encoding\u003dUTF8\u0026node\u003d1896857071\u0026pf_rd_p\u003d1ae33451-1b52-447c-8726-d5596c6d494a\u0026pf_rd_s\u003dmobile-hybrid-6\u0026pf_rd_t\u003dGateway\u0026pf_rd_i\u003dmobile\u0026pf_rd_m\u003dA1AJ19PSB66TGU\u0026pf_rd_r\u003dPFFQR91ZY6V7JY57C96B\u0026pf_rd_r\u003dPFFQR91ZY6V7JY57C96B\u0026pf_rd_p\u003d1ae33451-1b52-447c-8726-d5596c6d494a"},{"Bounds":{"bottom":145,"left":0,"right":720,"top":143},"Classname":"android.view.View","Packagename":"cn.amazon.mShop.android","Text":"ref\u003dmh_cnm_bj_sl_1?pf_rd_p\u003de2d772b9-5a34-47e8-9437-b2c63dc04462\u0026pf_rd_s\u003dmobile-hybrid-7\u0026pf_rd_t\u003dGateway\u0026pf_rd_i\u003dmobile\u0026pf_rd_m\u003dA1AJ19PSB66TGU\u0026pf_rd_r\u003dPFFQR91ZY6V7JY57C96B\u0026pf_rd_r\u003dPFFQR91ZY6V7JY57C96B\u0026pf_rd_p\u003de2d772b9-5a34-47e8-9437-b2c63dc04462"},{"Bounds":{"bottom":145,"left":0,"right":720,"top":143},"Classname":"android.view.View","Packagename":"cn.amazon.mShop.android","Text":""},{"Bounds":{"bottom":145,"left":0,"right":720,"top":143},"Classname":"android.view.View","Packagename":"cn.amazon.mShop.android","Text":"b?ie\u003dUTF8\u0026node\u003d1976639071\u0026pf_rd_p\u003d49387b34-9cd5-4ea0-975d-da44aa246a15\u0026pf_rd_s\u003dmobile-hybrid-8\u0026pf_rd_t\u003d30901\u0026pf_rd_i\u003d1896854071\u0026pf_rd_m\u003dA1AJ19PSB66TGU\u0026pf_rd_r\u003dPFFQR91ZY6V7JY57C96B\u0026pf_rd_r\u003dPFFQR91ZY6V7JY57C96B\u0026pf_rd_p\u003d49387b34-9cd5-4ea0-975d-da44aa246a15"},{"Bounds":{"bottom":145,"left":16,"right":354,"top":143},"Classname":"android.view.View","Packagename":"cn.amazon.mShop.android","Text":"Maclaren 玛格罗兰 婴儿推车 Techno XL... ￥2,199.00 "},{"Bounds":{"bottom":145,"left":364,"right":704,"top":143},"Classname":"android.view.View","Packagename":"cn.amazon.mShop.android","Text":"日本Merries 花王 妙而舒纸尿裤L54（4包，整箱... ￥409.00 "},{"Bounds":{"bottom":145,"left":16,"right":354,"top":143},"Classname":"android.view.View","Packagename":"cn.amazon.mShop.android","Text":"【跨境自营】 澳洲 Bellamy\u0027s 贝拉米 有机婴幼... ￥185.00 "},{"Bounds":{"bottom":145,"left":364,"right":704,"top":143},"Classname":"android.view.View","Packagename":"cn.amazon.mShop.android","Text":"【跨境自营】【官方直供】 Mellin美林晚安菊花晶含黄... ￥48.00 "},{"Bounds":{"bottom":179,"left":46,"right":674,"top":143},"Classname":"android.view.View","Packagename":"cn.amazon.mShop.android","Text":"查看更多爆款 \u003e "},{"Bounds":{"bottom":455,"left":0,"right":720,"top":193},"Classname":"android.view.View","Packagename":"cn.amazon.mShop.android","Text":"b?node\u003d1977757071\u0026pf_rd_p\u003da96ba23c-271c-4854-a4f5-a1d6959f2ec5\u0026pf_rd_s\u003dmobile-hybrid-9\u0026pf_rd_t\u003d30901\u0026pf_rd_i\u003d1896854071\u0026pf_rd_m\u003dA1AJ19PSB66TGU\u0026pf_rd_r\u003dPFFQR91ZY6V7JY57C96B\u0026pf_rd_r\u003dPFFQR91ZY6V7JY57C96B\u0026pf_rd_p\u003da96ba23c-271c-4854-a4f5-a1d6959f2ec5"},{"Bounds":{"bottom":915,"left":16,"right":354,"top":465},"Classname":"android.view.View","Packagename":"cn.amazon.mShop.android","Text":"SHISEIDO 资生堂 傲娇精华 红腰子 红妍肌活精华... ￥719.00 "},{"Bounds":{"bottom":917,"left":364,"right":704,"top":465},"Classname":"android.view.View","Packagename":"cn.amazon.mShop.android","Text":"SHISEIDO 资生堂 Anessa 安耐晒 小金瓶 ... ￥199.00 "},{"Bounds":{"bottom":1280,"left":16,"right":354,"top":927},"Classname":"android.view.View","Packagename":"cn.amazon.mShop.android","Text":"freeplus芙丽芳丝净润洗面霜100g (进) ￥119.00 "},{"Bounds":{"bottom":1280,"left":364,"right":704,"top":927},"Classname":"android.view.View","Packagename":"cn.amazon.mShop.android","Text":"Papa recipe 春雨 蜂蜜面膜25g*10 2盒... ￥180.00 "},{"Bounds":{"bottom":1280,"left":46,"right":674,"top":1279},"Classname":"android.view.View","Packagename":"cn.amazon.mShop.android","Text":"查看更多爆款 \u003e "},{"Bounds":{"bottom":1280,"left":16,"right":704,"top":1279},"Classname":"android.view.View","Packagename":"cn.amazon.mShop.android","Text":"b?node\u003d1977656071\u0026emi\u003dA1AJ19PSB66TGU\u0026pf_rd_r\u003dPFFQR91ZY6V7JY57C96B\u0026pf_rd_p\u003d0bd7bf06-b927-477d-a1ef-19d37d62d0bb\u0026pf_rd_m\u003dA1AJ19PSB66TGU\u0026pf_rd_s\u003dmobile-hybrid-10\u0026ref_\u003dOct_DZ_P_1896854071_Promo_Cons_0"},{"Bounds":{"bottom":1280,"left":20,"right":220,"top":1279},"Classname":"android.view.View","Packagename":"cn.amazon.mShop.android","Text":"喂养洗护 第2件售价4折 "},{"Bounds":{"bottom":1280,"left":252,"right":452,"top":1279},"Classname":"android.view.View","Packagename":"cn.amazon.mShop.android","Text":"奶粉尿裤 满399减100元 "},{"Bounds":{"bottom":1280,"left":484,"right":684,"top":1279},"Classname":"android.view.View","Packagename":"cn.amazon.mShop.android","Text":"童车座椅 满199减10元 "},{"Bounds":{"bottom":1280,"left":716,"right":720,"top":1279},"Classname":"android.view.View","Packagename":"cn.amazon.mShop.android","Text":"品牌寝具 售价减10元 "},{"Bounds":{"bottom":145,"left":718,"right":720,"top":143},"Classname":"android.view.View","Packagename":"cn.amazon.mShop.android","Text":"查看更多 "},{"Bounds":{"bottom":1280,"left":0,"right":720,"top":1279},"Classname":"android.view.View","Packagename":"cn.amazon.mShop.android","Text":"b?ie\u003dUTF8\u0026node\u003d1939543071\u0026pf_rd_p\u003d0f3e924b-dce0-460f-aadc-078f4436f5ac\u0026pf_rd_s\u003dmobile-hybrid-11\u0026pf_rd_t\u003d30901\u0026pf_rd_i\u003d1896854071\u0026pf_rd_m\u003dA1AJ19PSB66TGU\u0026pf_rd_r\u003dPFFQR91ZY6V7JY57C96B\u0026pf_rd_r\u003dPFFQR91ZY6V7JY57C96B\u0026pf_rd_p\u003d0f3e924b-dce0-460f-aadc-078f4436f5ac"},{"Bounds":{"bottom":1280,"left":16,"right":354,"top":1279},"Classname":"android.view.View","Packagename":"cn.amazon.mShop.android","Text":"Colgate 高露洁 360°口腔健康 备长炭深洁牙膏... ￥57.79 "},{"Bounds":{"bottom":1280,"left":364,"right":704,"top":1279},"Classname":"android.view.View","Packagename":"cn.amazon.mShop.android","Text":"Braun 博朗 婴幼儿耳温枪 IRT6520 耳温计（... ￥269.00 "},{"Bounds":{"bottom":1280,"left":16,"right":354,"top":1279},"Classname":"android.view.View","Packagename":"cn.amazon.mShop.android","Text":"2瓶装|Schiff Move free维骨力氨糖软骨素... ￥309.00 "},{"Bounds":{"bottom":1280,"left":364,"right":704,"top":1279},"Classname":"android.view.View","Packagename":"cn.amazon.mShop.android","Text":"2盒装|Schiff Move free旭福维骨力超强三... ￥309.00 "},{"Bounds":{"bottom":1280,"left":46,"right":674,"top":1279},"Classname":"android.view.View","Packagename":"cn.amazon.mShop.android","Text":"查看更多爆款 \u003e "},{"Bounds":{"bottom":1280,"left":0,"right":720,"top":1279},"Classname":"android.view.View","Packagename":"cn.amazon.mShop.android","Text":"b?node\u003d1977595071\u0026pf_rd_p\u003d367a4c6e-3744-432d-afdb-ac9df9f84fb8\u0026pf_rd_s\u003dmobile-hybrid-12\u0026pf_rd_t\u003d30901\u0026pf_rd_i\u003d1896854071\u0026pf_rd_m\u003dA1AJ19PSB66TGU\u0026pf_rd_r\u003dPFFQR91ZY6V7JY57C96B\u0026pf_rd_r\u003dPFFQR91ZY6V7JY57C96B\u0026pf_rd_p\u003d367a4c6e-3744-432d-afdb-ac9df9f84fb8"},{"Bounds":{"bottom":1280,"left":16,"right":354,"top":1279},"Classname":"android.view.View","Packagename":"cn.amazon.mShop.android","Text":"B.Toys 比乐 水漂石叠塔杯 益智堆环 彩虹色叠叠乐... ￥88.00 "},{"Bounds":{"bottom":1280,"left":364,"right":704,"top":1279},"Classname":"android.view.View","Packagename":"cn.amazon.mShop.android","Text":"B.Toys 比乐 宝宝回力车 惯性硅胶 耐摔耐啃咬 早... ￥188.00 "},{"Bounds":{"bottom":1280,"left":16,"right":354,"top":1279},"Classname":"android.view.View","Packagename":"cn.amazon.mShop.android","Text":"Infantino 婴蒂诺 多纹理感知球 206688 ￥76.99 "},{"Bounds":{"bottom":1280,"left":364,"right":704,"top":1279},"Classname":"android.view.View","Packagename":"cn.amazon.mShop.android","Text":"B.Toys 比乐 功能球套装 触感球 感统玩具 感官训... ￥129.00 "},{"Bounds":{"bottom":1280,"left":46,"right":674,"top":1279},"Classname":"android.view.View","Packagename":"cn.amazon.mShop.android","Text":"查看更多爆款 \u003e "},{"Bounds":{"bottom":1280,"left":0,"right":720,"top":1279},"Classname":"android.view.View","Packagename":"cn.amazon.mShop.android","Text":"b?ie\u003dUTF8\u0026node\u003d1977090071\u0026pf_rd_p\u003d7a4253a9-b239-4d72-aae3-4bfe13fe6478\u0026pf_rd_s\u003dmobile-hybrid-14\u0026pf_rd_t\u003d30901\u0026pf_rd_i\u003d1896854071\u0026pf_rd_m\u003dA1AJ19PSB66TGU\u0026pf_rd_r\u003dPFFQR91ZY6V7JY57C96B\u0026pf_rd_r\u003dPFFQR91ZY6V7JY57C96B\u0026pf_rd_p\u003d7a4253a9-b239-4d72-aae3-4bfe13fe6478"},{"Bounds":{"bottom":1280,"left":16,"right":354,"top":1279},"Classname":"android.view.View","Packagename":"cn.amazon.mShop.android","Text":"新西兰原装进口牛奶安佳Anchor全脂牛奶超高温灭菌UH... ￥89.00 "},{"Bounds":{"bottom":1280,"left":364,"right":704,"top":1279},"Classname":"android.view.View","Packagename":"cn.amazon.mShop.android","Text":"ICA 爱西爱 50% 水果坚果什锦粗粮营养早餐麦片 7... ￥45.90 "},{"Bounds":{"bottom":1280,"left":16,"right":354,"top":1279},"Classname":"android.view.View","Packagename":"cn.amazon.mShop.android","Text":"BORGES伯爵特级初榨橄榄油3L(西班牙进口)（3L或... ￥179.00 "},{"Bounds":{"bottom":1280,"left":364,"right":704,"top":1279},"Classname":"android.view.View","Packagename":"cn.amazon.mShop.android","Text":"雅集 每日坚果(B) 175g ￥56.05 "},{"Bounds":{"bottom":1280,"left":46,"right":674,"top":1279},"Classname":"android.view.View","Packagename":"cn.amazon.mShop.android","Text":"查看更多爆款 \u003e "},{"Bounds":{"bottom":1280,"left":0,"right":720,"top":1279},"Classname":"android.view.View","Packagename":"cn.amazon.mShop.android","Text":"b?ie\u003dUTF8\u0026node\u003d1977556071\u0026pf_rd_p\u003d3b2bbd08-8829-48b4-b256-313b337546c8\u0026pf_rd_s\u003dmobile-hybrid-15\u0026pf_rd_t\u003d30901\u0026pf_rd_i\u003d1896854071\u0026pf_rd_m\u003dA1AJ19PSB66TGU\u0026pf_rd_r\u003dPFFQR91ZY6V7JY57C96B\u0026pf_rd_r\u003dPFFQR91ZY6V7JY57C96B\u0026pf_rd_p\u003d3b2bbd08-8829-48b4-b256-313b337546c8"},{"Bounds":{"bottom":1280,"left":16,"right":354,"top":1279},"Classname":"android.view.View","Packagename":"cn.amazon.mShop.android","Text":"【亚马逊直采】 Joel Robuchon 乔尔·侯布匈... ￥156.00 "},{"Bounds":{"bottom":1280,"left":364,"right":704,"top":1279},"Classname":"android.view.View","Packagename":"cn.amazon.mShop.android","Text":"洋河梦之蓝M1浓香型白酒 45度 100ml ￥99.00 "},{"Bounds":{"bottom":1280,"left":16,"right":354,"top":1279},"Classname":"android.view.View","Packagename":"cn.amazon.mShop.android","Text":"Liebfraumilch 凯斯勒圣母之乳半甜白葡萄酒 ... ￥119.00 "},{"Bounds":{"bottom":1280,"left":364,"right":704,"top":1279},"Classname":"android.view.View","Packagename":"cn.amazon.mShop.android","Text":"【亚马逊直采】 Beringer 贝灵哲 纳帕谷系列 赤... ￥598.00 "},{"Bounds":{"bottom":1280,"left":46,"right":674,"top":1279},"Classname":"android.view.View","Packagename":"cn.amazon.mShop.android","Text":"查看更多商品 \u003e "},{"Bounds":{"bottom":1280,"left":0,"right":90,"top":1279},"Classname":"android.view.View","Packagename":"cn.amazon.mShop.android","Text":"ref\u003dmh_cnm_bj_sl_1?_encoding\u003dUTF8\u0026%3Bbbn\u003d746782051\u0026%3Bie\u003dUTF8\u0026rh\u003di%3Abeauty%2Cn%3A747003051\u0026pf_rd_p\u003d2409ec45-f699-4dee-9401-9234216b3fc2\u0026pf_rd_s\u003dmobile-hybrid-17\u0026pf_rd_t\u003dGateway\u0026pf_rd_i\u003dmobile\u0026pf_rd_m\u003dA1AJ19PSB66TGU\u0026pf_rd_r\u003dPFFQR91ZY6V7JY57C96B\u0026pf_rd_r\u003dPFFQR91ZY6V7JY57C96B\u0026pf_rd_p\u003d2409ec45-f699-4dee-9401-9234216b3fc2"},{"Bounds":{"bottom":1280,"left":90,"right":180,"top":1279},"Classname":"android.view.View","Packagename":"cn.amazon.mShop.android","Text":"ref\u003dmh_cnm_bj_sl_2?_encoding\u003dUTF8\u0026%3Bbbn\u003d836317051\u0026%3Bie\u003dUTF8\u0026rh\u003di%3Ahpc%2Cn%3A852803051%2Cn%3A%21852804051%2Cn%3A836317051%2Cp_6%3AA1AJ19PSB66TGU%7CA3OZEC0XK98OZE\u0026pf_rd_p\u003d2409ec45-f699-4dee-9401-9234216b3fc2\u0026pf_rd_s\u003dmobile-hybrid-17\u0026pf_rd_t\u003dGateway\u0026pf_rd_i\u003dmobile\u0026pf_rd_m\u003dA1AJ19PSB66TGU\u0026pf_rd_r\u003dPFFQR91ZY6V7JY57C96B\u0026pf_rd_r\u003dPFFQR91ZY6V7JY57C96B\u0026pf_rd_p\u003d2409ec45-f699-4dee-9401-9234216b3fc2"},{"Bounds":{"bottom":1280,"left":180,"right":270,"top":1279},"Classname":"android.view.View","Packagename":"cn.amazon.mShop.android","Text":"ref\u003dmh_cnm_bj_sl_3?_encoding\u003dUTF8\u0026%3Bbbn\u003d746782051\u0026%3Bie\u003dUTF8\u0026rh\u003di%3Abeauty%2Cn%3A115688071\u0026pf_rd_p\u003d2409ec45-f699-4dee-9401-9234216b3fc2\u0026pf_rd_s\u003dmobile-hybrid-17\u0026pf_rd_t\u003dGateway\u0026pf_rd_i\u003dmobile\u0026pf_rd_m\u003dA1AJ19PSB66TGU\u0026pf_rd_r\u003dPFFQR91ZY6V7JY57C96B\u0026pf_rd_r\u003dPFFQR91ZY6V7JY57C96B\u0026pf_rd_p\u003d2409ec45-f699-4dee-9401-9234216b3fc2"},{"Bounds":{"bottom":1280,"left":270,"right":360,"top":1279},"Classname":"android.view.View","Packagename":"cn.amazon.mShop.android","Text":"ref\u003dmh_cnm_bj_sl_4?_encoding\u003dUTF8\u0026%3Bie\u003dUTF8\u0026rh\u003di%3Agrocery%2Cn%3A2134640051\u0026pf_rd_p\u003d2409ec45-f699-4dee-9401-9234216b3fc2\u0026pf_rd_s\u003dmobile-hybrid-17\u0026pf_rd_t\u003dGateway\u0026pf_rd_i\u003dmobile\u0026pf_rd_m\u003dA1AJ19PSB66TGU\u0026pf_rd_r\u003dPFFQR91ZY6V7JY57C96B\u0026pf_rd_r\u003dPFFQR91ZY6V7JY57C96B\u0026pf_rd_p\u003d2409ec45-f699-4dee-9401-9234216b3fc2"},{"Bounds":{"bottom":1280,"left":360,"right":450,"top":1279},"Classname":"android.view.View","Packagename":"cn.amazon.mShop.android","Text":"ref\u003dmh_cnm_bj_sl_5?_encoding\u003dUTF8\u0026%3Bbbn\u003d2039922051\u0026%3Bie\u003dUTF8\u0026rh\u003di%3Ababy%2Cn%3A42692071%2Cn%3A%2142693071%2Cn%3A2039922051%2Cp_6%3AA1AJ19PSB66TGU%7CA2EDK7H33M5FFG\u0026pf_rd_p\u003d2409ec45-f699-4dee-9401-9234216b3fc2\u0026pf_rd_s\u003dmobile-hybrid-17\u0026pf_rd_t\u003dGateway\u0026pf_rd_i\u003dmobile\u0026pf_rd_m\u003dA1AJ19PSB66TGU\u0026pf_rd_r\u003dPFFQR91ZY6V7JY57C96B\u0026pf_rd_r\u003dPFFQR91ZY6V7JY57C96B\u0026pf_rd_p\u003d2409ec45-f699-4dee-9401-9234216b3fc2"},{"Bounds":{"bottom":1280,"left":450,"right":540,"top":1279},"Classname":"android.view.View","Packagename":"cn.amazon.mShop.android","Text":"ref\u003dmh_cnm_bj_sl_6?_encoding\u003dUTF8\u0026%3Bie\u003dUTF8\u0026rh\u003di%3Abeauty%2Cn%3A746776051%2Ck%3A%E8%B5%84%E7%94%9F%E5%A0%82\u0026pf_rd_p\u003d2409ec45-f699-4dee-9401-9234216b3fc2\u0026pf_rd_s\u003dmobile-hybrid-17\u0026pf_rd_t\u003dGateway\u0026pf_rd_i\u003dmobile\u0026pf_rd_m\u003dA1AJ19PSB66TGU\u0026pf_rd_r\u003dPFFQR91ZY6V7JY57C96B\u0026pf_rd_r\u003dPFFQR91ZY6V7JY57C96B\u0026pf_rd_p\u003d2409ec45-f699-4dee-9401-9234216b3fc2"},{"Bounds":{"bottom":1280,"left":540,"right":630,"top":1279},"Classname":"android.view.View","Packagename":"cn.amazon.mShop.android","Text":"ref\u003dmh_cnm_bj_sl_7?_encoding\u003dUTF8\u0026%3Bie\u003dUTF8\u0026rh\u003di%3Agrocery%2Cn%3A2134651051\u0026pf_rd_p\u003d2409ec45-f699-4dee-9401-9234216b3fc2\u0026pf_rd_s\u003dmobile-hybrid-17\u0026pf_rd_t\u003dGateway\u0026pf_rd_i\u003dmobile\u0026pf_rd_m\u003dA1AJ19PSB66TGU\u0026pf_rd_r\u003dPFFQR91ZY6V7JY57C96B\u0026pf_rd_r\u003dPFFQR91ZY6V7JY57C96B\u0026pf_rd_p\u003d2409ec45-f699-4dee-9401-9234216b3fc2"},{"Bounds":{"bottom":1280,"left":630,"right":720,"top":1279},"Classname":"android.view.View","Packagename":"cn.amazon.mShop.android","Text":"ref\u003dmh_cnm_bj_sl_8?_encoding\u003dUTF8\u0026node\u003d42692071\u0026pf_rd_p\u003d2409ec45-f699-4dee-9401-9234216b3fc2\u0026pf_rd_s\u003dmobile-hybrid-17\u0026pf_rd_t\u003dGateway\u0026pf_rd_i\u003dmobile\u0026pf_rd_m\u003dA1AJ19PSB66TGU\u0026pf_rd_r\u003dPFFQR91ZY6V7JY57C96B\u0026pf_rd_r\u003dPFFQR91ZY6V7JY57C96B\u0026pf_rd_p\u003d2409ec45-f699-4dee-9401-9234216b3fc2"},{"Bounds":{"bottom":1280,"left":16,"right":704,"top":1279},"Classname":"android.widget.Image","Packagename":"cn.amazon.mShop.android","Text":""},{"Bounds":{"bottom":1280,"left":16,"right":704,"top":1279},"Classname":"android.view.View","Packagename":"cn.amazon.mShop.android","Text":"运动欢畅后，可不能带来损伤 精品超市 21 "},{"Bounds":{"bottom":1280,"left":16,"right":704,"top":1279},"Classname":"android.view.View","Packagename":"cn.amazon.mShop.android","Text":"小钙片也有大讲究，你究竟会吃吗？ 精品超市 32 "},{"Bounds":{"bottom":1280,"left":16,"right":704,"top":1279},"Classname":"android.view.View","Packagename":"cn.amazon.mShop.android","Text":"欧倍青的咖啡因“不喝就有效果” 精品超市 14 "},{"Bounds":{"bottom":1280,"left":16,"right":704,"top":1279},"Classname":"android.view.View","Packagename":"cn.amazon.mShop.android","Text":"亚马逊超市日教你玩转母婴8周年店庆 精品超市 19 "},{"Bounds":{"bottom":1280,"left":16,"right":704,"top":1279},"Classname":"android.view.View","Packagename":"cn.amazon.mShop.android","Text":"乐高积木爆款大盘点| 亚马逊超市日 精品超市 65 "},{"Bounds":{"bottom":1280,"left":16,"right":704,"top":1279},"Classname":"android.widget.Image","Packagename":"cn.amazon.mShop.android","Text":""},{"Bounds":{"bottom":1280,"left":16,"right":354,"top":1279},"Classname":"android.view.View","Packagename":"cn.amazon.mShop.android","Text":"ref\u003dcon_zmart_brandzone_1?rh\u003di%3Abeauty%2Cn%3A746776051%2Ck%3A%E5%A8%87%E9%9F%B5%E8%AF%97%2Cp_6%3AA1AJ19PSB66TGU%7CA2OXIPT9LL4UI2\u0026bbn\u003d746776051\u0026ie\u003dUTF8\u0026pf_rd_p\u003dcd35fe3b-9c5a-443b-9fbd-cbfed8602bbf\u0026pf_rd_s\u003dmobile-hybrid-19\u0026pf_rd_t\u003d30901\u0026pf_rd_i\u003d1896854071\u0026pf_rd_m\u003dA1AJ19PSB66TGU\u0026pf_rd_r\u003dPFFQR91ZY6V7JY57C96B\u0026pf_rd_r\u003dPFFQR91ZY6V7JY57C96B\u0026pf_rd_p\u003dcd35fe3b-9c5a-443b-9fbd-cbfed8602bbf"},{"Bounds":{"bottom":1280,"left":364,"right":704,"top":1279},"Classname":"android.view.View","Packagename":"cn.amazon.mShop.android","Text":"ref\u003dcon_zmart_brandzone_2?rh\u003di%3Abeauty%2Cn%3A746776051%2Ck%3A%E9%9B%85%E8%AF%97%E5%85%B0%E9%BB%9B%2Cp_6%3AA1AJ19PSB66TGU%7CA2OXIPT9LL4UI2\u0026bbn\u003d746776051\u0026ie\u003dUTF8\u0026pf_rd_p\u003dcd35fe3b-9c5a-443b-9fbd-cbfed8602bbf\u0026pf_rd_s\u003dmobile-hybrid-19\u0026pf_rd_t\u003d30901\u0026pf_rd_i\u003d1896854071\u0026pf_rd_m\u003dA1AJ19PSB66TGU\u0026pf_rd_r\u003dPFFQR91ZY6V7JY57C96B\u0026pf_rd_r\u003dPFFQR91ZY6V7JY57C96B\u0026pf_rd_p\u003dcd35fe3b-9c5a-443b-9fbd-cbfed8602bbf"},{"Bounds":{"bottom":1280,"left":16,"right":354,"top":1279},"Classname":"android.view.View","Packagename":"cn.amazon.mShop.android","Text":"ref\u003dcon_zmart_brandzone_5?node\u003d2128402051\u0026pf_rd_p\u003dcd35fe3b-9c5a-443b-9fbd-cbfed8602bbf\u0026pf_rd_s\u003dmobile-hybrid-19\u0026pf_rd_t\u003d30901\u0026pf_rd_i\u003d1896854071\u0026pf_rd_m\u003dA1AJ19PSB66TGU\u0026pf_rd_r\u003dPFFQR91ZY6V7JY57C96B\u0026pf_rd_r\u003dPFFQR91ZY6V7JY57C96B\u0026pf_rd_p\u003dcd35fe3b-9c5a-443b-9fbd-cbfed8602bbf"},{"Bounds":{"bottom":1280,"left":364,"right":704,"top":1279},"Classname":"android.view.View","Packagename":"cn.amazon.mShop.android","Text":"ref\u003dcon_zmart_brandzone_6?node\u003d1788644071\u0026pf_rd_p\u003dcd35fe3b-9c5a-443b-9fbd-cbfed8602bbf\u0026pf_rd_s\u003dmobile-hybrid-19\u0026pf_rd_t\u003d30901\u0026pf_rd_i\u003d1896854071\u0026pf_rd_m\u003dA1AJ19PSB66TGU\u0026pf_rd_r\u003dPFFQR91ZY6V7JY57C96B\u0026pf_rd_r\u003dPFFQR91ZY6V7JY57C96B\u0026pf_rd_p\u003dcd35fe3b-9c5a-443b-9fbd-cbfed8602bbf"},{"Bounds":{"bottom":1280,"left":16,"right":354,"top":1279},"Classname":"android.view.View","Packagename":"cn.amazon.mShop.android","Text":"ref\u003dcon_zmart_brandzone_3?node\u003d1900441071\u0026pf_rd_p\u003dcd35fe3b-9c5a-443b-9fbd-cbfed8602bbf\u0026pf_rd_s\u003dmobile-hybrid-19\u0026pf_rd_t\u003d30901\u0026pf_rd_i\u003d1896854071\u0026pf_rd_m\u003dA1AJ19PSB66TGU\u0026pf_rd_r\u003dPFFQR91ZY6V7JY57C96B\u0026pf_rd_r\u003dPFFQR91ZY6V7JY57C96B\u0026pf_rd_p\u003dcd35fe3b-9c5a-443b-9fbd-cbfed8602bbf"},{"Bounds":{"bottom":1280,"left":364,"right":704,"top":1279},"Classname":"android.view.View","Packagename":"cn.amazon.mShop.android","Text":"s?rh\u003di%3Awine%2Cn%3A43234071%2Ck%3APenfolds%20%E5%A5%94%E5%AF%8C\u0026ie\u003dUTF8\u0026pf_rd_p\u003dcd35fe3b-9c5a-443b-9fbd-cbfed8602bbf\u0026pf_rd_s\u003dmobile-hybrid-19\u0026pf_rd_t\u003d30901\u0026pf_rd_i\u003d1896854071\u0026pf_rd_m\u003dA1AJ19PSB66TGU\u0026pf_rd_r\u003dPFFQR91ZY6V7JY57C96B\u0026pf_rd_r\u003dPFFQR91ZY6V7JY57C96B\u0026pf_rd_p\u003dcd35fe3b-9c5a-443b-9fbd-cbfed8602bbf"},{"Bounds":{"bottom":1280,"left":16,"right":704,"top":1279},"Classname":"android.widget.Image","Packagename":"cn.amazon.mShop.android","Text":""},{"Bounds":{"bottom":1280,"left":16,"right":354,"top":1279},"Classname":"android.view.View","Packagename":"cn.amazon.mShop.android","Text":"Friso 美素佳儿 金装3段幼儿配方三段奶粉900g ... ￥169.00 "},{"Bounds":{"bottom":1280,"left":364,"right":704,"top":1279},"Classname":"android.view.View","Packagename":"cn.amazon.mShop.android","Text":"Comotomo 可么多么奶瓶，绿色，8 Ounces（... ￥202.99 "},{"Bounds":{"bottom":1280,"left":16,"right":354,"top":1279},"Classname":"android.view.View","Packagename":"cn.amazon.mShop.android","Text":"【跨境自营】 美国版 加拿大 Ddrops 婴儿天然维生... ￥125.00 "},{"Bounds":{"bottom":1280,"left":364,"right":704,"top":1279},"Classname":"android.view.View","Packagename":"cn.amazon.mShop.android","Text":"花王（Merries）纸尿裤 L54片 大号尿不湿（9-... ￥99.90 "},{"Bounds":{"bottom":1280,"left":16,"right":354,"top":1279},"Classname":"android.view.View","Packagename":"cn.amazon.mShop.android","Text":"【跨境自营】 AVEENO 艾维诺 婴幼儿全天候无香味保... ￥106.00 "},{"Bounds":{"bottom":1280,"left":364,"right":704,"top":1279},"Classname":"android.view.View","Packagename":"cn.amazon.mShop.android","Text":"德国 NUK 超厚特柔婴儿湿巾 80片*3连包 ￥42.00 "},{"Bounds":{"bottom":1280,"left":16,"right":354,"top":1279},"Classname":"android.view.View","Packagename":"cn.amazon.mShop.android","Text":"Earth\u0027s Best 有机混合谷物米粉 227g（美... ￥38.00 "},{"Bounds":{"bottom":1280,"left":364,"right":704,"top":1279},"Classname":"android.view.View","Packagename":"cn.amazon.mShop.android","Text":"瑞典 BABYBJORN 婴儿 软胶防碎屑 围嘴(黄色+... ￥138.30 "},{"Bounds":{"bottom":1280,"left":16,"right":354,"top":1279},"Classname":"android.view.View","Packagename":"cn.amazon.mShop.android","Text":"【跨境自营】 Weleda 维蕾德 金盏花婴儿尿疹膏/护... ￥100.00 "},{"Bounds":{"bottom":1280,"left":364,"right":704,"top":1279},"Classname":"android.view.View","Packagename":"cn.amazon.mShop.android","Text":"日本Merries 花王 妙而舒拉拉裤XL38（3包，整... ￥319.00 "},{"Bounds":{"bottom":1280,"left":16,"right":354,"top":1279},"Classname":"android.view.View","Packagename":"cn.amazon.mShop.android","Text":"Sylvanian Families 森贝儿家族 过家家... ￥638.00 "},{"Bounds":{"bottom":1280,"left":364,"right":704,"top":1279},"Classname":"android.view.View","Packagename":"cn.amazon.mShop.android","Text":"ALBION 澳尔滨 爽肤精萃液 健康水 330ml(进... ￥569.00 "},{"Bounds":{"bottom":1280,"left":16,"right":354,"top":1279},"Classname":"android.view.View","Packagename":"cn.amazon.mShop.android","Text":"Kiehl\u0027s 科颜氏高保湿面霜 50ml(进)(新老包... ￥264.00 "},{"Bounds":{"bottom":1280,"left":364,"right":704,"top":1279},"Classname":"android.view.View","Packagename":"cn.amazon.mShop.android","Text":"Braun 博朗 婴幼儿耳温枪 IRT6520 耳温计（... ￥269.00 "},{"Bounds":{"bottom":1280,"left":16,"right":354,"top":1279},"Classname":"android.view.View","Packagename":"cn.amazon.mShop.android","Text":"The ORIGINAL Bad Air Sponge吸... ￥159.00 "},{"Bounds":{"bottom":1280,"left":364,"right":704,"top":1279},"Classname":"android.view.View","Packagename":"cn.amazon.mShop.android","Text":"2瓶装|Schiff Move free维骨力氨糖软骨素... ￥309.00 "},{"Bounds":{"bottom":1280,"left":16,"right":354,"top":1279},"Classname":"android.view.View","Packagename":"cn.amazon.mShop.android","Text":"PITTA MASK 防尘口罩男女通用款非一次性可水洗防... ￥69.00 "},{"Bounds":{"bottom":1280,"left":364,"right":704,"top":1279},"Classname":"android.view.View","Packagename":"cn.amazon.mShop.android","Text":"2瓶装|Schiff Move free旭福维骨力氨糖软... ￥296.00 "},{"Bounds":{"bottom":1280,"left":16,"right":354,"top":1279},"Classname":"android.view.View","Packagename":"cn.amazon.mShop.android","Text":"Salus floradix 德国铁元草本营养液红色版5... ￥149.00 "},{"Bounds":{"bottom":1280,"left":364,"right":704,"top":1279},"Classname":"android.view.View","Packagename":"cn.amazon.mShop.android","Text":"KAO 日本花王 蒸汽眼罩-薰衣草香型14片装(进口)(... ￥69.00 "},{"Bounds":{"bottom":1280,"left":16,"right":354,"top":1279},"Classname":"android.view.View","Packagename":"cn.amazon.mShop.android","Text":"Omron欧姆龙 电子血压计HEM-7124(上臂式)(... ￥289.00 "},{"Bounds":{"bottom":1280,"left":364,"right":704,"top":1279},"Classname":"android.view.View","Packagename":"cn.amazon.mShop.android","Text":"GNC 健安喜 高含量钙 1000mg*180片（美国进... ￥119.00 "},{"Bounds":{"bottom":1280,"left":16,"right":354,"top":1279},"Classname":"android.view.View","Packagename":"cn.amazon.mShop.android","Text":"freeplus 芙丽芳丝 净润洗面霜100g*2(进) ￥219.00 "},{"Bounds":{"bottom":1280,"left":364,"right":704,"top":1279},"Classname":"android.view.View","Packagename":"cn.amazon.mShop.android","Text":"PLANTERS 绅士 精选大罐混合坚果(腰果 巴旦木 ... ￥209.00 "},{"Bounds":{"bottom":1280,"left":16,"right":354,"top":1279},"Classname":"android.view.View","Packagename":"cn.amazon.mShop.android","Text":"Theland 纽仕兰 全脂牛奶 250ml*24(新西... ￥68.00 "},{"Bounds":{"bottom":1280,"left":364,"right":704,"top":1279},"Classname":"android.view.View","Packagename":"cn.amazon.mShop.android","Text":"茅台 53度五星茅台酒(丁酉鸡年)2.5L ￥28,800.00 "},{"Bounds":{"bottom":1280,"left":16,"right":354,"top":1279},"Classname":"android.view.View","Packagename":"cn.amazon.mShop.android","Text":"五粮液五粮液52度500ml*6(原厂包装未拆封，送3只... ￥5,488.00 "},{"Bounds":{"bottom":1280,"left":364,"right":704,"top":1279},"Classname":"android.view.View","Packagename":"cn.amazon.mShop.android","Text":"【亚马逊直采】 Penfolds 奔富 Bin 407 ... ￥678.00 "},{"Bounds":{"bottom":1280,"left":16,"right":354,"top":1279},"Classname":"android.view.View","Packagename":"cn.amazon.mShop.android","Text":"【亚马逊直采】Penfolds 奔富 Bin 389 赤... ￥588.00 "},{"Bounds":{"bottom":1280,"left":364,"right":704,"top":1279},"Classname":"android.view.View","Packagename":"cn.amazon.mShop.android","Text":"Penfolds 奔富BIN 8 赤霞珠设拉子红葡萄酒7... ￥229.00 "},{"Bounds":{"bottom":1280,"left":16,"right":354,"top":1279},"Classname":"android.view.View","Packagename":"cn.amazon.mShop.android","Text":"Marques de Casa Concha 干露侯爵卡... ￥149.00 "},{"Bounds":{"bottom":1280,"left":364,"right":704,"top":1279},"Classname":"android.view.View","Packagename":"cn.amazon.mShop.android","Text":"【亚马逊直采】 Beringer 贝灵哲 纳帕谷系列 赤... ￥598.00 "},{"Bounds":{"bottom":1280,"left":16,"right":354,"top":1279},"Classname":"android.view.View","Packagename":"cn.amazon.mShop.android","Text":"【亚马逊直采】 Tahbilk德宝酒庄 赤霞珠 葡萄酒7... ￥268.00 "},{"Bounds":{"bottom":1280,"left":364,"right":704,"top":1279},"Classname":"android.view.View","Packagename":"cn.amazon.mShop.android","Text":"Montes 蒙特斯 经典赤霞珠红葡萄酒双支礼盒装 75... ￥199.00 "},{"Bounds":{"bottom":1280,"left":16,"right":354,"top":1279},"Classname":"android.view.View","Packagename":"cn.amazon.mShop.android","Text":"LEGO 乐高 DUPLO得宝系列我的第一组汽车与卡车套... ￥149.00 "},{"Bounds":{"bottom":1280,"left":364,"right":704,"top":1279},"Classname":"android.view.View","Packagename":"cn.amazon.mShop.android","Text":"B.Toys 比乐 大嘴猫咪电子琴 早教动感音乐玩具 带... ￥289.00 "},{"Bounds":{"bottom":1280,"left":16,"right":354,"top":1279},"Classname":"android.view.View","Packagename":"cn.amazon.mShop.android","Text":"Orchard Toys 桌面游戏 采购清单（亚马逊进口... ￥88.00 "},{"Bounds":{"bottom":1280,"left":364,"right":704,"top":1279},"Classname":"android.view.View","Packagename":"cn.amazon.mShop.android","Text":"LEGO 乐高 拼插类玩具 Classic经典系列 经典... ￥348.00 "},{"Bounds":{"bottom":1280,"left":16,"right":354,"top":1279},"Classname":"android.view.View","Packagename":"cn.amazon.mShop.android","Text":"B.Toys 比乐 波普珠珠 创意DIY无绳串珠玩具 手... ￥168.00 "},{"Bounds":{"bottom":1280,"left":364,"right":704,"top":1279},"Classname":"android.view.View","Packagename":"cn.amazon.mShop.android","Text":"Learning Resources初学者100片益智齿... ￥329.00 "},{"Bounds":{"bottom":1280,"left":46,"right":674,"top":1279},"Classname":"android.view.View","Packagename":"cn.amazon.mShop.android","Text":"查看更多推荐产品 \u003e "},{"Bounds":{"bottom":1280,"left":16,"right":438,"top":1279},"Classname":"android.view.View","Packagename":"cn.amazon.mShop.android","Text":"全部分类 中的热门搜索结果"},{"Bounds":{"bottom":1280,"left":16,"right":340,"top":1279},"Classname":"android.view.View","Packagename":"cn.amazon.mShop.android","Text":"LEGO 乐高 经典系列 绿色底板 10700 LEGO 乐高 经典系列 绿色底板 10700 LEGO 乐高 ￥89.00 ￥85.00 2 种购买选项 平均 4.4 星 (63)"},{"Bounds":{"bottom":1280,"left":360,"right":684,"top":1279},"Classname":"android.view.View","Packagename":"cn.amazon.mShop.android","Text":"SHISEIDO 资生堂 Anessa 安耐晒 小金瓶 金色防晒乳液 SPF50+ PA++++ 60ml/瓶 （日本品牌 包邮包税） SHISEIDO 资生堂 Anessa 安耐晒 小金瓶 金色防晒乳液 SPF50+ PA++++ 60ml/瓶 （日本品牌 包邮包税） Shiseido 资生堂 ￥199.00 平均 4.1 星 (112)"},{"Bounds":{"bottom":1280,"left":16,"right":340,"top":1279},"Classname":"android.view.View","Packagename":"cn.amazon.mShop.android","Text":"PLANTERS 绅士 精选大罐混合坚果(腰果 巴旦木 碧根果 鲍鱼果 榛子) 963g(美国进口) PLANTERS 绅士 精选大罐混合坚果(腰果 巴旦木 碧根果 鲍鱼果 榛子) 963g(美国进口) PLANTERS 绅士 ￥209.00 平均 4.2 星 (329)"},{"Bounds":{"bottom":1280,"left":360,"right":684,"top":1279},"Classname":"android.view.View","Packagename":"cn.amazon.mShop.android","Text":"防虫贴 贴纸型 超值60片装 1個 防虫贴 贴纸型 超值60片装 1個 Pigeon 贝亲 ￥66.61 平均 4.4 星 (20)"},{"Bounds":{"bottom":1280,"left":16,"right":340,"top":1279},"Classname":"android.view.View","Packagename":"cn.amazon.mShop.android","Text":"Philips 飞利浦Sonicare DiamondClean钻石亮白型 3代电动牙刷 粉红色 (带英国版2孔浴室插头和USB旅行收藏盒) Philips 飞利浦Sonicare DiamondClean钻石亮白型 3代电动牙刷 粉红色 (带英国版2孔浴室插头和USB旅行收藏盒) Philips 飞利浦 ￥685.33 平均 4.5 星 (172) 更新可用版本"},{"Bounds":{"bottom":1280,"left":360,"right":684,"top":1279},"Classname":"android.view.View","Packagename":"cn.amazon.mShop.android","Text":"Philips飞利浦钻石亮白型声波震动牙刷黑钻版HX9352/04 Philips飞利浦钻石亮白型声波震动牙刷黑钻版HX9352/04 Philips 飞利浦 ￥999.00 ￥966.00 4 种购买选项 平均 4.3 星 (194)"},{"Bounds":{"bottom":1280,"left":16,"right":340,"top":1279},"Classname":"android.view.View","Packagename":"cn.amazon.mShop.android","Text":"pitta mask口罩日本原装正品深灰色时尚防花粉防尘舒适可水洗3个 pitta mask口罩日本原装正品深灰色时尚防花粉防尘舒适可水洗3个 PITTA MASK 秒杀价：￥49.00 售价：￥69.00 平均 3.4 星 (12)"},{"Bounds":{"bottom":1280,"left":360,"right":684,"top":1279},"Classname":"android.view.View","Packagename":"cn.amazon.mShop.android","Text":"ROYAL CANIN皇家室内成猫粮 2kg(I27)(包装更新，随机发送) ROYAL CANIN皇家室内成猫粮 2kg(I27)(包装更新，随机发送) ROYAL CANIN 皇家 ￥121.00 ￥121.00 2 种购买选项 平均 4.4 星 (304)"},{"Bounds":{"bottom":1280,"left":16,"right":340,"top":1279},"Classname":"android.view.View","Packagename":"cn.amazon.mShop.android","Text":"mifold Grab-and-Go 安全座椅增高垫 带收纳包，蓝/灰 mifold Grab-and-Go 安全座椅增高垫 带收纳包，蓝/灰 mifold ￥410.00 ￥319.21 3 种购买选项 平均 4.5 星 (41)"},{"Bounds":{"bottom":1280,"left":360,"right":684,"top":1279},"Classname":"android.view.View","Packagename":"cn.amazon.mShop.android","Text":"乐高 LEGO Classic 经典系列 创意积木盒 10704 乐高 LEGO Classic 经典系列 创意积木盒 10704 LEGO 乐高 ￥309.00 ￥309.00 2 种购买选项 平均 4.8 星 (30)"},{"Bounds":{"bottom":1280,"left":16,"right":340,"top":1279},"Classname":"android.view.View","Packagename":"cn.amazon.mShop.android","Text":"Tiger虎牌 不锈钢儿童真空杯MML-C06C-CG长颈鹿630ML Tiger虎牌 不锈钢儿童真空杯MML-C06C-CG长颈鹿630ML TIGER 虎牌 ￥349.00 平均 3.9 星 (267)"},{"Bounds":{"bottom":1280,"left":360,"right":684,"top":1279},"Classname":"android.view.View","Packagename":"cn.amazon.mShop.android","Text":"Melissa \u0026 Doug 动物磁贴 盒装（20块） Melissa \u0026 Doug 动物磁贴 盒装（20块） Melissa \u0026 Doug ￥74.58 平均 5 星 (1)"},{"Bounds":{"bottom":1280,"left":16,"right":340,"top":1279},"Classname":"android.view.View","Packagename":"cn.amazon.mShop.android","Text":"Braun德国博朗离子发梳BR730(亚型号3558 离子科技 负离子 锁水 防毛躁抗静电) Braun德国博朗离子发梳BR730(亚型号3558 离子科技 负离子 锁水 防毛躁抗静电) BRAUN 博朗 ￥299.00 ￥299.00 2 种购买选项 平均 4.1 星 (321)"},{"Bounds":{"bottom":1280,"left":360,"right":684,"top":1279},"Classname":"android.view.View","Packagename":"cn.amazon.mShop.android","Text":"Braun 博朗 婴幼儿耳温枪 IRT6520 耳温计（IRT6020升级版） 宝宝电子体温计（德国品牌直供）包税包邮 Braun 博朗 婴幼儿耳温枪 IRT6520 耳温计（IRT6020升级版） 宝宝电子体温计（德国品牌直供）包税包邮 BRAUN 博朗 ￥269.00 平均 4.1 星 (742)"},{"Bounds":{"bottom":1280,"left":2,"right":718,"top":1279},"Classname":"android.view.View","Packagename":"cn.amazon.mShop.android","Text":"查看所有亚马逊精品超市-Zmart"},{"Bounds":{"bottom":1280,"left":0,"right":2,"top":1279},"Classname":"android.widget.Image","Packagename":"cn.amazon.mShop.android","Text":""},{"Bounds":{"bottom":1280,"left":2,"right":4,"top":1279},"Classname":"android.widget.Image","Packagename":"cn.amazon.mShop.android","Text":""},{"Bounds":{"bottom":1280,"left":0,"right":720,"top":1279},"Classname":"android.view.View","Packagename":"cn.amazon.mShop.android","Text":""},{"Bounds":{"bottom":1280,"left":0,"right":720,"top":1279},"Classname":"android.view.View","Packagename":"cn.amazon.mShop.android","Text":""},{"Bounds":{"bottom":145,"left":0,"right":720,"top":143},"Classname":"android.view.View","Packagename":"cn.amazon.mShop.android","Text":""},{"Bounds":{"bottom":145,"left":0,"right":720,"top":143},"Classname":"android.view.View","Packagename":"cn.amazon.mShop.android","Text":""}],"packagename":"com.example.a10628.myapplication","width":1080}