{"events":[{"eventname":"TYPE_VIEW_SCROLLED","source":{"Bounds":{"bottom":1280,"left":0,"right":720,"top":136},"Classname":"android.widget.ListView","Packagename":"com.sina.weibo","Text":""}},{"eventname":"TYPE_VIEW_SCROLLED","source":{"Bounds":{"bottom":1280,"left":0,"right":720,"top":136},"Classname":"android.widget.ListView","Packagename":"com.sina.weibo","Text":""}}],"height":1920,"hovertime":3708,"nodes":[{"Bounds":{"bottom":122,"left":14,"right":74,"top":62},"Classname":"android.widget.TextView","Packagename":"com.sina.weibo","Text":""},{"Bounds":{"bottom":110,"left":337,"right":441,"top":74},"Classname":"android.widget.TextView","Packagename":"com.sina.weibo","Text":"思想聚焦"},{"Bounds":{"bottom":116,"left":488,"right":612,"top":68},"Classname":"android.view.View","Packagename":"com.sina.weibo","Text":""},{"Bounds":{"bottom":122,"left":646,"right":706,"top":62},"Classname":"android.widget.TextView","Packagename":"com.sina.weibo","Text":""},{"Bounds":{"bottom":187,"left":584,"right":696,"top":151},"Classname":"android.widget.TextView","Packagename":"com.sina.weibo","Text":"按热度"},{"Bounds":{"bottom":303,"left":24,"right":100,"top":227},"Classname":"android.widget.FrameLayout","Packagename":"com.sina.weibo","Text":""},{"Bounds":{"bottom":261,"left":124,"right":295,"top":223},"Classname":"android.widget.TextView","Packagename":"com.sina.weibo","Text":"两性_信箱"},{"Bounds":{"bottom":495,"left":124,"right":696,"top":257},"Classname":"android.widget.TextView","Packagename":"com.sina.weibo","Text":"还记得汶川地震时媒体的一句话：一个能出动十万军队救援的国家，一个总理2个小时就赶到灾区的国家，一个因民众争相献血而造成交通堵塞的国家，永远不会被打垮。 ​​​🙏🙏🙏"},{"Bounds":{"bottom":690,"left":124,"right":696,"top":509},"Classname":"android.widget.TextView","Packagename":"com.sina.weibo","Text":"潮扬潮革圭工作室: 十年了，那一年，我初二，我记得那年的感动中国特别奖是全体中国人。🇨🇳 为什么我们的眼里总是噙满泪水，因为我们对这片土地爱得深沉"},{"Bounds":{"bottom":778,"left":124,"right":696,"top":691},"Classname":"android.widget.TextView","Packagename":"com.sina.weibo","Text":"赌神包: 所以我最最喜欢的总理是他  那时候小小的我就觉得他真的是我爷爷那种感觉"},{"Bounds":{"bottom":823,"left":144,"right":312,"top":785},"Classname":"android.widget.TextView","Packagename":"com.sina.weibo","Text":"共62条回复   "},{"Bounds":{"bottom":893,"left":124,"right":243,"top":860},"Classname":"android.widget.TextView","Packagename":"com.sina.weibo","Text":"5-12 07:03"},{"Bounds":{"bottom":911,"left":403,"right":479,"top":843},"Classname":"android.widget.ImageView","Packagename":"com.sina.weibo","Text":""},{"Bounds":{"bottom":911,"left":479,"right":555,"top":843},"Classname":"android.widget.ImageView","Packagename":"com.sina.weibo","Text":""},{"Bounds":{"bottom":893,"left":641,"right":696,"top":860},"Classname":"android.widget.TextView","Packagename":"com.sina.weibo","Text":"2399"},{"Bounds":{"bottom":1007,"left":24,"right":100,"top":931},"Classname":"android.widget.FrameLayout","Packagename":"com.sina.weibo","Text":""},{"Bounds":{"bottom":965,"left":124,"right":334,"top":927},"Classname":"android.widget.TextView","Packagename":"com.sina.weibo","Text":"中华民族族草"},{"Bounds":{"bottom":1050,"left":124,"right":696,"top":961},"Classname":"android.widget.TextView","Packagename":"com.sina.weibo","Text":"今天路上特别堵，因为回家的人会很多[蜡烛][蜡烛][蜡烛]"},{"Bounds":{"bottom":1122,"left":124,"right":696,"top":1064},"Classname":"android.widget.TextView","Packagename":"com.sina.weibo","Text":"哭唧唧唧唧: 七万多人在今天都会回家[心]"},{"Bounds":{"bottom":1210,"left":124,"right":696,"top":1123},"Classname":"android.widget.TextView","Packagename":"com.sina.weibo","Text":"一口大锅巴: 下班的路上看到这些新闻哭了一路"},{"Bounds":{"bottom":1255,"left":144,"right":312,"top":1217},"Classname":"android.widget.TextView","Packagename":"com.sina.weibo","Text":"共52条回复   "},{"Bounds":{"bottom":1280,"left":124,"right":240,"top":1292},"Classname":"android.widget.TextView","Packagename":"com.sina.weibo","Text":"5-12 07:16"},{"Bounds":{"bottom":1280,"left":405,"right":481,"top":1275},"Classname":"android.widget.ImageView","Packagename":"com.sina.weibo","Text":""},{"Bounds":{"bottom":1280,"left":481,"right":557,"top":1275},"Classname":"android.widget.ImageView","Packagename":"com.sina.weibo","Text":""},{"Bounds":{"bottom":1280,"left":643,"right":696,"top":1292},"Classname":"android.widget.TextView","Packagename":"com.sina.weibo","Text":"1538"},{"Bounds":{"bottom":224,"left":8,"right":181,"top":136},"Classname":"android.widget.TextView","Packagename":"com.sina.weibo","Text":"转发 3014"},{"Bounds":{"bottom":224,"left":181,"right":340,"top":136},"Classname":"android.widget.TextView","Packagename":"com.sina.weibo","Text":"评论 833"},{"Bounds":{"bottom":224,"left":604,"right":696,"top":136},"Classname":"android.widget.TextView","Packagename":"com.sina.weibo","Text":"赞 1万"},{"Bounds":{"bottom":1280,"left":0,"right":239,"top":1192},"Classname":"android.view.View","Packagename":"com.sina.weibo","Text":""},{"Bounds":{"bottom":1280,"left":240,"right":479,"top":1192},"Classname":"android.view.View","Packagename":"com.sina.weibo","Text":""},{"Bounds":{"bottom":1258,"left":608,"right":640,"top":1214},"Classname":"android.widget.TextView","Packagename":"com.sina.weibo","Text":"赞"}],"packagename":"com.example.a10628.myapplication","width":1080}