{"events":[{"eventname":"TYPE_VIEW_SCROLLED","source":{"Bounds":{"bottom":1280,"left":0,"right":720,"top":241},"Classname":"android.support.v7.widget.RecyclerView","Packagename":"com.justwayward.readerer","Text":""}}],"height":1920,"hovertime":7111,"nodes":[{"Bounds":{"bottom":160,"left":0,"right":112,"top":48},"Classname":"android.widget.ImageButton","Packagename":"com.justwayward.readerer","Text":""},{"Bounds":{"bottom":131,"left":120,"right":320,"top":77},"Classname":"android.widget.TextView","Packagename":"com.justwayward.readerer","Text":"综合讨论区"},{"Bounds":{"bottom":221,"left":134,"right":194,"top":180},"Classname":"android.widget.TextView","Packagename":"com.justwayward.readerer","Text":"全部"},{"Bounds":{"bottom":221,"left":464,"right":584,"top":180},"Classname":"android.widget.TextView","Packagename":"com.justwayward.readerer","Text":"默认排序"},{"Bounds":{"bottom":270,"left":150,"right":280,"top":241},"Classname":"android.widget.TextView","Packagename":"com.justwayward.readerer","Text":"伤心的港湾"},{"Bounds":{"bottom":270,"left":280,"right":326,"top":241},"Classname":"android.widget.TextView","Packagename":"com.justwayward.readerer","Text":" lv.9"},{"Bounds":{"bottom":270,"left":648,"right":700,"top":241},"Classname":"android.widget.TextView","Packagename":"com.justwayward.readerer","Text":"昨天"},{"Bounds":{"bottom":318,"left":150,"right":457,"top":280},"Classname":"android.widget.TextView","Packagename":"com.justwayward.readerer","Text":"#树洞#忆！曾经最爱的你"},{"Bounds":{"bottom":368,"left":150,"right":235,"top":328},"Classname":"android.widget.TextView","Packagename":"com.justwayward.readerer","Text":"162"},{"Bounds":{"bottom":368,"left":255,"right":328,"top":328},"Classname":"android.widget.TextView","Packagename":"com.justwayward.readerer","Text":"88"},{"Bounds":{"bottom":445,"left":150,"right":202,"top":409},"Classname":"android.widget.TextView","Packagename":"com.justwayward.readerer","Text":"海霞"},{"Bounds":{"bottom":445,"left":202,"right":263,"top":409},"Classname":"android.widget.TextView","Packagename":"com.justwayward.readerer","Text":" lv.10"},{"Bounds":{"bottom":445,"left":592,"right":700,"top":409},"Classname":"android.widget.TextView","Packagename":"com.justwayward.readerer","Text":"16小时前"},{"Bounds":{"bottom":493,"left":150,"right":436,"top":455},"Classname":"android.widget.TextView","Packagename":"com.justwayward.readerer","Text":"#树洞#一个母亲的独白"},{"Bounds":{"bottom":543,"left":150,"right":220,"top":503},"Classname":"android.widget.TextView","Packagename":"com.justwayward.readerer","Text":"39"},{"Bounds":{"bottom":543,"left":240,"right":313,"top":503},"Classname":"android.widget.TextView","Packagename":"com.justwayward.readerer","Text":"26"},{"Bounds":{"bottom":620,"left":150,"right":235,"top":584},"Classname":"android.widget.TextView","Packagename":"com.justwayward.readerer","Text":"Einsam"},{"Bounds":{"bottom":620,"left":235,"right":296,"top":584},"Classname":"android.widget.TextView","Packagename":"com.justwayward.readerer","Text":" lv.11"},{"Bounds":{"bottom":620,"left":592,"right":700,"top":584},"Classname":"android.widget.TextView","Packagename":"com.justwayward.readerer","Text":"15小时前"},{"Bounds":{"bottom":668,"left":150,"right":490,"top":630},"Classname":"android.widget.TextView","Packagename":"com.justwayward.readerer","Text":"11级以上的大佬出来露个面"},{"Bounds":{"bottom":718,"left":150,"right":220,"top":678},"Classname":"android.widget.TextView","Packagename":"com.justwayward.readerer","Text":"28"},{"Bounds":{"bottom":718,"left":240,"right":298,"top":678},"Classname":"android.widget.TextView","Packagename":"com.justwayward.readerer","Text":"3"},{"Bounds":{"bottom":795,"left":150,"right":358,"top":759},"Classname":"android.widget.TextView","Packagename":"com.justwayward.readerer","Text":"怼你嶶笑纯屬礼貌"},{"Bounds":{"bottom":795,"left":358,"right":404,"top":759},"Classname":"android.widget.TextView","Packagename":"com.justwayward.readerer","Text":" lv.7"},{"Bounds":{"bottom":795,"left":607,"right":700,"top":759},"Classname":"android.widget.TextView","Packagename":"com.justwayward.readerer","Text":"9小时前"},{"Bounds":{"bottom":843,"left":150,"right":542,"top":805},"Classname":"android.widget.TextView","Packagename":"com.justwayward.readerer","Text":"一个女孩从出生到一百岁的人生"},{"Bounds":{"bottom":893,"left":150,"right":220,"top":853},"Classname":"android.widget.TextView","Packagename":"com.justwayward.readerer","Text":"10"},{"Bounds":{"bottom":893,"left":240,"right":298,"top":853},"Classname":"android.widget.TextView","Packagename":"com.justwayward.readerer","Text":"1"},{"Bounds":{"bottom":970,"left":150,"right":254,"top":934},"Classname":"android.widget.TextView","Packagename":"com.justwayward.readerer","Text":"苦尽甘来"},{"Bounds":{"bottom":970,"left":254,"right":300,"top":934},"Classname":"android.widget.TextView","Packagename":"com.justwayward.readerer","Text":" lv.9"},{"Bounds":{"bottom":970,"left":592,"right":700,"top":934},"Classname":"android.widget.TextView","Packagename":"com.justwayward.readerer","Text":"11小时前"},{"Bounds":{"bottom":1018,"left":150,"right":380,"top":980},"Classname":"android.widget.TextView","Packagename":"com.justwayward.readerer","Text":"#树洞#母亲节快乐"},{"Bounds":{"bottom":1068,"left":150,"right":220,"top":1028},"Classname":"android.widget.TextView","Packagename":"com.justwayward.readerer","Text":"15"},{"Bounds":{"bottom":1068,"left":240,"right":313,"top":1028},"Classname":"android.widget.TextView","Packagename":"com.justwayward.readerer","Text":"10"},{"Bounds":{"bottom":1145,"left":150,"right":254,"top":1109},"Classname":"android.widget.TextView","Packagename":"com.justwayward.readerer","Text":"诶呦卧槽"},{"Bounds":{"bottom":1145,"left":254,"right":300,"top":1109},"Classname":"android.widget.TextView","Packagename":"com.justwayward.readerer","Text":" lv.8"},{"Bounds":{"bottom":1145,"left":592,"right":700,"top":1109},"Classname":"android.widget.TextView","Packagename":"com.justwayward.readerer","Text":"13小时前"},{"Bounds":{"bottom":1193,"left":150,"right":374,"top":1155},"Classname":"android.widget.TextView","Packagename":"com.justwayward.readerer","Text":"找一个小姐姐网恋"},{"Bounds":{"bottom":1243,"left":150,"right":220,"top":1203},"Classname":"android.widget.TextView","Packagename":"com.justwayward.readerer","Text":"12"},{"Bounds":{"bottom":1243,"left":240,"right":298,"top":1203},"Classname":"android.widget.TextView","Packagename":"com.justwayward.readerer","Text":"5"},{"Bounds":{"bottom":1280,"left":150,"right":202,"top":1284},"Classname":"android.widget.TextView","Packagename":"com.justwayward.readerer","Text":"浅笑"},{"Bounds":{"bottom":1280,"left":202,"right":248,"top":1284},"Classname":"android.widget.TextView","Packagename":"com.justwayward.readerer","Text":" lv.9"},{"Bounds":{"bottom":1280,"left":592,"right":700,"top":1284},"Classname":"android.widget.TextView","Packagename":"com.justwayward.readerer","Text":"17小时前"},{"Bounds":{"bottom":1280,"left":150,"right":458,"top":1330},"Classname":"android.widget.TextView","Packagename":"com.justwayward.readerer","Text":"＃树洞＃写给过去的自己"},{"Bounds":{"bottom":1280,"left":150,"right":220,"top":1378},"Classname":"android.widget.TextView","Packagename":"com.justwayward.readerer","Text":"26"},{"Bounds":{"bottom":1280,"left":240,"right":313,"top":1378},"Classname":"android.widget.TextView","Packagename":"com.justwayward.readerer","Text":"14"}],"packagename":"com.example.a10628.myapplication","width":1080}