{"events":[{"eventname":"TYPE_VIEW_SCROLLED","source":{"Bounds":{"bottom":1280,"left":0,"right":720,"top":241},"Classname":"android.support.v7.widget.RecyclerView","Packagename":"com.justwayward.readerer","Text":""}}],"height":1920,"hovertime":2540,"nodes":[{"Bounds":{"bottom":160,"left":0,"right":112,"top":48},"Classname":"android.widget.ImageButton","Packagename":"com.justwayward.readerer","Text":""},{"Bounds":{"bottom":131,"left":120,"right":320,"top":77},"Classname":"android.widget.TextView","Packagename":"com.justwayward.readerer","Text":"综合讨论区"},{"Bounds":{"bottom":221,"left":134,"right":194,"top":180},"Classname":"android.widget.TextView","Packagename":"com.justwayward.readerer","Text":"全部"},{"Bounds":{"bottom":221,"left":464,"right":584,"top":180},"Classname":"android.widget.TextView","Packagename":"com.justwayward.readerer","Text":"默认排序"},{"Bounds":{"bottom":290,"left":150,"right":202,"top":254},"Classname":"android.widget.TextView","Packagename":"com.justwayward.readerer","Text":"色混"},{"Bounds":{"bottom":290,"left":202,"right":248,"top":254},"Classname":"android.widget.TextView","Packagename":"com.justwayward.readerer","Text":" lv.7"},{"Bounds":{"bottom":290,"left":592,"right":700,"top":254},"Classname":"android.widget.TextView","Packagename":"com.justwayward.readerer","Text":"11小时前"},{"Bounds":{"bottom":338,"left":150,"right":464,"top":300},"Classname":"android.widget.TextView","Packagename":"com.justwayward.readerer","Text":"#毒句#下辈子做个坏人吧"},{"Bounds":{"bottom":388,"left":150,"right":205,"top":348},"Classname":"android.widget.TextView","Packagename":"com.justwayward.readerer","Text":"9"},{"Bounds":{"bottom":388,"left":225,"right":283,"top":348},"Classname":"android.widget.TextView","Packagename":"com.justwayward.readerer","Text":"5"},{"Bounds":{"bottom":465,"left":150,"right":202,"top":429},"Classname":"android.widget.TextView","Packagename":"com.justwayward.readerer","Text":"已逝"},{"Bounds":{"bottom":465,"left":202,"right":248,"top":429},"Classname":"android.widget.TextView","Packagename":"com.justwayward.readerer","Text":" lv.9"},{"Bounds":{"bottom":465,"left":648,"right":700,"top":429},"Classname":"android.widget.TextView","Packagename":"com.justwayward.readerer","Text":"昨天"},{"Bounds":{"bottom":513,"left":150,"right":334,"top":475},"Classname":"android.widget.TextView","Packagename":"com.justwayward.readerer","Text":"求东京食尸鬼3"},{"Bounds":{"bottom":563,"left":150,"right":220,"top":523},"Classname":"android.widget.TextView","Packagename":"com.justwayward.readerer","Text":"27"},{"Bounds":{"bottom":563,"left":240,"right":298,"top":523},"Classname":"android.widget.TextView","Packagename":"com.justwayward.readerer","Text":"6"},{"Bounds":{"bottom":640,"left":150,"right":332,"top":604},"Classname":"android.widget.TextView","Packagename":"com.justwayward.readerer","Text":"追书家的计划通"},{"Bounds":{"bottom":640,"left":332,"right":378,"top":604},"Classname":"android.widget.TextView","Packagename":"com.justwayward.readerer","Text":" lv.5"},{"Bounds":{"bottom":644,"left":616,"right":700,"top":604},"Classname":"android.widget.TextView","Packagename":"com.justwayward.readerer","Text":"热门"},{"Bounds":{"bottom":721,"left":150,"right":700,"top":650},"Classname":"android.widget.TextView","Packagename":"com.justwayward.readerer","Text":"【追书小课堂】书评难道真的只是用来混经验的段子吗？（干货来袭！）"},{"Bounds":{"bottom":771,"left":150,"right":235,"top":731},"Classname":"android.widget.TextView","Packagename":"com.justwayward.readerer","Text":"192"},{"Bounds":{"bottom":771,"left":255,"right":328,"top":731},"Classname":"android.widget.TextView","Packagename":"com.justwayward.readerer","Text":"40"},{"Bounds":{"bottom":848,"left":150,"right":271,"top":812},"Classname":"android.widget.TextView","Packagename":"com.justwayward.readerer","Text":"❥嗳℡卿❤"},{"Bounds":{"bottom":848,"left":271,"right":317,"top":812},"Classname":"android.widget.TextView","Packagename":"com.justwayward.readerer","Text":" lv.9"},{"Bounds":{"bottom":848,"left":648,"right":700,"top":812},"Classname":"android.widget.TextView","Packagename":"com.justwayward.readerer","Text":"昨天"},{"Bounds":{"bottom":896,"left":150,"right":436,"top":858},"Classname":"android.widget.TextView","Packagename":"com.justwayward.readerer","Text":"#树洞#爱要怎么说出口"},{"Bounds":{"bottom":946,"left":150,"right":220,"top":906},"Classname":"android.widget.TextView","Packagename":"com.justwayward.readerer","Text":"83"},{"Bounds":{"bottom":946,"left":240,"right":313,"top":906},"Classname":"android.widget.TextView","Packagename":"com.justwayward.readerer","Text":"69"},{"Bounds":{"bottom":1023,"left":150,"right":291,"top":987},"Classname":"android.widget.TextView","Packagename":"com.justwayward.readerer","Text":"汕LO薇VE郝"},{"Bounds":{"bottom":1023,"left":291,"right":352,"top":987},"Classname":"android.widget.TextView","Packagename":"com.justwayward.readerer","Text":" lv.10"},{"Bounds":{"bottom":1023,"left":648,"right":700,"top":987},"Classname":"android.widget.TextView","Packagename":"com.justwayward.readerer","Text":"昨天"},{"Bounds":{"bottom":1104,"left":150,"right":700,"top":1033},"Classname":"android.widget.TextView","Packagename":"com.justwayward.readerer","Text":"#樹洞#說不出口，留心底的那句“媽媽，我愛你！”"},{"Bounds":{"bottom":1154,"left":150,"right":220,"top":1114},"Classname":"android.widget.TextView","Packagename":"com.justwayward.readerer","Text":"93"},{"Bounds":{"bottom":1154,"left":240,"right":313,"top":1114},"Classname":"android.widget.TextView","Packagename":"com.justwayward.readerer","Text":"33"},{"Bounds":{"bottom":1231,"left":150,"right":202,"top":1195},"Classname":"android.widget.TextView","Packagename":"com.justwayward.readerer","Text":"月月"},{"Bounds":{"bottom":1231,"left":202,"right":248,"top":1195},"Classname":"android.widget.TextView","Packagename":"com.justwayward.readerer","Text":" lv.9"},{"Bounds":{"bottom":1231,"left":607,"right":700,"top":1195},"Classname":"android.widget.TextView","Packagename":"com.justwayward.readerer","Text":"9小时前"},{"Bounds":{"bottom":1279,"left":150,"right":290,"top":1241},"Classname":"android.widget.TextView","Packagename":"com.justwayward.readerer","Text":"有小姐姐嘛"},{"Bounds":{"bottom":1280,"left":150,"right":205,"top":1289},"Classname":"android.widget.TextView","Packagename":"com.justwayward.readerer","Text":"2"},{"Bounds":{"bottom":1280,"left":225,"right":283,"top":1289},"Classname":"android.widget.TextView","Packagename":"com.justwayward.readerer","Text":"1"}],"packagename":"com.example.a10628.myapplication","width":1080}