{"events":[{"eventname":"TYPE_VIEW_CLICKED","source":{"Bounds":{"bottom":136,"left":0,"right":88,"top":48},"Classname":"android.widget.FrameLayout","Packagename":"com.sina.weibo","Text":""}}],"height":1920,"hovertime":3101,"nodes":[{"Bounds":{"bottom":19,"left":24,"right":160,"top":0},"Classname":"android.widget.TextView","Packagename":"com.sina.weibo","Text":"所在地"},{"Bounds":{"bottom":19,"left":160,"right":216,"top":0},"Classname":"android.widget.TextView","Packagename":"com.sina.weibo","Text":"北京"},{"Bounds":{"bottom":95,"left":276,"right":444,"top":19},"Classname":"android.widget.TextView","Packagename":"com.sina.weibo","Text":"更多基本资料"},{"Bounds":{"bottom":185,"left":24,"right":612,"top":117},"Classname":"android.widget.TextView","Packagename":"com.sina.weibo","Text":"他的热门内容"},{"Bounds":{"bottom":167,"left":628,"right":676,"top":134},"Classname":"android.widget.TextView","Packagename":"com.sina.weibo","Text":"更多"},{"Bounds":{"bottom":295,"left":0,"right":490,"top":185},"Classname":"android.view.View","Packagename":"com.sina.weibo","Text":""},{"Bounds":{"bottom":481,"left":24,"right":696,"top":309},"Classname":"android.view.View","Packagename":"com.sina.weibo","Text":""},{"Bounds":{"bottom":1037,"left":66,"right":120,"top":965},"Classname":"android.widget.ImageView","Packagename":"com.sina.weibo","Text":""},{"Bounds":{"bottom":1020,"left":121,"right":165,"top":982},"Classname":"android.widget.TextView","Packagename":"com.sina.weibo","Text":"2万"},{"Bounds":{"bottom":1037,"left":306,"right":360,"top":965},"Classname":"android.widget.ImageView","Packagename":"com.sina.weibo","Text":""},{"Bounds":{"bottom":1020,"left":361,"right":405,"top":982},"Classname":"android.widget.TextView","Packagename":"com.sina.weibo","Text":"3万"},{"Bounds":{"bottom":1037,"left":538,"right":592,"top":965},"Classname":"android.widget.ImageView","Packagename":"com.sina.weibo","Text":""},{"Bounds":{"bottom":1020,"left":593,"right":653,"top":982},"Classname":"android.widget.TextView","Packagename":"com.sina.weibo","Text":"24万"},{"Bounds":{"bottom":1147,"left":0,"right":490,"top":1037},"Classname":"android.view.View","Packagename":"com.sina.weibo","Text":""},{"Bounds":{"bottom":1192,"left":24,"right":696,"top":1161},"Classname":"android.view.View","Packagename":"com.sina.weibo","Text":""},{"Bounds":{"bottom":1192,"left":56,"right":110,"top":1577},"Classname":"android.widget.ImageView","Packagename":"com.sina.weibo","Text":""},{"Bounds":{"bottom":1192,"left":111,"right":175,"top":1594},"Classname":"android.widget.TextView","Packagename":"com.sina.weibo","Text":"3479"},{"Bounds":{"bottom":1192,"left":296,"right":350,"top":1577},"Classname":"android.widget.ImageView","Packagename":"com.sina.weibo","Text":""},{"Bounds":{"bottom":1192,"left":351,"right":415,"top":1594},"Classname":"android.widget.TextView","Packagename":"com.sina.weibo","Text":"6767"},{"Bounds":{"bottom":1192,"left":539,"right":593,"top":1577},"Classname":"android.widget.ImageView","Packagename":"com.sina.weibo","Text":""},{"Bounds":{"bottom":1192,"left":594,"right":651,"top":1594},"Classname":"android.widget.TextView","Packagename":"com.sina.weibo","Text":"17万"},{"Bounds":{"bottom":225,"left":720,"right":720,"top":0},"Classname":"android.widget.FrameLayout","Packagename":"com.sina.weibo","Text":""},{"Bounds":{"bottom":282,"left":720,"right":720,"top":225},"Classname":"android.widget.TextView","Packagename":"com.sina.weibo","Text":"全部微博(285)"},{"Bounds":{"bottom":282,"left":1342,"right":720,"top":225},"Classname":"android.widget.TextView","Packagename":"com.sina.weibo","Text":"筛选"},{"Bounds":{"bottom":1192,"left":720,"right":720,"top":282},"Classname":"android.view.View","Packagename":"com.sina.weibo","Text":""},{"Bounds":{"bottom":225,"left":1440,"right":720,"top":0},"Classname":"android.widget.FrameLayout","Packagename":"com.sina.weibo","Text":""},{"Bounds":{"bottom":225,"left":1440,"right":720,"top":225},"Classname":"android.widget.LinearLayout","Packagename":"com.sina.weibo","Text":""},{"Bounds":{"bottom":1192,"left":1440,"right":720,"top":225},"Classname":"android.view.View","Packagename":"com.sina.weibo","Text":""},{"Bounds":{"bottom":225,"left":2160,"right":720,"top":0},"Classname":"android.widget.FrameLayout","Packagename":"com.sina.weibo","Text":""},{"Bounds":{"bottom":225,"left":2160,"right":720,"top":225},"Classname":"android.widget.LinearLayout","Packagename":"com.sina.weibo","Text":""},{"Bounds":{"bottom":1192,"left":2160,"right":720,"top":225},"Classname":"android.view.View","Packagename":"com.sina.weibo","Text":""},{"Bounds":{"bottom":137,"left":0,"right":720,"top":0},"Classname":"android.widget.ImageView","Packagename":"com.sina.weibo","Text":""},{"Bounds":{"bottom":-46,"left":278,"right":442,"top":0},"Classname":"android.widget.FrameLayout","Packagename":"com.sina.weibo","Text":""},{"Bounds":{"bottom":20,"left":142,"right":414,"top":0},"Classname":"android.widget.TextView","Packagename":"com.sina.weibo","Text":"张国立"},{"Bounds":{"bottom":27,"left":414,"right":578,"top":0},"Classname":"android.widget.LinearLayout","Packagename":"com.sina.weibo","Text":""},{"Bounds":{"bottom":62,"left":244,"right":292,"top":29},"Classname":"android.widget.TextView","Packagename":"com.sina.weibo","Text":"关注"},{"Bounds":{"bottom":62,"left":304,"right":332,"top":29},"Classname":"android.widget.TextView","Packagename":"com.sina.weibo","Text":"67"},{"Bounds":{"bottom":62,"left":389,"right":437,"top":29},"Classname":"android.widget.TextView","Packagename":"com.sina.weibo","Text":"粉丝"},{"Bounds":{"bottom":62,"left":449,"right":512,"top":29},"Classname":"android.widget.TextView","Packagename":"com.sina.weibo","Text":"143万"},{"Bounds":{"bottom":109,"left":215,"right":504,"top":73},"Classname":"android.widget.TextView","Packagename":"com.sina.weibo","Text":"微博认证:演员、导演张国立"},{"Bounds":{"bottom":203,"left":114,"right":174,"top":154},"Classname":"android.widget.TextView","Packagename":"com.sina.weibo","Text":"主页"},{"Bounds":{"bottom":203,"left":258,"right":318,"top":154},"Classname":"android.widget.TextView","Packagename":"com.sina.weibo","Text":"微博"},{"Bounds":{"bottom":203,"left":402,"right":462,"top":154},"Classname":"android.widget.TextView","Packagename":"com.sina.weibo","Text":"超话"},{"Bounds":{"bottom":203,"left":546,"right":606,"top":154},"Classname":"android.widget.TextView","Packagename":"com.sina.weibo","Text":"相册"},{"Bounds":{"bottom":122,"left":16,"right":76,"top":62},"Classname":"android.widget.ImageView","Packagename":"com.sina.weibo","Text":""},{"Bounds":{"bottom":115,"left":141,"right":579,"top":69},"Classname":"android.widget.TextView","Packagename":"com.sina.weibo","Text":"张国立"},{"Bounds":{"bottom":122,"left":556,"right":616,"top":62},"Classname":"android.widget.ImageView","Packagename":"com.sina.weibo","Text":""},{"Bounds":{"bottom":122,"left":644,"right":704,"top":62},"Classname":"android.widget.ImageView","Packagename":"com.sina.weibo","Text":""},{"Bounds":{"bottom":1192,"left":0,"right":0,"top":1192},"Classname":"android.widget.TextView","Packagename":"com.sina.weibo","Text":""},{"Bounds":{"bottom":1192,"left":0,"right":0,"top":1192},"Classname":"android.widget.TextView","Packagename":"com.sina.weibo","Text":""},{"Bounds":{"bottom":1192,"left":0,"right":0,"top":1192},"Classname":"android.widget.TextView","Packagename":"com.sina.weibo","Text":"粉丝"},{"Bounds":{"bottom":1192,"left":0,"right":0,"top":1192},"Classname":"android.widget.TextView","Packagename":"com.sina.weibo","Text":""},{"Bounds":{"bottom":1192,"left":0,"right":0,"top":1192},"Classname":"android.widget.TextView","Packagename":"com.sina.weibo","Text":"关注"},{"Bounds":{"bottom":1192,"left":0,"right":0,"top":1192},"Classname":"android.widget.TextView","Packagename":"com.sina.weibo","Text":""},{"Bounds":{"bottom":1252,"left":173,"right":229,"top":1219},"Classname":"android.widget.TextView","Packagename":"com.sina.weibo","Text":"关注"},{"Bounds":{"bottom":1252,"left":512,"right":568,"top":1219},"Classname":"android.widget.TextView","Packagename":"com.sina.weibo","Text":"聊天"}],"packagename":"com.example.a10628.myapplication","width":1080}