{"events":[{"eventname":"TYPE_VIEW_SCROLLED","source":{"Bounds":{"bottom":1280,"left":0,"right":720,"top":0},"Classname":"android.webkit.WebView","Packagename":"com.baycode.tianya","Text":""}},{"eventname":"TYPE_WINDOW_STATE_CHANGED","source":{"Bounds":{"bottom":1280,"left":0,"right":720,"top":0},"Classname":"android.widget.FrameLayout","Packagename":"com.baycode.tianya","Text":""}}],"height":1920,"hovertime":4059,"nodes":[{"Bounds":{"bottom":4,"left":10,"right":122,"top":2},"Classname":"android.view.View","Packagename":"com.baycode.tianya","Text":"只看楼主"},{"Bounds":{"bottom":4,"left":10,"right":710,"top":2},"Classname":"android.view.View","Packagename":"com.baycode.tianya","Text":"科比如果当年去了黄蜂，生涯成就能不能赶上马布里？"},{"Bounds":{"bottom":4,"left":0,"right":720,"top":2},"Classname":"android.view.View","Packagename":"com.baycode.tianya","Text":"第1页 | 共2页   访问13267 | 回复363"},{"Bounds":{"bottom":4,"left":8,"right":712,"top":2},"Classname":"android.view.View","Packagename":"com.baycode.tianya","Text":"sphinx85122016-06-29 13:08:00"},{"Bounds":{"bottom":688,"left":10,"right":710,"top":2},"Classname":"android.view.View","Packagename":"com.baycode.tianya","Text":"　　乔丹退役，联盟需要找一个接班人，找了几个不是老就是伤，这时候科比跟着奥尼尔混了三个总冠军，于是顺理成章的力捧之。\n　　所谓的OK组合那都是商业上的炒作，看过当年比赛的都知道，哪里有什么K啊，全场只能看到O和另外9个人，科比只是那9个人中普通的一个。\n　　三连冠期间，打阵地球必先给奥尼尔，无包夹\u003d送分，2人包也未必包得住，一两次打进打出后，外线必有空位，湖人其它四人需要做的只是把球交给奥尼尔，然后再投中空位投篮就OK了。就别提麦迪、艾弗森这个档次的球员了，就是把科比换成科沃尔，湖人也只会打的更好；即使换成弗莱这种高炮，或是贝弗利这种疯狗，也不会比科比的作用差。"},{"Bounds":{"bottom":1210,"left":20,"right":700,"top":708},"Classname":"android.view.View","Packagename":"com.baycode.tianya","Text":"推广 青春里的那些故事你还记得么？ 知乎-发现更大的世界 "},{"Bounds":{"bottom":1266,"left":648,"right":700,"top":1236},"Classname":"android.view.View","Packagename":"com.baycode.tianya","Text":"回复"},{"Bounds":{"bottom":1280,"left":8,"right":712,"top":1280},"Classname":"android.view.View","Packagename":"com.baycode.tianya","Text":"sphinx85122016-06-29 13:14:05"},{"Bounds":{"bottom":1280,"left":10,"right":710,"top":1280},"Classname":"android.view.View","Packagename":"com.baycode.tianya","Text":"　　三连冠期间，科比还啥也不是，老老实实当个蓝领，所以湖人三连冠了。\n　　之后联盟媒体力捧，自己不知道自己吃几碗干饭了，开始和老大奥尼尔叫板。\n　　三连冠期间，奥尼尔以60%+的命中率场均出手20+，所以赢了。\n　　F4期间，科比自我膨胀，进攻不再找奥尼尔，以30%+的命中率场均出手二十六七次，奥尼尔却只有10几次了，所以输了。\n　　打铁那么多，不中就被打返击，球队哪来的士气，于是输的一塌糊涂。"},{"Bounds":{"bottom":1280,"left":648,"right":700,"top":1280},"Classname":"android.view.View","Packagename":"com.baycode.tianya","Text":"回复"},{"Bounds":{"bottom":1280,"left":8,"right":712,"top":1280},"Classname":"android.view.View","Packagename":"com.baycode.tianya","Text":"sphinx85122016-06-29 13:19:41"},{"Bounds":{"bottom":1280,"left":10,"right":710,"top":1280},"Classname":"android.view.View","Packagename":"com.baycode.tianya","Text":"　　因为年青的优势，逼走的奥尼尔，虽然刷分刷的爽了，却连季后赛都进不去。\n　　现在科比也退了，可以盖棺定论了。科比得分40+的比赛，湖人胜率只有60%，科比得分不到15分的比赛，湖人的胜率却高达70%。\n　　20年的职业生涯，常年命中率远低于全队。科密可以帮我科谱一下，这20年中科比有没有一年，命中率超过全队的时候。\n　　智商超过70的人都看得出来，湖人的队友太牛B，不怕科比得分少，他把出手分给别人，别人会得更多的分，就怕科比高得分，比如47中17得41分，坑太大了，兄弟们填不上啊。"},{"Bounds":{"bottom":1280,"left":648,"right":700,"top":1280},"Classname":"android.view.View","Packagename":"com.baycode.tianya","Text":"回复"},{"Bounds":{"bottom":1280,"left":8,"right":712,"top":1280},"Classname":"android.view.View","Packagename":"com.baycode.tianya","Text":"sphinx85122016-06-29 13:24:31"},{"Bounds":{"bottom":1280,"left":10,"right":710,"top":1280},"Classname":"android.view.View","Packagename":"com.baycode.tianya","Text":"　　有些科密会扯詹姆斯15年总决赛的命中率也很低。的确40%的命中率是不高，当除詹姆斯外，骑士其它人的命中率是33%，6场比赛，詹姆斯不在场的20几分钟里，骑士没有投中哪怕一个球。至于詹姆斯还要主防之类的就不扯了。\n　　所以詹姆斯即使15年总决只有40%的命中率，依然很高，依然应该是球队的第一选择。\n　　F4时期的科比同样是40%，就是极底，因为队里还有一个60%+的怪兽。"},{"Bounds":{"bottom":1280,"left":648,"right":700,"top":1280},"Classname":"android.view.View","Packagename":"com.baycode.tianya","Text":"回复"},{"Bounds":{"bottom":1280,"left":8,"right":712,"top":1280},"Classname":"android.view.View","Packagename":"com.baycode.tianya","Text":"sphinx85122016-06-29 13:31:43"},{"Bounds":{"bottom":1280,"left":10,"right":710,"top":1280},"Classname":"android.view.View","Packagename":"com.baycode.tianya","Text":"　　科比的什么81分，连续9场40+，连续4场50+，为什么季后赛或总决赛里没有这样的表现呢？别说9场40+，打了7次总决赛，只有一次40分而已。\n　　詹姆斯，常规赛82场，最高分只有37分而已，被说成是老态毕现，但在总决赛的最后三场却连续40+加3双。\n　　这充分说明了，詹姆斯只在乎总决赛，常规赛对他来说只是热身而已。\n　　而科比只是另外一个档次的球员，无法统治季后赛，只能在常规赛或全明星赛上拼命刷分刷暴光率。\n　　常规赛连续9场刷40+，真的什么都不是，只要脸皮够厚，出手够多，没有几个NBA的球员做不到的，47投篮得不到40分，别说NBA了，CBA也混不下去啊。"},{"Bounds":{"bottom":1280,"left":648,"right":700,"top":1280},"Classname":"android.view.View","Packagename":"com.baycode.tianya","Text":"回复"},{"Bounds":{"bottom":1280,"left":8,"right":712,"top":1280},"Classname":"android.view.View","Packagename":"com.baycode.tianya","Text":"sphinx85122016-06-29 13:36:15"},{"Bounds":{"bottom":1280,"left":10,"right":710,"top":1280},"Classname":"android.view.View","Packagename":"com.baycode.tianya","Text":"　　如果科比当年不是去了湖人这NBA第一豪门，有奥尼尔，有F4，有三高这些历史级的牛B队友，而是去了黄蜂。\n　　以科比的带队能力，球队肯定年年争状元，打球比马布里还独，性格更差，没有抱大腿捡的三连冠，没有好莱坞的人气。科比估计会比马布里更早来CBA。"},{"Bounds":{"bottom":1280,"left":648,"right":700,"top":1280},"Classname":"android.view.View","Packagename":"com.baycode.tianya","Text":"回复"},{"Bounds":{"bottom":1280,"left":8,"right":712,"top":1280},"Classname":"android.view.View","Packagename":"com.baycode.tianya","Text":"边坡绿化2016-06-29 13:45:28"},{"Bounds":{"bottom":1280,"left":10,"right":710,"top":1280},"Classname":"android.view.View","Packagename":"com.baycode.tianya","Text":"　　科比只是运气好吧\n　　"},{"Bounds":{"bottom":1280,"left":648,"right":700,"top":1280},"Classname":"android.view.View","Packagename":"com.baycode.tianya","Text":"回复"},{"Bounds":{"bottom":1280,"left":8,"right":712,"top":1280},"Classname":"android.view.View","Packagename":"com.baycode.tianya","Text":"sphinx85122016-06-29 13:48:17"},{"Bounds":{"bottom":1280,"left":10,"right":710,"top":1280},"Classname":"android.view.View","Packagename":"com.baycode.tianya","Text":"　　科蜜总喜欢说科比怎么怎么勤奋，比如每天四点钟起来训练。科比头几天来中国，还在大言不惭的说现在仍然4点起来训练呢。\n　　只有自己从来没有锻炼过，或是知道低是60的家伙才会相信科比的鬼话。\n　　C罗是最勤奋的运动员之一吧，C罗说他保持状态的秘诀就是每天睡眠12个小时。运动员除了训练，必需要好好休息，不好好休息，就不可能保证好好训练。一个职业运动员是不可能4点钟开始锻炼的，那只是骗脑残粉的小把戏而已。\n　　湖人全队上午9点训练到12点，科比一个人从4点练到9点，然后接着再和全队一起练到12点，这可能吗？傻子都知道，不可能。\n　　科比即使真的有某几天4点到的训练馆，也肯定是练到7点左右，然后洗澡回家睡觉了。也就是说别人睡觉的时候他训练，别人训练的时候他睡觉，这叫哪门子勤奋？这叫特权，以伤害球队为代价，突出自己为目的的特权。"},{"Bounds":{"bottom":1280,"left":648,"right":700,"top":1280},"Classname":"android.view.View","Packagename":"com.baycode.tianya","Text":"回复"},{"Bounds":{"bottom":1280,"left":8,"right":712,"top":1280},"Classname":"android.view.View","Packagename":"com.baycode.tianya","Text":"sphinx85122016-06-29 13:59:34"},{"Bounds":{"bottom":1280,"left":10,"right":710,"top":1280},"Classname":"android.view.View","Packagename":"com.baycode.tianya","Text":"　　除了晒4点，科比另外一个本事就是晒伤病。‘我半夜睡觉都会被痛醒’，这得是多大的伤啊，然后第二天就拉杆背扣。这一招忽悠了多少脑残啊。\n　　当然这些被忽悠的，自己肯定是从来不运动的，更不打球，只是在电脑前当键盘侠，他们不知道，当一个人真有伤病的时候，是不可能做出那些动作来的。\n　　而且NBA有严格的规定，真正严重的伤病是不可以出场的。\n　　能出场的，伤基本上都是好了起码八八九九了。再说谁身上没有点伤啊，别说那些职业的了，就我们这些打野球的朋友，哪个不是隔三差五的伤一回。\n　　科比别的水平可能都很一般，但晒四点，晒伤病，骗脑残的水平绝对是历史第一，无人可与之争锋。"},{"Bounds":{"bottom":1280,"left":648,"right":700,"top":1280},"Classname":"android.view.View","Packagename":"com.baycode.tianya","Text":"回复"},{"Bounds":{"bottom":1280,"left":8,"right":712,"top":1280},"Classname":"android.view.View","Packagename":"com.baycode.tianya","Text":"u_1056029752016-06-29 15:20:19"},{"Bounds":{"bottom":1280,"left":10,"right":710,"top":1280},"Classname":"android.view.View","Packagename":"com.baycode.tianya","Text":"　　@sphinx8512 2016-06-29 13:14:05\n　　三连冠期间，科比还啥也不是，老老实实当个蓝领，所以湖人三连冠了。\n　　之后联盟媒体力捧，自己不知道自己吃几碗干饭了，开始和老大奥尼尔叫板。\n　　三连冠期间，奥尼尔以60%+的命中率场均出手20+，所以赢了。\n　　F4期间，科比自我膨胀，进攻不再找奥尼尔，以30%+的命中率场均出手二十六七次，奥尼尔却只有10几次了，所以输了。\n　　打铁那么多，不中就被打返击，球队哪来的士气，于是输的一塌糊涂。\n　　-----------------------------\n　　随便搜索了一下当时的数据，当时的西部季后赛上科比的数据便可呈现！\n　　除去总决赛的数据：\n　　99-00 科比23.1分，4.3助攻；奥尼尔28.1分，14.9篮板\n　　00-01 科比31.6分，6.2助攻；奥尼尔29.2分，15.3篮板\n　　01-02 科比26.6分，4.3助攻；奥尼尔26.4分，12.7篮板\n\n　　而到了总决赛：\n　　99-00 科比15.6分，4.6助攻；奥尼尔38分.16.7个篮板\n　　00-01 科比24.6分，5.8助攻；奥尼尔33分15.6蓝板\n　　01-02 科比26.6分，5.8助攻；奥尼尔36.3分 12.3个篮板\n\n　　整个季后赛：\n　　99-00 科比21.1分，4.4助攻，4.5篮板；奥尼尔30.7分，3.1助攻，15.4篮板\n　　00-01 科比29.4分，6.1助攻，7.3篮板；奥尼尔30.4分，3.2助攻，15.4篮板\n　　01-02 科比26.6分，4.6助攻，5.8篮板；奥尼尔28.5分，2.8助攻，12.6篮板"},{"Bounds":{"bottom":1280,"left":648,"right":700,"top":1280},"Classname":"android.view.View","Packagename":"com.baycode.tianya","Text":"回复"},{"Bounds":{"bottom":1280,"left":8,"right":712,"top":1280},"Classname":"android.view.View","Packagename":"com.baycode.tianya","Text":"sphinx85122016-06-29 15:37:56"},{"Bounds":{"bottom":1280,"left":10,"right":710,"top":1280},"Classname":"android.view.View","Packagename":"com.baycode.tianya","Text":"　　韦德是真有伤，从动作到速度速率，很明显有些场次是带伤在打，但韦德从来不谈自己的伤病，更不会把伤病当作表现不好的借口。\n　　詹姆斯打步行者有一场，脚崴成什么样了，换任何人都肯定打不了，之后休个把月很正常，詹姆斯一分钟都没休，上场直接投中绝杀。\n　　科比从来是小伤小休，大伤大休，没伤身体不舒服也要休几场，然后再一天到晚的晒伤病。\n"},{"Bounds":{"bottom":1280,"left":648,"right":700,"top":1280},"Classname":"android.view.View","Packagename":"com.baycode.tianya","Text":"回复"},{"Bounds":{"bottom":1280,"left":8,"right":712,"top":1280},"Classname":"android.view.View","Packagename":"com.baycode.tianya","Text":"sphinx85122016-06-29 16:00:58"},{"Bounds":{"bottom":1280,"left":10,"right":710,"top":1280},"Classname":"android.view.View","Packagename":"com.baycode.tianya","Text":"　　每个人每天都是24小时，不可能比别人努力多少。尤其到了NBA这个阶段了，决定一个人上限的其实就是天分。\n　　詹姆斯练习三分的时间可能比库里更多，库里在健身房练肌肉的时间可能比詹姆斯更多。人真的是缺什么搞什么。詹姆斯那身板别人一天练24小时也不可能练出来，库里的三分同理。\n　　不是说科比不努力，但科比肯定不是科密相像中的那种比别人努力得多。科比就是一个天份远低于乔丹、詹姆斯，略低于艾弗森、麦迪、韦少、保罗，和马布里欧文哈登少不多的一个球员。"},{"Bounds":{"bottom":1280,"left":648,"right":700,"top":1280},"Classname":"android.view.View","Packagename":"com.baycode.tianya","Text":"回复"},{"Bounds":{"bottom":1280,"left":8,"right":712,"top":1280},"Classname":"android.view.View","Packagename":"com.baycode.tianya","Text":"weihaiaibeijing2016-06-29 16:11:05"},{"Bounds":{"bottom":1280,"left":10,"right":710,"top":1280},"Classname":"android.view.View","Packagename":"com.baycode.tianya","Text":"　　科比确实占了洛杉矶大球市和高曝光度的光，职业生涯也比较长，荣誉方面MVP和FMVP差了点，前三个总冠军还是奥尼尔腿太粗"},{"Bounds":{"bottom":1280,"left":648,"right":700,"top":1280},"Classname":"android.view.View","Packagename":"com.baycode.tianya","Text":"回复"},{"Bounds":{"bottom":1280,"left":8,"right":712,"top":1280},"Classname":"android.view.View","Packagename":"com.baycode.tianya","Text":"sphinx85122016-06-29 16:57:27"},{"Bounds":{"bottom":1280,"left":10,"right":710,"top":1280},"Classname":"android.view.View","Packagename":"com.baycode.tianya","Text":"　　科比硬荣誉基本上没有什么可以拿出手和老詹比的，科密们就发明了什么进攻手段多，全场无死角之类的新名词，唬的人一愣一愣的，什么叫全场无死角投篮啊？有鸟用呢？\n　　科比没有任何地方比的上老詹，但我想科密们这么吹，起码科比的投篮应该比詹姆斯强吧。结果一查，詹姆斯的最弱项三分命中率是36%，科比是33%。\n　　总决赛2人都打了7次，詹姆斯是40场进68个，科比是37场进48个，两人差距比常规赛更大，詹姆斯不仅投的多，而且投的准。\n\n　　所以说，相信媒体对科比的吹捧，以为科比真那么牛B，要过错年的。"},{"Bounds":{"bottom":1280,"left":648,"right":700,"top":1280},"Classname":"android.view.View","Packagename":"com.baycode.tianya","Text":"回复"},{"Bounds":{"bottom":1280,"left":8,"right":712,"top":1280},"Classname":"android.view.View","Packagename":"com.baycode.tianya","Text":"水舞倾城三刀流2016-06-29 17:53:29"},{"Bounds":{"bottom":1280,"left":10,"right":710,"top":1280},"Classname":"android.view.View","Packagename":"com.baycode.tianya","Text":"　　是的 楼主说的对！科比就是个普通球员"},{"Bounds":{"bottom":1280,"left":648,"right":700,"top":1280},"Classname":"android.view.View","Packagename":"com.baycode.tianya","Text":"回复"},{"Bounds":{"bottom":1280,"left":8,"right":712,"top":1280},"Classname":"android.view.View","Packagename":"com.baycode.tianya","Text":"为了教父的名誉02016-06-29 18:02:53"},{"Bounds":{"bottom":1280,"left":10,"right":710,"top":1280},"Classname":"android.view.View","Packagename":"com.baycode.tianya","Text":"　　哦\n　　"},{"Bounds":{"bottom":1280,"left":648,"right":700,"top":1280},"Classname":"android.view.View","Packagename":"com.baycode.tianya","Text":"回复"},{"Bounds":{"bottom":1280,"left":8,"right":712,"top":1280},"Classname":"android.view.View","Packagename":"com.baycode.tianya","Text":"sphinx85122016-06-29 19:42:10"},{"Bounds":{"bottom":1280,"left":10,"right":710,"top":1280},"Classname":"android.view.View","Packagename":"com.baycode.tianya","Text":"　　15年总决，骑士队7人轮换，全队命中率33%，詹姆斯40%，场均36分的三双，被科密黑成狗。\n　　00年，湖人48%，科比36%，15分； \n　　01年，湖人46%，科比41%，24分；\n　　02年，湖人50%，科比51%，26分；\n　　02年对手是网队，公认的总决赛上最差队，也是科比7次总决赛唯一一次命中率高于全队。以上三年被科密称为双核时期。\n　　-----------------------\n　　04年，湖人43%，科比以38%的命中率场均出手23次，全队第一，成功帮助活塞压冠，并挤走奥尼尔。\n　　-------------\n　　09年，湖人47%，科比43%\n　　10年，湖人43%，科比40%\n　　这两年就是传说中的科比单核夺冠了。"},{"Bounds":{"bottom":1280,"left":648,"right":700,"top":1280},"Classname":"android.view.View","Packagename":"com.baycode.tianya","Text":"回复"},{"Bounds":{"bottom":1280,"left":8,"right":712,"top":1280},"Classname":"android.view.View","Packagename":"com.baycode.tianya","Text":"McCarney2016-06-29 22:39:08"},{"Bounds":{"bottom":1280,"left":10,"right":710,"top":1280},"Classname":"android.view.View","Packagename":"com.baycode.tianya","Text":"　　有理有据，楼主和科比是有多大的仇恨??\n　　"},{"Bounds":{"bottom":1280,"left":648,"right":700,"top":1280},"Classname":"android.view.View","Packagename":"com.baycode.tianya","Text":"回复"},{"Bounds":{"bottom":1280,"left":8,"right":712,"top":1280},"Classname":"android.view.View","Packagename":"com.baycode.tianya","Text":"sphinx85122016-06-30 00:05:46"},{"Bounds":{"bottom":1280,"left":10,"right":710,"top":1280},"Classname":"android.view.View","Packagename":"com.baycode.tianya","Text":"　　20年只有一个MVP，还是公认最水最有争议的一次。就这样，就敢说乔丹之后的10几年是科比的时代，这得多不要脸啊。\n　　别扯什么一阵一防，甚至全明星票王之类的。和MVP,FMVP比，那种东西啥也不是，那就是炒作，就是做秀。\n　　当年的姚明，今年的科比，说明全明星票王和实力没有一毛钱关系。\n　　科比的一阵尤其是一防，和全明星没多大区别，非常的好莱坞。"},{"Bounds":{"bottom":1280,"left":648,"right":700,"top":1280},"Classname":"android.view.View","Packagename":"com.baycode.tianya","Text":"回复"},{"Bounds":{"bottom":1280,"left":8,"right":712,"top":1280},"Classname":"android.view.View","Packagename":"com.baycode.tianya","Text":"sphinx85122016-06-30 00:15:14"},{"Bounds":{"bottom":1280,"left":10,"right":710,"top":1280},"Classname":"android.view.View","Packagename":"com.baycode.tianya","Text":"　　即使是刷的也好，一阵起码还有点数据，比如20多分，科比的一防就是个笑话。\n　　尤其最后这几年，科比根本就不防守。\n　　14年卫平布来恩特都看不下去了，在一期节目里提了一个数据，防守贡献值，比科比更老的邓肯当时还是第一，科比在四百多人里排名倒数第7，卫平布来恩特说，排在科比后面的6个人，他一个也不认识。当时张卫平的原话是‘现在的科比要么不防守，要么赌博式抢断，只是这么多场了，也没见他抢过几个’。\n　　防守除了抢断，啥数据都弄不出来，还累的要死。于是科比非常聪明的完全不防守，节省体力，把精力都用来去刷分。"},{"Bounds":{"bottom":1280,"left":648,"right":700,"top":1280},"Classname":"android.view.View","Packagename":"com.baycode.tianya","Text":"回复"},{"Bounds":{"bottom":1280,"left":8,"right":712,"top":1280},"Classname":"android.view.View","Packagename":"com.baycode.tianya","Text":"ty_1142162712016-06-30 00:24:13"},{"Bounds":{"bottom":1280,"left":10,"right":710,"top":1280},"Classname":"android.view.View","Packagename":"com.baycode.tianya","Text":"　　楼主，一点道理没有，根本不会看球，只会看数据，看的还不全\n　　"},{"Bounds":{"bottom":1280,"left":648,"right":700,"top":1280},"Classname":"android.view.View","Packagename":"com.baycode.tianya","Text":"回复"},{"Bounds":{"bottom":1280,"left":8,"right":712,"top":1280},"Classname":"android.view.View","Packagename":"com.baycode.tianya","Text":"执念AI2016-06-30 07:25:08"},{"Bounds":{"bottom":1280,"left":10,"right":710,"top":1280},"Classname":"android.view.View","Packagename":"com.baycode.tianya","Text":"　　智障啊，科比能取的现在的成就是有原因的\n\n　　"},{"Bounds":{"bottom":1280,"left":648,"right":700,"top":1280},"Classname":"android.view.View","Packagename":"com.baycode.tianya","Text":"回复"},{"Bounds":{"bottom":1280,"left":8,"right":712,"top":1280},"Classname":"android.view.View","Packagename":"com.baycode.tianya","Text":"老狼在天涯2016-06-30 07:48:56"},{"Bounds":{"bottom":1280,"left":10,"right":710,"top":1280},"Classname":"android.view.View","Packagename":"com.baycode.tianya","Text":"　　楼主有理有据，赞一个。但是科比也没有那么差\n　　"},{"Bounds":{"bottom":1280,"left":648,"right":700,"top":1280},"Classname":"android.view.View","Packagename":"com.baycode.tianya","Text":"回复"},{"Bounds":{"bottom":1280,"left":8,"right":712,"top":1280},"Classname":"android.view.View","Packagename":"com.baycode.tianya","Text":"情狮2016-06-30 09:27:55"},{"Bounds":{"bottom":1280,"left":10,"right":710,"top":1280},"Classname":"android.view.View","Packagename":"com.baycode.tianya","Text":"　　科比就是常规赛球员，\n　　总决赛表现《《《季后赛《《《常规赛。\n\n　　科比密说津津乐道的记录，高光时刻，都来自于常规赛，包括81分，三节62分，一大串40等等，但是\n\n\n　　但是，一旦到了拼刺刀的季后赛，科比的所有表现被詹姆斯全方位碾压！！参加了7次总决赛，只有在40分，而且命中率又不高，不是很能得分，很敢投篮吗？怎么一旦总决赛防守强度上去就不会得分了？？？\n\n　　科比密来告诉我，在季后赛里面，科比有哪项数据，能够拿出来和詹姆斯扳扳手腕！"},{"Bounds":{"bottom":1280,"left":648,"right":700,"top":1280},"Classname":"android.view.View","Packagename":"com.baycode.tianya","Text":"回复"},{"Bounds":{"bottom":1280,"left":8,"right":712,"top":1280},"Classname":"android.view.View","Packagename":"com.baycode.tianya","Text":"情狮2016-06-30 09:28:52"},{"Bounds":{"bottom":1280,"left":10,"right":710,"top":1280},"Classname":"android.view.View","Packagename":"com.baycode.tianya","Text":"　　科比就是常规赛球员，\n　　总决赛表现《《《季后赛《《《常规赛。\n\n　　科比密说津津乐道的记录，高光时刻，都来自于常规赛，包括81分，三节62分，一大串40等等，但是\n\n\n　　但是，一旦到了拼刺刀的季后赛，科比的所有表现被詹姆斯全方位碾压！！参加了7次总决赛，只有一次40分，而且命中率又不高，不是很能得分，很敢投篮吗？怎么一旦总决赛防守强度上去就不会得分了？？？\n\n　　科比密来告诉我，在季后赛里面，科比有哪项数据，能够拿出来和詹姆斯扳扳手腕！"},{"Bounds":{"bottom":1280,"left":648,"right":700,"top":1280},"Classname":"android.view.View","Packagename":"com.baycode.tianya","Text":"回复"},{"Bounds":{"bottom":1280,"left":8,"right":712,"top":1280},"Classname":"android.view.View","Packagename":"com.baycode.tianya","Text":"1丑20162016-06-30 12:34:46"},{"Bounds":{"bottom":1280,"left":10,"right":282,"top":1280},"Classname":"android.view.View","Packagename":"com.baycode.tianya","Text":"　　还是喜欢科比"},{"Bounds":{"bottom":1280,"left":10,"right":710,"top":1280},"Classname":"android.view.View","Packagename":"com.baycode.tianya","Text":"\n"},{"Bounds":{"bottom":1280,"left":10,"right":78,"top":1280},"Classname":"android.view.View","Packagename":"com.baycode.tianya","Text":"　　"},{"Bounds":{"bottom":1280,"left":78,"right":438,"top":1280},"Classname":"android.widget.Image","Packagename":"com.baycode.tianya","Text":"点击图片查看幻灯模式"},{"Bounds":{"bottom":1280,"left":10,"right":710,"top":1280},"Classname":"android.view.View","Packagename":"com.baycode.tianya","Text":"\n"},{"Bounds":{"bottom":1280,"left":648,"right":700,"top":1280},"Classname":"android.view.View","Packagename":"com.baycode.tianya","Text":"回复"},{"Bounds":{"bottom":1280,"left":8,"right":712,"top":1280},"Classname":"android.view.View","Packagename":"com.baycode.tianya","Text":"唐初里几2016-06-30 14:00:31"},{"Bounds":{"bottom":1280,"left":10,"right":710,"top":1280},"Classname":"android.view.View","Packagename":"com.baycode.tianya","Text":"\n\n　　以事实说话，好"},{"Bounds":{"bottom":1280,"left":648,"right":700,"top":1280},"Classname":"android.view.View","Packagename":"com.baycode.tianya","Text":"回复"},{"Bounds":{"bottom":1280,"left":8,"right":712,"top":1280},"Classname":"android.view.View","Packagename":"com.baycode.tianya","Text":"layhao2016-06-30 14:06:38"},{"Bounds":{"bottom":1280,"left":10,"right":710,"top":1280},"Classname":"android.view.View","Packagename":"com.baycode.tianya","Text":"　　04年，湖人43%，科比以38%的命中率场均出手23次，全队第一，成功帮助活塞压冠，并挤走奥尼尔。\n　　-------------\n　　09年，湖人47%，科比43%\n　　10年，湖人43%，科比40%\n　　这两年就是传说中的科比单核夺冠了。\n　　\u003d\u003d\u003d\u003d\u003d\u003d\u003d\u003d\u003d\u003d\u003d\u003d\u003d\u003d\u003d\u003d\u003d\u003d\u003d\u003d\u003d\u003d\u003d\u003d\u003d\u003d\n　　我靠，专业打脸！"},{"Bounds":{"bottom":1280,"left":648,"right":700,"top":1280},"Classname":"android.view.View","Packagename":"com.baycode.tianya","Text":"回复"},{"Bounds":{"bottom":1280,"left":8,"right":712,"top":1280},"Classname":"android.view.View","Packagename":"com.baycode.tianya","Text":"秋水冢2016-06-30 14:26:20"},{"Bounds":{"bottom":1280,"left":10,"right":710,"top":1280},"Classname":"android.view.View","Packagename":"com.baycode.tianya","Text":"　　@sphinx8512 11楼 2016-06-29 15:37:00\n\n　　韦德是真有伤，从动作到速度速率，很明显有些场次是带伤在打，但韦德从来不谈自己的伤病，更不会把伤病当作表现不好的借口。 \n\n　　詹姆斯打步行者有一场，脚崴成什么样了，换任何人都肯定打不了，之后休个把月很正常，詹姆斯一分钟都没休，上场直接投中绝杀。 \n\n　　科比从来是小伤小休，大伤大休，没伤身体不舒服也要休几场，然后再一天到晚的晒伤病。\n　　—————————————————\n　　这是眼神矮蜜喜欢说的吧\n　　"},{"Bounds":{"bottom":1280,"left":648,"right":700,"top":1280},"Classname":"android.view.View","Packagename":"com.baycode.tianya","Text":"回复"},{"Bounds":{"bottom":1280,"left":8,"right":712,"top":1280},"Classname":"android.view.View","Packagename":"com.baycode.tianya","Text":"DK代言人2016-06-30 16:41:38"},{"Bounds":{"bottom":1280,"left":10,"right":710,"top":1280},"Classname":"android.view.View","Packagename":"com.baycode.tianya","Text":"　　这数据，我竟无言以博…………\n　　哈哈，不黑不粉"},{"Bounds":{"bottom":1280,"left":648,"right":700,"top":1280},"Classname":"android.view.View","Packagename":"com.baycode.tianya","Text":"回复"},{"Bounds":{"bottom":1280,"left":8,"right":712,"top":1280},"Classname":"android.view.View","Packagename":"com.baycode.tianya","Text":"coldrafle2016-06-30 17:15:33"},{"Bounds":{"bottom":1280,"left":10,"right":710,"top":1280},"Classname":"android.view.View","Packagename":"com.baycode.tianya","Text":"　　说真的，科比也没那么烂啦"},{"Bounds":{"bottom":1280,"left":648,"right":700,"top":1280},"Classname":"android.view.View","Packagename":"com.baycode.tianya","Text":"回复"},{"Bounds":{"bottom":1280,"left":8,"right":712,"top":1280},"Classname":"android.view.View","Packagename":"com.baycode.tianya","Text":"北十三郎2016-06-30 17:46:08"},{"Bounds":{"bottom":1280,"left":10,"right":710,"top":1280},"Classname":"android.view.View","Packagename":"com.baycode.tianya","Text":"　　\u003d\u003d\u003d\u003d\u003d\u003d\u003d\u003d\u003d\u003d\u003d\u003d\u003d\u003d\u003d\u003d\u003d\u003d\u003d\u003d\u003d\u003d"},{"Bounds":{"bottom":1280,"left":648,"right":700,"top":1280},"Classname":"android.view.View","Packagename":"com.baycode.tianya","Text":"回复"},{"Bounds":{"bottom":1280,"left":8,"right":712,"top":1280},"Classname":"android.view.View","Packagename":"com.baycode.tianya","Text":"sphinx85122016-06-30 17:54:46"},{"Bounds":{"bottom":1280,"left":10,"right":710,"top":1280},"Classname":"android.view.View","Packagename":"com.baycode.tianya","Text":"　　连续40+是科比的标志，也是科密们天天挂在嘴上的，毕竟没有什么其它硬荣誉。\n　　12年虎扑做过一个统计，40+的比赛里\n　　命中率：詹姆斯57%，三分47%；科比51%，三分45%。\n　　助攻：詹姆斯7.1，科比4.1\n　　篮板：詹姆斯8.4%，科比6\n　　命中率低于45%的40分：詹姆斯4%，科比19%\n　　出手高二31次的40分：詹姆斯23%，科比45%\n　　------------------------------------------\n　　45%的命中率应该是后场球员的及格线吧，科比有1/5的40+，命中率连及格都没达到。\n　　比赛的重要程度就更不要比了，科比的40+基本上都是常规赛里的，总决赛只差一分就一次都没有。"},{"Bounds":{"bottom":1280,"left":648,"right":700,"top":1280},"Classname":"android.view.View","Packagename":"com.baycode.tianya","Text":"回复"},{"Bounds":{"bottom":1280,"left":8,"right":712,"top":1280},"Classname":"android.view.View","Packagename":"com.baycode.tianya","Text":"不黑科比2016-06-30 18:07:35"},{"Bounds":{"bottom":1280,"left":10,"right":710,"top":1280},"Classname":"android.view.View","Packagename":"com.baycode.tianya","Text":"　　名宿退役了，求放过"},{"Bounds":{"bottom":1280,"left":648,"right":700,"top":1280},"Classname":"android.view.View","Packagename":"com.baycode.tianya","Text":"回复"},{"Bounds":{"bottom":1280,"left":8,"right":712,"top":1280},"Classname":"android.view.View","Packagename":"com.baycode.tianya","Text":"宝宝金水king2016-06-30 18:20:34"},{"Bounds":{"bottom":1280,"left":10,"right":710,"top":1280},"Classname":"android.view.View","Packagename":"com.baycode.tianya","Text":"　　说实话科比找了个好媳妇。\n　　"},{"Bounds":{"bottom":1280,"left":648,"right":700,"top":1280},"Classname":"android.view.View","Packagename":"com.baycode.tianya","Text":"回复"},{"Bounds":{"bottom":1280,"left":8,"right":712,"top":1280},"Classname":"android.view.View","Packagename":"com.baycode.tianya","Text":"sphinx85122016-07-01 10:09:23"},{"Bounds":{"bottom":1280,"left":10,"right":710,"top":1280},"Classname":"android.view.View","Packagename":"com.baycode.tianya","Text":"\n"},{"Bounds":{"bottom":1280,"left":10,"right":78,"top":1280},"Classname":"android.view.View","Packagename":"com.baycode.tianya","Text":"　　"},{"Bounds":{"bottom":1280,"left":10,"right":710,"top":1280},"Classname":"android.widget.Image","Packagename":"com.baycode.tianya","Text":"点击图片查看幻灯模式"},{"Bounds":{"bottom":1280,"left":10,"right":710,"top":1280},"Classname":"android.view.View","Packagename":"com.baycode.tianya","Text":"\n"},{"Bounds":{"bottom":1280,"left":10,"right":478,"top":1280},"Classname":"android.view.View","Packagename":"com.baycode.tianya","Text":"　　科比最被称颂的绝杀能力。"},{"Bounds":{"bottom":1280,"left":648,"right":700,"top":1280},"Classname":"android.view.View","Packagename":"com.baycode.tianya","Text":"回复"},{"Bounds":{"bottom":1280,"left":8,"right":712,"top":1280},"Classname":"android.view.View","Packagename":"com.baycode.tianya","Text":"sphinx85122016-07-01 10:17:21"},{"Bounds":{"bottom":1280,"left":10,"right":710,"top":1280},"Classname":"android.view.View","Packagename":"com.baycode.tianya","Text":"　　绝杀多，并不代表擅长绝杀。\n　　绝杀对手一次，就要绝杀湖人3次。\n　　而且似乎也不怎么多嘛，比乔丹多出手9次，少命中2个，比詹姆斯多出手15次，仅多命中2个。\n　　所以说众口烁金，谎言说一万次就被很多人当真理了。\n　　什么科比绝杀牛，什么大心脏，呵呵"},{"Bounds":{"bottom":1280,"left":648,"right":700,"top":1280},"Classname":"android.view.View","Packagename":"com.baycode.tianya","Text":"回复"},{"Bounds":{"bottom":1280,"left":8,"right":712,"top":1280},"Classname":"android.view.View","Packagename":"com.baycode.tianya","Text":"梦回大唐CEO2016-07-01 10:26:51"},{"Bounds":{"bottom":1280,"left":10,"right":710,"top":1280},"Classname":"android.view.View","Packagename":"com.baycode.tianya","Text":"　　估计LZ没看过一场湖人的比赛，老是提命中率，老科大部分的球都是高难度球，大部分都是最后时间的压哨球，也不看看经常是多少人防他"},{"Bounds":{"bottom":1280,"left":648,"right":700,"top":1280},"Classname":"android.view.View","Packagename":"com.baycode.tianya","Text":"回复"},{"Bounds":{"bottom":1280,"left":8,"right":712,"top":1280},"Classname":"android.view.View","Packagename":"com.baycode.tianya","Text":"sphinx85122016-07-01 10:34:51"},{"Bounds":{"bottom":1280,"left":10,"right":630,"top":1280},"Classname":"android.view.View","Packagename":"com.baycode.tianya","Text":"　　@梦回大唐CEO 2016-07-01 10:26:51"},{"Bounds":{"bottom":1280,"left":10,"right":710,"top":1280},"Classname":"android.view.View","Packagename":"com.baycode.tianya","Text":"\n"},{"Bounds":{"bottom":1280,"left":10,"right":708,"top":1280},"Classname":"android.view.View","Packagename":"com.baycode.tianya","Text":"　　估计LZ没看过一场湖人的比赛，老是提命中率，老科大部分的球都是高难度球，大部分都是最后时间的压哨球，也不看看经常是多少人防他"},{"Bounds":{"bottom":1280,"left":10,"right":710,"top":1280},"Classname":"android.view.View","Packagename":"com.baycode.tianya","Text":"\n"},{"Bounds":{"bottom":1280,"left":10,"right":350,"top":1280},"Classname":"android.view.View","Packagename":"com.baycode.tianya","Text":"　　-----------------------------"},{"Bounds":{"bottom":1280,"left":10,"right":710,"top":1280},"Classname":"android.view.View","Packagename":"com.baycode.tianya","Text":"\n"},{"Bounds":{"bottom":1280,"left":10,"right":708,"top":1280},"Classname":"android.view.View","Packagename":"com.baycode.tianya","Text":"　　为什么大部分都是高难度，你知道吗，你也不看球，当然不知道了，那我来告诉你。有图有真相。"},{"Bounds":{"bottom":1280,"left":10,"right":710,"top":1280},"Classname":"android.view.View","Packagename":"com.baycode.tianya","Text":"\n"},{"Bounds":{"bottom":1280,"left":10,"right":710,"top":1280},"Classname":"android.view.View","Packagename":"com.baycode.tianya","Text":"\n"},{"Bounds":{"bottom":1280,"left":10,"right":78,"top":1280},"Classname":"android.view.View","Packagename":"com.baycode.tianya","Text":"　　"},{"Bounds":{"bottom":1280,"left":10,"right":710,"top":1280},"Classname":"android.widget.Image","Packagename":"com.baycode.tianya","Text":"点击图片查看幻灯模式"},{"Bounds":{"bottom":1280,"left":10,"right":710,"top":1280},"Classname":"android.view.View","Packagename":"com.baycode.tianya","Text":"\n"},{"Bounds":{"bottom":1280,"left":648,"right":700,"top":1280},"Classname":"android.view.View","Packagename":"com.baycode.tianya","Text":"回复"},{"Bounds":{"bottom":1280,"left":8,"right":712,"top":1280},"Classname":"android.view.View","Packagename":"com.baycode.tianya","Text":"sphinx85122016-07-01 10:37:25"},{"Bounds":{"bottom":1280,"left":10,"right":710,"top":1280},"Classname":"android.view.View","Packagename":"com.baycode.tianya","Text":"　　这个球前面的把艾灵顿换成是我，只要科比轻轻传过来，我都有把握把这球放进。\n　　这个球的最后结局就是艾灵顿像个傻子一样白跑，科比运球到三分线，最后一秒钟在三人包夹下勉强出手，湖人OVER。\n\n　　@梦回大唐CEO ：这回你知道为什么科比出手都是高难度了吧。"},{"Bounds":{"bottom":1280,"left":648,"right":700,"top":1280},"Classname":"android.view.View","Packagename":"com.baycode.tianya","Text":"回复"},{"Bounds":{"bottom":1280,"left":8,"right":712,"top":1280},"Classname":"android.view.View","Packagename":"com.baycode.tianya","Text":"生命的记忆20122016-07-01 10:54:57"},{"Bounds":{"bottom":1280,"left":10,"right":710,"top":1280},"Classname":"android.view.View","Packagename":"com.baycode.tianya","Text":"　　http://t.qq.com/numberone2016zhang"},{"Bounds":{"bottom":1280,"left":648,"right":700,"top":1280},"Classname":"android.view.View","Packagename":"com.baycode.tianya","Text":"回复"},{"Bounds":{"bottom":1280,"left":8,"right":712,"top":1280},"Classname":"android.view.View","Packagename":"com.baycode.tianya","Text":"一箭封喉2016-07-01 13:23:04"},{"Bounds":{"bottom":1280,"left":10,"right":630,"top":1280},"Classname":"android.view.View","Packagename":"com.baycode.tianya","Text":"　　@梦回大唐CEO 2016-07-01 10:26:51"},{"Bounds":{"bottom":1280,"left":10,"right":710,"top":1280},"Classname":"android.view.View","Packagename":"com.baycode.tianya","Text":"\n"},{"Bounds":{"bottom":1280,"left":10,"right":708,"top":1280},"Classname":"android.view.View","Packagename":"com.baycode.tianya","Text":"　　估计LZ没看过一场湖人的比赛，老是提命中率，老科大部分的球都是高难度球，大部分都是最后时间的压哨球，也不看看经常是多少人防他"},{"Bounds":{"bottom":1280,"left":10,"right":710,"top":1280},"Classname":"android.view.View","Packagename":"com.baycode.tianya","Text":"\n"},{"Bounds":{"bottom":1280,"left":10,"right":350,"top":1280},"Classname":"android.view.View","Packagename":"com.baycode.tianya","Text":"　　-----------------------------"},{"Bounds":{"bottom":1280,"left":10,"right":710,"top":1280},"Classname":"android.view.View","Packagename":"com.baycode.tianya","Text":"\n"},{"Bounds":{"bottom":1280,"left":10,"right":604,"top":1280},"Classname":"android.view.View","Packagename":"com.baycode.tianya","Text":"　　@sphinx8512 2016-07-01 10:34:51"},{"Bounds":{"bottom":1280,"left":10,"right":710,"top":1280},"Classname":"android.view.View","Packagename":"com.baycode.tianya","Text":"\n"},{"Bounds":{"bottom":1280,"left":10,"right":708,"top":1280},"Classname":"android.view.View","Packagename":"com.baycode.tianya","Text":"　　为什么大部分都是高难度，你知道吗，你也不看球，当然不知道了，那我来告诉你。有图有真相。"},{"Bounds":{"bottom":1280,"left":10,"right":710,"top":1280},"Classname":"android.view.View","Packagename":"com.baycode.tianya","Text":"\n"},{"Bounds":{"bottom":1280,"left":10,"right":78,"top":1280},"Classname":"android.view.View","Packagename":"com.baycode.tianya","Text":"　　"},{"Bounds":{"bottom":1280,"left":10,"right":710,"top":1280},"Classname":"android.widget.Image","Packagename":"com.baycode.tianya","Text":"点击图片查看幻灯模式"},{"Bounds":{"bottom":1280,"left":10,"right":710,"top":1280},"Classname":"android.view.View","Packagename":"com.baycode.tianya","Text":"\n"},{"Bounds":{"bottom":1280,"left":10,"right":350,"top":1280},"Classname":"android.view.View","Packagename":"com.baycode.tianya","Text":"　　-----------------------------"},{"Bounds":{"bottom":1280,"left":10,"right":710,"top":1280},"Classname":"android.view.View","Packagename":"com.baycode.tianya","Text":"\n"},{"Bounds":{"bottom":1280,"left":10,"right":248,"top":1280},"Classname":"android.view.View","Packagename":"com.baycode.tianya","Text":"　　无语唏嘘啊"},{"Bounds":{"bottom":1280,"left":648,"right":700,"top":1280},"Classname":"android.view.View","Packagename":"com.baycode.tianya","Text":"回复"},{"Bounds":{"bottom":1280,"left":8,"right":712,"top":1280},"Classname":"android.view.View","Packagename":"com.baycode.tianya","Text":"sphinx85122016-07-01 13:30:23"},{"Bounds":{"bottom":1280,"left":10,"right":710,"top":1280},"Classname":"android.view.View","Packagename":"com.baycode.tianya","Text":"　　书豪传杨少侠，杨进绝杀。所有湖人都在庆祝，只有科比愤怒异常，还打了书豪。绝杀这种出风头的事，宁可自己投不进，也不能让队友投进啊。"},{"Bounds":{"bottom":1280,"left":648,"right":700,"top":1280},"Classname":"android.view.View","Packagename":"com.baycode.tianya","Text":"回复"},{"Bounds":{"bottom":1280,"left":8,"right":712,"top":1280},"Classname":"android.view.View","Packagename":"com.baycode.tianya","Text":"大小丫丫2016-07-01 13:32:16"},{"Bounds":{"bottom":1280,"left":10,"right":710,"top":1280},"Classname":"android.view.View","Packagename":"com.baycode.tianya","Text":"　　@sphinx8512 2016-07-01 13:30:23\n　　书豪传杨少侠，杨进绝杀。所有湖人都在庆祝，只有科比愤怒异常，还打了书豪。绝杀这种出风头的事，宁可自己投不进，也不能让队友投进啊。\n　　-----------------------------\n　　蜗壳是队魂，想打谁就打谁，想躺拿就躺拿，想巡演就巡演。"},{"Bounds":{"bottom":1280,"left":648,"right":700,"top":1280},"Classname":"android.view.View","Packagename":"com.baycode.tianya","Text":"回复"},{"Bounds":{"bottom":1280,"left":8,"right":712,"top":1280},"Classname":"android.view.View","Packagename":"com.baycode.tianya","Text":"syhr0072016-07-01 14:04:14"},{"Bounds":{"bottom":1280,"left":10,"right":710,"top":1280},"Classname":"android.view.View","Packagename":"com.baycode.tianya","Text":"　　@sphinx8512 12楼 2016-06-29 16:00:00\n\n　　每个人每天都是24小时，不可能比别人努力多少。尤其到了NBA这个阶段了，决定一个人上限的其实就是天分。 \n\n　　詹姆斯练习三分的时间可能比库里更多，库里在健身房练肌肉的时间可能比詹姆斯更多。人真的是缺什么搞什么。詹姆斯那身板别人一天练24小时也不可能练出来，库里的三分同理。 \n\n　　不是说科比不努力，但科比肯定不是科密相像中的那种比别人努力得多。科比就是一个天份远低于乔丹、詹姆斯，略低于艾弗森、麦迪、韦少...\n　　—————————————————\n　　说的太对了，不能同意更多\n　　"},{"Bounds":{"bottom":1280,"left":648,"right":700,"top":1280},"Classname":"android.view.View","Packagename":"com.baycode.tianya","Text":"回复"},{"Bounds":{"bottom":1280,"left":8,"right":712,"top":1280},"Classname":"android.view.View","Packagename":"com.baycode.tianya","Text":"影子的传说20162016-07-02 09:27:46"},{"Bounds":{"bottom":1280,"left":10,"right":710,"top":1280},"Classname":"android.view.View","Packagename":"com.baycode.tianya","Text":"　　@sphinx8512 53楼 2016-07-01 10:09\n\n　　科比最被称颂的绝杀能力。\n　　-----------------------------\n　　事实胜于雄辩!这就是科吹常说的绝杀看科比么?\n　　"},{"Bounds":{"bottom":1280,"left":648,"right":700,"top":1280},"Classname":"android.view.View","Packagename":"com.baycode.tianya","Text":"回复"},{"Bounds":{"bottom":1280,"left":8,"right":712,"top":1280},"Classname":"android.view.View","Packagename":"com.baycode.tianya","Text":"博文灯饰2016-07-02 14:04:17"},{"Bounds":{"bottom":1280,"left":10,"right":710,"top":1280},"Classname":"android.view.View","Packagename":"com.baycode.tianya","Text":"　　让 OK傻逼王朝给你答案\n\n　　没去湖人科比去了山猫黄蜂场均50+\n　　总得分58888分。历史第一。\n\n　　巅峰赛季场均60分，场均 67中27\n\n　　"},{"Bounds":{"bottom":1280,"left":648,"right":700,"top":1280},"Classname":"android.view.View","Packagename":"com.baycode.tianya","Text":"回复"},{"Bounds":{"bottom":1280,"left":8,"right":712,"top":1280},"Classname":"android.view.View","Packagename":"com.baycode.tianya","Text":"胡诌295642016-07-02 14:38:18"},{"Bounds":{"bottom":1280,"left":10,"right":710,"top":1280},"Classname":"android.view.View","Packagename":"com.baycode.tianya","Text":"　　@sphinx8512 2016-06-29 16:57:27\n　　科比硬荣誉基本上没有什么可以拿出手和老詹比的，科密们就发明了什么进攻手段多，全场无死角之类的新名词，唬的人一愣一愣的，什么叫全场无死角投篮啊？有鸟用呢？\n　　科比没有任何地方比的上老詹，但我想科密们这么吹，起码科比的投篮应该比詹姆斯强吧。结果一查，詹姆斯的最弱项三分命中率是36%，科比是33%。\n　　总决赛2人都打了7次，詹姆斯是40场进68个，科比是37场进48个，两人差距比常规赛更大，詹姆斯不仅投的多，而......\n　　-----------------------------\n　　科比最大的优点其实是他那偏执的求胜欲望，这是可以让人看的带劲的，那种呲牙咧嘴倒地抢球的状态让不少科密的人也认同这一点\n　　越是别人嘲笑，我越是要求胜，特别是低谷期。\n　　我们中国有很多人都觉得我弱我有理，你强多负担一点，还要照顾我的感受。\n"},{"Bounds":{"bottom":1280,"left":648,"right":700,"top":1280},"Classname":"android.view.View","Packagename":"com.baycode.tianya","Text":"回复"},{"Bounds":{"bottom":1280,"left":8,"right":712,"top":1280},"Classname":"android.view.View","Packagename":"com.baycode.tianya","Text":"sphinx85122016-07-03 13:35:25"},{"Bounds":{"bottom":1280,"left":10,"right":710,"top":1280},"Classname":"android.view.View","Packagename":"com.baycode.tianya","Text":"　　第一个F4没什么可以说的，科比以30%+的命中率疯狂出手，害死湖人，已经是公论了。\n　　第二个F4，参考去年，大加还是巅峰，火花更是以27岁纯巅峰期空降湖人，纳什虽然年纪大一些，但他拿2连MVP的时候就是30+，经验、意识、准才是他的能耐，年纪对他影响并不很大。\n　　纳什模范球员中的模范，说是有伤，但很可能没有，或者是小伤大养，不然为什么最后半年，湖人的电话纳什都不接，短信也不回。心里有气啊。\n　　纳什一经典控位，球都在科比手里，把纳什当一定点投手，然后反过来说纳什表现不好，科比却是为球队付出。\n　　纳什后来接受采访说：和科比一起打球，是完全另外一回事。\n　　不能说的更多了，明规则潜规则都很多，所以好多人心里把对方骂到100辈以上，嘴上还要说如何如何欣赏对方，这都是生意。\n　　大加真的和科比那么好，那为什么也要和火花一样，降薪也要走？科比实在没有任何一个朋友，只能拿大加充数了。\n　　联盟力捧了这么多年，科比的脑残粉这些年培养的太多，大家还要在这圈里混，为了生意，没有球员乐意公开得罪他而已。\n　　连纳什、大加都忍不了，人品真的是差到无以复加了。"},{"Bounds":{"bottom":1280,"left":648,"right":700,"top":1280},"Classname":"android.view.View","Packagename":"com.baycode.tianya","Text":"回复"},{"Bounds":{"bottom":1280,"left":8,"right":712,"top":1280},"Classname":"android.view.View","Packagename":"com.baycode.tianya","Text":"失洛河2016-07-04 13:37:05"},{"Bounds":{"bottom":1280,"left":10,"right":710,"top":1280},"Classname":"android.view.View","Packagename":"com.baycode.tianya","Text":"　　我靠，这个帖子好，楼主有理有据，不能再给力了。狂顶。"},{"Bounds":{"bottom":1280,"left":648,"right":700,"top":1280},"Classname":"android.view.View","Packagename":"com.baycode.tianya","Text":"回复"},{"Bounds":{"bottom":1280,"left":8,"right":712,"top":1280},"Classname":"android.view.View","Packagename":"com.baycode.tianya","Text":"momofeixia2016-07-04 14:22:52"},{"Bounds":{"bottom":1280,"left":10,"right":710,"top":1280},"Classname":"android.view.View","Packagename":"com.baycode.tianya","Text":"　　@layhao 2016-06-30 14:06:38\n　　04年，湖人43%，科比以38%的命中率场均出手23次，全队第一，成功帮助活塞压冠，并挤走奥尼尔。\n　　-------------\n　　09年，湖人47%，科比43%\n　　10年，湖人43%，科比40%\n　　这两年就是传说中的科比单核夺冠了。\n　　\u003d\u003d\u003d\u003d\u003d\u003d\u003d\u003d\u003d\u003d\u003d\u003d\u003d\u003d\u003d\u003d\u003d\u003d\u003d\u003d\u003d\u003d\u003d\u003d\u003d\u003d\n　　我靠，专业打脸！\n　　-----------------------------\n　　这个不能这样看吧，比如说角色球员，来个3投2中，或者来个2投2中。。。那是不是每场每个球都要给角色球员呢。。。你这个光看命中率有失偏颇，什么样的能力干什么样的活。。。。阿里扎你知道不，夺冠那两年，作为替补表现很高光吧，命中率也高，但是到了火箭，有无限开火权，为啥就是不行呢，而且还没科比的防守待遇。。。"},{"Bounds":{"bottom":1280,"left":648,"right":700,"top":1280},"Classname":"android.view.View","Packagename":"com.baycode.tianya","Text":"回复"},{"Bounds":{"bottom":1280,"left":8,"right":712,"top":1280},"Classname":"android.view.View","Packagename":"com.baycode.tianya","Text":"momofeixia2016-07-04 14:25:12"},{"Bounds":{"bottom":1280,"left":10,"right":630,"top":1280},"Classname":"android.view.View","Packagename":"com.baycode.tianya","Text":"　　@梦回大唐CEO 2016-07-01 10:26:51"},{"Bounds":{"bottom":1280,"left":10,"right":710,"top":1280},"Classname":"android.view.View","Packagename":"com.baycode.tianya","Text":"\n"},{"Bounds":{"bottom":1280,"left":10,"right":708,"top":1280},"Classname":"android.view.View","Packagename":"com.baycode.tianya","Text":"　　估计LZ没看过一场湖人的比赛，老是提命中率，老科大部分的球都是高难度球，大部分都是最后时间的压哨球，也不看看经常是多少人防他"},{"Bounds":{"bottom":1280,"left":10,"right":710,"top":1280},"Classname":"android.view.View","Packagename":"com.baycode.tianya","Text":"\n"},{"Bounds":{"bottom":1280,"left":10,"right":350,"top":1280},"Classname":"android.view.View","Packagename":"com.baycode.tianya","Text":"　　-----------------------------"},{"Bounds":{"bottom":1280,"left":10,"right":710,"top":1280},"Classname":"android.view.View","Packagename":"com.baycode.tianya","Text":"\n"},{"Bounds":{"bottom":1280,"left":10,"right":604,"top":1280},"Classname":"android.view.View","Packagename":"com.baycode.tianya","Text":"　　@sphinx8512 2016-07-01 10:34:51"},{"Bounds":{"bottom":1280,"left":10,"right":710,"top":1280},"Classname":"android.view.View","Packagename":"com.baycode.tianya","Text":"\n"},{"Bounds":{"bottom":1280,"left":10,"right":708,"top":1280},"Classname":"android.view.View","Packagename":"com.baycode.tianya","Text":"　　为什么大部分都是高难度，你知道吗，你也不看球，当然不知道了，那我来告诉你。有图有真相。"},{"Bounds":{"bottom":1280,"left":10,"right":710,"top":1280},"Classname":"android.view.View","Packagename":"com.baycode.tianya","Text":"\n"},{"Bounds":{"bottom":1280,"left":10,"right":78,"top":1280},"Classname":"android.view.View","Packagename":"com.baycode.tianya","Text":"　　"},{"Bounds":{"bottom":1280,"left":10,"right":710,"top":1280},"Classname":"android.widget.Image","Packagename":"com.baycode.tianya","Text":"点击图片查看幻灯模式"},{"Bounds":{"bottom":1280,"left":10,"right":710,"top":1280},"Classname":"android.view.View","Packagename":"com.baycode.tianya","Text":"\n"},{"Bounds":{"bottom":1280,"left":10,"right":350,"top":1280},"Classname":"android.view.View","Packagename":"com.baycode.tianya","Text":"　　-----------------------------"},{"Bounds":{"bottom":1280,"left":10,"right":710,"top":1280},"Classname":"android.view.View","Packagename":"com.baycode.tianya","Text":"\n"},{"Bounds":{"bottom":1280,"left":10,"right":564,"top":1280},"Classname":"android.view.View","Packagename":"com.baycode.tianya","Text":"　　@一箭封喉 2016-07-01 13:23:04"},{"Bounds":{"bottom":1280,"left":10,"right":710,"top":1280},"Classname":"android.view.View","Packagename":"com.baycode.tianya","Text":"\n"},{"Bounds":{"bottom":1280,"left":10,"right":248,"top":1280},"Classname":"android.view.View","Packagename":"com.baycode.tianya","Text":"　　无语唏嘘啊"},{"Bounds":{"bottom":1280,"left":10,"right":710,"top":1280},"Classname":"android.view.View","Packagename":"com.baycode.tianya","Text":"\n"},{"Bounds":{"bottom":1280,"left":10,"right":350,"top":1280},"Classname":"android.view.View","Packagename":"com.baycode.tianya","Text":"　　-----------------------------"},{"Bounds":{"bottom":1280,"left":10,"right":710,"top":1280},"Classname":"android.view.View","Packagename":"com.baycode.tianya","Text":"\n"},{"Bounds":{"bottom":1280,"left":10,"right":708,"top":1280},"Classname":"android.view.View","Packagename":"com.baycode.tianya","Text":"　　那么问题来了，雷霆篮下有个人，咋不见了呢"},{"Bounds":{"bottom":1280,"left":648,"right":700,"top":1280},"Classname":"android.view.View","Packagename":"com.baycode.tianya","Text":"回复"},{"Bounds":{"bottom":1280,"left":8,"right":712,"top":1280},"Classname":"android.view.View","Packagename":"com.baycode.tianya","Text":"momofeixia2016-07-04 14:27:07"},{"Bounds":{"bottom":1280,"left":10,"right":710,"top":1280},"Classname":"android.view.View","Packagename":"com.baycode.tianya","Text":"　　连续40+是科比的标志，也是科密们天天挂在嘴上的，毕竟没有什么其它硬荣誉。\n　　12年虎扑做过一个统计，40+的比赛里\n　　命中率：詹姆斯57%，三分47%；科比51%，三分45%。\n　　助攻：詹姆斯7.1，科比4.1\n　　篮板：詹姆斯8.4%，科比6\n　　命中率低于45%的40分：詹姆斯4%，科比19%\n　　出手高二31次的40分：詹姆斯23%，科比45%\n　　------------------------------------------\n　　@sphinx8512 2016-06-30 17:54:46\n　　45%的命中率应该是后场球员的及格线吧，科比有1/5的40+，命中率连及格都没达到。\n　　比赛的重要程度就更不要比了，科比的40+基本上都是常规赛里的，总决赛只差一分就一次都没有。\n　　-----------------------------\n　　第一次听说45%是后场的及格线"},{"Bounds":{"bottom":1280,"left":648,"right":700,"top":1280},"Classname":"android.view.View","Packagename":"com.baycode.tianya","Text":"回复"},{"Bounds":{"bottom":1280,"left":8,"right":712,"top":1280},"Classname":"android.view.View","Packagename":"com.baycode.tianya","Text":"潜行的豆沙包2016-07-04 16:11:27"},{"Bounds":{"bottom":1280,"left":10,"right":710,"top":1280},"Classname":"android.view.View","Packagename":"com.baycode.tianya","Text":"　　母狮夺冠，倍数哥现\n　　是不是叫一人得道鸡犬升天？\n　　给一大堆数据，却是脑残分析\n　　跟一个小学生看大学教授论文有什么分别？\n　　闹不出什么大名堂，却秀出惊人智商\n　　那么久不见，还是不长进\n　　"},{"Bounds":{"bottom":1280,"left":648,"right":700,"top":1280},"Classname":"android.view.View","Packagename":"com.baycode.tianya","Text":"回复"},{"Bounds":{"bottom":1280,"left":8,"right":712,"top":1280},"Classname":"android.view.View","Packagename":"com.baycode.tianya","Text":"小马过河19762016-07-04 17:08:04"},{"Bounds":{"bottom":1280,"left":10,"right":710,"top":1280},"Classname":"android.view.View","Packagename":"com.baycode.tianya","Text":"　　很理性，即使是黑，也黑得有道理，不似某些脑残黑和无理黑，或者一些脑残蜜，只会脑残，没事实道理论据，只会直来直去的黑和蜜，都是脑残\n\n"},{"Bounds":{"bottom":1280,"left":648,"right":700,"top":1280},"Classname":"android.view.View","Packagename":"com.baycode.tianya","Text":"回复"},{"Bounds":{"bottom":1280,"left":8,"right":712,"top":1280},"Classname":"android.view.View","Packagename":"com.baycode.tianya","Text":"小刀20147032016-07-04 22:40:36"},{"Bounds":{"bottom":1280,"left":10,"right":710,"top":1280},"Classname":"android.view.View","Packagename":"com.baycode.tianya","Text":"　　比不上大黄最后垃圾时间连得6分，上篮得2分...\n　　"},{"Bounds":{"bottom":1280,"left":648,"right":700,"top":1280},"Classname":"android.view.View","Packagename":"com.baycode.tianya","Text":"回复"},{"Bounds":{"bottom":1280,"left":8,"right":712,"top":1280},"Classname":"android.view.View","Packagename":"com.baycode.tianya","Text":"雪风之舞2016-07-05 08:01:49"},{"Bounds":{"bottom":1280,"left":10,"right":710,"top":1280},"Classname":"android.view.View","Packagename":"com.baycode.tianya","Text":"　　当然赶不上，好歹也是政委呢呵呵。。。\n　　"},{"Bounds":{"bottom":1280,"left":648,"right":700,"top":1280},"Classname":"android.view.View","Packagename":"com.baycode.tianya","Text":"回复"},{"Bounds":{"bottom":1280,"left":8,"right":712,"top":1280},"Classname":"android.view.View","Packagename":"com.baycode.tianya","Text":"坐见云起时2016-07-05 08:16:12"},{"Bounds":{"bottom":1280,"left":10,"right":710,"top":1280},"Classname":"android.view.View","Packagename":"com.baycode.tianya","Text":"\n　　这么说吧。\n\n　　没有胖子，科比起码没有前3只戒指。当时的形势就是西强东弱，西部球队进了总决赛就是冠军，黄蜂在东部，一直都没有神马补强能力，否则也不会混到要卖球队，后来连名字都改了。所以科比是不可能夺冠，很可能连东决的地板都摸不到。\n\n　　科比单独的带队能力，最好体现在05-07赛季，一次季后赛不进，两次一轮游，这还是有了总决赛的经验和禅师做教练后的成绩，试想没有总决赛经验，没有禅师，科比也就是比麦蒂在魔术好点。同样，没有湖人的打劫式操作搞来家嫂，科比以最高分区第四的排名，也不可能有后来的MVP，更加不会有FmvP。\n\n　　如果科比跑去抱团，例如去马刺，最多也只能混两三只老二戒指，肯定就没有MVP，所以综合成就必定比不上有MVP,带队总决赛的小艾。"},{"Bounds":{"bottom":1280,"left":648,"right":700,"top":1280},"Classname":"android.view.View","Packagename":"com.baycode.tianya","Text":"回复"},{"Bounds":{"bottom":1280,"left":8,"right":712,"top":1280},"Classname":"android.view.View","Packagename":"com.baycode.tianya","Text":"sphinx85122016-07-05 15:59:19"},{"Bounds":{"bottom":1280,"left":10,"right":710,"top":1280},"Classname":"android.view.View","Packagename":"com.baycode.tianya","Text":"　　去热火之前，詹姆斯遇到过最好的队友是小莫，小莫能不能算是联盟前100的球员？如果有人硬要说奥胖也到过骑士我也没办法。\n　　杜兰特的队友里有过威少，哈登，伊巴卡，雷吉杰克逊……\n　　詹姆斯当年打不过凯人，可以说没帮手，这是事实，那支骑士，乔丹也一样，不可能比詹姆斯做的更好。最主要的是，7年了，球队看不到任何希望。\n　　1，有詹姆斯，无法摆烂，选不到任何有前途的新秀；\n　　2，骑士管理层水平太烂，只能弄来些老弱病残，我是奥尼尔的铁粉，但骑士的奥尼尔肯定不是联盟前100的球员。\n　　3，克村相当于中国，连铁岭都算不上，真的很难吸引什么当打之年的巨星。换我们自己，所以条件都一样，我凭什么不去北上广，而要去铁岭呢？\n\n　　杜兰特在雷霆的队友足够强大了，不能成功，只是因为他自己不够强，最近20年，比雷霆的队友更强大的，只有科比的湖人，但巅峰奥、巅峰内线三高，2次F4，这种事情可遇不可求啊。雷霆的杜兰特已经是除科比外，运气最好的球星了。"},{"Bounds":{"bottom":1280,"left":648,"right":700,"top":1280},"Classname":"android.view.View","Packagename":"com.baycode.tianya","Text":"回复"},{"Bounds":{"bottom":1280,"left":8,"right":712,"top":1280},"Classname":"android.view.View","Packagename":"com.baycode.tianya","Text":"brookliu1232016-07-05 17:11:01"},{"Bounds":{"bottom":1280,"left":10,"right":710,"top":1280},"Classname":"android.view.View","Packagename":"com.baycode.tianya","Text":"　　@sphinx8512 2016-07-05 15:59:19\n　　去热火之前，詹姆斯遇到过最好的队友是小莫，小莫能不能算是联盟前100的球员？如果有人硬要说奥胖也到过骑士我也没办法。\n　　杜兰特的队友里有过威少，哈登，伊巴卡，雷吉杰克逊……\n　　詹姆斯当年打不过凯人，可以说没帮手，这是事实，那支骑士，乔丹也一样，不可能比詹姆斯做的更好。最主要的是，7年了，球队看不到任何希望。\n　　1，有詹姆斯，无法摆烂，选不到任何有前途的新秀；\n　　2，骑士管理层水平太烂，只能弄来......\n　　-----------------------------\n　　黑子眼里，詹姆斯旁边只要是个人就是巨星"},{"Bounds":{"bottom":1280,"left":648,"right":700,"top":1280},"Classname":"android.view.View","Packagename":"com.baycode.tianya","Text":"回复"},{"Bounds":{"bottom":1280,"left":8,"right":712,"top":1280},"Classname":"android.view.View","Packagename":"com.baycode.tianya","Text":"sphinx85122016-07-05 19:14:50"},{"Bounds":{"bottom":1280,"left":10,"right":710,"top":1280},"Classname":"android.view.View","Packagename":"com.baycode.tianya","Text":"　　在皮蓬成长起来前，乔丹也连输了活塞3次。\n　　可惜骑士1.0不是公牛，詹姆斯身边没有皮蓬。\n　　没有了乔丹的公牛，在皮蓬的带领下，公牛得到55胜27负。\n　　骑士有詹姆斯，常规赛联盟第一，没有，连年拿状元，詹姆斯回，1亚1冠。\n　　热火没詹姆斯，乐透或一轮，有詹姆斯，2亚2冠；詹姆斯走，补充了洛尔邓、大白边，乐透。\n　　乔丹得到队友的帮助比詹姆斯更多。"},{"Bounds":{"bottom":1280,"left":648,"right":700,"top":1280},"Classname":"android.view.View","Packagename":"com.baycode.tianya","Text":"回复"},{"Bounds":{"bottom":1280,"left":8,"right":712,"top":1280},"Classname":"android.view.View","Packagename":"com.baycode.tianya","Text":"老汉八十四2016-07-05 22:19:21"},{"Bounds":{"bottom":1280,"left":10,"right":710,"top":1280},"Classname":"android.view.View","Packagename":"com.baycode.tianya","Text":"　　楼主骗的一手好回复\n　　"},{"Bounds":{"bottom":1280,"left":648,"right":700,"top":1280},"Classname":"android.view.View","Packagename":"com.baycode.tianya","Text":"回复"},{"Bounds":{"bottom":1280,"left":8,"right":712,"top":1280},"Classname":"android.view.View","Packagename":"com.baycode.tianya","Text":"sphinx85122016-07-06 07:29:37"},{"Bounds":{"bottom":1280,"left":10,"right":710,"top":1280},"Classname":"android.view.View","Packagename":"com.baycode.tianya","Text":"　　乔丹仍然是历史第一，我没有异议。\n　　但说乔丹6进总决，6压冠军，成功率100%，因而压詹姆斯一头，我却并不同意。\n　　三输活塞的难道不是乔丹吗？没进总决不算数，得0分，进了总决没得冠军却要扣分，有这样的道理吗？\n　　而已詹姆斯输掉的4次总决赛，只有11年的确是他自己的锅，这个没有跑，100的詹姆斯自己的锅，必须负责任。\n　　07年遇到巅峰GDP，换成乔丹也不可能赢，乔丹带那支骑士，未必能进总决。\n　　14年对马刺，韦德伤的很重，只能打出老将底薪的水平；阿伦退役前的最后一年，除了努力也没有什么了，最后一场3分出手8中0（记不特别清，但差不多）。波什和查墨斯百分之百是卧底，输掉系列赛后据随队记者说两人像庆祝胜利一样喜笑颜开，这两个打成什么鬼样子看过比赛的人都知道，远不是老将底薪的水平，WCBA后备队吧。\n　　14年詹姆斯个人打爆马刺，打出了历史前3的PER，但另外4个位置被爆的更惨，乔丹来了一样会输。\n　　15年，7人轮换，其中香波特还有小伤，裁判显示照顾骑士，依然赢下两场，我觉得乔丹肯定做不到詹姆斯的做到的。第一场最后一分钟，莫兹托夫的好球被吹，如果不被吹，第一场肯定拿下，欧文也不会在加时赛受伤，前三场3:0，第四场骑士主场，欧文不伤。\n\n　　4次输球，1次詹姆斯的锅，3次换任何人来也不能做的更好，甚至其中2次的表现是历史级别的。"},{"Bounds":{"bottom":1280,"left":648,"right":700,"top":1280},"Classname":"android.view.View","Packagename":"com.baycode.tianya","Text":"回复"},{"Bounds":{"bottom":1280,"left":8,"right":712,"top":1280},"Classname":"android.view.View","Packagename":"com.baycode.tianya","Text":"新时期野蛮人2016-07-06 11:51:52"},{"Bounds":{"bottom":1280,"left":10,"right":710,"top":1280},"Classname":"android.view.View","Packagename":"com.baycode.tianya","Text":"　　14年总决赛打爆马刺？真的吗？\n　　"},{"Bounds":{"bottom":1280,"left":648,"right":700,"top":1280},"Classname":"android.view.View","Packagename":"com.baycode.tianya","Text":"回复"},{"Bounds":{"bottom":1280,"left":8,"right":712,"top":1280},"Classname":"android.view.View","Packagename":"com.baycode.tianya","Text":"雪国文化天下2016-07-06 17:23:24"},{"Bounds":{"bottom":1280,"left":10,"right":710,"top":1280},"Classname":"android.view.View","Packagename":"com.baycode.tianya","Text":"　　99~00赛季总决赛湖人VS步行者 当时如果说没有K 还值得信服 \n　　00~01、01~02赛季总决赛 K的出场时间均超过了O K的得分、篮板、助攻 都够巨星级别的表现 再说没K多少有点牵强\n\n　　当然必须承认这3年都是O发挥了更大的作用 但是没K O也难实现3冠"},{"Bounds":{"bottom":1280,"left":648,"right":700,"top":1280},"Classname":"android.view.View","Packagename":"com.baycode.tianya","Text":"回复"},{"Bounds":{"bottom":1280,"left":8,"right":712,"top":1280},"Classname":"android.view.View","Packagename":"com.baycode.tianya","Text":"七瓣雪花飞2016-07-06 17:55:22"},{"Bounds":{"bottom":1280,"left":10,"right":710,"top":1280},"Classname":"android.view.View","Packagename":"com.baycode.tianya","Text":"　　楼主傻B。\n　　你看过几场科比的比赛！\n　　整一个数据控！\n　　"},{"Bounds":{"bottom":1280,"left":648,"right":700,"top":1280},"Classname":"android.view.View","Packagename":"com.baycode.tianya","Text":"回复"},{"Bounds":{"bottom":1280,"left":8,"right":712,"top":1280},"Classname":"android.view.View","Packagename":"com.baycode.tianya","Text":"cc内勤2016-07-06 20:15:24"},{"Bounds":{"bottom":1280,"left":10,"right":710,"top":1280},"Classname":"android.view.View","Packagename":"com.baycode.tianya","Text":"　　楼主的帖子写的很不错有理有据，前两年在公园的一个帖子中回复了一条类似科比的成功运气占了不少成分的帖子，被60e追杀了好几周，大号曲解语义强词夺理，马甲煽风点火肆意辱骂。看到现在的回复，可以感慨60e基本都是伪蜜，当时科比势大就用来打压别人的观点，因为高阶数据基本都是科比的敌人，圈内口碑也只能听听场面话，还原真相就让别人拿证据，找来证据就说是假的。科比本来一代超级巨星，很多成就不必吹捧已经是时代楷模，偏偏在有些人嘴里，只要不跟着吹捧科比是上天入地的神仙就不行，最后实在被打脸的没办法，就只好写写印象流的帖子混混日子，一提数据就说人家没看比赛，一提MVP就说不如得分，真的很没意思。\n　　还是几年前给某些自称科蜜的人那句话，科比这人爱的爱死，恨的也恨死，自己体会就醒了，别强加自己的观点给别人。"},{"Bounds":{"bottom":1280,"left":648,"right":700,"top":1280},"Classname":"android.view.View","Packagename":"com.baycode.tianya","Text":"回复"},{"Bounds":{"bottom":1280,"left":8,"right":712,"top":1280},"Classname":"android.view.View","Packagename":"com.baycode.tianya","Text":"sphinx85122016-07-08 06:26:15"},{"Bounds":{"bottom":1280,"left":10,"right":710,"top":1280},"Classname":"android.view.View","Packagename":"com.baycode.tianya","Text":"　　乔丹现在比詹姆斯的荣誉更多，但并不是多到不可追赶。\n　　实际上乔丹比詹姆斯多的，仅仅是3个总冠军和3个FMVP。\n\n　　很多人会拿10连得分王说事，说詹姆斯无论如何也赶不上乔丹。\n　　得分王这种事情，放在杜兰特、麦迪、科比这一层次的球员身上，的确算是个很大的荣誉，但对于乔丹、詹姆斯这个级别的，却根本不值一提。\n\n　　詹姆斯前几天教育新科榜眼：总冠军和FMVP才是唯一的硬通货。\n　　提乔丹得分比詹姆斯多，为什么不提詹姆斯的篮板和助攻比乔丹多呢？所以说对他们两个来说，比得分或篮板或助攻，一点意义也没有，\n\n　　科比是完全不顾球队战绩，不顾队友感受，不管球队氛围，一心一意的只想刷得分，仅仅刷成了2次，其它18次都没成功。只要詹姆斯有科比1%的自私，就一心想刷自己的数据，连拿10个得分王没有任何难度。一个是一心想刷刷不成，另一个是完全不想刷，随便就收了一个。\n\n　　乔丹和詹姆斯两人，甚至只能比FMVP数，而不是总冠军数。詹姆斯起码还能打六七年，总冠军数可能会超过乔丹，但如果是像奥尼尔在热火夺冠的样子，就无法加分。想超过乔丹，必须要有FMVP的总冠军才行。\n　　绝不能像科比一样，拿着一堆老二、甚至老二都不算（00年科比的贡献值是个负数）的总冠军向乔丹叫板。"},{"Bounds":{"bottom":1280,"left":648,"right":700,"top":1280},"Classname":"android.view.View","Packagename":"com.baycode.tianya","Text":"回复"},{"Bounds":{"bottom":1280,"left":8,"right":712,"top":1280},"Classname":"android.view.View","Packagename":"com.baycode.tianya","Text":"sphinx85122016-07-08 14:13:01"},{"Bounds":{"bottom":1280,"left":10,"right":710,"top":1280},"Classname":"android.view.View","Packagename":"com.baycode.tianya","Text":"　　公牛给乔丹找来了皮蓬，所以乔丹留在公牛；\n　　詹姆斯没有，球队不给找，只能自己找，才去了热火；\n　　杜兰特有韦少，比皮蓬更牛的队友，杜兰特还嫌不够，一定要去73胜的队伍当老四。\n　　乔丹并不比詹姆斯忠诚，\n　　杜兰特和上面两人没有可比性。"},{"Bounds":{"bottom":1280,"left":648,"right":700,"top":1280},"Classname":"android.view.View","Packagename":"com.baycode.tianya","Text":"回复"},{"Bounds":{"bottom":1280,"left":8,"right":712,"top":1280},"Classname":"android.view.View","Packagename":"com.baycode.tianya","Text":"猪哥不要摇了2016-07-08 15:49:35"},{"Bounds":{"bottom":1280,"left":10,"right":710,"top":1280},"Classname":"android.view.View","Packagename":"com.baycode.tianya","Text":"　　厂公辛苦了，厂公再见。一个退役的球员还值得你这样黑，果然是真爱。"},{"Bounds":{"bottom":1280,"left":648,"right":700,"top":1280},"Classname":"android.view.View","Packagename":"com.baycode.tianya","Text":"回复"},{"Bounds":{"bottom":1280,"left":8,"right":712,"top":1280},"Classname":"android.view.View","Packagename":"com.baycode.tianya","Text":"zhaoggcat20142016-07-08 16:03:52"},{"Bounds":{"bottom":1280,"left":10,"right":710,"top":1280},"Classname":"android.view.View","Packagename":"com.baycode.tianya","Text":"　　@sphinx8512 2016-07-08 14:13\n　　公牛给乔丹找来了皮蓬，所以乔丹留在公牛；\n　　詹姆斯没有，球队不给找，只能自己找，才去了热火；\n　　杜兰特有韦少，比皮蓬更牛的队友，杜兰特还嫌不够，一定要去73胜的队伍当老四。\n　　乔丹并不比詹姆斯......\n　　-----------------------------\n　　杜兰特输就输在太明显了，直接去最强的队，根本不给自己留余地。无论热火还是凯子，三巨头可是没有人看好的，说只是纸面上的强大，未必能得总冠军。这还是三巨头已经凑齐的情况。湖人F4其实很被看衰，因为年龄太大了。杜兰特去勇士就不同了，一般认为只要勇士阵容稳定，明年冠军机率还是最大。结果在核心不动的情况下，补上杜兰特，就算得了冠军，和杜兰特有多大关系呢？！就如慈世平这样的智商，也知道他去湖人，如果卫冕不成功，就要怪他这个新来的。\n　　这样看，杜兰特是豪赌，压力是很大的。赢了，应该的，和你关系不大；输了，你还不如巴恩斯，就是坑。这个角度，我倒是佩服杜兰特的勇气。而且杜兰显然很自信，认为自己能够适应勇士并且提升勇士战斗力，拿到总冠军。"},{"Bounds":{"bottom":1280,"left":648,"right":700,"top":1280},"Classname":"android.view.View","Packagename":"com.baycode.tianya","Text":"回复"},{"Bounds":{"bottom":1280,"left":8,"right":712,"top":1280},"Classname":"android.view.View","Packagename":"com.baycode.tianya","Text":"momofeixia2016-07-09 00:11:03"},{"Bounds":{"bottom":1280,"left":10,"right":710,"top":1280},"Classname":"android.view.View","Packagename":"com.baycode.tianya","Text":"　　连续40+是科比的标志，也是科密们天天挂在嘴上的，毕竟没有什么其它硬荣誉。 \n\n　　12年虎扑做过一个统计，40+的比赛里 \n\n　　命中率：詹姆斯57%，三分47%；科比51%，三分45%。 \n\n　　助攻：詹姆斯7.1，科比4.1 \n\n　　篮板：詹姆斯8.4%，科比6 \n\n　　命中率低于45%的40分：詹姆斯4%，科比19% \n\n　　出手高二31次的40分：詹姆斯23%，科比45% \n\n　　------------------------------------------ \n\n　　@sphinx8512 2016-06-30 17:54:46 \n\n　　45%的命中率应该是后场球员的及格线吧，科比有1/5的40+，命中率连及格都没达到。 \n\n　　比赛的重要程度就更不要比了，科比的40+基本上都是常规赛里的，总决赛只差一分就一次都没有。 \n\n　　-----------------------------\n　　@momofeixia 2016-07-04 14:27:07 \n\n　　第一次听说45%是后场的及格线\n　　-----------------------------\n　　嗯，是的，蜗壳只是角色球员，比不过詹姆斯.....\n　　"},{"Bounds":{"bottom":1280,"left":648,"right":700,"top":1280},"Classname":"android.view.View","Packagename":"com.baycode.tianya","Text":"回复"},{"Bounds":{"bottom":1280,"left":8,"right":712,"top":1280},"Classname":"android.view.View","Packagename":"com.baycode.tianya","Text":"momofeixia2016-07-09 00:12:35"},{"Bounds":{"bottom":1280,"left":10,"right":710,"top":1280},"Classname":"android.view.View","Packagename":"com.baycode.tianya","Text":"　　@layhao 2016-06-30 14:06:38 \n\n　　04年，湖人43%，科比以38%的命中率场均出手23次，全队第一，成功帮助活塞压冠，并挤走奥尼尔。 \n\n　　------------- \n\n　　09年，湖人47%，科比43% \n\n　　10年，湖人43%，科比40% \n\n　　这两年就是传说中的科比单核夺冠了。 \n\n　　\u003d\u003d\u003d\u003d\u003d\u003d\u003d\u003d\u003d\u003d\u003d\u003d\u003d\u003d\u003d\u003d\u003d\u003d\u003d\u003d\u003d\u003d\u003d\u003d\u003d\u003d \n\n　　我靠，专业打脸！ \n\n　　-----------------------------\n　　@momofeixia 2016-07-04 14:22:52 \n\n　　这个不能这样看吧，比如说角色球员，来个3投2中，或者来个2投2中。。。那是不是每场每个球都要给角色球员呢。。。你这个光看命中率有失偏颇，什么样的能力干什么样的活。。。。阿里扎你知道不，夺冠那两年，作为替补表现很高光吧，命中率也高，但是到了火箭，有无限开火权，为啥就是不行呢，而且还没科比的防守待遇。。。\n　　-----------------------------\n　　呵呵，照你这么说，韦德之类，欧文之类都是角色球员咯....\n　　"},{"Bounds":{"bottom":1280,"left":648,"right":700,"top":1280},"Classname":"android.view.View","Packagename":"com.baycode.tianya","Text":"回复"},{"Bounds":{"bottom":1280,"left":8,"right":712,"top":1280},"Classname":"android.view.View","Packagename":"com.baycode.tianya","Text":"千里一醉20142016-07-09 07:00:29"},{"Bounds":{"bottom":1280,"left":10,"right":710,"top":1280},"Classname":"android.view.View","Packagename":"com.baycode.tianya","Text":"　　看球费电，楼主眼睛也不好，以后还是不要看了吧"},{"Bounds":{"bottom":1280,"left":648,"right":700,"top":1280},"Classname":"android.view.View","Packagename":"com.baycode.tianya","Text":"回复"},{"Bounds":{"bottom":1280,"left":8,"right":712,"top":1280},"Classname":"android.view.View","Packagename":"com.baycode.tianya","Text":"sphinx85122016-07-09 07:06:20"},{"Bounds":{"bottom":1280,"left":10,"right":710,"top":1280},"Classname":"android.view.View","Packagename":"com.baycode.tianya","Text":"　　00年总决，\n　　奥尼尔场均38分，16.7个篮板，61%命中率；\n　　科比场均15.6分，4.7板，36%命中率；\n　　————————————————————\n　　请问，这样的数据对比，下面这个是角色球员不？\n　　只有科密才管这叫‘科比联手奥尼尔，拿下总冠军’； \n　　那我们能不能说‘巴特儿联手邓肯，拿下总冠军’？\n　　巴特儿起码没拖球队的后腿，胜利贡献值不是个负数； 不像科比，浪投、低效，拖球队后腿，让别人给擦屁股。"},{"Bounds":{"bottom":1280,"left":648,"right":700,"top":1280},"Classname":"android.view.View","Packagename":"com.baycode.tianya","Text":"回复"},{"Bounds":{"bottom":1280,"left":8,"right":712,"top":1280},"Classname":"android.view.View","Packagename":"com.baycode.tianya","Text":"岑药师2016-07-09 11:28:18"},{"Bounds":{"bottom":1280,"left":10,"right":710,"top":1280},"Classname":"android.view.View","Packagename":"com.baycode.tianya","Text":"　　楼主用数据说话\n　　扒铁神的皮\n　　必须顶"},{"Bounds":{"bottom":1280,"left":648,"right":700,"top":1280},"Classname":"android.view.View","Packagename":"com.baycode.tianya","Text":"回复"},{"Bounds":{"bottom":1280,"left":8,"right":712,"top":1280},"Classname":"android.view.View","Packagename":"com.baycode.tianya","Text":"sphinx85122016-07-09 13:16:44"},{"Bounds":{"bottom":1280,"left":10,"right":710,"top":1280},"Classname":"android.view.View","Packagename":"com.baycode.tianya","Text":"　　@sphinx8512 2016-07-09 07:06:20\n　　00年总决，\n　　奥尼尔场均38分，16.7个篮板，61%命中率；\n　　科比场均15.6分，4.7板，36%命中率；\n　　————————————————————\n　　请问，这样的数据对比，下面这个是角色球员不？\n　　只有科密才管这叫‘科比联手奥尼尔，拿下总冠军’；\n　　那我们能不能说‘巴特儿联手邓肯，拿下总冠军’？\n　　巴特儿起码没拖球队的后腿，胜利贡献值不是个负数； 不像科比，浪投、低效，拖球队后腿，让别人给擦屁股。\n　　-----------------------------\n　　科密们会说，对手四五个人都去包夹科比去，放空了奥尼尔，所以科比的命中率才那么低，奥尼尔的命中率才那么高。"},{"Bounds":{"bottom":1280,"left":648,"right":700,"top":1280},"Classname":"android.view.View","Packagename":"com.baycode.tianya","Text":"回复"},{"Bounds":{"bottom":1280,"left":8,"right":712,"top":1280},"Classname":"android.view.View","Packagename":"com.baycode.tianya","Text":"u_1090541082016-07-09 13:49:57"},{"Bounds":{"bottom":1280,"left":10,"right":710,"top":1280},"Classname":"android.view.View","Packagename":"com.baycode.tianya","Text":"　　楼主说的太好了！科比其实就是个普通的全明星级别，唯一能称得上超级巨星的地方就是他的臭不要脸和自私！\n　　"},{"Bounds":{"bottom":1280,"left":648,"right":700,"top":1280},"Classname":"android.view.View","Packagename":"com.baycode.tianya","Text":"回复"},{"Bounds":{"bottom":1280,"left":8,"right":712,"top":1280},"Classname":"android.view.View","Packagename":"com.baycode.tianya","Text":"sphinx85122016-07-10 09:24:10"},{"Bounds":{"bottom":1280,"left":10,"right":710,"top":1280},"Classname":"android.view.View","Packagename":"com.baycode.tianya","Text":"　　虎扑上看到一个帖子，“假如詹姆斯07年加入马刺，会怎么样”？\n　　----------------------\n　　如果不是杜兰特加盟勇士，估计永远没人问这个问题。\n　　仔细想一想，GDP的工资都不高，完全可以容下詹姆斯。\n　　詹姆斯生涯前12年，始终没有一个好教练（看一下布朗、斯波、布拉特没有詹姆斯时候的战绩）。詹姆斯联手波波，呵呵。\n　　马刺的选秀，总能低顺位掏到宝，基本上不用担心板凳深度。\n　　认真想一下，最近9年，西部不可能有谁能威胁这样的马刺，基本上就是稳进总决。\n　　然后面对一支没有詹姆斯的东部球队。\n\n　　如果这个假设成立，邓肯现在应该已经是新任指环王了。"},{"Bounds":{"bottom":1280,"left":648,"right":700,"top":1280},"Classname":"android.view.View","Packagename":"com.baycode.tianya","Text":"回复"},{"Bounds":{"bottom":1280,"left":8,"right":712,"top":1280},"Classname":"android.view.View","Packagename":"com.baycode.tianya","Text":"zhaoggcat20142016-07-11 10:20:33"},{"Bounds":{"bottom":1280,"left":10,"right":710,"top":1280},"Classname":"android.view.View","Packagename":"com.baycode.tianya","Text":"　　@sphinx8512 2016-07-06 07:29\n　　乔丹仍然是历史第一，我没有异议。\n　　但说乔丹6进总决，6压冠军，成功率100%，因而压詹姆斯一头，我却并不同意。\n　　三输活塞的难道不是乔丹吗？没进总决不算数，得0分，进了总决没得冠军却要扣分，有这样......\n　　-----------------------------\n　　我不认为07年GDP全盛，乔丹来了也赢不了。因为06和08年，马刺没有得冠军。\n　　11年，还真不见得是詹姆斯的问题。或者说不是詹姆斯能力的问题。本来在骑士都有在关键时刻犹豫的毛病，到了热火有了韦德，心态和打法更难控制好了。说白了，就是不知道该怎么打了。我记得有一个纪录片，说11年失利后，韦德告诉詹姆斯继续像在骑士一样打球，才算明确了打法。这不完全怪詹姆斯，但是在詹姆斯身上集中体现出来。\n　　12和13赛季，明确了以詹姆斯为核心的打法，韦德也跟着会打了。韦德就是受伤病困扰，无法一场比赛保持冲击力。他和詹姆斯在这种情况下互补了。当然詹姆斯在夺冠时，作用最大，fmvp也给了他。但不是他一个人打败的对手。我记得韦德依然在关键时刻投中关键的入球。韦德的心理素质不是一般的好。波什牺牲很大，他不得不做自己不擅长的事情，数据体现不出不的作用很大。\n　　14年输就输在马刺打的太好了，格林两个射手超准，这样的马刺真的无解。何况韦德好像那一年伤最重。这也看也詹姆斯也不是一个人打败马刺有。说波什墨子卧底没有依据吧！毕竟两冠在手，能多伤心？\n　　15年，主要是伤了欧文，没有人能得分了。詹姆斯还是投有不够准。坚持了两场，最好撑不下去了。这就是实力问题，今年骑士全阵容，但上来1比3，最后一场也就赢了一个三分。\n"},{"Bounds":{"bottom":1280,"left":648,"right":700,"top":1280},"Classname":"android.view.View","Packagename":"com.baycode.tianya","Text":"回复"},{"Bounds":{"bottom":1280,"left":108,"right":182,"top":1280},"Classname":"android.view.View","Packagename":"com.baycode.tianya","Text":"返回"},{"Bounds":{"bottom":1280,"left":200,"right":274,"top":1280},"Classname":"android.view.View","Packagename":"com.baycode.tianya","Text":"上页"},{"Bounds":{"bottom":1280,"left":282,"right":438,"top":1280},"Classname":"android.view.View","Packagename":"com.baycode.tianya","Text":"第1页 | 共2页"},{"Bounds":{"bottom":1280,"left":446,"right":520,"top":1280},"Classname":"android.view.View","Packagename":"com.baycode.tianya","Text":"下页"},{"Bounds":{"bottom":1280,"left":538,"right":612,"top":1280},"Classname":"android.view.View","Packagename":"com.baycode.tianya","Text":"末页"},{"Bounds":{"bottom":1280,"left":40,"right":680,"top":1280},"Classname":"android.view.View","Packagename":"com.baycode.tianya","Text":"查看原文"},{"Bounds":{"bottom":1280,"left":40,"right":680,"top":1280},"Classname":"android.view.View","Packagename":"com.baycode.tianya","Text":"转发分享"},{"Bounds":{"bottom":214,"left":0,"right":88,"top":94},"Classname":"android.view.View","Packagename":"com.baycode.tianya","Text":""},{"Bounds":{"bottom":1270,"left":0,"right":102,"top":1202},"Classname":"android.widget.ImageButton","Packagename":"com.baycode.tianya","Text":""},{"Bounds":{"bottom":1270,"left":102,"right":205,"top":1202},"Classname":"android.widget.ImageButton","Packagename":"com.baycode.tianya","Text":""},{"Bounds":{"bottom":1270,"left":205,"right":308,"top":1202},"Classname":"android.widget.ImageButton","Packagename":"com.baycode.tianya","Text":""},{"Bounds":{"bottom":1270,"left":308,"right":411,"top":1202},"Classname":"android.widget.ImageButton","Packagename":"com.baycode.tianya","Text":""},{"Bounds":{"bottom":1270,"left":411,"right":514,"top":1202},"Classname":"android.widget.ImageButton","Packagename":"com.baycode.tianya","Text":""},{"Bounds":{"bottom":1270,"left":514,"right":617,"top":1202},"Classname":"android.widget.ImageButton","Packagename":"com.baycode.tianya","Text":""},{"Bounds":{"bottom":1270,"left":617,"right":720,"top":1202},"Classname":"android.widget.ImageButton","Packagename":"com.baycode.tianya","Text":""},{"Bounds":{"bottom":1280,"left":660,"right":720,"top":1260},"Classname":"android.view.View","Packagename":"com.baycode.tianya","Text":""},{"Bounds":{"bottom":1280,"left":0,"right":720,"top":1180},"Classname":"android.view.View","Packagename":"com.baycode.tianya","Text":"知乎 摄影构图有哪些技巧和标准？ "}],"packagename":"com.example.a10628.myapplication","width":1080}