{"events":[{"eventname":"TYPE_VIEW_SCROLLED","source":{"Bounds":{"bottom":1280,"left":0,"right":720,"top":0},"Classname":"android.support.v7.widget.RecyclerView","Packagename":"com.douban.frodo","Text":""}},{"eventname":"TYPE_VIEW_CLICKED","source":{"Bounds":{"bottom":144,"left":0,"right":112,"top":48},"Classname":"android.widget.ImageButton","Packagename":"com.douban.frodo","Text":""}},{"eventname":"TYPE_WINDOW_STATE_CHANGED","source":{"Bounds":{"bottom":1280,"left":0,"right":720,"top":0},"Classname":"android.widget.FrameLayout","Packagename":"com.douban.frodo","Text":""}}],"height":1920,"hovertime":3671,"nodes":[{"Bounds":{"bottom":0,"left":273,"right":447,"top":0},"Classname":"android.widget.TextView","Packagename":"com.douban.frodo","Text":"下拉有惊喜"},{"Bounds":{"bottom":-62,"left":0,"right":92,"top":0},"Classname":"android.widget.TextView","Packagename":"com.douban.frodo","Text":"剧照"},{"Bounds":{"bottom":237,"left":40,"right":414,"top":0},"Classname":"android.widget.ImageView","Packagename":"com.douban.frodo","Text":""},{"Bounds":{"bottom":237,"left":424,"right":720,"top":0},"Classname":"android.widget.ImageView","Packagename":"com.douban.frodo","Text":""},{"Bounds":{"bottom":97,"left":360,"right":360,"top":97},"Classname":"android.widget.FrameLayout","Packagename":"com.douban.frodo","Text":""},{"Bounds":{"bottom":333,"left":28,"right":132,"top":297},"Classname":"android.widget.TextView","Packagename":"com.douban.frodo","Text":"获奖记录"},{"Bounds":{"bottom":394,"left":28,"right":272,"top":353},"Classname":"android.widget.TextView","Packagename":"com.douban.frodo","Text":"第73届日剧学院赏"},{"Bounds":{"bottom":430,"left":28,"right":692,"top":394},"Classname":"android.widget.TextView","Packagename":"com.douban.frodo","Text":"最优秀作品奖（提名）"},{"Bounds":{"bottom":430,"left":0,"right":720,"top":430},"Classname":"android.widget.LinearLayout","Packagename":"com.douban.frodo","Text":""},{"Bounds":{"bottom":560,"left":150,"right":210,"top":519},"Classname":"android.widget.TextView","Packagename":"com.douban.frodo","Text":"评论"},{"Bounds":{"bottom":560,"left":495,"right":585,"top":519},"Classname":"android.widget.TextView","Packagename":"com.douban.frodo","Text":"讨论区"},{"Bounds":{"bottom":696,"left":0,"right":100,"top":650},"Classname":"android.widget.TextView","Packagename":"com.douban.frodo","Text":"短评"},{"Bounds":{"bottom":698,"left":576,"right":680,"top":650},"Classname":"android.widget.TextView","Packagename":"com.douban.frodo","Text":"写短评"},{"Bounds":{"bottom":798,"left":32,"right":92,"top":738},"Classname":"android.widget.ImageView","Packagename":"com.douban.frodo","Text":""},{"Bounds":{"bottom":782,"left":112,"right":232,"top":741},"Classname":"android.widget.TextView","Packagename":"com.douban.frodo","Text":"你家贰哥"},{"Bounds":{"bottom":774,"left":242,"right":362,"top":750},"Classname":"android.widget.RatingBar","Packagename":"com.douban.frodo","Text":""},{"Bounds":{"bottom":781,"left":372,"right":372,"top":743},"Classname":"android.widget.TextView","Packagename":"com.douban.frodo","Text":""},{"Bounds":{"bottom":786,"left":574,"right":680,"top":738},"Classname":"android.view.View","Packagename":"com.douban.frodo","Text":""},{"Bounds":{"bottom":831,"left":112,"right":680,"top":790},"Classname":"android.widget.TextView","Packagename":"com.douban.frodo","Text":"其实我最喜欢的是管家爷爷"},{"Bounds":{"bottom":875,"left":112,"right":280,"top":839},"Classname":"android.widget.TextView","Packagename":"com.douban.frodo","Text":"2012年5月1日"},{"Bounds":{"bottom":975,"left":32,"right":92,"top":915},"Classname":"android.widget.ImageView","Packagename":"com.douban.frodo","Text":""},{"Bounds":{"bottom":959,"left":112,"right":162,"top":918},"Classname":"android.widget.TextView","Packagename":"com.douban.frodo","Text":"fish"},{"Bounds":{"bottom":951,"left":172,"right":292,"top":927},"Classname":"android.widget.RatingBar","Packagename":"com.douban.frodo","Text":""},{"Bounds":{"bottom":958,"left":302,"right":302,"top":920},"Classname":"android.widget.TextView","Packagename":"com.douban.frodo","Text":""},{"Bounds":{"bottom":963,"left":574,"right":680,"top":915},"Classname":"android.view.View","Packagename":"com.douban.frodo","Text":""},{"Bounds":{"bottom":1047,"left":112,"right":680,"top":967},"Classname":"android.widget.TextView","Packagename":"com.douban.frodo","Text":"主要是新垣结衣这个角色太你妈逼烦了 一说教就想踹她"},{"Bounds":{"bottom":1091,"left":112,"right":295,"top":1055},"Classname":"android.widget.TextView","Packagename":"com.douban.frodo","Text":"2012年6月25日"},{"Bounds":{"bottom":1191,"left":32,"right":92,"top":1131},"Classname":"android.widget.ImageView","Packagename":"com.douban.frodo","Text":""},{"Bounds":{"bottom":1175,"left":112,"right":232,"top":1134},"Classname":"android.widget.TextView","Packagename":"com.douban.frodo","Text":"高尔吉亚"},{"Bounds":{"bottom":1167,"left":242,"right":362,"top":1143},"Classname":"android.widget.RatingBar","Packagename":"com.douban.frodo","Text":""},{"Bounds":{"bottom":1174,"left":372,"right":372,"top":1136},"Classname":"android.widget.TextView","Packagename":"com.douban.frodo","Text":""},{"Bounds":{"bottom":1179,"left":574,"right":680,"top":1131},"Classname":"android.view.View","Packagename":"com.douban.frodo","Text":""},{"Bounds":{"bottom":1280,"left":112,"right":680,"top":1183},"Classname":"android.widget.TextView","Packagename":"com.douban.frodo","Text":"完全是靠堺雅人突破自己以往总是老好人老实头的演技一人撑起来的剧啊，gakki感觉还是没有什么突破啊，难道注定就是花瓶？哪怕是女主角也还无济于事。"},{"Bounds":{"bottom":1280,"left":112,"right":295,"top":1349},"Classname":"android.widget.TextView","Packagename":"com.douban.frodo","Text":"2012年4月19日"},{"Bounds":{"bottom":1280,"left":32,"right":92,"top":1425},"Classname":"android.widget.ImageView","Packagename":"com.douban.frodo","Text":""},{"Bounds":{"bottom":1280,"left":112,"right":253,"top":1428},"Classname":"android.widget.TextView","Packagename":"com.douban.frodo","Text":"N O L I T A"},{"Bounds":{"bottom":1280,"left":263,"right":383,"top":1437},"Classname":"android.widget.RatingBar","Packagename":"com.douban.frodo","Text":""},{"Bounds":{"bottom":1280,"left":393,"right":393,"top":1430},"Classname":"android.widget.TextView","Packagename":"com.douban.frodo","Text":""},{"Bounds":{"bottom":1280,"left":587,"right":680,"top":1425},"Classname":"android.view.View","Packagename":"com.douban.frodo","Text":""},{"Bounds":{"bottom":1280,"left":112,"right":680,"top":1477},"Classname":"android.widget.TextView","Packagename":"com.douban.frodo","Text":"哈哈哈笑死了！雅人叔成功刷了我的下限！这部剧好有爱啊！"},{"Bounds":{"bottom":1280,"left":112,"right":295,"top":1565},"Classname":"android.widget.TextView","Packagename":"com.douban.frodo","Text":"2012年4月21日"},{"Bounds":{"bottom":144,"left":0,"right":112,"top":48},"Classname":"android.widget.ImageButton","Packagename":"com.douban.frodo","Text":""},{"Bounds":{"bottom":119,"left":144,"right":152,"top":73},"Classname":"android.widget.TextView","Packagename":"com.douban.frodo","Text":" "},{"Bounds":{"bottom":119,"left":258,"right":462,"top":73},"Classname":"android.widget.TextView","Packagename":"com.douban.frodo","Text":"胜者即是正义"},{"Bounds":{"bottom":144,"left":624,"right":720,"top":48},"Classname":"android.widget.TextView","Packagename":"com.douban.frodo","Text":""},{"Bounds":{"bottom":640,"left":360,"right":360,"top":640},"Classname":"android.widget.FrameLayout","Packagename":"com.douban.frodo","Text":""}],"packagename":"com.example.a10628.myapplication","width":1080}