{"events":[{"eventname":"TYPE_VIEW_SCROLLED","source":{"Bounds":{"bottom":1280,"left":0,"right":720,"top":241},"Classname":"android.support.v7.widget.RecyclerView","Packagename":"com.justwayward.readerer","Text":""}}],"height":1920,"hovertime":6855,"nodes":[{"Bounds":{"bottom":160,"left":0,"right":112,"top":48},"Classname":"android.widget.ImageButton","Packagename":"com.justwayward.readerer","Text":""},{"Bounds":{"bottom":131,"left":120,"right":320,"top":77},"Classname":"android.widget.TextView","Packagename":"com.justwayward.readerer","Text":"综合讨论区"},{"Bounds":{"bottom":221,"left":134,"right":194,"top":180},"Classname":"android.widget.TextView","Packagename":"com.justwayward.readerer","Text":"全部"},{"Bounds":{"bottom":221,"left":464,"right":584,"top":180},"Classname":"android.widget.TextView","Packagename":"com.justwayward.readerer","Text":"默认排序"},{"Bounds":{"bottom":297,"left":150,"right":332,"top":261},"Classname":"android.widget.TextView","Packagename":"com.justwayward.readerer","Text":"追书家的眼镜娘"},{"Bounds":{"bottom":297,"left":332,"right":378,"top":261},"Classname":"android.widget.TextView","Packagename":"com.justwayward.readerer","Text":" lv.9"},{"Bounds":{"bottom":297,"left":648,"right":700,"top":261},"Classname":"android.widget.TextView","Packagename":"com.justwayward.readerer","Text":"昨天"},{"Bounds":{"bottom":378,"left":150,"right":700,"top":307},"Classname":"android.widget.TextView","Packagename":"com.justwayward.readerer","Text":"【活动】树洞 | 勇敢说！说出你以前不敢说的那些话！"},{"Bounds":{"bottom":428,"left":150,"right":235,"top":388},"Classname":"android.widget.TextView","Packagename":"com.justwayward.readerer","Text":"139"},{"Bounds":{"bottom":428,"left":255,"right":328,"top":388},"Classname":"android.widget.TextView","Packagename":"com.justwayward.readerer","Text":"25"},{"Bounds":{"bottom":505,"left":150,"right":365,"top":469},"Classname":"android.widget.TextView","Packagename":"com.justwayward.readerer","Text":"书单-我什么都不挑"},{"Bounds":{"bottom":505,"left":365,"right":411,"top":469},"Classname":"android.widget.TextView","Packagename":"com.justwayward.readerer","Text":" lv.7"},{"Bounds":{"bottom":509,"left":616,"right":700,"top":469},"Classname":"android.widget.TextView","Packagename":"com.justwayward.readerer","Text":"热门"},{"Bounds":{"bottom":553,"left":150,"right":543,"top":515},"Classname":"android.widget.TextView","Packagename":"com.justwayward.readerer","Text":"“四个不打”：女孩乘车的4条铁律"},{"Bounds":{"bottom":603,"left":150,"right":220,"top":563},"Classname":"android.widget.TextView","Packagename":"com.justwayward.readerer","Text":"59"},{"Bounds":{"bottom":603,"left":240,"right":313,"top":563},"Classname":"android.widget.TextView","Packagename":"com.justwayward.readerer","Text":"31"},{"Bounds":{"bottom":680,"left":150,"right":280,"top":644},"Classname":"android.widget.TextView","Packagename":"com.justwayward.readerer","Text":"追书白小生"},{"Bounds":{"bottom":680,"left":280,"right":326,"top":644},"Classname":"android.widget.TextView","Packagename":"com.justwayward.readerer","Text":" lv.6"},{"Bounds":{"bottom":680,"left":633,"right":700,"top":644},"Classname":"android.widget.TextView","Packagename":"com.justwayward.readerer","Text":"3天前"},{"Bounds":{"bottom":728,"left":150,"right":522,"top":690},"Classname":"android.widget.TextView","Packagename":"com.justwayward.readerer","Text":"#7日挑战#第25期：5.09~5.15"},{"Bounds":{"bottom":778,"left":150,"right":235,"top":738},"Classname":"android.widget.TextView","Packagename":"com.justwayward.readerer","Text":"327"},{"Bounds":{"bottom":778,"left":255,"right":328,"top":738},"Classname":"android.widget.TextView","Packagename":"com.justwayward.readerer","Text":"74"},{"Bounds":{"bottom":855,"left":150,"right":306,"top":819},"Classname":"android.widget.TextView","Packagename":"com.justwayward.readerer","Text":"追书首席打杂"},{"Bounds":{"bottom":855,"left":306,"right":367,"top":819},"Classname":"android.widget.TextView","Packagename":"com.justwayward.readerer","Text":" lv.10"},{"Bounds":{"bottom":855,"left":633,"right":700,"top":819},"Classname":"android.widget.TextView","Packagename":"com.justwayward.readerer","Text":"8月前"},{"Bounds":{"bottom":936,"left":150,"right":700,"top":865},"Classname":"android.widget.TextView","Packagename":"com.justwayward.readerer","Text":"【发帖须知】综合区版规，以及「活动福利」新地盘公布！"},{"Bounds":{"bottom":986,"left":150,"right":250,"top":946},"Classname":"android.widget.TextView","Packagename":"com.justwayward.readerer","Text":"1404"},{"Bounds":{"bottom":986,"left":270,"right":358,"top":946},"Classname":"android.widget.TextView","Packagename":"com.justwayward.readerer","Text":"125"},{"Bounds":{"bottom":1063,"left":150,"right":202,"top":1027},"Classname":"android.widget.TextView","Packagename":"com.justwayward.readerer","Text":"醉心"},{"Bounds":{"bottom":1063,"left":202,"right":248,"top":1027},"Classname":"android.widget.TextView","Packagename":"com.justwayward.readerer","Text":" lv.7"},{"Bounds":{"bottom":1063,"left":592,"right":700,"top":1027},"Classname":"android.widget.TextView","Packagename":"com.justwayward.readerer","Text":"17小时前"},{"Bounds":{"bottom":1111,"left":150,"right":402,"top":1073},"Classname":"android.widget.TextView","Packagename":"com.justwayward.readerer","Text":"小哥哥出来给撩一下"},{"Bounds":{"bottom":1161,"left":150,"right":220,"top":1121},"Classname":"android.widget.TextView","Packagename":"com.justwayward.readerer","Text":"38"},{"Bounds":{"bottom":1161,"left":240,"right":298,"top":1121},"Classname":"android.widget.TextView","Packagename":"com.justwayward.readerer","Text":"7"},{"Bounds":{"bottom":1238,"left":150,"right":202,"top":1202},"Classname":"android.widget.TextView","Packagename":"com.justwayward.readerer","Text":"果儿"},{"Bounds":{"bottom":1238,"left":202,"right":248,"top":1202},"Classname":"android.widget.TextView","Packagename":"com.justwayward.readerer","Text":" lv.9"},{"Bounds":{"bottom":1238,"left":592,"right":700,"top":1202},"Classname":"android.widget.TextView","Packagename":"com.justwayward.readerer","Text":"20小时前"},{"Bounds":{"bottom":1280,"left":150,"right":380,"top":1248},"Classname":"android.widget.TextView","Packagename":"com.justwayward.readerer","Text":"#树洞#世上好人多"},{"Bounds":{"bottom":1280,"left":150,"right":220,"top":1296},"Classname":"android.widget.TextView","Packagename":"com.justwayward.readerer","Text":"70"},{"Bounds":{"bottom":1280,"left":240,"right":313,"top":1296},"Classname":"android.widget.TextView","Packagename":"com.justwayward.readerer","Text":"42"}],"packagename":"com.example.a10628.myapplication","width":1080}