{"events":[{"eventname":"TYPE_VIEW_SCROLLED","source":{"Bounds":{"bottom":1280,"left":0,"right":720,"top":0},"Classname":"android.webkit.WebView","Packagename":"com.baycode.tianya","Text":""}}],"height":1920,"hovertime":4947,"nodes":[{"Bounds":{"bottom":4,"left":10,"right":122,"top":2},"Classname":"android.view.View","Packagename":"com.baycode.tianya","Text":"只看楼主"},{"Bounds":{"bottom":4,"left":10,"right":710,"top":2},"Classname":"android.view.View","Packagename":"com.baycode.tianya","Text":"骑士是2008年的凯尔特人还是2010年的凯尔特人？"},{"Bounds":{"bottom":4,"left":0,"right":720,"top":2},"Classname":"android.view.View","Packagename":"com.baycode.tianya","Text":"第1页 | 共1页   访问295 | 回复6"},{"Bounds":{"bottom":4,"left":8,"right":712,"top":2},"Classname":"android.view.View","Packagename":"com.baycode.tianya","Text":"少剑波20122018-05-10 14:57:30"},{"Bounds":{"bottom":4,"left":10,"right":710,"top":2},"Classname":"android.view.View","Packagename":"com.baycode.tianya","Text":"　　有人在论坛上提出一个观点，他说2008年凯尔特人夺冠那年东部季后赛第一轮也是打了抢七才过关，骑士今年东部季后赛第一轮也抢七，是不是意味着骑士最后也会夺冠呢？\n\n　　不然。\n\n　　07-08赛季凯尔特人组成了皮尔斯、加内特、雷-阿伦的三巨头，彼时三位大佬的年龄分别是31岁（公历相减，下同）、32岁、33岁，基本上刚刚三十出头，还是当打之年。最要命的是，三巨头形成了完美的默契，皮尔斯坐镇，加内特攻防皆佳，雷-阿伦三分穿心，外加蓝领中锋二胖，未来的隆执导隆多，以及PJ-布朗、卡塞尔、波西、豪斯等悍将助阵，常规赛取得了66胜16负的全联盟最佳战绩。\n\n　　2008年季后赛，凯尔特人不但第一轮和老鹰打了抢七，第二轮还和骑士打了抢七，第三轮和活塞又苦战六场，总决赛大家都知道了就不说了。打老鹰虽然打了抢七，但还是给人一种稳操胜券的感觉；第二轮打抢七，则全拜詹姆斯所赐，特别是第七场詹姆斯和皮尔斯互飙40+，最后还是凯尔特人险胜过关。活塞当时四虎仍在（说句题外话，活塞自从大本出走之后中锋位置上一直处于空缺，找来韦伯、麦克戴斯等人均不好使，但四虎尚在的活塞至少还可以争夺东部冠军），也是打了六场才闯进总决赛。\n\n　　我认为，骑士更像2010年的凯尔特人。\n\n　　仅仅两年以后，凯尔特人就衰落到了东部第四，常规赛战绩仅为50胜32负。2009年凯尔特人再次拿下了62胜20负的战绩，但季后赛加内特大伤，凯尔特人东部半决赛不敌魔术。2010年，凯尔特人三巨头已经变成了33岁、34岁、35岁，为了补充内线深度，又加入了时年36岁的天尊。一群老将跌跌撞撞，居然再次杀入了总决赛（其中东部半决赛淘汰骑士，詹密认为詹姆斯手肘有伤，詹黑认为受到了太上皇事件的影响），但最终苦战七局不敌湖人。\n\n　　本赛季，骑士恰好也是50胜32负排在东部第四，论球员年纪，目前5个先发乐福30岁，詹姆斯34岁，科沃尔37岁，JR33岁，希尔32岁。特别是东部第一轮完全就是发扬了2016年总冠军最后的荣誉才勉强过关，第二轮猛龙自我爆炸，双塔和双枪攻击得都不够坚决，否则怎么也得打个六七场。就算骑士在东部决赛中战胜年轻的凯尔特人，总决赛里无论如何也不是火箭或勇士的对手。\n\n　　综上，骑士更像2010年的凯尔特人。\n\n　　附：九因素分析法骑士VS凯尔特人\n　　1.中锋：霍福德\u003d乐福。\n　　2.大前锋：马库斯-莫里斯（我觉得应该是把莫里斯重新排入先发）\u003c詹姆斯\n　　3.小前锋：塔图姆\u003d科沃尔\n　　4.得分后卫：杰伦-布朗\u003dJR（年轻新秀VS多年老将，这个得看临场发挥）\n　　5.组织后卫：罗奇尔\u003d希尔（年轻新秀VS多年老将，这个得看临场发挥）\n　　6.替补：凯尔特人\u003c骑士（因为海沃德、欧文缺阵，塔图姆、布朗等人排入先发，必然影响替补阵容深度）\n　　7.主教练：斯蒂文斯\u003e卢\n　　8.主场优势：凯尔特人\u003e骑士\n　　9.季后赛经验：凯尔特人\u003c骑士\n　　综上，最有可能的一种情况是骑士4:2。但是最好还是凯尔特人获胜，否则拿到第六个总亚军，只能徒增笑柄。"},{"Bounds":{"bottom":48,"left":20,"right":700,"top":2},"Classname":"android.view.View","Packagename":"com.baycode.tianya","Text":"推广 青春里的那些故事你还记得么？ 知乎-发现更大的世界 "},{"Bounds":{"bottom":104,"left":648,"right":700,"top":74},"Classname":"android.view.View","Packagename":"com.baycode.tianya","Text":"回复"},{"Bounds":{"bottom":172,"left":8,"right":712,"top":124},"Classname":"android.view.View","Packagename":"com.baycode.tianya","Text":"詹韦连线20152018-05-10 15:49:45"},{"Bounds":{"bottom":506,"left":10,"right":710,"top":182},"Classname":"android.view.View","Packagename":"com.baycode.tianya","Text":"　　在防守严密的总决赛，骑士缺詹姆斯以外的稳定得分手段，这不是黑队友，事实如此。\n　　为什么骑士与步行者、猛龙系列赛比赛里，詹姆斯差别不大，而其它队友差别很大，这就是对手防守力度、人员对位的不同。还得感谢猛龙提携，乐福在第一轮被打得怀疑人生"},{"Bounds":{"bottom":542,"left":648,"right":700,"top":512},"Classname":"android.view.View","Packagename":"com.baycode.tianya","Text":"回复"},{"Bounds":{"bottom":610,"left":8,"right":712,"top":562},"Classname":"android.view.View","Packagename":"com.baycode.tianya","Text":"泊头火柴19792018-05-11 06:56:20"},{"Bounds":{"bottom":674,"left":10,"right":710,"top":620},"Classname":"android.view.View","Packagename":"com.baycode.tianya","Text":"　　亚军"},{"Bounds":{"bottom":710,"left":648,"right":700,"top":680},"Classname":"android.view.View","Packagename":"com.baycode.tianya","Text":"回复"},{"Bounds":{"bottom":778,"left":8,"right":712,"top":730},"Classname":"android.view.View","Packagename":"com.baycode.tianya","Text":"迎火一刀斩2018-05-11 07:51:18"},{"Bounds":{"bottom":842,"left":10,"right":710,"top":788},"Classname":"android.view.View","Packagename":"com.baycode.tianya","Text":"　　骚年，骑士明明就像97、98年的爵士。"},{"Bounds":{"bottom":878,"left":648,"right":700,"top":848},"Classname":"android.view.View","Packagename":"com.baycode.tianya","Text":"回复"},{"Bounds":{"bottom":946,"left":8,"right":712,"top":898},"Classname":"android.view.View","Packagename":"com.baycode.tianya","Text":"詹韦连线20152018-05-11 09:50:53"},{"Bounds":{"bottom":1280,"left":10,"right":710,"top":956},"Classname":"android.view.View","Packagename":"com.baycode.tianya","Text":"　　我倒是希望骑士冲出东部\n　　你想啊，凯尔特人折损掉海沃德、欧文，骑士这样都能输，黑子能放过这大好机会?\n　　凯尔特人的天赋确实高，杰伦-布朗、塔特姆都是选秀前列的球员、霍福德再现巅峰、罗奇尔接班欧文、斯玛特的刚加上史蒂文斯的神奇调教，不过我认为詹姆斯会继续统治东部的"},{"Bounds":{"bottom":1280,"left":648,"right":700,"top":1280},"Classname":"android.view.View","Packagename":"com.baycode.tianya","Text":"回复"},{"Bounds":{"bottom":1280,"left":108,"right":182,"top":1280},"Classname":"android.view.View","Packagename":"com.baycode.tianya","Text":"返回"},{"Bounds":{"bottom":1280,"left":200,"right":274,"top":1280},"Classname":"android.view.View","Packagename":"com.baycode.tianya","Text":"上页"},{"Bounds":{"bottom":1280,"left":282,"right":438,"top":1280},"Classname":"android.view.View","Packagename":"com.baycode.tianya","Text":"第1页 | 共1页"},{"Bounds":{"bottom":1280,"left":446,"right":520,"top":1280},"Classname":"android.view.View","Packagename":"com.baycode.tianya","Text":"下页"},{"Bounds":{"bottom":1280,"left":538,"right":612,"top":1280},"Classname":"android.view.View","Packagename":"com.baycode.tianya","Text":"末页"},{"Bounds":{"bottom":1280,"left":40,"right":680,"top":1280},"Classname":"android.view.View","Packagename":"com.baycode.tianya","Text":"查看原文"},{"Bounds":{"bottom":1280,"left":40,"right":680,"top":1280},"Classname":"android.view.View","Packagename":"com.baycode.tianya","Text":"转发分享"},{"Bounds":{"bottom":1108,"left":0,"right":88,"top":988},"Classname":"android.view.View","Packagename":"com.baycode.tianya","Text":""},{"Bounds":{"bottom":1280,"left":660,"right":720,"top":1260},"Classname":"android.view.View","Packagename":"com.baycode.tianya","Text":""},{"Bounds":{"bottom":1182,"left":0,"right":720,"top":1180},"Classname":"android.view.View","Packagename":"com.baycode.tianya","Text":"知乎 摄影构图有哪些技巧和标准？ "},{"Bounds":{"bottom":1280,"left":0,"right":720,"top":1180},"Classname":"android.view.View","Packagename":"com.baycode.tianya","Text":"高薪招销售工程师 gdtclick.58.com "}],"packagename":"com.example.a10628.myapplication","width":1080}