{"events":[{"eventname":"TYPE_VIEW_SCROLLED","source":{"Bounds":{"bottom":1280,"left":0,"right":720,"top":160},"Classname":"android.support.v7.widget.RecyclerView","Packagename":"com.justwayward.readerer","Text":""}}],"height":1920,"hovertime":11078,"nodes":[{"Bounds":{"bottom":160,"left":0,"right":112,"top":48},"Classname":"android.widget.ImageButton","Packagename":"com.justwayward.readerer","Text":""},{"Bounds":{"bottom":131,"left":120,"right":200,"top":77},"Classname":"android.widget.TextView","Packagename":"com.justwayward.readerer","Text":"详情"},{"Bounds":{"bottom":226,"left":150,"right":267,"top":190},"Classname":"android.widget.TextView","Packagename":"com.justwayward.readerer","Text":"星岚·幻🐟"},{"Bounds":{"bottom":274,"left":150,"right":206,"top":236},"Classname":"android.widget.TextView","Packagename":"com.justwayward.readerer","Text":"昨天"},{"Bounds":{"bottom":441,"left":0,"right":720,"top":360},"Classname":"android.widget.TextView","Packagename":"com.justwayward.readerer","Text":"一直认为，梦是受潜意识控制的，日有所思，夜有所梦"},{"Bounds":{"bottom":1104,"left":0,"right":720,"top":461},"Classname":"android.widget.TextView","Packagename":"com.justwayward.readerer","Text":"昨晚之前，我还是这么想的，直到昨晚梦到自己变成一个萝莉型(变身了，emmm)人造人(机械+生物那种，但我除了能跑能飞啥也不会)，然后被另一个型号的自己(嗯，能跑能飞能打还全身武器那种)追杀，\nemmm，难得做一个比较清醒的梦，一转身发现身后密密麻麻的炮弹什么鬼(ﾟoﾟ;，……然后另一个我一直在攻击我。我在梦中，跨过高山(然后山没了)，越过丛林(然后身后火光冲天)，也曾在天际翱翔(然后，被一炮轰了下来)，也畅游过大海(然后，被捞起来了)，……历经辛酸，然后直接跳到了大结局，百合结局，呵呵，我这么厉害的么，另一个我可是都没感情系统的诶，这样的难度我都能玩出goodend，呵呵呵呵呵呵呵呵，(ノ\u003dД\u003d)ノ┻━┻\n什么意思嘛！？娘化+自虐+自攻自受？-_-||"},{"Bounds":{"bottom":1187,"left":30,"right":118,"top":1134},"Classname":"android.widget.TextView","Packagename":"com.justwayward.readerer","Text":"同感"},{"Bounds":{"bottom":1280,"left":0,"right":720,"top":1224},"Classname":"android.widget.TextView","Packagename":"com.justwayward.readerer","Text":"共41条评论"}],"packagename":"com.example.a10628.myapplication","width":1080}