{"events":[{"eventname":"TYPE_VIEW_SCROLLED","source":{"Bounds":{"bottom":1280,"left":0,"right":720,"top":0},"Classname":"android.webkit.WebView","Packagename":"com.baycode.tianya","Text":""}},{"eventname":"TYPE_VIEW_SCROLLED","source":{"Bounds":{"bottom":1280,"left":0,"right":720,"top":0},"Classname":"android.webkit.WebView","Packagename":"com.baycode.tianya","Text":""}},{"eventname":"TYPE_VIEW_SCROLLED","source":{"Bounds":{"bottom":1280,"left":0,"right":720,"top":0},"Classname":"android.webkit.WebView","Packagename":"com.baycode.tianya","Text":""}},{"eventname":"TYPE_VIEW_SCROLLED","source":{"Bounds":{"bottom":1280,"left":0,"right":720,"top":0},"Classname":"android.webkit.WebView","Packagename":"com.baycode.tianya","Text":""}},{"eventname":"TYPE_VIEW_SCROLLED","source":{"Bounds":{"bottom":1280,"left":0,"right":720,"top":0},"Classname":"android.webkit.WebView","Packagename":"com.baycode.tianya","Text":""}}],"height":1920,"hovertime":2519,"nodes":[{"Bounds":{"bottom":4,"left":10,"right":122,"top":0},"Classname":"android.view.View","Packagename":"com.baycode.tianya","Text":"只看楼主"},{"Bounds":{"bottom":20,"left":10,"right":710,"top":0},"Classname":"android.view.View","Packagename":"com.baycode.tianya","Text":"关于詹姆斯与乔丹的得分能力对比分析"},{"Bounds":{"bottom":88,"left":0,"right":720,"top":24},"Classname":"android.view.View","Packagename":"com.baycode.tianya","Text":"第1页 | 共1页   访问462 | 回复9"},{"Bounds":{"bottom":136,"left":8,"right":712,"top":88},"Classname":"android.view.View","Packagename":"com.baycode.tianya","Text":"不惑顽童2018-05-10 15:44:43"},{"Bounds":{"bottom":1188,"left":10,"right":710,"top":146},"Classname":"android.view.View","Packagename":"com.baycode.tianya","Text":"　　投篮次数与得分对比\n\n　　詹姆斯场均投篮次数 常规赛19.6 季后赛 20.8 总决赛 22.4 乔丹 常规赛22.9 季后赛 25.1 总决赛 26.0 \n　　场均罚球次数 詹姆斯 常规赛 8.1 季后赛 9.2 总决赛6.9 乔丹 常规赛 8.2 季后赛 9.9 总决赛9.14 \n　　9罚合4次投篮综合投篮次数 詹姆斯 常规赛 23.2 季后赛 24.9 总决赛25.4 乔丹 常规赛26.5 季后赛 29.5总决赛30.1 \n　　场均得分 詹姆斯 常规赛 27.2 季后赛 28.7 总决赛 27.7 乔丹 常规赛 30.1 季后赛 33.4 总决赛 33.6 \n　　结论：常规赛乔丹场均多投3.3次多得2.9分;季后赛乔丹多投4.6次多得4.7分;总决赛乔丹多投4.7次多得5.9分.我个人看法:常规赛季后赛场次多具有统计意义，总决赛场次不太多波动会比较大，以我从94年开始看NBA的经验，我觉得NBA有黑哨和明星哨，主要黑哨有02年西决、06年总决赛、10年总决赛和11年总决赛（07西决马刺与太阳的禁赛这里不论），其他黑哨没影响结果。11年总决赛我认为NBA觉得詹姆斯未来还有大把的机会，考虑到06年对司机的不公以及司机多年的坚持吹了詹姆斯黑哨，都说那年司机投篮逆天实际上总命中率四成过一点点。11年总决赛詹姆斯数据失真，作为内线冲撞型进攻球员场均3.3次罚球正常吗？07年太嫩15年无人轮换太累影响的詹姆斯总决赛效率，但是看过球的都会觉得詹姆斯15总决赛逆天。我真不觉得乔丹得分能力强于不是得分手的老詹。乔丹前三冠刷逆天数刷是在对手无内线情况下得到的，93巴克利作为内线强人比乔丹矮，夸张点就像去年东决老詹打小托马斯。\n\n\n"},{"Bounds":{"bottom":1188,"left":20,"right":700,"top":1186},"Classname":"android.view.View","Packagename":"com.baycode.tianya","Text":"推广 优酷 爱有天意，超好看的古装剧推荐给你哦！ "},{"Bounds":{"bottom":1188,"left":648,"right":700,"top":1186},"Classname":"android.view.View","Packagename":"com.baycode.tianya","Text":"回复"},{"Bounds":{"bottom":1188,"left":8,"right":712,"top":1186},"Classname":"android.view.View","Packagename":"com.baycode.tianya","Text":"奥尼尔32018-05-11 05:52:13"},{"Bounds":{"bottom":1188,"left":10,"right":710,"top":1186},"Classname":"android.view.View","Packagename":"com.baycode.tianya","Text":"　　楼主的话暴露了楼主的真实年龄，大概二十多岁。应该是雄视天东，武汉up，乔丹29化身之一。"},{"Bounds":{"bottom":1188,"left":648,"right":700,"top":1186},"Classname":"android.view.View","Packagename":"com.baycode.tianya","Text":"回复"},{"Bounds":{"bottom":1188,"left":8,"right":712,"top":1186},"Classname":"android.view.View","Packagename":"com.baycode.tianya","Text":"奥尼尔32018-05-11 08:20:29"},{"Bounds":{"bottom":1188,"left":10,"right":710,"top":1186},"Classname":"android.view.View","Packagename":"com.baycode.tianya","Text":"　　楼主说得还不够，应该是，慕斯进化到今天，一分顶人家10分，过去的人只能负重200公斤，慕斯已经强了50倍，所以慕斯可以负重10吨。"},{"Bounds":{"bottom":1188,"left":648,"right":700,"top":1186},"Classname":"android.view.View","Packagename":"com.baycode.tianya","Text":"回复"},{"Bounds":{"bottom":1188,"left":8,"right":712,"top":1186},"Classname":"android.view.View","Packagename":"com.baycode.tianya","Text":"奥尼尔32018-05-12 09:02:06"},{"Bounds":{"bottom":1188,"left":10,"right":710,"top":1186},"Classname":"android.view.View","Packagename":"com.baycode.tianya","Text":"　　楼主这也叫干货？还原gy1212的帖子就在版里，需要我多说吗？人家这才叫干货。\n　　楼主和赵括有得一拼。"},{"Bounds":{"bottom":1188,"left":648,"right":700,"top":1186},"Classname":"android.view.View","Packagename":"com.baycode.tianya","Text":"回复"},{"Bounds":{"bottom":1188,"left":108,"right":182,"top":1186},"Classname":"android.view.View","Packagename":"com.baycode.tianya","Text":"返回"},{"Bounds":{"bottom":1188,"left":200,"right":274,"top":1186},"Classname":"android.view.View","Packagename":"com.baycode.tianya","Text":"上页"},{"Bounds":{"bottom":1188,"left":282,"right":438,"top":1186},"Classname":"android.view.View","Packagename":"com.baycode.tianya","Text":"第1页 | 共1页"},{"Bounds":{"bottom":1188,"left":446,"right":520,"top":1186},"Classname":"android.view.View","Packagename":"com.baycode.tianya","Text":"下页"},{"Bounds":{"bottom":1188,"left":538,"right":612,"top":1186},"Classname":"android.view.View","Packagename":"com.baycode.tianya","Text":"末页"},{"Bounds":{"bottom":1188,"left":40,"right":680,"top":1186},"Classname":"android.view.View","Packagename":"com.baycode.tianya","Text":"查看原文"},{"Bounds":{"bottom":1188,"left":40,"right":680,"top":1186},"Classname":"android.view.View","Packagename":"com.baycode.tianya","Text":"转发分享"},{"Bounds":{"bottom":241,"left":0,"right":88,"top":121},"Classname":"android.view.View","Packagename":"com.baycode.tianya","Text":""},{"Bounds":{"bottom":1270,"left":0,"right":102,"top":1202},"Classname":"android.widget.ImageButton","Packagename":"com.baycode.tianya","Text":""},{"Bounds":{"bottom":1270,"left":102,"right":205,"top":1202},"Classname":"android.widget.ImageButton","Packagename":"com.baycode.tianya","Text":""},{"Bounds":{"bottom":1270,"left":205,"right":308,"top":1202},"Classname":"android.widget.ImageButton","Packagename":"com.baycode.tianya","Text":""},{"Bounds":{"bottom":1270,"left":308,"right":411,"top":1202},"Classname":"android.widget.ImageButton","Packagename":"com.baycode.tianya","Text":""},{"Bounds":{"bottom":1270,"left":411,"right":514,"top":1202},"Classname":"android.widget.ImageButton","Packagename":"com.baycode.tianya","Text":""},{"Bounds":{"bottom":1270,"left":514,"right":617,"top":1202},"Classname":"android.widget.ImageButton","Packagename":"com.baycode.tianya","Text":""},{"Bounds":{"bottom":1270,"left":617,"right":720,"top":1202},"Classname":"android.widget.ImageButton","Packagename":"com.baycode.tianya","Text":""},{"Bounds":{"bottom":1280,"left":660,"right":720,"top":1260},"Classname":"android.view.View","Packagename":"com.baycode.tianya","Text":""},{"Bounds":{"bottom":1280,"left":0,"right":720,"top":1180},"Classname":"android.view.View","Packagename":"com.baycode.tianya","Text":"javascript:;"}],"packagename":"com.example.a10628.myapplication","width":1080}