{"events":[{"eventname":"TYPE_VIEW_SCROLLED","source":{"Bounds":{"bottom":1280,"left":0,"right":720,"top":160},"Classname":"android.support.v7.widget.RecyclerView","Packagename":"com.justwayward.readerer","Text":""}}],"height":1920,"hovertime":4288,"nodes":[{"Bounds":{"bottom":160,"left":0,"right":112,"top":48},"Classname":"android.widget.ImageButton","Packagename":"com.justwayward.readerer","Text":""},{"Bounds":{"bottom":131,"left":120,"right":200,"top":77},"Classname":"android.widget.TextView","Packagename":"com.justwayward.readerer","Text":"详情"},{"Bounds":{"bottom":-2984,"left":150,"right":254,"top":160},"Classname":"android.widget.TextView","Packagename":"com.justwayward.readerer","Text":"薄荷之恋"},{"Bounds":{"bottom":-2936,"left":150,"right":266,"top":160},"Classname":"android.widget.TextView","Packagename":"com.justwayward.readerer","Text":"18小时前"},{"Bounds":{"bottom":-2769,"left":0,"right":720,"top":160},"Classname":"android.widget.TextView","Packagename":"com.justwayward.readerer","Text":"#悬赏#刀没扎在你身上，你永远不知道有多痛。"},{"Bounds":{"bottom":1280,"left":0,"right":720,"top":160},"Classname":"android.widget.TextView","Packagename":"com.justwayward.readerer","Text":"网上有一则关于网络暴力的实验视频。\n\n节目组请来二十个路人，让他们戴上面具模拟网络暴力者对嘉宾进行第一印象评论。被评价嘉宾有三位，外观个性鲜明，一个浑身纹身，一个衣着性感，一个身穿cos服。\n\n实验开始前，节目组采访三位嘉宾，他们表示做好了心理预期，评论应该会在可承受范围之内。\n\n实验开始，三位嘉宾依次单独出场并进行简单的自我介绍，同时二十位「网络暴力者」展开第一印象评论。第一位男士说，自己平时话不多，不会拐弯抹角，性子比较直。\n\n「网络暴力者」说他凶神恶煞的，很可怕，猜测他没什么文化水平。\n\n第二位嘉宾说，她28岁，单身，平时白天休息，晚上工作。\n\n「网络暴力者」说她是混夜场的，追求金钱，质疑她有干爹，甚至问一晚上多少钱。\n\n第三位嘉宾介绍说，平时喜欢动漫，同时也喜欢cos各种动漫角色。\n\n「网络暴力者」对她的实时评价则是：贵圈很乱、和摄影师睡过、装纯……\n\n第一印象评论后，他们开始介绍自己的真实工作。\n\n有爱心的纹身师\n\n因为没有多少朋友，喜欢穿衣打扮的夜间看护\n\n小学老师\n\n最后，三位嘉宾转身观看评论。\n\n第一位嘉宾\n\n刚看到评论，他先是一惊，而后严肃的表情中带着思考\n\n第二位嘉宾\n\n她强忍着泪水，紧咬嘴唇\n\n第三位\n\n看到评价，她满脸委屈。\n\n而后情绪失控，提前离场\n\n实验一开始，三位嘉宾都以为自己能承受得住，可当那些肆意谩骂赤裸裸地呈现在自己面前之时，才发现真的接受无能。\n\n那些谩骂诽谤就像刀子，一把一把地扎在心上。\n\n本来以为没什么，切身体会后才明白需要花很长时间去消化。\n\n这是一场当事人提前知道的实验，\n\n他们都做好了心理建设，\n\n可仍然无法接受。\n\n我们的生活中，\n\n有太多网络暴力毫无征兆地说来就来，\n\n「丑鬼」\n\n「去死」\n\n「你活着能干什么」\n\n……\n\n当这样的肆意谩骂，\n\n如潮水般涌向我们，\n\n当不堪的言语变成洪水猛兽，\n\n我们又该如何是好？\n\n又会作何选择？\n\n或许，\n\n只有刀子扎在自己身上才会感到真正的痛楚。\n\n有一个朋友，他是体育特长生，大家都以为他会以很好的体育成绩考上很好的大学。可考试的时候，他失利了，因为训练期间他受过太多次伤，以至于后来，他彻底放弃了体育，因为身体条件不允许他继续进行剧烈运动。\n\n她姐曾经在跑1500米的时候崴了脚，赛后肿了两天，之后便习惯性崴脚。\n\n身边的田径爱好者，没有一个人诋毁过刘翔。\n\n很多事情，只有经历过才会深有体会。\n\n跟腱没有受过伤的人，很难理解刘翔的伤痛，而对一个专业的运动员来讲，这样的伤痛肯定不止一处；没有进行过体育训练的人，也很难理解赛场失利时运动员的无奈与心酸，曾经多少次辛勤付出的汗水是为了在比赛那一刻能够取得成绩；没有被激烈语言诋毁的人，也很难明白当事人是如何承受那些恶意侮辱、诽谤，甚至死亡威胁……\n\n或许是因为在这个网络发展、言论较自由的大环境下，身边有太多人作为施方进行着「网络暴力」，或者作为受方被他人「网络暴力」…… 于是，我们变得麻木，认为网络暴力是件十分平常的事情，不会产生太大影响。\n\n很多时候，我们本无恶意，不就是随口吐槽了几句她的长相和穿衣风格，调侃了他的为人处事……我们自以为自己客观、理智，实则不然。\n\n但就像《乌合之众》中所说：我们的日常行为中可能隐藏着自己压根不了解的动机。\n\n我们以为自己是理性的，我们以为自己的一举一动都是有其道理的。但事实上，我们的绝大多数日常行为，都是一些我们自己根本无法了解的隐蔽动机的结果。\n\n生而为人，我们都该抱有同理心。如果我们是幸运的那一个，如果我们没有遭遇过网络暴力，那我们是不是更应该谨慎发言，不去做那个施加暴力的人？如果我们不幸被暴力过，那么推己及人，我们是不是应该去守护同样的不幸者？\n\n“没有任何一个人应该承担他人的恶意，\n\n每个生命都不容易”\n\n“与恶龙搏斗时，\n\n要小心变成恶龙；\n\n当你凝视深渊时，\n\n深渊也在凝视你。”\n\n在追书上我遭遇过网络暴力，这也是我“人生的第一次”。我记得当时发了个保护环境的问题，我那段时间在看《叶罗丽精灵梦》。于是我的评论下面有很多人开始了说:“苍白无力，无病呻吟。”还有的写成诗来说我“圣母心”。有个更直接说:“那你怎么不去死！”我当时真的是觉得网络暴力好恐怖，我从没经历过，我也不是很会吵架。后来我丈夫看不过去，毕竟那时候我是怀孕期间。我最傻的就是把我怀孕的是说了出来，我看到新的评论出来，说:“怀孕的女人，都这么爱多想，这么闲吗？”好吧，所以这些话你是站在什么角度说的？“正义者”？还是我就是看你不爽！经过几天我丈夫和他的撕逼，他不再回复，我的丈夫也以为不会有什么后续，谁知道，是我太天真，他开始找那些撕逼话语所谓的“逻辑思维”，找“弱点”又开始喷了起来。时隔一个星期，他竟然又来喷了，我是不是应该佩服他的毅力，我不明白为什么他那么“坚持不懈”，是想向我证明着什么吗？我搞不懂，也不想搞懂。我反馈给了官方，当天晚上我的那篇帖子就全被删了。在这里我还要感谢那位官方。我是第一个自己反馈了自己的帖子的人，人家看了都说:“厉害。”我却是想说:“难道还继续让别人看戏吗？”有一段时间我怀疑自己到底做错了什么，怎么老是招黑，后来南无告诉我:“不要去和他对喷，太过分就反馈给微信客服。”\n\n到现在我由于现实生活的原因，也怕再被网络暴力，我不再想发帖，也不想评论。我只要过好自己就好，我自认我不是特别圆滑的人，我做不到让很多人喜欢我，我也更不是刀枪不入的人，有人喷，大不了我就反馈。我实在是很讨厌和人吵架。在网上你要知道没事别太文艺，别认为无聊所以就去故意找人对喷，你自认为找到了“乐趣”，实际上你在做一件最无聊的事，你在用你的“逻辑思维”去找别人话里的“错误”，而这些话比你看小说玩游戏还没有营养。最后一点:如果你是玻璃心就不要去尝试作死。\n[升级最新版客户端，查看该贴图片详情]"},{"Bounds":{"bottom":1280,"left":30,"right":118,"top":5043},"Classname":"android.widget.TextView","Packagename":"com.justwayward.readerer","Text":"同感"},{"Bounds":{"bottom":1280,"left":0,"right":720,"top":5133},"Classname":"android.widget.TextView","Packagename":"com.justwayward.readerer","Text":"共12条评论"}],"packagename":"com.example.a10628.myapplication","width":1080}