{"events":[{"eventname":"TYPE_VIEW_SCROLLED","source":{"Bounds":{"bottom":1280,"left":0,"right":720,"top":160},"Classname":"android.widget.ListView","Packagename":"com.zhihu.daily.android","Text":""}},{"eventname":"TYPE_VIEW_SCROLLED","source":{"Bounds":{"bottom":1280,"left":0,"right":720,"top":160},"Classname":"android.widget.ListView","Packagename":"com.zhihu.daily.android","Text":""}},{"eventname":"TYPE_VIEW_SCROLLED","source":{"Bounds":{"bottom":1280,"left":0,"right":720,"top":160},"Classname":"android.widget.ListView","Packagename":"com.zhihu.daily.android","Text":""}}],"height":1920,"hovertime":21822,"nodes":[{"Bounds":{"bottom":160,"left":0,"right":112,"top":48},"Classname":"android.widget.ImageButton","Packagename":"com.zhihu.daily.android","Text":""},{"Bounds":{"bottom":128,"left":144,"right":360,"top":79},"Classname":"android.widget.TextView","Packagename":"com.zhihu.daily.android","Text":"用户推荐日报"},{"Bounds":{"bottom":152,"left":618,"right":720,"top":56},"Classname":"android.widget.TextView","Packagename":"com.zhihu.daily.android","Text":""},{"Bounds":{"bottom":94,"left":48,"right":492,"top":160},"Classname":"android.widget.TextView","Packagename":"com.zhihu.daily.android","Text":"我为何反对对人贩子一律判死？"},{"Bounds":{"bottom":306,"left":48,"right":672,"top":215},"Classname":"android.widget.TextView","Packagename":"com.zhihu.daily.android","Text":"买外国版权来改编成中文音乐剧，剧本编译过程中有哪些困难之处？"},{"Bounds":{"bottom":466,"left":48,"right":672,"top":375},"Classname":"android.widget.TextView","Packagename":"com.zhihu.daily.android","Text":"在北京看话剧，有哪些剧场值得推荐？"},{"Bounds":{"bottom":626,"left":48,"right":672,"top":535},"Classname":"android.widget.TextView","Packagename":"com.zhihu.daily.android","Text":"广州有哪些话剧剧场值得推荐？"},{"Bounds":{"bottom":786,"left":48,"right":672,"top":695},"Classname":"android.widget.TextView","Packagename":"com.zhihu.daily.android","Text":"你曾被哪个戏剧场景瞬间击中？"},{"Bounds":{"bottom":946,"left":48,"right":492,"top":855},"Classname":"android.widget.TextView","Packagename":"com.zhihu.daily.android","Text":"奔驰 AMG 车型车系代号后的数字是什么意思？"},{"Bounds":{"bottom":1158,"left":48,"right":672,"top":1067},"Classname":"android.widget.TextView","Packagename":"com.zhihu.daily.android","Text":"自动挡的 S 档和 D 档有什么区别？"},{"Bounds":{"bottom":1280,"left":48,"right":672,"top":1227},"Classname":"android.widget.TextView","Packagename":"com.zhihu.daily.android","Text":"为什么对孟京辉的评价，褒贬的两极分化体现得十分明显？"},{"Bounds":{"bottom":110,"left":32,"right":688,"top":160},"Classname":"android.widget.TextView","Packagename":"com.zhihu.daily.android","Text":"内容由知乎用户推荐，海纳主题百万，趣味上天入地"},{"Bounds":{"bottom":144,"left":688,"right":688,"top":160},"Classname":"android.widget.TextView","Packagename":"com.zhihu.daily.android","Text":""}],"packagename":"com.example.a10628.myapplication","width":1080}