{"events":[{"eventname":"TYPE_VIEW_SCROLLED","source":{"Bounds":{"bottom":1280,"left":0,"right":720,"top":256},"Classname":"android.widget.ListView","Packagename":"cn.amazon.mShop.android","Text":""}},{"eventname":"TYPE_VIEW_SCROLLED","source":{"Bounds":{"bottom":1280,"left":0,"right":720,"top":256},"Classname":"android.widget.ListView","Packagename":"cn.amazon.mShop.android","Text":""}}],"height":1920,"hovertime":5455,"nodes":[{"Bounds":{"bottom":140,"left":0,"right":92,"top":48},"Classname":"android.widget.LinearLayout","Packagename":"cn.amazon.mShop.android","Text":""},{"Bounds":{"bottom":120,"left":300,"right":420,"top":68},"Classname":"android.widget.ImageView","Packagename":"cn.amazon.mShop.android","Text":""},{"Bounds":{"bottom":140,"left":624,"right":716,"top":48},"Classname":"android.widget.ImageView","Packagename":"cn.amazon.mShop.android","Text":""},{"Bounds":{"bottom":140,"left":656,"right":684,"top":62},"Classname":"android.widget.TextView","Packagename":"cn.amazon.mShop.android","Text":"0"},{"Bounds":{"bottom":240,"left":16,"right":704,"top":156},"Classname":"android.widget.EditText","Packagename":"cn.amazon.mShop.android","Text":"搜索商品"},{"Bounds":{"bottom":157,"left":703,"right":704,"top":156},"Classname":"android.widget.Button","Packagename":"cn.amazon.mShop.android","Text":""},{"Bounds":{"bottom":233,"left":622,"right":704,"top":163},"Classname":"android.widget.ImageView","Packagename":"cn.amazon.mShop.android","Text":""},{"Bounds":{"bottom":254,"left":233,"right":710,"top":256},"Classname":"android.widget.TextView","Packagename":"cn.amazon.mShop.android","Text":"beyerdynamic 拜亚 DT 990 32 欧姆 Hi-Fi-耳机"},{"Bounds":{"bottom":292,"left":233,"right":408,"top":256},"Classname":"android.widget.TextView","Packagename":"cn.amazon.mShop.android","Text":"Beyerdynamic"},{"Bounds":{"bottom":337,"left":233,"right":379,"top":299},"Classname":"android.widget.TextView","Packagename":"cn.amazon.mShop.android","Text":"￥1,082.65 "},{"Bounds":{"bottom":334,"left":379,"right":464,"top":309},"Classname":"android.widget.TextView","Packagename":"cn.amazon.mShop.android","Text":"符合尊榮方案條件"},{"Bounds":{"bottom":379,"left":233,"right":418,"top":347},"Classname":"android.widget.TextView","Packagename":"cn.amazon.mShop.android","Text":"4.2 明星 (21)"},{"Bounds":{"bottom":517,"left":233,"right":710,"top":451},"Classname":"android.widget.TextView","Packagename":"cn.amazon.mShop.android","Text":"Sennheiser 森海塞尔 GSP 600 专业游戏耳机（具被动降噪功能）"},{"Bounds":{"bottom":555,"left":233,"right":489,"top":517},"Classname":"android.widget.TextView","Packagename":"cn.amazon.mShop.android","Text":"Sennheiser 森海塞尔"},{"Bounds":{"bottom":600,"left":233,"right":379,"top":562},"Classname":"android.widget.TextView","Packagename":"cn.amazon.mShop.android","Text":"￥1,604.58 "},{"Bounds":{"bottom":597,"left":379,"right":464,"top":572},"Classname":"android.widget.TextView","Packagename":"cn.amazon.mShop.android","Text":"符合尊榮方案條件"},{"Bounds":{"bottom":747,"left":233,"right":710,"top":714},"Classname":"android.widget.TextView","Packagename":"cn.amazon.mShop.android","Text":"Sennheiser 森海塞尔IE 60 入耳式耳机"},{"Bounds":{"bottom":785,"left":233,"right":489,"top":747},"Classname":"android.widget.TextView","Packagename":"cn.amazon.mShop.android","Text":"Sennheiser 森海塞尔"},{"Bounds":{"bottom":830,"left":233,"right":356,"top":792},"Classname":"android.widget.TextView","Packagename":"cn.amazon.mShop.android","Text":"￥792.63 "},{"Bounds":{"bottom":827,"left":356,"right":441,"top":802},"Classname":"android.widget.TextView","Packagename":"cn.amazon.mShop.android","Text":"符合尊榮方案條件"},{"Bounds":{"bottom":872,"left":233,"right":418,"top":840},"Classname":"android.widget.TextView","Packagename":"cn.amazon.mShop.android","Text":"4.1 明星 (17)"},{"Bounds":{"bottom":907,"left":233,"right":325,"top":875},"Classname":"android.widget.TextView","Packagename":"cn.amazon.mShop.android","Text":"更多选项"},{"Bounds":{"bottom":1043,"left":233,"right":710,"top":977},"Classname":"android.widget.TextView","Packagename":"cn.amazon.mShop.android","Text":"Panasonic RF - 3500e9 - K 便携式收音机 ( 模拟 - Tuner ( FM / MW / LW / KW ) , 网 - 和电池供电 ) 黑色"},{"Bounds":{"bottom":1081,"left":233,"right":426,"top":1043},"Classname":"android.widget.TextView","Packagename":"cn.amazon.mShop.android","Text":"Panasonic 松下"},{"Bounds":{"bottom":1126,"left":233,"right":356,"top":1088},"Classname":"android.widget.TextView","Packagename":"cn.amazon.mShop.android","Text":"￥262.80 "},{"Bounds":{"bottom":1123,"left":356,"right":441,"top":1098},"Classname":"android.widget.TextView","Packagename":"cn.amazon.mShop.android","Text":"符合尊榮方案條件"},{"Bounds":{"bottom":1168,"left":233,"right":406,"top":1136},"Classname":"android.widget.TextView","Packagename":"cn.amazon.mShop.android","Text":"4.5 明星 (7)"},{"Bounds":{"bottom":1280,"left":233,"right":710,"top":1240},"Classname":"android.widget.TextView","Packagename":"cn.amazon.mShop.android","Text":"LaCie 莱斯 5 TB 坚固迷你 USB 便携式外置硬盘适用于 PC 和 MAC"},{"Bounds":{"bottom":1280,"left":233,"right":366,"top":1306},"Classname":"android.widget.TextView","Packagename":"cn.amazon.mShop.android","Text":"LaCie 莱斯"},{"Bounds":{"bottom":1280,"left":233,"right":379,"top":1280},"Classname":"android.widget.TextView","Packagename":"cn.amazon.mShop.android","Text":"￥1,540.09 "},{"Bounds":{"bottom":1280,"left":379,"right":464,"top":1290},"Classname":"android.widget.TextView","Packagename":"cn.amazon.mShop.android","Text":"符合尊榮方案條件"},{"Bounds":{"bottom":1280,"left":233,"right":418,"top":1307},"Classname":"android.widget.TextView","Packagename":"cn.amazon.mShop.android","Text":"4.0 明星 (35)"},{"Bounds":{"bottom":1280,"left":233,"right":325,"top":1323},"Classname":"android.widget.TextView","Packagename":"cn.amazon.mShop.android","Text":"更多选项"},{"Bounds":{"bottom":328,"left":10,"right":271,"top":267},"Classname":"android.widget.TextView","Packagename":"cn.amazon.mShop.android","Text":"超过50,000个结果"},{"Bounds":{"bottom":339,"left":440,"right":522,"top":257},"Classname":"android.widget.ImageView","Packagename":"cn.amazon.mShop.android","Text":""},{"Bounds":{"bottom":340,"left":533,"right":720,"top":256},"Classname":"android.widget.TextView","Packagename":"cn.amazon.mShop.android","Text":"筛选 (1)"}],"packagename":"com.example.a10628.myapplication","width":1080}