{"events":[{"eventname":"TYPE_VIEW_FOCUSED","source":{"Bounds":{"bottom":1280,"left":0,"right":720,"top":160},"Classname":"android.support.v7.widget.RecyclerView","Packagename":"com.zhihu.android","Text":""}}],"height":1920,"hovertime":2543,"nodes":[{"Bounds":{"bottom":160,"left":16,"right":128,"top":48},"Classname":"android.widget.ImageButton","Packagename":"com.zhihu.android","Text":""},{"Bounds":{"bottom":123,"left":128,"right":528,"top":85},"Classname":"android.widget.TextView","Packagename":"com.zhihu.android","Text":"如何看待生活大爆炸第十一季24集？"},{"Bounds":{"bottom":109,"left":128,"right":128,"top":66},"Classname":"android.widget.TextView","Packagename":"com.zhihu.android","Text":"知乎"},{"Bounds":{"bottom":142,"left":128,"right":128,"top":109},"Classname":"android.widget.TextView","Packagename":"com.zhihu.android","Text":"140 个回答"},{"Bounds":{"bottom":152,"left":528,"right":624,"top":56},"Classname":"android.widget.TextView","Packagename":"com.zhihu.android","Text":""},{"Bounds":{"bottom":152,"left":624,"right":704,"top":56},"Classname":"android.widget.ImageView","Packagename":"com.zhihu.android","Text":""},{"Bounds":{"bottom":-165,"left":30,"right":134,"top":-225},"Classname":"android.view.View","Packagename":"com.zhihu.android","Text":"美剧"},{"Bounds":{"bottom":-165,"left":150,"right":638,"top":-225},"Classname":"android.view.View","Packagename":"com.zhihu.android","Text":"生活大爆炸（The Big Bang Theory）"},{"Bounds":{"bottom":-165,"left":652,"right":720,"top":-225},"Classname":"android.view.View","Packagename":"com.zhihu.android","Text":"影视"},{"Bounds":{"bottom":-145,"left":608,"right":720,"top":-245},"Classname":"android.view.View","Packagename":"com.zhihu.android","Text":"  "},{"Bounds":{"bottom":-91,"left":0,"right":720,"top":-145},"Classname":"android.view.View","Packagename":"com.zhihu.android","Text":"如何看待生活大爆炸第十一季24集？"},{"Bounds":{"bottom":-21,"left":30,"right":690,"top":-71},"Classname":"android.view.View","Packagename":"com.zhihu.android","Text":"谢尔顿结婚"},{"Bounds":{"bottom":151,"left":54,"right":150,"top":19},"Classname":"android.widget.Image","Packagename":"com.zhihu.android","Text":"v2-f0180d7af53a538749309dd1df67654c_qhd"},{"Bounds":{"bottom":61,"left":174,"right":422,"top":25},"Classname":"android.view.View","Packagename":"com.zhihu.android","Text":"生活大爆炸 第十季"},{"Bounds":{"bottom":105,"left":174,"right":598,"top":75},"Classname":"android.view.View","Packagename":"com.zhihu.android","Text":"2016 美国"},{"Bounds":{"bottom":147,"left":174,"right":598,"top":117},"Classname":"android.view.View","Packagename":"com.zhihu.android","Text":"猫眼评分9.1"},{"Bounds":{"bottom":101,"left":628,"right":660,"top":69},"Classname":"android.widget.Image","Packagename":"com.zhihu.android","Text":""},{"Bounds":{"bottom":267,"left":30,"right":160,"top":223},"Classname":"android.view.View","Packagename":"com.zhihu.android","Text":"505 人关注"},{"Bounds":{"bottom":267,"left":188,"right":290,"top":223},"Classname":"android.view.View","Packagename":"com.zhihu.android","Text":"0 条评论"},{"Bounds":{"bottom":261,"left":530,"right":562,"top":229},"Classname":"android.widget.Image","Packagename":"com.zhihu.android","Text":""},{"Bounds":{"bottom":263,"left":568,"right":672,"top":233},"Classname":"android.view.View","Packagename":"com.zhihu.android","Text":"关注问题"},{"Bounds":{"bottom":399,"left":0,"right":360,"top":299},"Classname":"android.view.View","Packagename":"com.zhihu.android","Text":"  "},{"Bounds":{"bottom":365,"left":102,"right":136,"top":333},"Classname":"android.widget.Image","Packagename":"com.zhihu.android","Text":""},{"Bounds":{"bottom":369,"left":144,"right":258,"top":335},"Classname":"android.view.View","Packagename":"com.zhihu.android","Text":"邀请回答"},{"Bounds":{"bottom":399,"left":360,"right":720,"top":299},"Classname":"android.view.View","Packagename":"com.zhihu.android","Text":"  "},{"Bounds":{"bottom":365,"left":462,"right":496,"top":333},"Classname":"android.widget.Image","Packagename":"com.zhihu.android","Text":""},{"Bounds":{"bottom":369,"left":504,"right":618,"top":335},"Classname":"android.view.View","Packagename":"com.zhihu.android","Text":"添加回答"},{"Bounds":{"bottom":-54,"left":360,"right":360,"top":160},"Classname":"android.widget.TextView","Packagename":"com.zhihu.android","Text":""},{"Bounds":{"bottom":12,"left":280,"right":440,"top":160},"Classname":"android.widget.TextView","Packagename":"com.zhihu.android","Text":""},{"Bounds":{"bottom":466,"left":32,"right":171,"top":398},"Classname":"android.widget.TextView","Packagename":"com.zhihu.android","Text":"140 个回答"},{"Bounds":{"bottom":466,"left":500,"right":688,"top":398},"Classname":"android.widget.TextView","Packagename":"com.zhihu.android","Text":"按质量排序"},{"Bounds":{"bottom":545,"left":88,"right":284,"top":507},"Classname":"android.widget.TextView","Packagename":"com.zhihu.android","Text":"再胖也是小猫猫"},{"Bounds":{"bottom":526,"left":292,"right":292,"top":526},"Classname":"android.view.View","Packagename":"com.zhihu.android","Text":""},{"Bounds":{"bottom":699,"left":32,"right":250,"top":554},"Classname":"android.widget.FrameLayout","Packagename":"com.zhihu.android","Text":""},{"Bounds":{"bottom":699,"left":250,"right":468,"top":554},"Classname":"android.widget.FrameLayout","Packagename":"com.zhihu.android","Text":""},{"Bounds":{"bottom":699,"left":470,"right":686,"top":554},"Classname":"android.widget.TextView","Packagename":"com.zhihu.android","Text":"+2"},{"Bounds":{"bottom":833,"left":32,"right":688,"top":699},"Classname":"android.widget.TextView","Packagename":"com.zhihu.android","Text":"追到11季，终于迎来谢尔顿和艾米的婚礼！艾米眼里全是爱！❤谢尔顿是最会讲情话的理工男了！直白质朴又感人！！变得更可爱了！呜呜呜！！感动暴哭！！证婚人天行者卢克也感动到说不出话来！真是又哭又笑！呜呜呜~(\u003e_\u003c)~ “Even if i can\u0027t tell you now how i feel， I will spend my life showing you how much I love you.”❤ 爱你 我会用一生来证明 [图片] [图片] [图片] 理工男的浪漫 “我们有一生的时间可以一起做科研” [图片] 而你不仅是艾米…"},{"Bounds":{"bottom":879,"left":32,"right":173,"top":841},"Classname":"android.widget.TextView","Packagename":"com.zhihu.android","Text":"1.1K 赞同 · "},{"Bounds":{"bottom":879,"left":173,"right":289,"top":841},"Classname":"android.widget.TextView","Packagename":"com.zhihu.android","Text":"98 评论 · "},{"Bounds":{"bottom":879,"left":289,"right":368,"top":841},"Classname":"android.widget.TextView","Packagename":"com.zhihu.android","Text":"1 天前"},{"Bounds":{"bottom":998,"left":88,"right":172,"top":960},"Classname":"android.widget.TextView","Packagename":"com.zhihu.android","Text":"蓝胖子"},{"Bounds":{"bottom":979,"left":180,"right":180,"top":979},"Classname":"android.view.View","Packagename":"com.zhihu.android","Text":""},{"Bounds":{"bottom":1061,"left":32,"right":688,"top":1007},"Classname":"android.widget.TextView","Packagename":"com.zhihu.android","Text":"如果霍金爷爷在的话，他肯定是谢耳朵的证婚人。"},{"Bounds":{"bottom":1107,"left":32,"right":164,"top":1069},"Classname":"android.widget.TextView","Packagename":"com.zhihu.android","Text":"134 赞同 · "},{"Bounds":{"bottom":1107,"left":164,"right":264,"top":1069},"Classname":"android.widget.TextView","Packagename":"com.zhihu.android","Text":"9 评论 · "},{"Bounds":{"bottom":1107,"left":264,"right":371,"top":1069},"Classname":"android.widget.TextView","Packagename":"com.zhihu.android","Text":"9 小时前"},{"Bounds":{"bottom":1226,"left":88,"right":200,"top":1188},"Classname":"android.widget.TextView","Packagename":"com.zhihu.android","Text":"火球买手"},{"Bounds":{"bottom":1243,"left":656,"right":688,"top":1187},"Classname":"android.widget.ImageView","Packagename":"com.zhihu.android","Text":""},{"Bounds":{"bottom":1280,"left":32,"right":688,"top":1259},"Classname":"android.widget.ImageView","Packagename":"com.zhihu.android","Text":""},{"Bounds":{"bottom":1280,"left":32,"right":688,"top":1548},"Classname":"android.widget.TextView","Packagename":"com.zhihu.android","Text":"火球买手，一个让你觉得相见恨晚的APP知名时尚买手实物使用，真实而又人性化的购买场景，教你穿搭教你潮，现在就下载体验！"},{"Bounds":{"bottom":1280,"left":32,"right":88,"top":1690},"Classname":"android.widget.TextView","Packagename":"com.zhihu.android","Text":"广告"},{"Bounds":{"bottom":1280,"left":88,"right":109,"top":1682},"Classname":"android.widget.TextView","Packagename":"com.zhihu.android","Text":" · "},{"Bounds":{"bottom":1280,"left":109,"right":221,"top":1690},"Classname":"android.widget.TextView","Packagename":"com.zhihu.android","Text":"立即下载"}],"packagename":"com.example.a10628.myapplication","width":1080}