{"events":[{"eventname":"TYPE_VIEW_SCROLLED","source":{"Bounds":{"bottom":1280,"left":0,"right":720,"top":2},"Classname":"android.webkit.WebView","Packagename":"com.baycode.tianya","Text":""}}],"height":1920,"hovertime":4141,"nodes":[{"Bounds":{"bottom":4,"left":10,"right":122,"top":2},"Classname":"android.view.View","Packagename":"com.baycode.tianya","Text":"只看楼主"},{"Bounds":{"bottom":4,"left":10,"right":710,"top":2},"Classname":"android.view.View","Packagename":"com.baycode.tianya","Text":"伊朗完了，欧洲哭了！"},{"Bounds":{"bottom":4,"left":0,"right":720,"top":2},"Classname":"android.view.View","Packagename":"com.baycode.tianya","Text":"第1页 | 共1页   访问35242 | 回复195"},{"Bounds":{"bottom":4,"left":8,"right":712,"top":2},"Classname":"android.view.View","Packagename":"com.baycode.tianya","Text":"深海飞行20172018-05-10 10:27:41"},{"Bounds":{"bottom":4,"left":10,"right":710,"top":2},"Classname":"android.view.View","Packagename":"com.baycode.tianya","Text":"　　美国退出伊核协议，谁敢和伊朗交易就制裁谁。中国已经被剁了一刀，欧日更加不敢妄动。\n　　所以伊核协议其他六方退不退没有啥意义，伊朗重新堕入阿鼻地狱！\n\n　　欧洲准备接待800万难民吧！"},{"Bounds":{"bottom":4,"left":20,"right":700,"top":2},"Classname":"android.view.View","Packagename":"com.baycode.tianya","Text":"推广 爱看 教你一招，不用WiFi也能上网 "},{"Bounds":{"bottom":4,"left":648,"right":700,"top":2},"Classname":"android.view.View","Packagename":"com.baycode.tianya","Text":"回复"},{"Bounds":{"bottom":4,"left":8,"right":712,"top":2},"Classname":"android.view.View","Packagename":"com.baycode.tianya","Text":"东方君行早2018-05-10 10:39:35"},{"Bounds":{"bottom":4,"left":10,"right":710,"top":2},"Classname":"android.view.View","Packagename":"com.baycode.tianya","Text":"　　未来几年，霉菌退出东亚、阿富汗，在叙利亚和土耳其得手。\n　　但最终，人造太阳成功，人类摆脱石油资源。亚欧大陆成为共同体，人类家园。美洲成为高污染制造业基地。"},{"Bounds":{"bottom":4,"left":648,"right":700,"top":2},"Classname":"android.view.View","Packagename":"com.baycode.tianya","Text":"回复"},{"Bounds":{"bottom":4,"left":8,"right":712,"top":2},"Classname":"android.view.View","Packagename":"com.baycode.tianya","Text":"涛涛一水2018-05-10 10:40:04"},{"Bounds":{"bottom":4,"left":10,"right":710,"top":2},"Classname":"android.view.View","Packagename":"com.baycode.tianya","Text":"　　还真有这么一说，如果美国不小心撕开一个口子！ 那么欧洲一样会落井下石！并美其名曰发展经济！ 所以伊朗的抉择以及选择十分的重要！"},{"Bounds":{"bottom":4,"left":648,"right":700,"top":2},"Classname":"android.view.View","Packagename":"com.baycode.tianya","Text":"回复"},{"Bounds":{"bottom":4,"left":8,"right":712,"top":2},"Classname":"android.view.View","Packagename":"com.baycode.tianya","Text":"落日刀2018-05-10 11:02:23"},{"Bounds":{"bottom":4,"left":10,"right":710,"top":2},"Classname":"android.view.View","Packagename":"com.baycode.tianya","Text":"　　日本演绎躬匠精神，美国演绎弃约精神"},{"Bounds":{"bottom":4,"left":648,"right":700,"top":2},"Classname":"android.view.View","Packagename":"com.baycode.tianya","Text":"回复"},{"Bounds":{"bottom":4,"left":8,"right":712,"top":2},"Classname":"android.view.View","Packagename":"com.baycode.tianya","Text":"吐槽Oo2018-05-10 11:11:12"},{"Bounds":{"bottom":4,"left":10,"right":710,"top":2},"Classname":"android.view.View","Packagename":"com.baycode.tianya","Text":"　　咱这里宣传伊朗崩溃论不灵吧！再说，中国崩溃论、伊朗崩溃论、嘲鲜崩溃论、俄罗斯崩溃论见得太多了，头脑正常的人谁还信呢！"},{"Bounds":{"bottom":4,"left":648,"right":700,"top":2},"Classname":"android.view.View","Packagename":"com.baycode.tianya","Text":"回复"},{"Bounds":{"bottom":4,"left":8,"right":712,"top":2},"Classname":"android.view.View","Packagename":"com.baycode.tianya","Text":"猫天猫地xy2018-05-10 11:15:45"},{"Bounds":{"bottom":4,"left":10,"right":710,"top":2},"Classname":"android.view.View","Packagename":"com.baycode.tianya","Text":"　　呵呵，我怎么不信中俄英法德五国都对伊朗做交易，美国敢特么制裁五国呢？信不信那样特朗普都不用等到任期结束就会被国会弹劾？如果坚决不下的话等待他的绝对就是肯尼迪一样的下场。"},{"Bounds":{"bottom":4,"left":648,"right":700,"top":2},"Classname":"android.view.View","Packagename":"com.baycode.tianya","Text":"回复"},{"Bounds":{"bottom":4,"left":8,"right":712,"top":2},"Classname":"android.view.View","Packagename":"com.baycode.tianya","Text":"起个名字这难2018-05-10 11:22:54"},{"Bounds":{"bottom":4,"left":10,"right":710,"top":2},"Classname":"android.view.View","Packagename":"com.baycode.tianya","Text":"　　伊朗要是能放下对华的莫名其妙堤防之心，不会有太大问题。美国不敢轻易对伊朗动武，只要不全面大打出手，伊朗背靠兔子毛子，也许不会好上天，但至少不会下地狱。伊朗在民间是非常向往西方的，对中国是有点瞧不起的，再加上上层的莫名其妙的帝国心态（其实波斯帝国已经是很遥远的事情了，而且也没强大到让其他文明牢记的地步），所以中国在伊朗并不受待见。"},{"Bounds":{"bottom":4,"left":648,"right":700,"top":2},"Classname":"android.view.View","Packagename":"com.baycode.tianya","Text":"回复"},{"Bounds":{"bottom":4,"left":8,"right":712,"top":2},"Classname":"android.view.View","Packagename":"com.baycode.tianya","Text":"一笑万年2018-05-10 11:41:20"},{"Bounds":{"bottom":4,"left":10,"right":710,"top":2},"Classname":"android.view.View","Packagename":"com.baycode.tianya","Text":"　　狗跑来带节奏了"},{"Bounds":{"bottom":4,"left":648,"right":700,"top":2},"Classname":"android.view.View","Packagename":"com.baycode.tianya","Text":"回复"},{"Bounds":{"bottom":62,"left":8,"right":712,"top":14},"Classname":"android.view.View","Packagename":"com.baycode.tianya","Text":"三战已经开始了2018-05-10 11:42:28"},{"Bounds":{"bottom":180,"left":10,"right":710,"top":72},"Classname":"android.view.View","Packagename":"com.baycode.tianya","Text":"　　楼主：你父母还是液体的时候，伊朗就被美国制裁了。"},{"Bounds":{"bottom":216,"left":648,"right":700,"top":186},"Classname":"android.view.View","Packagename":"com.baycode.tianya","Text":"回复"},{"Bounds":{"bottom":284,"left":8,"right":712,"top":236},"Classname":"android.view.View","Packagename":"com.baycode.tianya","Text":"丰血22018-05-10 11:47:45"},{"Bounds":{"bottom":1280,"left":10,"right":710,"top":294},"Classname":"android.view.View","Packagename":"com.baycode.tianya","Text":"　　伊朗在民间是非常向往西方的，对中国是有点瞧不起的，再加上上层的莫名其妙的帝国心态\n\n　　～～\n　　唐朝大举支援萨珊王朝\n\n　　按照我看\n　　很可能\n　　压力山大 萨珊呼罗珊 阿茘散\n　　核心词都是山\n　　即商\n\n　　即 周灭商后部分商人西逃 百年后占了波斯地区\n\n　　称（山）的就是这个部族的自称继承人\n\n　　所谓 唐就很大力的支持萨珊"},{"Bounds":{"bottom":1280,"left":648,"right":700,"top":1280},"Classname":"android.view.View","Packagename":"com.baycode.tianya","Text":"回复"},{"Bounds":{"bottom":1280,"left":8,"right":712,"top":1280},"Classname":"android.view.View","Packagename":"com.baycode.tianya","Text":"水煮青蛙20172018-05-10 12:33:56"},{"Bounds":{"bottom":1280,"left":10,"right":710,"top":1280},"Classname":"android.view.View","Packagename":"com.baycode.tianya","Text":"　　楼主这智商就不要在国关上秀了，世界上没有美国一样有贸易，美国退出伊核协议只会让美国在世界上越来越孤立，没有那个国家愿意和一个没有诚信的国家打交道。"},{"Bounds":{"bottom":1280,"left":648,"right":700,"top":1280},"Classname":"android.view.View","Packagename":"com.baycode.tianya","Text":"回复"},{"Bounds":{"bottom":1280,"left":8,"right":712,"top":1280},"Classname":"android.view.View","Packagename":"com.baycode.tianya","Text":"高级工程狮2018-05-10 12:37:55"},{"Bounds":{"bottom":1280,"left":10,"right":710,"top":1280},"Classname":"android.view.View","Packagename":"com.baycode.tianya","Text":"　　伊朗民众一直尚美，这次美国下毒手，也给那些做美梦的一个教训。活该。人家没有资源都搞出核蛋了，伊朗却没有。只能怪自己。"},{"Bounds":{"bottom":1280,"left":648,"right":700,"top":1280},"Classname":"android.view.View","Packagename":"com.baycode.tianya","Text":"回复"},{"Bounds":{"bottom":1280,"left":8,"right":712,"top":1280},"Classname":"android.view.View","Packagename":"com.baycode.tianya","Text":"lostsoul_2018-05-10 13:44:59"},{"Bounds":{"bottom":1280,"left":10,"right":710,"top":1280},"Classname":"android.view.View","Packagename":"com.baycode.tianya","Text":"　　美国是全球战略逗比！！"},{"Bounds":{"bottom":1280,"left":648,"right":700,"top":1280},"Classname":"android.view.View","Packagename":"com.baycode.tianya","Text":"回复"},{"Bounds":{"bottom":1280,"left":8,"right":712,"top":1280},"Classname":"android.view.View","Packagename":"com.baycode.tianya","Text":"oo白驹过隙oo2018-05-10 15:23:19"},{"Bounds":{"bottom":1280,"left":10,"right":710,"top":1280},"Classname":"android.view.View","Packagename":"com.baycode.tianya","Text":"　　由此看，床破还是很诚实的。\n　　大选中床破讲的话都是算数的。\n　　除了想做没做成的，都做了或正在做。"},{"Bounds":{"bottom":1280,"left":648,"right":700,"top":1280},"Classname":"android.view.View","Packagename":"com.baycode.tianya","Text":"回复"},{"Bounds":{"bottom":1280,"left":8,"right":712,"top":1280},"Classname":"android.view.View","Packagename":"com.baycode.tianya","Text":"wwwbak2018-05-10 16:14:03"},{"Bounds":{"bottom":1280,"left":10,"right":710,"top":1280},"Classname":"android.view.View","Packagename":"com.baycode.tianya","Text":"　　天底下没有只赚便宜不吃亏的事"},{"Bounds":{"bottom":1280,"left":648,"right":700,"top":1280},"Classname":"android.view.View","Packagename":"com.baycode.tianya","Text":"回复"},{"Bounds":{"bottom":1280,"left":8,"right":712,"top":1280},"Classname":"android.view.View","Packagename":"com.baycode.tianya","Text":"八月十五刹胡令2018-05-10 16:54:55"},{"Bounds":{"bottom":1280,"left":10,"right":710,"top":1280},"Classname":"android.view.View","Packagename":"com.baycode.tianya","Text":"　　这好办，谁帮助解决难民，就扶值谁。\n　　在中东扶值以色列跟库尔德，让这俩位帮助解决难民问题。"},{"Bounds":{"bottom":1280,"left":648,"right":700,"top":1280},"Classname":"android.view.View","Packagename":"com.baycode.tianya","Text":"回复"},{"Bounds":{"bottom":1280,"left":8,"right":712,"top":1280},"Classname":"android.view.View","Packagename":"com.baycode.tianya","Text":"八月十五刹胡令2018-05-10 16:56:41"},{"Bounds":{"bottom":1280,"left":10,"right":710,"top":1280},"Classname":"android.view.View","Packagename":"com.baycode.tianya","Text":"　　土耳其敢往欧洲方难民，就支持希腊、亚美尼亚声索固有领土。声索不够的话，直接支持武力夺回。"},{"Bounds":{"bottom":1280,"left":648,"right":700,"top":1280},"Classname":"android.view.View","Packagename":"com.baycode.tianya","Text":"回复"},{"Bounds":{"bottom":1280,"left":8,"right":712,"top":1280},"Classname":"android.view.View","Packagename":"com.baycode.tianya","Text":"花狐狸20182018-05-10 17:41:58"},{"Bounds":{"bottom":1280,"left":10,"right":710,"top":1280},"Classname":"android.view.View","Packagename":"com.baycode.tianya","Text":"　　第二个六方会谈，跟 一样，永远没有结果"},{"Bounds":{"bottom":1280,"left":648,"right":700,"top":1280},"Classname":"android.view.View","Packagename":"com.baycode.tianya","Text":"回复"},{"Bounds":{"bottom":1280,"left":8,"right":712,"top":1280},"Classname":"android.view.View","Packagename":"com.baycode.tianya","Text":"迷旅2018-05-10 18:31:08"},{"Bounds":{"bottom":1280,"left":10,"right":710,"top":1280},"Classname":"android.view.View","Packagename":"com.baycode.tianya","Text":"　　另外，美国新一轮制裁，让伊朗再吃吃苦头也好。波斯人内心对欧美总有一种莫名其妙的跪舔，总是认为中国依然是头上留猪尾、只会洗衣服的东方落后民族。\n\n　　上次伊核协议一签，就朝秦暮楚地废弃了很多和中国的合同，重新引入“高大上”的欧洲供应商。买军火，也总觉得俄国还是世界两极，唯一拥有堪与美国对抗的先进武器。中国货？什么山寨玩具。\n\n　　像这种顽冥不化的榆木脑袋，高傲刁难的冷漠态度，过河拆桥的待客之道，还是让别人治一治才好。"},{"Bounds":{"bottom":1280,"left":648,"right":700,"top":1280},"Classname":"android.view.View","Packagename":"com.baycode.tianya","Text":"回复"},{"Bounds":{"bottom":1280,"left":8,"right":712,"top":1280},"Classname":"android.view.View","Packagename":"com.baycode.tianya","Text":"小兔子882018-05-10 20:02:20"},{"Bounds":{"bottom":1280,"left":10,"right":710,"top":1280},"Classname":"android.view.View","Packagename":"com.baycode.tianya","Text":"　　美制裁关中国什么事，美制裁俄，中国照样买俄石油做生意；与伊郎也会如此"},{"Bounds":{"bottom":1280,"left":648,"right":700,"top":1280},"Classname":"android.view.View","Packagename":"com.baycode.tianya","Text":"回复"},{"Bounds":{"bottom":1280,"left":8,"right":712,"top":1280},"Classname":"android.view.View","Packagename":"com.baycode.tianya","Text":"mk19763112018-05-10 21:22:05"},{"Bounds":{"bottom":1280,"left":10,"right":710,"top":1280},"Classname":"android.view.View","Packagename":"com.baycode.tianya","Text":"　　只要伊朗坚持石油人民币结算，中国就不能袖手旁观。"},{"Bounds":{"bottom":1280,"left":648,"right":700,"top":1280},"Classname":"android.view.View","Packagename":"com.baycode.tianya","Text":"回复"},{"Bounds":{"bottom":1280,"left":8,"right":712,"top":1280},"Classname":"android.view.View","Packagename":"com.baycode.tianya","Text":"帅的想整容2018-05-10 22:24:21"},{"Bounds":{"bottom":1280,"left":10,"right":710,"top":1280},"Classname":"android.view.View","Packagename":"com.baycode.tianya","Text":"　　我看美帝先崩溃先，\n\n　　美帝制裁全世界？\n\n　　想想都觉得有趣！\n\n\n　　说实在的，中国多么希望美帝能出这样的招数，而且果然如此〜〜\n\n"},{"Bounds":{"bottom":1280,"left":648,"right":700,"top":1280},"Classname":"android.view.View","Packagename":"com.baycode.tianya","Text":"回复"},{"Bounds":{"bottom":1280,"left":8,"right":712,"top":1280},"Classname":"android.view.View","Packagename":"com.baycode.tianya","Text":"帅的想整容2018-05-10 22:26:39"},{"Bounds":{"bottom":1280,"left":10,"right":710,"top":1280},"Classname":"android.view.View","Packagename":"com.baycode.tianya","Text":"　　美帝现在还有什么技术手段可以制裁全世界？\n\n　　金融？有可能吗？早被人民币的全球互换协议，人民币全球支付系统和欧元弄得拔不成羊毛〜〜\n\n　　技术？谁也不与谁往来？美帝能自我循环？\n\n　　打仗？那更是不可能！\n\n\n　　美帝的退出，源于美帝高估了自己的实力。"},{"Bounds":{"bottom":1280,"left":648,"right":700,"top":1280},"Classname":"android.view.View","Packagename":"com.baycode.tianya","Text":"回复"},{"Bounds":{"bottom":1280,"left":8,"right":712,"top":1280},"Classname":"android.view.View","Packagename":"com.baycode.tianya","Text":"爱中华超自我2018-05-10 22:36:30"},{"Bounds":{"bottom":1280,"left":10,"right":710,"top":1280},"Classname":"android.view.View","Packagename":"com.baycode.tianya","Text":"　　其实以色列跟伊朗打一打，、对于我们国家很有借鉴意义。伊朗的导弹本身就是克隆我们的，社会问题跟我们也接近。我们可以好好观摩，学习改进。"},{"Bounds":{"bottom":1280,"left":648,"right":700,"top":1280},"Classname":"android.view.View","Packagename":"com.baycode.tianya","Text":"回复"},{"Bounds":{"bottom":1280,"left":8,"right":712,"top":1280},"Classname":"android.view.View","Packagename":"com.baycode.tianya","Text":"梦云飞20042018-05-10 23:30:36"},{"Bounds":{"bottom":1280,"left":10,"right":710,"top":1280},"Classname":"android.view.View","Packagename":"com.baycode.tianya","Text":"　　脑洞太大，似是而非的瞎叫唤！"},{"Bounds":{"bottom":1280,"left":648,"right":700,"top":1280},"Classname":"android.view.View","Packagename":"com.baycode.tianya","Text":"回复"},{"Bounds":{"bottom":1280,"left":8,"right":712,"top":1280},"Classname":"android.view.View","Packagename":"com.baycode.tianya","Text":"唯物主义思想家2018-05-11 05:27:31"},{"Bounds":{"bottom":1280,"left":10,"right":710,"top":1280},"Classname":"android.view.View","Packagename":"com.baycode.tianya","Text":"　　伊朗自己要弃核，没有核武器在手，人家说毁约就毁约。"},{"Bounds":{"bottom":1280,"left":648,"right":700,"top":1280},"Classname":"android.view.View","Packagename":"com.baycode.tianya","Text":"回复"},{"Bounds":{"bottom":1280,"left":8,"right":712,"top":1280},"Classname":"android.view.View","Packagename":"com.baycode.tianya","Text":"神突然的说2018-05-11 07:35:58"},{"Bounds":{"bottom":1280,"left":10,"right":710,"top":1280},"Classname":"android.view.View","Packagename":"com.baycode.tianya","Text":"　　我只知道伊朗、叙利亚如果倒了，对中俄没好处。那是中俄在霉帝包围圈西面最后的屏障。"},{"Bounds":{"bottom":1280,"left":648,"right":700,"top":1280},"Classname":"android.view.View","Packagename":"com.baycode.tianya","Text":"回复"},{"Bounds":{"bottom":1280,"left":8,"right":712,"top":1280},"Classname":"android.view.View","Packagename":"com.baycode.tianya","Text":"mk19763112018-05-11 09:02:15"},{"Bounds":{"bottom":1280,"left":10,"right":710,"top":1280},"Classname":"android.view.View","Packagename":"com.baycode.tianya","Text":"　　中俄不会丢下伊朗，伊朗自己也不会投降，想投降可以参照萨达姆卡扎菲！"},{"Bounds":{"bottom":1280,"left":648,"right":700,"top":1280},"Classname":"android.view.View","Packagename":"com.baycode.tianya","Text":"回复"},{"Bounds":{"bottom":1280,"left":8,"right":712,"top":1280},"Classname":"android.view.View","Packagename":"com.baycode.tianya","Text":"南海一夫2018-05-11 10:15:49"},{"Bounds":{"bottom":1280,"left":10,"right":710,"top":1280},"Classname":"android.view.View","Packagename":"com.baycode.tianya","Text":"\n\n\n　　一条疯狗狂叫而已，美国人对于那些连自己的祖国都出买的人从来都不会给与一丁点儿的施舍。\n\n\n　　没了狗粮，看你还咋呼个啥？\n\n\n"},{"Bounds":{"bottom":1280,"left":648,"right":700,"top":1280},"Classname":"android.view.View","Packagename":"com.baycode.tianya","Text":"回复"},{"Bounds":{"bottom":1280,"left":8,"right":712,"top":1280},"Classname":"android.view.View","Packagename":"com.baycode.tianya","Text":"大灰狼爱吃小肥杨2018-05-11 11:59:58"},{"Bounds":{"bottom":1280,"left":10,"right":710,"top":1280},"Classname":"android.view.View","Packagename":"com.baycode.tianya","Text":"　　讲真，跟我们关系不大，我们都是吃瓜群众。\n　　但是不得损害我们的利益。\n　　如果损害了，我们不妨加油添火。不论是对美，对以，还是伊朗"},{"Bounds":{"bottom":1280,"left":648,"right":700,"top":1280},"Classname":"android.view.View","Packagename":"com.baycode.tianya","Text":"回复"},{"Bounds":{"bottom":1280,"left":8,"right":712,"top":1280},"Classname":"android.view.View","Packagename":"com.baycode.tianya","Text":"liu79miao19792018-05-11 12:11:52"},{"Bounds":{"bottom":1280,"left":10,"right":710,"top":1280},"Classname":"android.view.View","Packagename":"com.baycode.tianya","Text":"　　怎么那么多评论说伊朗人更喜欢美国，怎么调研出来的？就凭美国制裁伊朗这些年正常伊朗人人怎么会亲美？"},{"Bounds":{"bottom":1280,"left":648,"right":700,"top":1280},"Classname":"android.view.View","Packagename":"com.baycode.tianya","Text":"回复"},{"Bounds":{"bottom":1280,"left":8,"right":712,"top":1280},"Classname":"android.view.View","Packagename":"com.baycode.tianya","Text":"地听天语2018-05-11 12:18:12"},{"Bounds":{"bottom":1280,"left":10,"right":710,"top":1280},"Classname":"android.view.View","Packagename":"com.baycode.tianya","Text":"　　············"},{"Bounds":{"bottom":1280,"left":648,"right":700,"top":1280},"Classname":"android.view.View","Packagename":"com.baycode.tianya","Text":"回复"},{"Bounds":{"bottom":1280,"left":8,"right":712,"top":1280},"Classname":"android.view.View","Packagename":"com.baycode.tianya","Text":"WildWeasal2018-05-11 13:02:40"},{"Bounds":{"bottom":1280,"left":10,"right":710,"top":1280},"Classname":"android.view.View","Packagename":"com.baycode.tianya","Text":"　　@迷旅 2018-05-10 18:31:08\n　　另外，美国新一轮制裁，让伊朗再吃吃苦头也好。波斯人内心对欧美总有一种莫名其妙的跪舔，总是认为中国依然是头上留猪尾、只会洗衣服的东方落后民族。\n　　上次伊核协议一签，就朝秦暮楚地废弃了很多和中国的合同，重新引入“高大上”的欧洲供应商。买军火，也总觉得俄国还是世界两极，唯一拥有堪与美国对抗的先进武器。中国货？什么山寨玩具。\n　　像这种顽冥不化的榆木脑袋，高傲刁难的冷漠态度，过河拆桥的待客之道，还......\n　　-----------------------------\n　　我也看了原文，纯粹瞎扯。中国伊朗贸易额一直稳步上升。\n　　我看了半岛电视台伊朗领袖的发言，明确指出他们也不相信西欧国家，只要中俄是朋友。\n"},{"Bounds":{"bottom":1280,"left":648,"right":700,"top":1280},"Classname":"android.view.View","Packagename":"com.baycode.tianya","Text":"回复"},{"Bounds":{"bottom":1280,"left":8,"right":712,"top":1280},"Classname":"android.view.View","Packagename":"com.baycode.tianya","Text":"寂然涤思2018-05-11 13:38:48"},{"Bounds":{"bottom":1280,"left":10,"right":710,"top":1280},"Classname":"android.view.View","Packagename":"com.baycode.tianya","Text":"　　没过现在向全球无差别进击，看来是孤注一掷了。"},{"Bounds":{"bottom":1280,"left":648,"right":700,"top":1280},"Classname":"android.view.View","Packagename":"com.baycode.tianya","Text":"回复"},{"Bounds":{"bottom":1280,"left":8,"right":712,"top":1280},"Classname":"android.view.View","Packagename":"com.baycode.tianya","Text":"youdsh20142018-05-11 15:26:08"},{"Bounds":{"bottom":1280,"left":10,"right":710,"top":1280},"Classname":"android.view.View","Packagename":"com.baycode.tianya","Text":"　　伊朗完不完要看欧洲，不过欧洲可能会先完。川普上台天天增产石油，对伊朗制裁必然会是石油价格大幅上涨，欧洲经济何时再次进入衰退几乎是可以预判的。美国为了一己之私冒天下之大不韪，甘愿让自己的小伙伴们成为垫脚石。美国不亡，世界永无宁日！"},{"Bounds":{"bottom":1280,"left":648,"right":700,"top":1280},"Classname":"android.view.View","Packagename":"com.baycode.tianya","Text":"回复"},{"Bounds":{"bottom":1280,"left":8,"right":712,"top":1280},"Classname":"android.view.View","Packagename":"com.baycode.tianya","Text":"一片晴朗天2018-05-11 17:54:24"},{"Bounds":{"bottom":1280,"left":10,"right":710,"top":1280},"Classname":"android.view.View","Packagename":"com.baycode.tianya","Text":"　　美国是世界上最大的恐怖组织，平均不足两年就要发动一场战争"},{"Bounds":{"bottom":1280,"left":648,"right":700,"top":1280},"Classname":"android.view.View","Packagename":"com.baycode.tianya","Text":"回复"},{"Bounds":{"bottom":1280,"left":8,"right":712,"top":1280},"Classname":"android.view.View","Packagename":"com.baycode.tianya","Text":"男孩种菜2018-05-12 01:58:36"},{"Bounds":{"bottom":1280,"left":10,"right":710,"top":1280},"Classname":"android.view.View","Packagename":"com.baycode.tianya","Text":"　　楼主 暴露了"},{"Bounds":{"bottom":1280,"left":648,"right":700,"top":1280},"Classname":"android.view.View","Packagename":"com.baycode.tianya","Text":"回复"},{"Bounds":{"bottom":1280,"left":8,"right":712,"top":1280},"Classname":"android.view.View","Packagename":"com.baycode.tianya","Text":"围观群众不吃瓜2018-05-12 06:16:43"},{"Bounds":{"bottom":1280,"left":10,"right":710,"top":1280},"Classname":"android.view.View","Packagename":"com.baycode.tianya","Text":"　　五毳又有工作了"},{"Bounds":{"bottom":1280,"left":648,"right":700,"top":1280},"Classname":"android.view.View","Packagename":"com.baycode.tianya","Text":"回复"},{"Bounds":{"bottom":1280,"left":8,"right":712,"top":1280},"Classname":"android.view.View","Packagename":"com.baycode.tianya","Text":"activeway2018-05-12 06:57:48"},{"Bounds":{"bottom":1280,"left":10,"right":710,"top":1280},"Classname":"android.view.View","Packagename":"com.baycode.tianya","Text":"　　楼主这种不应该固化，永远是液体恰当点！"},{"Bounds":{"bottom":1280,"left":648,"right":700,"top":1280},"Classname":"android.view.View","Packagename":"com.baycode.tianya","Text":"回复"},{"Bounds":{"bottom":1280,"left":8,"right":712,"top":1280},"Classname":"android.view.View","Packagename":"com.baycode.tianya","Text":"doyafen2018-05-12 07:21:22"},{"Bounds":{"bottom":1280,"left":10,"right":710,"top":1280},"Classname":"android.view.View","Packagename":"com.baycode.tianya","Text":"　　其实我觉得美国那些所谓的盟友非常愚蠢，如果他们聪明就不会与中俄为敌，有中俄在才能保证这个世界不会失衡，他们才能左右逢源过自己的小日子。如果中俄倒了，那这个世界就是美国独霸，说一不二了，全世界都会成为美国佬的奴隶，给美国佬交税，包括他们自己。到时候，美国佬想让谁拿点钱，谁敢拒绝？而且，先例已经有了。比如日本，让你签广场协议，你敢不签？沙特，扔给你点废铜烂铁，1000亿，你敢不要？韩国，在你那部署萨德，你出10亿美金，韩国敢不出？德国，让你买美国的天然气，你敢不买？兔死狗烹，中国人的祖先早就明白的道理，可惜这些蛮夷不懂。如果中俄倒了，还要你们这些狗屁盟友干嘛？到时候挨个薅你们羊毛，估计你们连个屁都不敢放了！"},{"Bounds":{"bottom":1280,"left":648,"right":700,"top":1280},"Classname":"android.view.View","Packagename":"com.baycode.tianya","Text":"回复"},{"Bounds":{"bottom":1280,"left":8,"right":712,"top":1280},"Classname":"android.view.View","Packagename":"com.baycode.tianya","Text":"刳舟剡楫2018-05-12 09:33:34"},{"Bounds":{"bottom":1280,"left":10,"right":710,"top":1280},"Classname":"android.view.View","Packagename":"com.baycode.tianya","Text":"　　德国应该不会袖手旁观"},{"Bounds":{"bottom":1280,"left":648,"right":700,"top":1280},"Classname":"android.view.View","Packagename":"com.baycode.tianya","Text":"回复"},{"Bounds":{"bottom":1280,"left":8,"right":712,"top":1280},"Classname":"android.view.View","Packagename":"com.baycode.tianya","Text":"法拉利童2018-05-12 10:10:14"},{"Bounds":{"bottom":1280,"left":10,"right":710,"top":1280},"Classname":"android.view.View","Packagename":"com.baycode.tianya","Text":"　　@落日刀 2018-05-10 11:02:23\n　　日本演绎躬匠精神，美国演绎弃约精神\n　　-----------------------------\n　　墙都不服就服你"},{"Bounds":{"bottom":1280,"left":648,"right":700,"top":1280},"Classname":"android.view.View","Packagename":"com.baycode.tianya","Text":"回复"},{"Bounds":{"bottom":1280,"left":8,"right":712,"top":1280},"Classname":"android.view.View","Packagename":"com.baycode.tianya","Text":"river8_2018-05-12 10:26:56"},{"Bounds":{"bottom":1280,"left":10,"right":710,"top":1280},"Classname":"android.view.View","Packagename":"com.baycode.tianya","Text":"　　美国人卖拐，全世界都是范厨师。"},{"Bounds":{"bottom":1280,"left":648,"right":700,"top":1280},"Classname":"android.view.View","Packagename":"com.baycode.tianya","Text":"回复"},{"Bounds":{"bottom":1280,"left":8,"right":712,"top":1280},"Classname":"android.view.View","Packagename":"com.baycode.tianya","Text":"甲飞丸子2018-05-12 10:48:36"},{"Bounds":{"bottom":1280,"left":10,"right":710,"top":1280},"Classname":"android.view.View","Packagename":"com.baycode.tianya","Text":"　　@youdsh2014 2018-05-11 15:26:08\n　　伊朗完不完要看欧洲，不过欧洲可能会先完。川普上台天天增产石油，对伊朗制裁必然会是石油价格大幅上涨，欧洲经济何时再次进入衰退几乎是可以预判的。美国为了一己之私冒天下之大不韪，甘愿让自己的小伙伴们成为垫脚石。美国不亡，世界永无宁日！\n　　-----------------------------\n\n　　好事，八百万赶紧去欧洲，美国犯罪那些欧洲国家就是帮凶，现在被兔死狗烹也是活该。"},{"Bounds":{"bottom":1280,"left":648,"right":700,"top":1280},"Classname":"android.view.View","Packagename":"com.baycode.tianya","Text":"回复"},{"Bounds":{"bottom":1280,"left":8,"right":712,"top":1280},"Classname":"android.view.View","Packagename":"com.baycode.tianya","Text":"第一金融晨晨2018-05-12 15:10:03"},{"Bounds":{"bottom":1280,"left":10,"right":710,"top":1280},"Classname":"android.view.View","Packagename":"com.baycode.tianya","Text":"　　放心 中兴不会倒"},{"Bounds":{"bottom":1280,"left":648,"right":700,"top":1280},"Classname":"android.view.View","Packagename":"com.baycode.tianya","Text":"回复"},{"Bounds":{"bottom":1280,"left":8,"right":712,"top":1280},"Classname":"android.view.View","Packagename":"com.baycode.tianya","Text":"dy111111112018-05-12 17:20:42"},{"Bounds":{"bottom":1280,"left":10,"right":710,"top":1280},"Classname":"android.view.View","Packagename":"com.baycode.tianya","Text":"　　记号"},{"Bounds":{"bottom":1280,"left":648,"right":700,"top":1280},"Classname":"android.view.View","Packagename":"com.baycode.tianya","Text":"回复"},{"Bounds":{"bottom":1280,"left":8,"right":712,"top":1280},"Classname":"android.view.View","Packagename":"com.baycode.tianya","Text":"9724451202018-05-12 18:42:15"},{"Bounds":{"bottom":1280,"left":10,"right":710,"top":1280},"Classname":"android.view.View","Packagename":"com.baycode.tianya","Text":"　　阿鼻地狱是个啥？伊朗不是伊斯兰教吗？楼主是佛教徒？"},{"Bounds":{"bottom":1280,"left":648,"right":700,"top":1280},"Classname":"android.view.View","Packagename":"com.baycode.tianya","Text":"回复"},{"Bounds":{"bottom":1280,"left":8,"right":712,"top":1280},"Classname":"android.view.View","Packagename":"com.baycode.tianya","Text":"宝eden2018-05-12 23:15:24"},{"Bounds":{"bottom":1280,"left":10,"right":710,"top":1280},"Classname":"android.view.View","Packagename":"com.baycode.tianya","Text":"　　这个帖子的回复都好有份量，你看新闻精彩"},{"Bounds":{"bottom":1280,"left":648,"right":700,"top":1280},"Classname":"android.view.View","Packagename":"com.baycode.tianya","Text":"回复"},{"Bounds":{"bottom":1280,"left":108,"right":182,"top":1280},"Classname":"android.view.View","Packagename":"com.baycode.tianya","Text":"返回"},{"Bounds":{"bottom":1280,"left":200,"right":274,"top":1280},"Classname":"android.view.View","Packagename":"com.baycode.tianya","Text":"上页"},{"Bounds":{"bottom":1280,"left":282,"right":438,"top":1280},"Classname":"android.view.View","Packagename":"com.baycode.tianya","Text":"第1页 | 共1页"},{"Bounds":{"bottom":1280,"left":446,"right":520,"top":1280},"Classname":"android.view.View","Packagename":"com.baycode.tianya","Text":"下页"},{"Bounds":{"bottom":1280,"left":538,"right":612,"top":1280},"Classname":"android.view.View","Packagename":"com.baycode.tianya","Text":"末页"},{"Bounds":{"bottom":1280,"left":40,"right":680,"top":1280},"Classname":"android.view.View","Packagename":"com.baycode.tianya","Text":"查看原文"},{"Bounds":{"bottom":1280,"left":40,"right":680,"top":1280},"Classname":"android.view.View","Packagename":"com.baycode.tianya","Text":"转发分享"},{"Bounds":{"bottom":413,"left":0,"right":88,"top":293},"Classname":"android.view.View","Packagename":"com.baycode.tianya","Text":""},{"Bounds":{"bottom":1280,"left":660,"right":720,"top":1260},"Classname":"android.view.View","Packagename":"com.baycode.tianya","Text":""},{"Bounds":{"bottom":1182,"left":0,"right":720,"top":1180},"Classname":"android.view.View","Packagename":"com.baycode.tianya","Text":"javascript:;"},{"Bounds":{"bottom":1280,"left":0,"right":720,"top":1180},"Classname":"android.view.View","Packagename":"com.baycode.tianya","Text":"javascript:;"}],"packagename":"com.example.a10628.myapplication","width":1080}