{"events":[{"eventname":"TYPE_VIEW_SCROLLED","source":{"Bounds":{"bottom":1280,"left":0,"right":720,"top":241},"Classname":"android.support.v7.widget.RecyclerView","Packagename":"com.justwayward.readerer","Text":""}}],"height":1920,"hovertime":1652,"nodes":[{"Bounds":{"bottom":160,"left":0,"right":112,"top":48},"Classname":"android.widget.ImageButton","Packagename":"com.justwayward.readerer","Text":""},{"Bounds":{"bottom":131,"left":120,"right":240,"top":77},"Classname":"android.widget.TextView","Packagename":"com.justwayward.readerer","Text":"女生区"},{"Bounds":{"bottom":221,"left":134,"right":194,"top":180},"Classname":"android.widget.TextView","Packagename":"com.justwayward.readerer","Text":"全部"},{"Bounds":{"bottom":221,"left":464,"right":584,"top":180},"Classname":"android.widget.TextView","Packagename":"com.justwayward.readerer","Text":"默认排序"},{"Bounds":{"bottom":237,"left":150,"right":202,"top":241},"Classname":"android.widget.TextView","Packagename":"com.justwayward.readerer","Text":"喵呜"},{"Bounds":{"bottom":237,"left":202,"right":248,"top":241},"Classname":"android.widget.TextView","Packagename":"com.justwayward.readerer","Text":" lv.4"},{"Bounds":{"bottom":237,"left":648,"right":700,"top":241},"Classname":"android.widget.TextView","Packagename":"com.justwayward.readerer","Text":"昨天"},{"Bounds":{"bottom":285,"left":150,"right":297,"top":247},"Classname":"android.widget.TextView","Packagename":"com.justwayward.readerer","Text":"母亲节！！！"},{"Bounds":{"bottom":335,"left":150,"right":220,"top":295},"Classname":"android.widget.TextView","Packagename":"com.justwayward.readerer","Text":"22"},{"Bounds":{"bottom":335,"left":240,"right":298,"top":295},"Classname":"android.widget.TextView","Packagename":"com.justwayward.readerer","Text":"0"},{"Bounds":{"bottom":412,"left":150,"right":228,"top":376},"Classname":"android.widget.TextView","Packagename":"com.justwayward.readerer","Text":"温柔杀"},{"Bounds":{"bottom":412,"left":228,"right":274,"top":376},"Classname":"android.widget.TextView","Packagename":"com.justwayward.readerer","Text":" lv.5"},{"Bounds":{"bottom":412,"left":592,"right":700,"top":376},"Classname":"android.widget.TextView","Packagename":"com.justwayward.readerer","Text":"17小时前"},{"Bounds":{"bottom":493,"left":150,"right":700,"top":422},"Classname":"android.widget.TextView","Packagename":"com.justwayward.readerer","Text":"现在这……两个女孩抢一个男孩，这逼撕滴……优秀"},{"Bounds":{"bottom":543,"left":150,"right":220,"top":503},"Classname":"android.widget.TextView","Packagename":"com.justwayward.readerer","Text":"14"},{"Bounds":{"bottom":543,"left":240,"right":298,"top":503},"Classname":"android.widget.TextView","Packagename":"com.justwayward.readerer","Text":"0"},{"Bounds":{"bottom":620,"left":150,"right":228,"top":584},"Classname":"android.widget.TextView","Packagename":"com.justwayward.readerer","Text":"懒惰虫"},{"Bounds":{"bottom":620,"left":228,"right":274,"top":584},"Classname":"android.widget.TextView","Packagename":"com.justwayward.readerer","Text":" lv.9"},{"Bounds":{"bottom":620,"left":648,"right":700,"top":584},"Classname":"android.widget.TextView","Packagename":"com.justwayward.readerer","Text":"昨天"},{"Bounds":{"bottom":668,"left":150,"right":306,"top":630},"Classname":"android.widget.TextView","Packagename":"com.justwayward.readerer","Text":"异地恋+网恋"},{"Bounds":{"bottom":718,"left":150,"right":220,"top":678},"Classname":"android.widget.TextView","Packagename":"com.justwayward.readerer","Text":"29"},{"Bounds":{"bottom":718,"left":240,"right":298,"top":678},"Classname":"android.widget.TextView","Packagename":"com.justwayward.readerer","Text":"3"},{"Bounds":{"bottom":795,"left":150,"right":228,"top":759},"Classname":"android.widget.TextView","Packagename":"com.justwayward.readerer","Text":"盖梓凡"},{"Bounds":{"bottom":795,"left":228,"right":274,"top":759},"Classname":"android.widget.TextView","Packagename":"com.justwayward.readerer","Text":" lv.4"},{"Bounds":{"bottom":795,"left":648,"right":700,"top":759},"Classname":"android.widget.TextView","Packagename":"com.justwayward.readerer","Text":"昨天"},{"Bounds":{"bottom":843,"left":150,"right":318,"top":805},"Classname":"android.widget.TextView","Packagename":"com.justwayward.readerer","Text":"你是什么星座"},{"Bounds":{"bottom":893,"left":150,"right":220,"top":853},"Classname":"android.widget.TextView","Packagename":"com.justwayward.readerer","Text":"36"},{"Bounds":{"bottom":893,"left":240,"right":298,"top":853},"Classname":"android.widget.TextView","Packagename":"com.justwayward.readerer","Text":"5"},{"Bounds":{"bottom":970,"left":150,"right":332,"top":934},"Classname":"android.widget.TextView","Packagename":"com.justwayward.readerer","Text":"余光满满都是你"},{"Bounds":{"bottom":970,"left":332,"right":378,"top":934},"Classname":"android.widget.TextView","Packagename":"com.justwayward.readerer","Text":" lv.8"},{"Bounds":{"bottom":970,"left":592,"right":700,"top":934},"Classname":"android.widget.TextView","Packagename":"com.justwayward.readerer","Text":"12小时前"},{"Bounds":{"bottom":1018,"left":150,"right":300,"top":980},"Classname":"android.widget.TextView","Packagename":"com.justwayward.readerer","Text":"缅怀…哀悼…"},{"Bounds":{"bottom":1068,"left":150,"right":220,"top":1028},"Classname":"android.widget.TextView","Packagename":"com.justwayward.readerer","Text":"34"},{"Bounds":{"bottom":1068,"left":240,"right":298,"top":1028},"Classname":"android.widget.TextView","Packagename":"com.justwayward.readerer","Text":"4"},{"Bounds":{"bottom":1145,"left":150,"right":202,"top":1109},"Classname":"android.widget.TextView","Packagename":"com.justwayward.readerer","Text":"元淼"},{"Bounds":{"bottom":1145,"left":202,"right":248,"top":1109},"Classname":"android.widget.TextView","Packagename":"com.justwayward.readerer","Text":" lv.7"},{"Bounds":{"bottom":1145,"left":648,"right":700,"top":1109},"Classname":"android.widget.TextView","Packagename":"com.justwayward.readerer","Text":"昨天"},{"Bounds":{"bottom":1226,"left":150,"right":700,"top":1155},"Classname":"android.widget.TextView","Packagename":"com.justwayward.readerer","Text":"最近打算处女朋友。是没有合适的目标。怎么破？"},{"Bounds":{"bottom":1276,"left":150,"right":220,"top":1236},"Classname":"android.widget.TextView","Packagename":"com.justwayward.readerer","Text":"26"},{"Bounds":{"bottom":1276,"left":240,"right":298,"top":1236},"Classname":"android.widget.TextView","Packagename":"com.justwayward.readerer","Text":"0"}],"packagename":"com.example.a10628.myapplication","width":1080}