{"events":[{"eventname":"TYPE_VIEW_SCROLLED","source":{"Bounds":{"bottom":1192,"left":0,"right":720,"top":0},"Classname":"android.widget.ListView","Packagename":"com.sina.weibo","Text":""}}],"height":1920,"hovertime":9375,"nodes":[{"Bounds":{"bottom":19,"left":0,"right":-559,"top":0},"Classname":"android.widget.TextView","Packagename":"com.sina.weibo","Text":"所在地"},{"Bounds":{"bottom":19,"left":0,"right":-503,"top":0},"Classname":"android.widget.TextView","Packagename":"com.sina.weibo","Text":"北京"},{"Bounds":{"bottom":95,"left":0,"right":-275,"top":19},"Classname":"android.widget.TextView","Packagename":"com.sina.weibo","Text":"更多基本资料"},{"Bounds":{"bottom":185,"left":0,"right":-107,"top":117},"Classname":"android.widget.TextView","Packagename":"com.sina.weibo","Text":"他的热门内容"},{"Bounds":{"bottom":167,"left":0,"right":-43,"top":134},"Classname":"android.widget.TextView","Packagename":"com.sina.weibo","Text":"更多"},{"Bounds":{"bottom":295,"left":0,"right":-229,"top":185},"Classname":"android.view.View","Packagename":"com.sina.weibo","Text":""},{"Bounds":{"bottom":481,"left":0,"right":-23,"top":309},"Classname":"android.view.View","Packagename":"com.sina.weibo","Text":""},{"Bounds":{"bottom":1037,"left":0,"right":-599,"top":965},"Classname":"android.widget.ImageView","Packagename":"com.sina.weibo","Text":""},{"Bounds":{"bottom":1020,"left":0,"right":-554,"top":982},"Classname":"android.widget.TextView","Packagename":"com.sina.weibo","Text":"2万"},{"Bounds":{"bottom":1037,"left":0,"right":-359,"top":965},"Classname":"android.widget.ImageView","Packagename":"com.sina.weibo","Text":""},{"Bounds":{"bottom":1020,"left":0,"right":-314,"top":982},"Classname":"android.widget.TextView","Packagename":"com.sina.weibo","Text":"3万"},{"Bounds":{"bottom":1037,"left":0,"right":-127,"top":965},"Classname":"android.widget.ImageView","Packagename":"com.sina.weibo","Text":""},{"Bounds":{"bottom":1020,"left":0,"right":-66,"top":982},"Classname":"android.widget.TextView","Packagename":"com.sina.weibo","Text":"24万"},{"Bounds":{"bottom":1147,"left":0,"right":-229,"top":1037},"Classname":"android.view.View","Packagename":"com.sina.weibo","Text":""},{"Bounds":{"bottom":1192,"left":0,"right":-23,"top":1161},"Classname":"android.view.View","Packagename":"com.sina.weibo","Text":""},{"Bounds":{"bottom":1192,"left":0,"right":-609,"top":1577},"Classname":"android.widget.ImageView","Packagename":"com.sina.weibo","Text":""},{"Bounds":{"bottom":1192,"left":0,"right":-544,"top":1594},"Classname":"android.widget.TextView","Packagename":"com.sina.weibo","Text":"3479"},{"Bounds":{"bottom":1192,"left":0,"right":-369,"top":1577},"Classname":"android.widget.ImageView","Packagename":"com.sina.weibo","Text":""},{"Bounds":{"bottom":1192,"left":0,"right":-304,"top":1594},"Classname":"android.widget.TextView","Packagename":"com.sina.weibo","Text":"6767"},{"Bounds":{"bottom":1192,"left":0,"right":-126,"top":1577},"Classname":"android.widget.ImageView","Packagename":"com.sina.weibo","Text":""},{"Bounds":{"bottom":1192,"left":0,"right":-68,"top":1594},"Classname":"android.widget.TextView","Packagename":"com.sina.weibo","Text":"17万"},{"Bounds":{"bottom":-644,"left":0,"right":620,"top":0},"Classname":"android.view.View","Packagename":"com.sina.weibo","Text":""},{"Bounds":{"bottom":-456,"left":24,"right":696,"top":0},"Classname":"android.view.View","Packagename":"com.sina.weibo","Text":""},{"Bounds":{"bottom":-223,"left":24,"right":696,"top":0},"Classname":"android.view.View","Packagename":"com.sina.weibo","Text":""},{"Bounds":{"bottom":170,"left":24,"right":696,"top":0},"Classname":"android.widget.ImageView","Packagename":"com.sina.weibo","Text":""},{"Bounds":{"bottom":170,"left":24,"right":696,"top":0},"Classname":"android.view.View","Packagename":"com.sina.weibo","Text":""},{"Bounds":{"bottom":158,"left":44,"right":44,"top":126},"Classname":"android.widget.TextView","Packagename":"com.sina.weibo","Text":""},{"Bounds":{"bottom":158,"left":613,"right":676,"top":126},"Classname":"android.widget.TextView","Packagename":"com.sina.weibo","Text":"03:39"},{"Bounds":{"bottom":45,"left":296,"right":424,"top":0},"Classname":"android.widget.ImageView","Packagename":"com.sina.weibo","Text":""},{"Bounds":{"bottom":235,"left":44,"right":476,"top":193},"Classname":"android.widget.TextView","Packagename":"com.sina.weibo","Text":"闫妮母女《听妈妈的话》暖心版"},{"Bounds":{"bottom":317,"left":44,"right":536,"top":247},"Classname":"android.widget.TextView","Packagename":"com.sina.weibo","Text":"闫妮与女儿邹元清默契配合，真情演绎《听妈妈的话》，实力互宠，暖心巨制"},{"Bounds":{"bottom":283,"left":560,"right":676,"top":227},"Classname":"android.widget.Button","Packagename":"com.sina.weibo","Text":"参与"},{"Bounds":{"bottom":435,"left":72,"right":126,"top":363},"Classname":"android.widget.ImageView","Packagename":"com.sina.weibo","Text":""},{"Bounds":{"bottom":418,"left":127,"right":159,"top":380},"Classname":"android.widget.TextView","Packagename":"com.sina.weibo","Text":"87"},{"Bounds":{"bottom":435,"left":304,"right":358,"top":363},"Classname":"android.widget.ImageView","Packagename":"com.sina.weibo","Text":""},{"Bounds":{"bottom":418,"left":359,"right":407,"top":380},"Classname":"android.widget.TextView","Packagename":"com.sina.weibo","Text":"490"},{"Bounds":{"bottom":435,"left":537,"right":591,"top":363},"Classname":"android.widget.ImageView","Packagename":"com.sina.weibo","Text":""},{"Bounds":{"bottom":418,"left":592,"right":653,"top":380},"Classname":"android.widget.TextView","Packagename":"com.sina.weibo","Text":"1224"},{"Bounds":{"bottom":565,"left":0,"right":620,"top":455},"Classname":"android.view.View","Packagename":"com.sina.weibo","Text":""},{"Bounds":{"bottom":710,"left":24,"right":696,"top":579},"Classname":"android.view.View","Packagename":"com.sina.weibo","Text":""},{"Bounds":{"bottom":1023,"left":24,"right":696,"top":742},"Classname":"android.view.View","Packagename":"com.sina.weibo","Text":""},{"Bounds":{"bottom":1192,"left":24,"right":720,"top":1503},"Classname":"android.widget.TextView","Packagename":"com.sina.weibo","Text":"已编辑"},{"Bounds":{"bottom":1192,"left":65,"right":119,"top":1560},"Classname":"android.widget.ImageView","Packagename":"com.sina.weibo","Text":""},{"Bounds":{"bottom":1192,"left":120,"right":165,"top":1577},"Classname":"android.widget.TextView","Packagename":"com.sina.weibo","Text":"149"},{"Bounds":{"bottom":1192,"left":304,"right":358,"top":1560},"Classname":"android.widget.ImageView","Packagename":"com.sina.weibo","Text":""},{"Bounds":{"bottom":1192,"left":359,"right":407,"top":1577},"Classname":"android.widget.TextView","Packagename":"com.sina.weibo","Text":"756"},{"Bounds":{"bottom":1192,"left":536,"right":590,"top":1560},"Classname":"android.widget.ImageView","Packagename":"com.sina.weibo","Text":""},{"Bounds":{"bottom":1192,"left":591,"right":655,"top":1577},"Classname":"android.widget.TextView","Packagename":"com.sina.weibo","Text":"2399"},{"Bounds":{"bottom":225,"left":720,"right":720,"top":0},"Classname":"android.widget.FrameLayout","Packagename":"com.sina.weibo","Text":""},{"Bounds":{"bottom":225,"left":720,"right":720,"top":225},"Classname":"android.widget.LinearLayout","Packagename":"com.sina.weibo","Text":""},{"Bounds":{"bottom":1192,"left":720,"right":720,"top":225},"Classname":"android.view.View","Packagename":"com.sina.weibo","Text":""},{"Bounds":{"bottom":225,"left":1440,"right":720,"top":0},"Classname":"android.widget.FrameLayout","Packagename":"com.sina.weibo","Text":""},{"Bounds":{"bottom":225,"left":1440,"right":720,"top":225},"Classname":"android.widget.LinearLayout","Packagename":"com.sina.weibo","Text":""},{"Bounds":{"bottom":1192,"left":1440,"right":720,"top":225},"Classname":"android.view.View","Packagename":"com.sina.weibo","Text":""},{"Bounds":{"bottom":137,"left":0,"right":720,"top":0},"Classname":"android.widget.ImageView","Packagename":"com.sina.weibo","Text":""},{"Bounds":{"bottom":-46,"left":278,"right":442,"top":0},"Classname":"android.widget.FrameLayout","Packagename":"com.sina.weibo","Text":""},{"Bounds":{"bottom":20,"left":142,"right":414,"top":0},"Classname":"android.widget.TextView","Packagename":"com.sina.weibo","Text":"张国立"},{"Bounds":{"bottom":27,"left":414,"right":578,"top":0},"Classname":"android.widget.LinearLayout","Packagename":"com.sina.weibo","Text":""},{"Bounds":{"bottom":62,"left":244,"right":292,"top":29},"Classname":"android.widget.TextView","Packagename":"com.sina.weibo","Text":"关注"},{"Bounds":{"bottom":62,"left":304,"right":332,"top":29},"Classname":"android.widget.TextView","Packagename":"com.sina.weibo","Text":"67"},{"Bounds":{"bottom":62,"left":389,"right":437,"top":29},"Classname":"android.widget.TextView","Packagename":"com.sina.weibo","Text":"粉丝"},{"Bounds":{"bottom":62,"left":449,"right":512,"top":29},"Classname":"android.widget.TextView","Packagename":"com.sina.weibo","Text":"143万"},{"Bounds":{"bottom":109,"left":215,"right":504,"top":73},"Classname":"android.widget.TextView","Packagename":"com.sina.weibo","Text":"微博认证:演员、导演张国立"},{"Bounds":{"bottom":203,"left":114,"right":174,"top":154},"Classname":"android.widget.TextView","Packagename":"com.sina.weibo","Text":"主页"},{"Bounds":{"bottom":203,"left":258,"right":318,"top":154},"Classname":"android.widget.TextView","Packagename":"com.sina.weibo","Text":"微博"},{"Bounds":{"bottom":203,"left":402,"right":462,"top":154},"Classname":"android.widget.TextView","Packagename":"com.sina.weibo","Text":"超话"},{"Bounds":{"bottom":203,"left":546,"right":606,"top":154},"Classname":"android.widget.TextView","Packagename":"com.sina.weibo","Text":"相册"},{"Bounds":{"bottom":122,"left":16,"right":76,"top":62},"Classname":"android.widget.ImageView","Packagename":"com.sina.weibo","Text":""},{"Bounds":{"bottom":115,"left":141,"right":579,"top":69},"Classname":"android.widget.TextView","Packagename":"com.sina.weibo","Text":"张国立"},{"Bounds":{"bottom":122,"left":556,"right":616,"top":62},"Classname":"android.widget.ImageView","Packagename":"com.sina.weibo","Text":""},{"Bounds":{"bottom":122,"left":644,"right":704,"top":62},"Classname":"android.widget.ImageView","Packagename":"com.sina.weibo","Text":""},{"Bounds":{"bottom":1192,"left":0,"right":0,"top":1192},"Classname":"android.widget.TextView","Packagename":"com.sina.weibo","Text":""},{"Bounds":{"bottom":1192,"left":0,"right":0,"top":1192},"Classname":"android.widget.TextView","Packagename":"com.sina.weibo","Text":""},{"Bounds":{"bottom":1192,"left":0,"right":0,"top":1192},"Classname":"android.widget.TextView","Packagename":"com.sina.weibo","Text":"粉丝"},{"Bounds":{"bottom":1192,"left":0,"right":0,"top":1192},"Classname":"android.widget.TextView","Packagename":"com.sina.weibo","Text":""},{"Bounds":{"bottom":1192,"left":0,"right":0,"top":1192},"Classname":"android.widget.TextView","Packagename":"com.sina.weibo","Text":"关注"},{"Bounds":{"bottom":1192,"left":0,"right":0,"top":1192},"Classname":"android.widget.TextView","Packagename":"com.sina.weibo","Text":""},{"Bounds":{"bottom":1252,"left":173,"right":229,"top":1219},"Classname":"android.widget.TextView","Packagename":"com.sina.weibo","Text":"关注"},{"Bounds":{"bottom":1252,"left":512,"right":568,"top":1219},"Classname":"android.widget.TextView","Packagename":"com.sina.weibo","Text":"聊天"}],"packagename":"com.example.a10628.myapplication","width":1080}