{"events":[{"eventname":"TYPE_VIEW_SCROLLED","source":{"Bounds":{"bottom":1280,"left":0,"right":720,"top":259},"Classname":"android.widget.ListView","Packagename":"cn.amazon.mShop.android","Text":""}}],"height":1920,"hovertime":3152,"nodes":[{"Bounds":{"bottom":140,"left":0,"right":92,"top":48},"Classname":"android.widget.LinearLayout","Packagename":"cn.amazon.mShop.android","Text":""},{"Bounds":{"bottom":120,"left":300,"right":420,"top":68},"Classname":"android.widget.ImageView","Packagename":"cn.amazon.mShop.android","Text":""},{"Bounds":{"bottom":140,"left":532,"right":624,"top":48},"Classname":"android.widget.ImageButton","Packagename":"cn.amazon.mShop.android","Text":""},{"Bounds":{"bottom":140,"left":624,"right":716,"top":48},"Classname":"android.widget.ImageView","Packagename":"cn.amazon.mShop.android","Text":""},{"Bounds":{"bottom":140,"left":656,"right":684,"top":62},"Classname":"android.widget.TextView","Packagename":"cn.amazon.mShop.android","Text":"0"},{"Bounds":{"bottom":243,"left":16,"right":704,"top":159},"Classname":"android.widget.EditText","Packagename":"cn.amazon.mShop.android","Text":"搜索商品"},{"Bounds":{"bottom":160,"left":703,"right":704,"top":159},"Classname":"android.widget.Button","Packagename":"cn.amazon.mShop.android","Text":""},{"Bounds":{"bottom":236,"left":622,"right":704,"top":166},"Classname":"android.widget.ImageView","Packagename":"cn.amazon.mShop.android","Text":""},{"Bounds":{"bottom":344,"left":233,"right":710,"top":278},"Classname":"android.widget.TextView","Packagename":"cn.amazon.mShop.android","Text":"LaCie 莱斯 Rugged 迷你 4 TB 外置硬盘驱动 (LAC9000633)"},{"Bounds":{"bottom":382,"left":233,"right":366,"top":344},"Classname":"android.widget.TextView","Packagename":"cn.amazon.mShop.android","Text":"LaCie 莱斯"},{"Bounds":{"bottom":427,"left":233,"right":356,"top":389},"Classname":"android.widget.TextView","Packagename":"cn.amazon.mShop.android","Text":"￥944.16 "},{"Bounds":{"bottom":424,"left":356,"right":441,"top":399},"Classname":"android.widget.TextView","Packagename":"cn.amazon.mShop.android","Text":"符合尊榮方案條件"},{"Bounds":{"bottom":469,"left":233,"right":418,"top":437},"Classname":"android.widget.TextView","Packagename":"cn.amazon.mShop.android","Text":"4.0 明星 (35)"},{"Bounds":{"bottom":504,"left":233,"right":325,"top":472},"Classname":"android.widget.TextView","Packagename":"cn.amazon.mShop.android","Text":"更多选项"},{"Bounds":{"bottom":580,"left":233,"right":710,"top":547},"Classname":"android.widget.TextView","Packagename":"cn.amazon.mShop.android","Text":"Sangean WR - 15bt 蓝牙收音机"},{"Bounds":{"bottom":618,"left":233,"right":424,"top":580},"Classname":"android.widget.TextView","Packagename":"cn.amazon.mShop.android","Text":"SANGEAN 山进"},{"Bounds":{"bottom":663,"left":233,"right":379,"top":625},"Classname":"android.widget.TextView","Packagename":"cn.amazon.mShop.android","Text":"￥1,173.30 "},{"Bounds":{"bottom":660,"left":379,"right":464,"top":635},"Classname":"android.widget.TextView","Packagename":"cn.amazon.mShop.android","Text":"符合尊榮方案條件"},{"Bounds":{"bottom":700,"left":233,"right":325,"top":668},"Classname":"android.widget.TextView","Packagename":"cn.amazon.mShop.android","Text":"更多选项"},{"Bounds":{"bottom":876,"left":233,"right":710,"top":810},"Classname":"android.widget.TextView","Packagename":"cn.amazon.mShop.android","Text":"Sony 索尼 ICF - 506 便携式模拟收音机 （复古设计，声音饱满，可插电或以电池供电，附把手） 黑色"},{"Bounds":{"bottom":914,"left":233,"right":357,"top":876},"Classname":"android.widget.TextView","Packagename":"cn.amazon.mShop.android","Text":"Sony 索尼"},{"Bounds":{"bottom":959,"left":233,"right":356,"top":921},"Classname":"android.widget.TextView","Packagename":"cn.amazon.mShop.android","Text":"￥302.83 "},{"Bounds":{"bottom":956,"left":356,"right":441,"top":931},"Classname":"android.widget.TextView","Packagename":"cn.amazon.mShop.android","Text":"符合尊榮方案條件"},{"Bounds":{"bottom":1001,"left":233,"right":406,"top":969},"Classname":"android.widget.TextView","Packagename":"cn.amazon.mShop.android","Text":"5.0 明星 (2)"},{"Bounds":{"bottom":1139,"left":233,"right":710,"top":1073},"Classname":"android.widget.TextView","Packagename":"cn.amazon.mShop.android","Text":"Seagate 希捷 Barracuda，ST1000DM010， 内置硬盘， 8.9厘米（3.5英寸）， 64 MB 缓存， SATA 6 GB / 银白色 8 TB "},{"Bounds":{"bottom":1177,"left":233,"right":352,"top":1139},"Classname":"android.widget.TextView","Packagename":"cn.amazon.mShop.android","Text":"SEAGATE"},{"Bounds":{"bottom":1222,"left":233,"right":379,"top":1184},"Classname":"android.widget.TextView","Packagename":"cn.amazon.mShop.android","Text":"￥1,313.40 "},{"Bounds":{"bottom":1219,"left":379,"right":464,"top":1194},"Classname":"android.widget.TextView","Packagename":"cn.amazon.mShop.android","Text":"符合尊榮方案條件"},{"Bounds":{"bottom":1264,"left":233,"right":406,"top":1232},"Classname":"android.widget.TextView","Packagename":"cn.amazon.mShop.android","Text":"5.0 明星 (4)"},{"Bounds":{"bottom":1280,"left":233,"right":325,"top":1267},"Classname":"android.widget.TextView","Packagename":"cn.amazon.mShop.android","Text":"更多选项"},{"Bounds":{"bottom":331,"left":10,"right":271,"top":270},"Classname":"android.widget.TextView","Packagename":"cn.amazon.mShop.android","Text":"超过50,000个结果"},{"Bounds":{"bottom":342,"left":440,"right":522,"top":260},"Classname":"android.widget.ImageView","Packagename":"cn.amazon.mShop.android","Text":""},{"Bounds":{"bottom":343,"left":533,"right":720,"top":259},"Classname":"android.widget.TextView","Packagename":"cn.amazon.mShop.android","Text":"筛选 (1)"}],"packagename":"com.example.a10628.myapplication","width":1080}