{"events":[{"eventname":"TYPE_VIEW_SCROLLED","source":{"Bounds":{"bottom":1280,"left":0,"right":720,"top":0},"Classname":"android.webkit.WebView","Packagename":"com.baycode.tianya","Text":""}},{"eventname":"TYPE_VIEW_SCROLLED","source":{"Bounds":{"bottom":1280,"left":0,"right":720,"top":2},"Classname":"android.webkit.WebView","Packagename":"com.baycode.tianya","Text":""}}],"height":1920,"hovertime":7972,"nodes":[{"Bounds":{"bottom":4,"left":10,"right":122,"top":2},"Classname":"android.view.View","Packagename":"com.baycode.tianya","Text":"只看楼主"},{"Bounds":{"bottom":4,"left":10,"right":710,"top":2},"Classname":"android.view.View","Packagename":"com.baycode.tianya","Text":"被摧毁的冠军球队——泰伦卢五宗罪(转载)"},{"Bounds":{"bottom":4,"left":0,"right":720,"top":2},"Classname":"android.view.View","Packagename":"com.baycode.tianya","Text":"第1页 | 共1页   访问979 | 回复14"},{"Bounds":{"bottom":4,"left":8,"right":712,"top":2},"Classname":"android.view.View","Packagename":"com.baycode.tianya","Text":"少剑波20122018-04-16 16:34:26"},{"Bounds":{"bottom":1280,"left":10,"right":710,"top":2},"Classname":"android.view.View","Packagename":"com.baycode.tianya","Text":"　　奇文共赏~\n\n　　在我敲下这篇文字的时候，我的精神正处于彻夜未眠的疲惫和观看过一场挑战忍耐极限的比赛的双重折磨之中，我完全能感到紧绷的神经饱含着愤怒催动着我的手指胡乱打字，我完全能感受到胃部接受着大脑传来令人作呕的信号在不停翻涌。看球近十年，对于各种糟糕不过的比赛早应该见怪不怪，但泰伦卢带领着的拥有世界上最好的球员和一群天赋出众队友的骑士队，正在摧毁你对于篮球比赛和“教练”这个字眼的认知。\n\n　　我不会把100%的失败责任归功于泰伦卢，因为我知道肯定会有心明眼亮的球迷指着杰夫-格林7中0和科沃尔3中0的数据单和我说，你还要卢怎样？这也能怪教练？我不怪你的无知，因为无知来源于天真，天真来源于自认为的公正和善良。我把篮球比作50%的提线木偶运动，因为你可以责怪这些木偶们——“为什么投不进那该死的球？”试想，如果杰夫格林和科沃尔10投10中，比赛不就赢下来了吗？但请你把自认为明亮的双眼再擦干净一点，决定他们何时出场、在什么位置投篮、对位对方哪个球员的人，他正茫然无措的站在球场边，已经站了一整个赛季！\n\n　　众所周知的一件事是骑士队没什么复杂的体系和丰富的战术，他们运行的是一套特点鲜明的勒布朗体系，在这种情况下，骑士队主教练本该是NBA最傻瓜化的工作之一。直到勒布朗和这帮本有着自己鲜明风格的球员，遇上这个堪称球场发明家和发布会诸葛亮的天才教练。从赛季初到现在，泰伦卢一次次用自己惊为天人的阵容实验和好似断电的临场指挥，一次次用恬不知耻的赛前大话和厚着脸皮的赛后推责，刷新着骑士的三观和NBA主教练的下限。\n\n　　如果经历季后赛首场，见识过泰伦卢全新的排针和他所谓“秘密武器”后，仍然有人维护这个毫无战术素养、人格魅力、应变能力，且败招频出之主教练的权威。那么他或许不是不爱骑士，是根本不爱篮球。来看看这一个多赛季，泰伦卢给骑士球迷们带去了多少的痛苦和折磨：\n\n　　泰伦卢一宗罪——顽固不化，知错不改：泰伦卢绝对是世界上最后一个醒悟自己昏招的人，不管是坚持自杀五小、不上中锋、还是坚持包夹、不叫暂停，不到落后20分你绝对不要指望泰伦卢改变自己的战略。就算全场观众都能看出的明显问题，泰伦卢依然一意孤行，这时候往往只有两种结果，詹姆斯耗费自己的运动生命强行改写结局，或是骑士在卢的带领下一条路走到黑。\n\n　　泰伦卢二宗罪——不用新人，不用新秀：如果不是赛季中期伤兵满营时奥斯曼抓住机会打出了亮眼表现，如果不是詹姆斯点名称赞说这位土耳其新秀值得更多上场时间，你敢想象赛季后半段奥斯曼占据了稳定的轮换位置？泰伦卢宁死不用新人已经是路人皆知，纵使TT和JR表现多糟糕、新人多出色，泰伦卢还是坚持使用自己最熟悉的那几个人。所以你看到，稳定打了一个赛季的奥斯曼在季后赛居然进不了轮换名单，所以你看到，在德鲁手下已经越大越好的日日奇，在泰伦卢归队后继续板凳坐穿，即便骑士内线被无数球队蹂躏，虽九死其犹未悔...\n\n　　泰伦卢三宗罪——盲目变阵，虚张声势：如果不是主教练，泰伦卢应该是个一流的房地产或保险推销员。纵观NBA历史上下六十多年没有一个主教练在赛前比泰伦卢有更多的锦囊妙计，也没有一个主教练在赛后比他有更多的输球借口。更要命的是这位天才变阵如同喝水，磨合好的一套轮换说变就变，打出来的球员说DNP就DNP，默契的组合（比如詹姆斯和科沃尔）说拆就拆，常规赛82场没有一天不在试验他的阵容，结果季后赛还是用了一套几乎陌生的轮换方式！这么折腾自认为迷惑对方，殊不知对手都像关爱脑残儿童一样看着泰伦卢自娱自乐，骑士队球员却被这种不停变化的阵型搞得晕头转向，几乎所有实力不俗的球员刚来骑士表现都不错，打着打着都不会打球了！\n\n　　泰伦卢四宗罪——暴露弱点，削弱强点：如果你真的对篮球一窍不通，那么按照2K上的轮换名单排阵也不会有大问题，甚至于即使教练席栓条狗，让球员自己决定出场次序，结果也不会像泰伦卢排出的阵容那样漏洞百出。不上日日奇球迷认了，防守不行球迷也认了——可骑士这些球员天赋绝对不差，你简直想不到泰伦卢是怎么能让所有球员都发挥不出长处，反而让弱点暴露无遗的。有一套近乎无解的突分体系的詹姆斯，你让他带三分能力差的队友，让他在小阵容打四五号位顶对方中锋；顶级的无球射手科沃尔，你让他和詹姆斯完全错开出场，陪着替补没有组织能力的乱战帮折返跑；反击、低位、中距离都不错的杰夫-格林，带了一个赛季的轮换阵容表现出色，你在季后赛突然把他提到首发当定点射手，投最不擅长的三分；最能拉开空间的乐福，遇到重型内线你反而让他坐低位！放眼联盟你找不到一个教练能像泰伦卢这样巧妙地限制所有人的长处，让他们的缺点完全暴露。\n\n　　泰伦卢五宗罪——成为主教练：坐拥联盟前五的教练薪水，被赶鸭子上架的泰伦卢顶着“冠军教头”的名号，这些年被欧文和勒布朗掩盖了他太多的无能。看看他现在还剩什么？嘴硬、摇骰子似的随机变阵、推卸责任、故弄玄虚？这就是一支以夺冠为目标，坐拥联盟第一人和不俗天赋的球队主教练的全部本事。主教练和位子是有压力的，所以这种根本不能胜任的人每天活在压力之中直到把自己身体摧垮，主教练的位子是诱人的——所以他病得这么严重也要火速复出，让已经带出不错战绩的德鲁重回助教席位！即便做得再差，能力再低，他不能放弃这个职位，他不能拒绝这份薪水，他还在憧憬着下一份主教练续约合同。所以他使劲浑身解数故弄玄虚，并在他还能随意支使勒布朗-詹姆斯的这段时间里疯狂榨取他的出场时间和体力，换来胜利，换来自己继续坐在这个位置甚至续约的筹码！\n\n　　不管用什么字眼都难以形容我此刻对泰伦-卢的憎恶和反感，所有喜欢勒布朗-詹姆斯和骑士队的球迷们。你们正看到一个人用一己之力毁掉这支你喜欢的球队，你正看到勒布朗经历他职业生涯最大的挑战和最难以战胜的对手——自己的主教练。而詹姆斯仍报之以他一贯风格的官方口吻，报之以或许是他在骑士最后一个赛季的，仁至义尽的表现。而这一切，都来自于场边这位西装革履的废物。"},{"Bounds":{"bottom":1280,"left":20,"right":700,"top":1280},"Classname":"android.view.View","Packagename":"com.baycode.tianya","Text":"推广 美素佳儿奶粉突然降价需要的上 美素佳儿奶粉降价背后的秘密竟然是换新升级？领30元券 "},{"Bounds":{"bottom":1280,"left":648,"right":700,"top":1280},"Classname":"android.view.View","Packagename":"com.baycode.tianya","Text":"回复"},{"Bounds":{"bottom":1280,"left":8,"right":712,"top":1280},"Classname":"android.view.View","Packagename":"com.baycode.tianya","Text":"少剑波20122018-04-16 16:47:10"},{"Bounds":{"bottom":1280,"left":10,"right":710,"top":1280},"Classname":"android.view.View","Packagename":"com.baycode.tianya","Text":"　　说实在的，我还真没这么激动，我甚至宁愿把锅交给詹姆斯来背，而不是卢。\n\n　　詹姆斯喜欢后发制人，很多比赛都是先挖坑再填坑，先让队友打，自己节省体力。问题是有些球队确实有些心理阴影，比如猛龙；有些球队则初生牛犊不怕虎，乱拳打死老师傅。今天骑士一度追到7分，但奥拉迪波上来又是一顿狂轰，分差又被拉大。\n\n　　我本人一向信奉“两种选择，四种结果，其实还是两种结果”的哲学，以这个事情为例，可以分为詹姆斯先攻、后攻两种选择，而每一种选择又会产生两个结果，即骑士赢球或输球，所以四个结果还是两个结果。再换句话说，就是今天詹姆斯第一节刻意减少出手，想要让队友先攻，如果下一场詹姆斯开场就先攻，骑士也同样既有可能赢，也有可能输。\n\n　　怎么办？没法办，只能看天吃饭。骑区居然有人还在怀念TT，要么就是上奥斯曼、日日奇。步行者的进攻其实是很凶猛的，常规赛3:1领先，其中有一场还是骑士已经大比分领先了还被翻盘。今天有一个镜头很说明问题，比赛还剩7分48秒，骑士落实14分，胡德底角空位三分不进，回过头来博格达诺维奇同样底角空位三分就进去了，里外里这就是6分球，落后17分和落后11分绝不是一个概念。那么为什么人家就能投进呢？而且还有很多人指出所谓詹姆斯“废队友”，希尔、胡德等人来到骑士之后三分命中率都下降了，因为他们不适应詹姆斯体系。可是投篮难道空位的难度比迎着防守更大吗？魔术师、斯托克顿不也是费尽九牛二虎之力把球传到处于空位的队友吗？所以，球队体系磨合未果，攻防两端问题多多，也不是把卢换成德鲁就一定能赢的。"},{"Bounds":{"bottom":1280,"left":648,"right":700,"top":1280},"Classname":"android.view.View","Packagename":"com.baycode.tianya","Text":"回复"},{"Bounds":{"bottom":1280,"left":8,"right":712,"top":1280},"Classname":"android.view.View","Packagename":"com.baycode.tianya","Text":"涡轮双擎动力2018-04-16 19:11:54"},{"Bounds":{"bottom":1280,"left":10,"right":710,"top":1280},"Classname":"android.view.View","Packagename":"com.baycode.tianya","Text":"　　泰伦卢就是个傀儡，詹密们，放过他吧！"},{"Bounds":{"bottom":1280,"left":648,"right":700,"top":1280},"Classname":"android.view.View","Packagename":"com.baycode.tianya","Text":"回复"},{"Bounds":{"bottom":1280,"left":8,"right":712,"top":1280},"Classname":"android.view.View","Packagename":"com.baycode.tianya","Text":"yahe01262018-04-16 19:54:12"},{"Bounds":{"bottom":1280,"left":10,"right":710,"top":1280},"Classname":"android.view.View","Packagename":"com.baycode.tianya","Text":"　　3"},{"Bounds":{"bottom":1280,"left":648,"right":700,"top":1280},"Classname":"android.view.View","Packagename":"com.baycode.tianya","Text":"回复"},{"Bounds":{"bottom":1280,"left":8,"right":712,"top":1280},"Classname":"android.view.View","Packagename":"com.baycode.tianya","Text":"从头再来0002018-04-16 23:04:14"},{"Bounds":{"bottom":1280,"left":10,"right":710,"top":1280},"Classname":"android.view.View","Packagename":"com.baycode.tianya","Text":"　　泰伦卢是我见过最垃圾的教练，没有之一"},{"Bounds":{"bottom":1280,"left":648,"right":700,"top":1280},"Classname":"android.view.View","Packagename":"com.baycode.tianya","Text":"回复"},{"Bounds":{"bottom":1280,"left":8,"right":712,"top":1280},"Classname":"android.view.View","Packagename":"com.baycode.tianya","Text":"天上一散仙2018-05-08 10:37:35"},{"Bounds":{"bottom":1280,"left":10,"right":710,"top":1280},"Classname":"android.view.View","Packagename":"com.baycode.tianya","Text":"　　作为骑士的球迷，要理性，要包容，不要去骂人，喜欢是没有任何附加条件的。"},{"Bounds":{"bottom":1280,"left":648,"right":700,"top":1280},"Classname":"android.view.View","Packagename":"com.baycode.tianya","Text":"回复"},{"Bounds":{"bottom":1280,"left":108,"right":182,"top":1280},"Classname":"android.view.View","Packagename":"com.baycode.tianya","Text":"返回"},{"Bounds":{"bottom":1280,"left":200,"right":274,"top":1280},"Classname":"android.view.View","Packagename":"com.baycode.tianya","Text":"上页"},{"Bounds":{"bottom":1280,"left":282,"right":438,"top":1280},"Classname":"android.view.View","Packagename":"com.baycode.tianya","Text":"第1页 | 共1页"},{"Bounds":{"bottom":1280,"left":446,"right":520,"top":1280},"Classname":"android.view.View","Packagename":"com.baycode.tianya","Text":"下页"},{"Bounds":{"bottom":1280,"left":538,"right":612,"top":1280},"Classname":"android.view.View","Packagename":"com.baycode.tianya","Text":"末页"},{"Bounds":{"bottom":1280,"left":40,"right":680,"top":1280},"Classname":"android.view.View","Packagename":"com.baycode.tianya","Text":"查看原文"},{"Bounds":{"bottom":1280,"left":40,"right":680,"top":1280},"Classname":"android.view.View","Packagename":"com.baycode.tianya","Text":"转发分享"},{"Bounds":{"bottom":255,"left":0,"right":88,"top":135},"Classname":"android.view.View","Packagename":"com.baycode.tianya","Text":""},{"Bounds":{"bottom":1270,"left":0,"right":102,"top":1202},"Classname":"android.widget.ImageButton","Packagename":"com.baycode.tianya","Text":""},{"Bounds":{"bottom":1270,"left":102,"right":205,"top":1202},"Classname":"android.widget.ImageButton","Packagename":"com.baycode.tianya","Text":""},{"Bounds":{"bottom":1270,"left":205,"right":308,"top":1202},"Classname":"android.widget.ImageButton","Packagename":"com.baycode.tianya","Text":""},{"Bounds":{"bottom":1270,"left":308,"right":411,"top":1202},"Classname":"android.widget.ImageButton","Packagename":"com.baycode.tianya","Text":""},{"Bounds":{"bottom":1270,"left":411,"right":514,"top":1202},"Classname":"android.widget.ImageButton","Packagename":"com.baycode.tianya","Text":""},{"Bounds":{"bottom":1270,"left":514,"right":617,"top":1202},"Classname":"android.widget.ImageButton","Packagename":"com.baycode.tianya","Text":""},{"Bounds":{"bottom":1270,"left":617,"right":720,"top":1202},"Classname":"android.widget.ImageButton","Packagename":"com.baycode.tianya","Text":""},{"Bounds":{"bottom":1280,"left":660,"right":720,"top":1260},"Classname":"android.view.View","Packagename":"com.baycode.tianya","Text":""},{"Bounds":{"bottom":1280,"left":0,"right":720,"top":1180},"Classname":"android.view.View","Packagename":"com.baycode.tianya","Text":"知乎 摄影构图有哪些技巧和标准？ "}],"packagename":"com.example.a10628.myapplication","width":1080}