{"events":[{"eventname":"TYPE_VIEW_SCROLLED","source":{"Bounds":{"bottom":1184,"left":0,"right":720,"top":48},"Classname":"android.support.v7.widget.RecyclerView","Packagename":"com.tmall.wireless","Text":""}},{"eventname":"TYPE_VIEW_CLICKED","source":{"Bounds":{"bottom":623,"left":198,"right":332,"top":489},"Classname":"android.widget.ImageView","Packagename":"com.tmall.wireless","Text":""}},{"eventname":"TYPE_WINDOW_STATE_CHANGED","source":{"Bounds":{"bottom":1280,"left":0,"right":720,"top":0},"Classname":"android.widget.FrameLayout","Packagename":"com.tmall.wireless","Text":""}}],"height":1920,"hovertime":3297,"nodes":[{"Bounds":{"bottom":39,"left":312,"right":408,"top":48},"Classname":"android.widget.TextView","Packagename":"com.tmall.wireless","Text":"下拉刷新"},{"Bounds":{"bottom":-88,"left":50,"right":205,"top":48},"Classname":"android.widget.TextView","Packagename":"com.tmall.wireless","Text":"天猫小黑盒"},{"Bounds":{"bottom":-57,"left":50,"right":240,"top":48},"Classname":"android.widget.TextView","Packagename":"com.tmall.wireless","Text":"新品好物 领券试用"},{"Bounds":{"bottom":103,"left":36,"right":185,"top":77},"Classname":"android.widget.TextView","Packagename":"com.tmall.wireless","Text":"人气新品"},{"Bounds":{"bottom":79,"left":45,"right":177,"top":48},"Classname":"android.widget.ImageView","Packagename":"com.tmall.wireless","Text":""},{"Bounds":{"bottom":103,"left":195,"right":344,"top":77},"Classname":"android.widget.TextView","Packagename":"com.tmall.wireless","Text":"潮流新品"},{"Bounds":{"bottom":79,"left":204,"right":336,"top":48},"Classname":"android.widget.ImageView","Packagename":"com.tmall.wireless","Text":""},{"Bounds":{"bottom":-88,"left":395,"right":528,"top":48},"Classname":"android.widget.TextView","Packagename":"com.tmall.wireless","Text":"品牌LIVE"},{"Bounds":{"bottom":-57,"left":395,"right":556,"top":48},"Classname":"android.widget.TextView","Packagename":"com.tmall.wireless","Text":"超值大牌在这里"},{"Bounds":{"bottom":22,"left":390,"right":671,"top":48},"Classname":"android.widget.TextView","Packagename":"com.tmall.wireless","Text":"Neal\u0027s Yard Remedies"},{"Bounds":{"bottom":286,"left":63,"right":143,"top":305},"Classname":"android.widget.TextView","Packagename":"com.tmall.wireless","Text":"精选品牌"},{"Bounds":{"bottom":286,"left":234,"right":314,"top":305},"Classname":"android.widget.TextView","Packagename":"com.tmall.wireless","Text":"精选品牌"},{"Bounds":{"bottom":286,"left":405,"right":485,"top":305},"Classname":"android.widget.TextView","Packagename":"com.tmall.wireless","Text":"精选品牌"},{"Bounds":{"bottom":286,"left":576,"right":656,"top":305},"Classname":"android.widget.TextView","Packagename":"com.tmall.wireless","Text":"精选品牌"},{"Bounds":{"bottom":371,"left":24,"right":696,"top":326},"Classname":"android.widget.TextView","Packagename":"com.tmall.wireless","Text":"天猫官方直营"},{"Bounds":{"bottom":452,"left":50,"right":174,"top":410},"Classname":"android.widget.TextView","Packagename":"com.tmall.wireless","Text":"天猫超市"},{"Bounds":{"bottom":483,"left":50,"right":243,"top":451},"Classname":"android.widget.TextView","Packagename":"com.tmall.wireless","Text":"一站购齐 满88包邮"},{"Bounds":{"bottom":623,"left":47,"right":181,"top":489},"Classname":"android.widget.ImageView","Packagename":"com.tmall.wireless","Text":""},{"Bounds":{"bottom":623,"left":198,"right":332,"top":489},"Classname":"android.widget.ImageView","Packagename":"com.tmall.wireless","Text":""},{"Bounds":{"bottom":452,"left":392,"right":516,"top":410},"Classname":"android.widget.TextView","Packagename":"com.tmall.wireless","Text":"国际直营"},{"Bounds":{"bottom":483,"left":392,"right":576,"top":451},"Classname":"android.widget.TextView","Packagename":"com.tmall.wireless","Text":"官方采购品质保证"},{"Bounds":{"bottom":623,"left":389,"right":523,"top":489},"Classname":"android.widget.ImageView","Packagename":"com.tmall.wireless","Text":""},{"Bounds":{"bottom":623,"left":540,"right":674,"top":489},"Classname":"android.widget.ImageView","Packagename":"com.tmall.wireless","Text":""},{"Bounds":{"bottom":723,"left":50,"right":143,"top":681},"Classname":"android.widget.TextView","Packagename":"com.tmall.wireless","Text":"魅力惠"},{"Bounds":{"bottom":754,"left":50,"right":297,"top":722},"Classname":"android.widget.TextView","Packagename":"com.tmall.wireless","Text":"奢品正品保证 大牌1折起"},{"Bounds":{"bottom":894,"left":47,"right":181,"top":760},"Classname":"android.widget.ImageView","Packagename":"com.tmall.wireless","Text":""},{"Bounds":{"bottom":894,"left":198,"right":332,"top":760},"Classname":"android.widget.ImageView","Packagename":"com.tmall.wireless","Text":""},{"Bounds":{"bottom":723,"left":392,"right":516,"top":681},"Classname":"android.widget.TextView","Packagename":"com.tmall.wireless","Text":"天猫生鲜"},{"Bounds":{"bottom":754,"left":392,"right":507,"top":722},"Classname":"android.widget.TextView","Packagename":"com.tmall.wireless","Text":"第二件半价"},{"Bounds":{"bottom":894,"left":389,"right":523,"top":760},"Classname":"android.widget.ImageView","Packagename":"com.tmall.wireless","Text":""},{"Bounds":{"bottom":894,"left":540,"right":674,"top":760},"Classname":"android.widget.ImageView","Packagename":"com.tmall.wireless","Text":""},{"Bounds":{"bottom":988,"left":51,"right":135,"top":950},"Classname":"android.widget.TextView","Packagename":"com.tmall.wireless","Text":"领券局"},{"Bounds":{"bottom":1019,"left":51,"right":211,"top":992},"Classname":"android.widget.TextView","Packagename":"com.tmall.wireless","Text":"全新上线不要错过"},{"Bounds":{"bottom":1084,"left":353,"right":696,"top":923},"Classname":"android.widget.ImageView","Packagename":"com.tmall.wireless","Text":""},{"Bounds":{"bottom":1184,"left":46,"right":154,"top":1513},"Classname":"android.widget.TextView","Packagename":"com.tmall.wireless","Text":"Yadi/水之镜"},{"Bounds":{"bottom":1184,"left":40,"right":330,"top":1559},"Classname":"android.widget.TextView","Packagename":"com.tmall.wireless","Text":"微星ge62 gl62 gp62 gt72 ge72贴纸贴膜"},{"Bounds":{"bottom":1184,"left":40,"right":201,"top":1655},"Classname":"android.widget.TextView","Packagename":"com.tmall.wireless","Text":"¥48"},{"Bounds":{"bottom":1184,"left":201,"right":349,"top":1677},"Classname":"android.widget.ImageView","Packagename":"com.tmall.wireless","Text":""},{"Bounds":{"bottom":1184,"left":396,"right":527,"top":1513},"Classname":"android.widget.TextView","Packagename":"com.tmall.wireless","Text":"BASEUS/倍思"},{"Bounds":{"bottom":1184,"left":390,"right":680,"top":1559},"Classname":"android.widget.TextView","Packagename":"com.tmall.wireless","Text":"倍思三星s9 s9plus s9edge+手机壳"},{"Bounds":{"bottom":1184,"left":390,"right":551,"top":1655},"Classname":"android.widget.TextView","Packagename":"com.tmall.wireless","Text":"¥28"},{"Bounds":{"bottom":1184,"left":551,"right":699,"top":1677},"Classname":"android.widget.ImageView","Packagename":"com.tmall.wireless","Text":""},{"Bounds":{"bottom":44,"left":20,"right":700,"top":48},"Classname":"android.widget.ImageView","Packagename":"com.tmall.wireless","Text":""},{"Bounds":{"bottom":120,"left":20,"right":62,"top":78},"Classname":"android.widget.TextView","Packagename":"com.tmall.wireless","Text":""},{"Bounds":{"bottom":138,"left":84,"right":636,"top":68},"Classname":"android.widget.TextView","Packagename":"com.tmall.wireless","Text":""},{"Bounds":{"bottom":119,"left":104,"right":136,"top":87},"Classname":"android.widget.TextView","Packagename":"com.tmall.wireless","Text":""},{"Bounds":{"bottom":122,"left":146,"right":314,"top":84},"Classname":"android.widget.TextView","Packagename":"com.tmall.wireless","Text":"宝宝出行必备"},{"Bounds":{"bottom":119,"left":584,"right":616,"top":87},"Classname":"android.widget.TextView","Packagename":"com.tmall.wireless","Text":""},{"Bounds":{"bottom":120,"left":658,"right":700,"top":78},"Classname":"android.widget.TextView","Packagename":"com.tmall.wireless","Text":""},{"Bounds":{"bottom":1174,"left":602,"right":694,"top":1082},"Classname":"android.widget.ImageView","Packagename":"com.tmall.wireless","Text":""},{"Bounds":{"bottom":1280,"left":0,"right":144,"top":1184},"Classname":"android.view.View","Packagename":"com.tmall.wireless","Text":""},{"Bounds":{"bottom":1243,"left":45,"right":99,"top":1189},"Classname":"android.widget.TextView","Packagename":"com.tmall.wireless","Text":""},{"Bounds":{"bottom":1270,"left":52,"right":92,"top":1243},"Classname":"android.widget.TextView","Packagename":"com.tmall.wireless","Text":"精选"},{"Bounds":{"bottom":1280,"left":144,"right":288,"top":1184},"Classname":"android.view.View","Packagename":"com.tmall.wireless","Text":""},{"Bounds":{"bottom":1243,"left":189,"right":243,"top":1189},"Classname":"android.widget.TextView","Packagename":"com.tmall.wireless","Text":""},{"Bounds":{"bottom":1270,"left":196,"right":236,"top":1243},"Classname":"android.widget.TextView","Packagename":"com.tmall.wireless","Text":"品牌"},{"Bounds":{"bottom":1280,"left":288,"right":432,"top":1184},"Classname":"android.view.View","Packagename":"com.tmall.wireless","Text":""},{"Bounds":{"bottom":1243,"left":333,"right":387,"top":1189},"Classname":"android.widget.TextView","Packagename":"com.tmall.wireless","Text":""},{"Bounds":{"bottom":1270,"left":340,"right":380,"top":1243},"Classname":"android.widget.TextView","Packagename":"com.tmall.wireless","Text":"会员"},{"Bounds":{"bottom":1280,"left":432,"right":576,"top":1184},"Classname":"android.view.View","Packagename":"com.tmall.wireless","Text":""},{"Bounds":{"bottom":1243,"left":477,"right":531,"top":1189},"Classname":"android.widget.TextView","Packagename":"com.tmall.wireless","Text":""},{"Bounds":{"bottom":1270,"left":474,"right":534,"top":1243},"Classname":"android.widget.TextView","Packagename":"com.tmall.wireless","Text":"购物车"},{"Bounds":{"bottom":1280,"left":576,"right":720,"top":1184},"Classname":"android.view.View","Packagename":"com.tmall.wireless","Text":""},{"Bounds":{"bottom":1243,"left":621,"right":675,"top":1189},"Classname":"android.widget.TextView","Packagename":"com.tmall.wireless","Text":""},{"Bounds":{"bottom":1270,"left":638,"right":658,"top":1243},"Classname":"android.widget.TextView","Packagename":"com.tmall.wireless","Text":"我"}],"packagename":"com.example.a10628.myapplication","width":1080}