{"events":[{"eventname":"TYPE_VIEW_SCROLLED","source":{"Bounds":{"bottom":1280,"left":0,"right":720,"top":143},"Classname":"android.webkit.WebView","Packagename":"cn.amazon.mShop.android","Text":""}}],"height":1920,"hovertime":1734,"nodes":[{"Bounds":{"bottom":140,"left":0,"right":92,"top":48},"Classname":"android.widget.LinearLayout","Packagename":"cn.amazon.mShop.android","Text":""},{"Bounds":{"bottom":120,"left":300,"right":420,"top":68},"Classname":"android.widget.ImageView","Packagename":"cn.amazon.mShop.android","Text":""},{"Bounds":{"bottom":140,"left":532,"right":624,"top":48},"Classname":"android.widget.ImageButton","Packagename":"cn.amazon.mShop.android","Text":""},{"Bounds":{"bottom":140,"left":624,"right":716,"top":48},"Classname":"android.widget.ImageView","Packagename":"cn.amazon.mShop.android","Text":""},{"Bounds":{"bottom":140,"left":656,"right":684,"top":62},"Classname":"android.widget.TextView","Packagename":"cn.amazon.mShop.android","Text":"0"},{"Bounds":{"bottom":143,"left":-10,"right":710,"top":143},"Classname":"android.view.View","Packagename":"cn.amazon.mShop.android","Text":""},{"Bounds":{"bottom":143,"left":626,"right":686,"top":143},"Classname":"android.view.View","Packagename":"cn.amazon.mShop.android","Text":"广告"},{"Bounds":{"bottom":143,"left":-22,"right":722,"top":143},"Classname":"android.view.View","Packagename":"cn.amazon.mShop.android","Text":"亚马逊海外购日本馆"},{"Bounds":{"bottom":143,"left":704,"right":706,"top":143},"Classname":"android.view.View","Packagename":"cn.amazon.mShop.android","Text":"亚马逊海外购 服饰鞋包夏季时尚新欢"},{"Bounds":{"bottom":143,"left":704,"right":706,"top":143},"Classname":"android.view.View","Packagename":"cn.amazon.mShop.android","Text":"亚马逊海外购母亲节"},{"Bounds":{"bottom":143,"left":704,"right":706,"top":143},"Classname":"android.view.View","Packagename":"cn.amazon.mShop.android","Text":"亚马逊海外购厨具馆"},{"Bounds":{"bottom":143,"left":704,"right":706,"top":143},"Classname":"android.view.View","Packagename":"cn.amazon.mShop.android","Text":"海外购baby"},{"Bounds":{"bottom":143,"left":704,"right":706,"top":143},"Classname":"android.view.View","Packagename":"cn.amazon.mShop.android","Text":"海外购Apparel"},{"Bounds":{"bottom":143,"left":704,"right":706,"top":143},"Classname":"android.view.View","Packagename":"cn.amazon.mShop.android","Text":"海外购Beauty"},{"Bounds":{"bottom":143,"left":704,"right":706,"top":143},"Classname":"android.view.View","Packagename":"cn.amazon.mShop.android","Text":"海外购CE"},{"Bounds":{"bottom":143,"left":240,"right":256,"top":143},"Classname":"android.view.View","Packagename":"cn.amazon.mShop.android","Text":""},{"Bounds":{"bottom":143,"left":268,"right":284,"top":143},"Classname":"android.view.View","Packagename":"cn.amazon.mShop.android","Text":""},{"Bounds":{"bottom":143,"left":298,"right":314,"top":143},"Classname":"android.view.View","Packagename":"cn.amazon.mShop.android","Text":""},{"Bounds":{"bottom":143,"left":328,"right":344,"top":143},"Classname":"android.view.View","Packagename":"cn.amazon.mShop.android","Text":""},{"Bounds":{"bottom":143,"left":356,"right":372,"top":143},"Classname":"android.view.View","Packagename":"cn.amazon.mShop.android","Text":""},{"Bounds":{"bottom":143,"left":386,"right":402,"top":143},"Classname":"android.view.View","Packagename":"cn.amazon.mShop.android","Text":""},{"Bounds":{"bottom":143,"left":416,"right":432,"top":143},"Classname":"android.view.View","Packagename":"cn.amazon.mShop.android","Text":""},{"Bounds":{"bottom":143,"left":444,"right":460,"top":143},"Classname":"android.view.View","Packagename":"cn.amazon.mShop.android","Text":""},{"Bounds":{"bottom":143,"left":-10,"right":134,"top":143},"Classname":"android.view.View","Packagename":"cn.amazon.mShop.android","Text":"ref\u003dmh_cnm_bj_sl_1?_encoding\u003dUTF8\u0026node\u003d1841388071\u0026pf_rd_p\u003d071d9e17-71db-4c02-8a28-71e645a7b035\u0026pf_rd_s\u003dmobile-hybrid-3\u0026pf_rd_t\u003dGateway\u0026pf_rd_i\u003dmobile\u0026pf_rd_m\u003dA1AJ19PSB66TGU\u0026pf_rd_r\u003dG5NAMYAVZHK444KQ2RWW\u0026pf_rd_r\u003dG5NAMYAVZHK444KQ2RWW\u0026pf_rd_p\u003d071d9e17-71db-4c02-8a28-71e645a7b035"},{"Bounds":{"bottom":143,"left":134,"right":278,"top":143},"Classname":"android.view.View","Packagename":"cn.amazon.mShop.android","Text":"ref\u003dmh_cnm_bj_sl_2?_encoding\u003dUTF8\u0026node\u003d1841389071\u0026pf_rd_p\u003d071d9e17-71db-4c02-8a28-71e645a7b035\u0026pf_rd_s\u003dmobile-hybrid-3\u0026pf_rd_t\u003dGateway\u0026pf_rd_i\u003dmobile\u0026pf_rd_m\u003dA1AJ19PSB66TGU\u0026pf_rd_r\u003dG5NAMYAVZHK444KQ2RWW\u0026pf_rd_r\u003dG5NAMYAVZHK444KQ2RWW\u0026pf_rd_p\u003d071d9e17-71db-4c02-8a28-71e645a7b035"},{"Bounds":{"bottom":143,"left":278,"right":422,"top":143},"Classname":"android.view.View","Packagename":"cn.amazon.mShop.android","Text":"ref\u003dmh_cnm_bj_sl_3?_encoding\u003dUTF8\u0026node\u003d1904552071\u0026pf_rd_p\u003d071d9e17-71db-4c02-8a28-71e645a7b035\u0026pf_rd_s\u003dmobile-hybrid-3\u0026pf_rd_t\u003dGateway\u0026pf_rd_i\u003dmobile\u0026pf_rd_m\u003dA1AJ19PSB66TGU\u0026pf_rd_r\u003dG5NAMYAVZHK444KQ2RWW\u0026pf_rd_r\u003dG5NAMYAVZHK444KQ2RWW\u0026pf_rd_p\u003d071d9e17-71db-4c02-8a28-71e645a7b035"},{"Bounds":{"bottom":143,"left":422,"right":566,"top":143},"Classname":"android.view.View","Packagename":"cn.amazon.mShop.android","Text":"ref\u003dmh_cnm_bj_sl_4?_encoding\u003dUTF8\u0026node\u003d1876511071\u0026pf_rd_p\u003d071d9e17-71db-4c02-8a28-71e645a7b035\u0026pf_rd_s\u003dmobile-hybrid-3\u0026pf_rd_t\u003dGateway\u0026pf_rd_i\u003dmobile\u0026pf_rd_m\u003dA1AJ19PSB66TGU\u0026pf_rd_r\u003dG5NAMYAVZHK444KQ2RWW\u0026pf_rd_r\u003dG5NAMYAVZHK444KQ2RWW\u0026pf_rd_p\u003d071d9e17-71db-4c02-8a28-71e645a7b035"},{"Bounds":{"bottom":143,"left":566,"right":710,"top":143},"Classname":"android.view.View","Packagename":"cn.amazon.mShop.android","Text":"ref\u003dmh_cnm_bj_sl_5?_encoding\u003dUTF8\u0026node\u003d1756067071\u0026pf_rd_p\u003d071d9e17-71db-4c02-8a28-71e645a7b035\u0026pf_rd_s\u003dmobile-hybrid-3\u0026pf_rd_t\u003dGateway\u0026pf_rd_i\u003dmobile\u0026pf_rd_m\u003dA1AJ19PSB66TGU\u0026pf_rd_r\u003dG5NAMYAVZHK444KQ2RWW\u0026pf_rd_r\u003dG5NAMYAVZHK444KQ2RWW\u0026pf_rd_p\u003d071d9e17-71db-4c02-8a28-71e645a7b035"},{"Bounds":{"bottom":143,"left":-10,"right":710,"top":143},"Classname":"android.view.View","Packagename":"cn.amazon.mShop.android","Text":""},{"Bounds":{"bottom":143,"left":-10,"right":170,"top":143},"Classname":"android.view.View","Packagename":"cn.amazon.mShop.android","Text":"ref\u003dmh_cnm_bj_sl_1?_encoding\u003dUTF8\u0026node\u003d1478512071\u0026pf_rd_p\u003d7d65d175-799a-4711-bfca-56e73f2966a4\u0026pf_rd_s\u003dmobile-hybrid-5\u0026pf_rd_t\u003dGateway\u0026pf_rd_i\u003dmobile\u0026pf_rd_m\u003dA1AJ19PSB66TGU\u0026pf_rd_r\u003dG5NAMYAVZHK444KQ2RWW\u0026pf_rd_r\u003dG5NAMYAVZHK444KQ2RWW\u0026pf_rd_p\u003d7d65d175-799a-4711-bfca-56e73f2966a4"},{"Bounds":{"bottom":143,"left":170,"right":350,"top":143},"Classname":"android.view.View","Packagename":"cn.amazon.mShop.android","Text":"ref\u003dmh_cnm_bj_sl_2?_encoding\u003dUTF8\u0026node\u003d1546136071\u0026pf_rd_p\u003d7d65d175-799a-4711-bfca-56e73f2966a4\u0026pf_rd_s\u003dmobile-hybrid-5\u0026pf_rd_t\u003dGateway\u0026pf_rd_i\u003dmobile\u0026pf_rd_m\u003dA1AJ19PSB66TGU\u0026pf_rd_r\u003dG5NAMYAVZHK444KQ2RWW\u0026pf_rd_r\u003dG5NAMYAVZHK444KQ2RWW\u0026pf_rd_p\u003d7d65d175-799a-4711-bfca-56e73f2966a4"},{"Bounds":{"bottom":143,"left":350,"right":530,"top":143},"Classname":"android.view.View","Packagename":"cn.amazon.mShop.android","Text":"ref\u003dmh_cnm_bj_sl_3?_encoding\u003dUTF8\u0026node\u003d1484186071\u0026pf_rd_p\u003d7d65d175-799a-4711-bfca-56e73f2966a4\u0026pf_rd_s\u003dmobile-hybrid-5\u0026pf_rd_t\u003dGateway\u0026pf_rd_i\u003dmobile\u0026pf_rd_m\u003dA1AJ19PSB66TGU\u0026pf_rd_r\u003dG5NAMYAVZHK444KQ2RWW\u0026pf_rd_r\u003dG5NAMYAVZHK444KQ2RWW\u0026pf_rd_p\u003d7d65d175-799a-4711-bfca-56e73f2966a4"},{"Bounds":{"bottom":143,"left":530,"right":710,"top":143},"Classname":"android.view.View","Packagename":"cn.amazon.mShop.android","Text":"ref\u003dmh_cnm_bj_sl_4?_encoding\u003dUTF8\u0026node\u003d1576696071\u0026pf_rd_p\u003d7d65d175-799a-4711-bfca-56e73f2966a4\u0026pf_rd_s\u003dmobile-hybrid-5\u0026pf_rd_t\u003dGateway\u0026pf_rd_i\u003dmobile\u0026pf_rd_m\u003dA1AJ19PSB66TGU\u0026pf_rd_r\u003dG5NAMYAVZHK444KQ2RWW\u0026pf_rd_r\u003dG5NAMYAVZHK444KQ2RWW\u0026pf_rd_p\u003d7d65d175-799a-4711-bfca-56e73f2966a4"},{"Bounds":{"bottom":143,"left":-10,"right":170,"top":143},"Classname":"android.view.View","Packagename":"cn.amazon.mShop.android","Text":"ref\u003dmh_cnm_bj_sl_5?_encoding\u003dUTF8\u0026node\u003d1494169071\u0026pf_rd_p\u003d7d65d175-799a-4711-bfca-56e73f2966a4\u0026pf_rd_s\u003dmobile-hybrid-5\u0026pf_rd_t\u003dGateway\u0026pf_rd_i\u003dmobile\u0026pf_rd_m\u003dA1AJ19PSB66TGU\u0026pf_rd_r\u003dG5NAMYAVZHK444KQ2RWW\u0026pf_rd_r\u003dG5NAMYAVZHK444KQ2RWW\u0026pf_rd_p\u003d7d65d175-799a-4711-bfca-56e73f2966a4"},{"Bounds":{"bottom":143,"left":170,"right":350,"top":143},"Classname":"android.view.View","Packagename":"cn.amazon.mShop.android","Text":"ref\u003dmh_cnm_bj_sl_6?_encoding\u003dUTF8\u0026node\u003d1489156071\u0026pf_rd_p\u003d7d65d175-799a-4711-bfca-56e73f2966a4\u0026pf_rd_s\u003dmobile-hybrid-5\u0026pf_rd_t\u003dGateway\u0026pf_rd_i\u003dmobile\u0026pf_rd_m\u003dA1AJ19PSB66TGU\u0026pf_rd_r\u003dG5NAMYAVZHK444KQ2RWW\u0026pf_rd_r\u003dG5NAMYAVZHK444KQ2RWW\u0026pf_rd_p\u003d7d65d175-799a-4711-bfca-56e73f2966a4"},{"Bounds":{"bottom":143,"left":350,"right":530,"top":143},"Classname":"android.view.View","Packagename":"cn.amazon.mShop.android","Text":"ref\u003dmh_cnm_bj_sl_7?_encoding\u003dUTF8\u0026node\u003d1519395071\u0026pf_rd_p\u003d7d65d175-799a-4711-bfca-56e73f2966a4\u0026pf_rd_s\u003dmobile-hybrid-5\u0026pf_rd_t\u003dGateway\u0026pf_rd_i\u003dmobile\u0026pf_rd_m\u003dA1AJ19PSB66TGU\u0026pf_rd_r\u003dG5NAMYAVZHK444KQ2RWW\u0026pf_rd_r\u003dG5NAMYAVZHK444KQ2RWW\u0026pf_rd_p\u003d7d65d175-799a-4711-bfca-56e73f2966a4"},{"Bounds":{"bottom":143,"left":530,"right":710,"top":143},"Classname":"android.view.View","Packagename":"cn.amazon.mShop.android","Text":"ref\u003dmh_cnm_bj_sl_8?_encoding\u003dUTF8\u0026node\u003d1488289071\u0026pf_rd_p\u003d7d65d175-799a-4711-bfca-56e73f2966a4\u0026pf_rd_s\u003dmobile-hybrid-5\u0026pf_rd_t\u003dGateway\u0026pf_rd_i\u003dmobile\u0026pf_rd_m\u003dA1AJ19PSB66TGU\u0026pf_rd_r\u003dG5NAMYAVZHK444KQ2RWW\u0026pf_rd_r\u003dG5NAMYAVZHK444KQ2RWW\u0026pf_rd_p\u003d7d65d175-799a-4711-bfca-56e73f2966a4"},{"Bounds":{"bottom":143,"left":-10,"right":710,"top":143},"Classname":"android.view.View","Packagename":"cn.amazon.mShop.android","Text":""},{"Bounds":{"bottom":143,"left":-10,"right":158,"top":143},"Classname":"android.view.View","Packagename":"cn.amazon.mShop.android","Text":"本周大牌"},{"Bounds":{"bottom":143,"left":158,"right":326,"top":143},"Classname":"android.view.View","Packagename":"cn.amazon.mShop.android","Text":"镇店之宝"},{"Bounds":{"bottom":143,"left":326,"right":494,"top":143},"Classname":"android.view.View","Packagename":"cn.amazon.mShop.android","Text":"创意生活"},{"Bounds":{"bottom":143,"left":494,"right":662,"top":143},"Classname":"android.view.View","Packagename":"cn.amazon.mShop.android","Text":"当季促销"},{"Bounds":{"bottom":143,"left":-10,"right":158,"top":143},"Classname":"android.view.View","Packagename":"cn.amazon.mShop.android","Text":"精品推荐"},{"Bounds":{"bottom":143,"left":158,"right":326,"top":143},"Classname":"android.view.View","Packagename":"cn.amazon.mShop.android","Text":"发现好物"},{"Bounds":{"bottom":359,"left":6,"right":694,"top":143},"Classname":"android.view.View","Packagename":"cn.amazon.mShop.android","Text":"ref\u003dmh_agsbrand1_fine?node\u003d1786681071\u0026pf_rd_p\u003d3805c477-7e20-4b05-b838-1771899da67f\u0026pf_rd_s\u003dmobile-hybrid-7\u0026pf_rd_t\u003d30901\u0026pf_rd_i\u003d1403206071\u0026pf_rd_m\u003dA1AJ19PSB66TGU\u0026pf_rd_r\u003dG5NAMYAVZHK444KQ2RWW\u0026pf_rd_r\u003dG5NAMYAVZHK444KQ2RWW\u0026pf_rd_p\u003d3805c477-7e20-4b05-b838-1771899da67f"},{"Bounds":{"bottom":613,"left":6,"right":694,"top":369},"Classname":"android.view.View","Packagename":"cn.amazon.mShop.android","Text":"ref\u003dmh_agsbrand2_fine?node\u003d1480730071\u0026pf_rd_p\u003d3805c477-7e20-4b05-b838-1771899da67f\u0026pf_rd_s\u003dmobile-hybrid-7\u0026pf_rd_t\u003d30901\u0026pf_rd_i\u003d1403206071\u0026pf_rd_m\u003dA1AJ19PSB66TGU\u0026pf_rd_r\u003dG5NAMYAVZHK444KQ2RWW\u0026pf_rd_r\u003dG5NAMYAVZHK444KQ2RWW\u0026pf_rd_p\u003d3805c477-7e20-4b05-b838-1771899da67f"},{"Bounds":{"bottom":869,"left":6,"right":694,"top":623},"Classname":"android.view.View","Packagename":"cn.amazon.mShop.android","Text":"ref\u003dmh_agsbrand3_fine?node\u003d1495119071\u0026pf_rd_p\u003d3805c477-7e20-4b05-b838-1771899da67f\u0026pf_rd_s\u003dmobile-hybrid-7\u0026pf_rd_t\u003d30901\u0026pf_rd_i\u003d1403206071\u0026pf_rd_m\u003dA1AJ19PSB66TGU\u0026pf_rd_r\u003dG5NAMYAVZHK444KQ2RWW\u0026pf_rd_r\u003dG5NAMYAVZHK444KQ2RWW\u0026pf_rd_p\u003d3805c477-7e20-4b05-b838-1771899da67f"},{"Bounds":{"bottom":1123,"left":6,"right":694,"top":879},"Classname":"android.view.View","Packagename":"cn.amazon.mShop.android","Text":"ref\u003dmh_agsbrand4_fine?node\u003d1536480071\u0026pf_rd_p\u003d3805c477-7e20-4b05-b838-1771899da67f\u0026pf_rd_s\u003dmobile-hybrid-7\u0026pf_rd_t\u003d30901\u0026pf_rd_i\u003d1403206071\u0026pf_rd_m\u003dA1AJ19PSB66TGU\u0026pf_rd_r\u003dG5NAMYAVZHK444KQ2RWW\u0026pf_rd_r\u003dG5NAMYAVZHK444KQ2RWW\u0026pf_rd_p\u003d3805c477-7e20-4b05-b838-1771899da67f"},{"Bounds":{"bottom":1279,"left":6,"right":694,"top":1133},"Classname":"android.view.View","Packagename":"cn.amazon.mShop.android","Text":"ref\u003dmh_agsbrand5_fine?node\u003d1503291071\u0026pf_rd_p\u003d3805c477-7e20-4b05-b838-1771899da67f\u0026pf_rd_s\u003dmobile-hybrid-7\u0026pf_rd_t\u003d30901\u0026pf_rd_i\u003d1403206071\u0026pf_rd_m\u003dA1AJ19PSB66TGU\u0026pf_rd_r\u003dG5NAMYAVZHK444KQ2RWW\u0026pf_rd_r\u003dG5NAMYAVZHK444KQ2RWW\u0026pf_rd_p\u003d3805c477-7e20-4b05-b838-1771899da67f"},{"Bounds":{"bottom":1279,"left":6,"right":694,"top":1277},"Classname":"android.view.View","Packagename":"cn.amazon.mShop.android","Text":"ref\u003dmh_agsbrand6_fine?node\u003d1479960071\u0026pf_rd_p\u003d3805c477-7e20-4b05-b838-1771899da67f\u0026pf_rd_s\u003dmobile-hybrid-7\u0026pf_rd_t\u003d30901\u0026pf_rd_i\u003d1403206071\u0026pf_rd_m\u003dA1AJ19PSB66TGU\u0026pf_rd_r\u003dG5NAMYAVZHK444KQ2RWW\u0026pf_rd_r\u003dG5NAMYAVZHK444KQ2RWW\u0026pf_rd_p\u003d3805c477-7e20-4b05-b838-1771899da67f"},{"Bounds":{"bottom":1279,"left":6,"right":694,"top":1277},"Classname":"android.view.View","Packagename":"cn.amazon.mShop.android","Text":"ref\u003dmh_agsbrand7_fine?node\u003d1772716071\u0026pf_rd_p\u003d3805c477-7e20-4b05-b838-1771899da67f\u0026pf_rd_s\u003dmobile-hybrid-7\u0026pf_rd_t\u003d30901\u0026pf_rd_i\u003d1403206071\u0026pf_rd_m\u003dA1AJ19PSB66TGU\u0026pf_rd_r\u003dG5NAMYAVZHK444KQ2RWW\u0026pf_rd_r\u003dG5NAMYAVZHK444KQ2RWW\u0026pf_rd_p\u003d3805c477-7e20-4b05-b838-1771899da67f"},{"Bounds":{"bottom":1279,"left":6,"right":694,"top":1277},"Classname":"android.view.View","Packagename":"cn.amazon.mShop.android","Text":"ref\u003dmh_agsbrand8_fine?node\u003d1816661071\u0026pf_rd_p\u003d3805c477-7e20-4b05-b838-1771899da67f\u0026pf_rd_s\u003dmobile-hybrid-7\u0026pf_rd_t\u003d30901\u0026pf_rd_i\u003d1403206071\u0026pf_rd_m\u003dA1AJ19PSB66TGU\u0026pf_rd_r\u003dG5NAMYAVZHK444KQ2RWW\u0026pf_rd_r\u003dG5NAMYAVZHK444KQ2RWW\u0026pf_rd_p\u003d3805c477-7e20-4b05-b838-1771899da67f"},{"Bounds":{"bottom":1279,"left":6,"right":694,"top":1277},"Classname":"android.view.View","Packagename":"cn.amazon.mShop.android","Text":"ref\u003dmh_agsbrand9_fine?rh\u003di%3Ababy%2Cn%3A42692071%2Cn%3A79193071%2Ck%3AB078VKR8GT%7CB078VLQGT1%7CB078VMWZRS%7CB078VLSTNR%7CB078VKXS1Y%7CB078VLSTNS%7CB079R4GF1X%7CB079R4DJR9%7CB079RFN4X9%7CB079R4GBV5%7CB079R6TXS9%7CB079RFTNVK%7CB079R43W6T%7CB079RDKJRQ%7CB079QYSNLF%7CB079R4JBBF%7CB079RFTDP5%7CB079RDCR2M%7CB079RFTL5X%7CB079R4GC5L%7CB079QYPT62%7CB013AIT6RG%7CB013AIQ3IQ%7CB013AIQBHO%7CB013AISRC6%2Cp_6%3AA2OXIPT9LL4UI2\u0026ie\u003dUTF8\u0026pf_rd_p\u003d3805c477-7e20-4b05-b838-1771899da67f\u0026pf_rd_s\u003dmobile-hybrid-7\u0026pf_rd_t\u003d30901\u0026pf_rd_i\u003d1403206071\u0026pf_rd_m\u003dA1AJ19PSB66TGU\u0026pf_rd_r\u003dG5NAMYAVZHK444KQ2RWW\u0026pf_rd_r\u003dG5NAMYAVZHK444KQ2RWW\u0026pf_rd_p\u003d3805c477-7e20-4b05-b838-1771899da67f"},{"Bounds":{"bottom":1279,"left":6,"right":694,"top":1277},"Classname":"android.view.View","Packagename":"cn.amazon.mShop.android","Text":"ref\u003dmh_agsbrand10_fine?node\u003d1900340071\u0026pf_rd_p\u003d3805c477-7e20-4b05-b838-1771899da67f\u0026pf_rd_s\u003dmobile-hybrid-7\u0026pf_rd_t\u003d30901\u0026pf_rd_i\u003d1403206071\u0026pf_rd_m\u003dA1AJ19PSB66TGU\u0026pf_rd_r\u003dG5NAMYAVZHK444KQ2RWW\u0026pf_rd_r\u003dG5NAMYAVZHK444KQ2RWW\u0026pf_rd_p\u003d3805c477-7e20-4b05-b838-1771899da67f"},{"Bounds":{"bottom":1279,"left":-10,"right":710,"top":1277},"Classname":"android.view.View","Packagename":"cn.amazon.mShop.android","Text":""},{"Bounds":{"bottom":1279,"left":-10,"right":350,"top":1277},"Classname":"android.view.View","Packagename":"cn.amazon.mShop.android","Text":"ref\u003dmh_cnm_bj_sl_1?_encoding\u003dUTF8\u0026node\u003d1977205071\u0026pf_rd_p\u003df0268379-c1c5-47ce-af72-24cad2c7a9fd\u0026pf_rd_s\u003dmobile-hybrid-10\u0026pf_rd_t\u003dGateway\u0026pf_rd_i\u003dmobile\u0026pf_rd_m\u003dA1AJ19PSB66TGU\u0026pf_rd_r\u003dG5NAMYAVZHK444KQ2RWW\u0026pf_rd_r\u003dG5NAMYAVZHK444KQ2RWW\u0026pf_rd_p\u003df0268379-c1c5-47ce-af72-24cad2c7a9fd"},{"Bounds":{"bottom":1279,"left":350,"right":710,"top":1277},"Classname":"android.view.View","Packagename":"cn.amazon.mShop.android","Text":"ref\u003dmh_cnm_bj_sl_2?pf_rd_p\u003df0268379-c1c5-47ce-af72-24cad2c7a9fd\u0026pf_rd_s\u003dmobile-hybrid-10\u0026pf_rd_t\u003dGateway\u0026pf_rd_i\u003dmobile\u0026pf_rd_m\u003dA1AJ19PSB66TGU\u0026pf_rd_r\u003dG5NAMYAVZHK444KQ2RWW\u0026pf_rd_r\u003dG5NAMYAVZHK444KQ2RWW\u0026pf_rd_p\u003df0268379-c1c5-47ce-af72-24cad2c7a9fd"},{"Bounds":{"bottom":1279,"left":-10,"right":350,"top":1277},"Classname":"android.view.View","Packagename":"cn.amazon.mShop.android","Text":"ref\u003dmh_cnm_bj_sl_3?_encoding\u003dUTF8\u0026node\u003d1756067071\u0026pf_rd_p\u003df0268379-c1c5-47ce-af72-24cad2c7a9fd\u0026pf_rd_s\u003dmobile-hybrid-10\u0026pf_rd_t\u003dGateway\u0026pf_rd_i\u003dmobile\u0026pf_rd_m\u003dA1AJ19PSB66TGU\u0026pf_rd_r\u003dG5NAMYAVZHK444KQ2RWW\u0026pf_rd_r\u003dG5NAMYAVZHK444KQ2RWW\u0026pf_rd_p\u003df0268379-c1c5-47ce-af72-24cad2c7a9fd"},{"Bounds":{"bottom":1279,"left":350,"right":710,"top":1277},"Classname":"android.view.View","Packagename":"cn.amazon.mShop.android","Text":"ref\u003dmh_cnm_bj_sl_4?_encoding\u003dUTF8\u0026node\u003d1830656071\u0026pf_rd_p\u003df0268379-c1c5-47ce-af72-24cad2c7a9fd\u0026pf_rd_s\u003dmobile-hybrid-10\u0026pf_rd_t\u003dGateway\u0026pf_rd_i\u003dmobile\u0026pf_rd_m\u003dA1AJ19PSB66TGU\u0026pf_rd_r\u003dG5NAMYAVZHK444KQ2RWW\u0026pf_rd_r\u003dG5NAMYAVZHK444KQ2RWW\u0026pf_rd_p\u003df0268379-c1c5-47ce-af72-24cad2c7a9fd"},{"Bounds":{"bottom":1279,"left":-10,"right":710,"top":1277},"Classname":"android.widget.Image","Packagename":"cn.amazon.mShop.android","Text":""},{"Bounds":{"bottom":1279,"left":6,"right":344,"top":1277},"Classname":"android.view.View","Packagename":"cn.amazon.mShop.android","Text":"任天堂 Nintendo Labo 五合一娱乐套组 无亚... ￥439.98 "},{"Bounds":{"bottom":1279,"left":354,"right":694,"top":1277},"Classname":"android.view.View","Packagename":"cn.amazon.mShop.android","Text":"任天堂 Nintendo Labo 机器人套组 无亚马逊... ￥503.29 "},{"Bounds":{"bottom":1279,"left":6,"right":344,"top":1277},"Classname":"android.view.View","Packagename":"cn.amazon.mShop.android","Text":"ZOJIRUSHI 象印 直饮不锈钢保温杯 480ml ... ￥123.99 "},{"Bounds":{"bottom":1279,"left":354,"right":694,"top":1277},"Classname":"android.view.View","Packagename":"cn.amazon.mShop.android","Text":"OLAY 玉兰油 新生塑颜3点 Anti-Ageing紧... ￥129.51 "},{"Bounds":{"bottom":1279,"left":6,"right":344,"top":1277},"Classname":"android.view.View","Packagename":"cn.amazon.mShop.android","Text":"FOREO 斐珞尔 LUNA Play Plus 便携式... ￥282.87 "},{"Bounds":{"bottom":1279,"left":354,"right":694,"top":1277},"Classname":"android.view.View","Packagename":"cn.amazon.mShop.android","Text":"Skechers Performance Women\u0027s... ￥479.60 "},{"Bounds":{"bottom":1279,"left":6,"right":344,"top":1277},"Classname":"android.view.View","Packagename":"cn.amazon.mShop.android","Text":"膳魔师真空保温杯（一触开启式）600ml石榴红JNL-6... ￥119.73 "},{"Bounds":{"bottom":1279,"left":354,"right":694,"top":1277},"Classname":"android.view.View","Packagename":"cn.amazon.mShop.android","Text":"Kipling 凯浦林 Deena 女士斜挎包， 25.... ￥430.05 "},{"Bounds":{"bottom":1279,"left":6,"right":344,"top":1277},"Classname":"android.view.View","Packagename":"cn.amazon.mShop.android","Text":"Move Free维骨力Advanced Plus二甲基... ￥159.57 "},{"Bounds":{"bottom":1279,"left":354,"right":694,"top":1277},"Classname":"android.view.View","Packagename":"cn.amazon.mShop.android","Text":"Dyson Big Ball Animal Cylind... ￥1,904.19 "},{"Bounds":{"bottom":1279,"left":6,"right":344,"top":1277},"Classname":"android.view.View","Packagename":"cn.amazon.mShop.android","Text":"Kracie 肌美精 超浸透3D面膜 补水保湿 ￥84.30 "},{"Bounds":{"bottom":1279,"left":354,"right":694,"top":1277},"Classname":"android.view.View","Packagename":"cn.amazon.mShop.android","Text":"Sekonda女士石英手表 Mother of Pear... ￥362.59 "},{"Bounds":{"bottom":1279,"left":6,"right":344,"top":1277},"Classname":"android.view.View","Packagename":"cn.amazon.mShop.android","Text":"纯银施华洛世奇元素仿水晶海豚吊坠项链 Pendant N... ￥191.56 "},{"Bounds":{"bottom":1279,"left":354,"right":694,"top":1277},"Classname":"android.view.View","Packagename":"cn.amazon.mShop.android","Text":"Kipling Sabian Solid Crossbo... ￥224.13 "},{"Bounds":{"bottom":1279,"left":6,"right":344,"top":1277},"Classname":"android.view.View","Packagename":"cn.amazon.mShop.android","Text":"斜挎包女式包水桶包小钱包抽绳流苏 棕色 Small ￥185.43 "},{"Bounds":{"bottom":1279,"left":354,"right":694,"top":1277},"Classname":"android.view.View","Packagename":"cn.amazon.mShop.android","Text":"Skechers 斯凯奇 Perfomance 女式 G... ￥320.40 "},{"Bounds":{"bottom":1279,"left":6,"right":344,"top":1277},"Classname":"android.view.View","Packagename":"cn.amazon.mShop.android","Text":"城野医生（Dr.ciLaboLabo） 控油收敛化妆水 ... ￥112.71 "},{"Bounds":{"bottom":1279,"left":354,"right":694,"top":1277},"Classname":"android.view.View","Packagename":"cn.amazon.mShop.android","Text":"Neutrogena 露得清 抗皱晚霜 1.4盎司（40... ￥118.00 "},{"Bounds":{"bottom":1279,"left":6,"right":344,"top":1277},"Classname":"android.view.View","Packagename":"cn.amazon.mShop.android","Text":"Sekonda女士石英手表 Mother of Pear... ￥362.59 "},{"Bounds":{"bottom":1279,"left":354,"right":694,"top":1277},"Classname":"android.view.View","Packagename":"cn.amazon.mShop.android","Text":"Armitron 女式 75 / 5322 镶钻手镯手表 ￥263.33 "},{"Bounds":{"bottom":1279,"left":6,"right":344,"top":1277},"Classname":"android.view.View","Packagename":"cn.amazon.mShop.android","Text":"[PIEARTH] PIEARTH 珠宝盒 礼品盒(粉红... ￥139.12 "},{"Bounds":{"bottom":1279,"left":354,"right":694,"top":1277},"Classname":"android.view.View","Packagename":"cn.amazon.mShop.android","Text":"标准纯银镶钻双重结吊坠项链 18 英寸（约 45.7 厘... ￥182.11 "},{"Bounds":{"bottom":1279,"left":6,"right":344,"top":1277},"Classname":"android.view.View","Packagename":"cn.amazon.mShop.android","Text":"ZOJIRUSHI 象印 直饮不锈钢保温杯 360ml ... ￥106.00 "},{"Bounds":{"bottom":1279,"left":354,"right":694,"top":1277},"Classname":"android.view.View","Packagename":"cn.amazon.mShop.android","Text":"THERMOS 膳魔师 高真空不锈钢保温杯JNL-502... ￥141.69 "},{"Bounds":{"bottom":1279,"left":6,"right":344,"top":1277},"Classname":"android.view.View","Packagename":"cn.amazon.mShop.android","Text":"SWISSE Ultiboost 钙+维生素D片 250... ￥134.28 "},{"Bounds":{"bottom":1279,"left":354,"right":694,"top":1277},"Classname":"android.view.View","Packagename":"cn.amazon.mShop.android","Text":"Centrum善存成人多维生素/多矿物质补充片（200片... ￥93.80 "},{"Bounds":{"bottom":1279,"left":6,"right":344,"top":1277},"Classname":"android.view.View","Packagename":"cn.amazon.mShop.android","Text":"Neato Robotics botvac D5 con... ￥2,982.22 "},{"Bounds":{"bottom":1279,"left":354,"right":694,"top":1277},"Classname":"android.view.View","Packagename":"cn.amazon.mShop.android","Text":"T-fal 特福 C111SA 洗碗机及烤箱*的不粘性 ... ￥561.15 "},{"Bounds":{"bottom":1279,"left":6,"right":344,"top":1277},"Classname":"android.view.View","Packagename":"cn.amazon.mShop.android","Text":"Calphalon 经典不粘锅 大号油炸锅 煎蛋平底锅，... ￥285.81 "},{"Bounds":{"bottom":1279,"left":354,"right":694,"top":1277},"Classname":"android.view.View","Packagename":"cn.amazon.mShop.android","Text":"Black+Decker PS2000BD Prep \u0026... ￥245.52 "},{"Bounds":{"bottom":1279,"left":6,"right":344,"top":1277},"Classname":"android.view.View","Packagename":"cn.amazon.mShop.android","Text":"BRAUN 德国博朗 柳橙机 CJ3000 ￥193.25 "},{"Bounds":{"bottom":1279,"left":354,"right":694,"top":1277},"Classname":"android.view.View","Packagename":"cn.amazon.mShop.android","Text":"城野医生（Dr.ciLaboLabo） 控油收敛化妆水 ... ￥112.71 "},{"Bounds":{"bottom":1279,"left":6,"right":344,"top":1277},"Classname":"android.view.View","Packagename":"cn.amazon.mShop.android","Text":"Clarks keesha luca 女士一脚蹬乐福鞋 ... ￥640.57 "},{"Bounds":{"bottom":1279,"left":354,"right":694,"top":1277},"Classname":"android.view.View","Packagename":"cn.amazon.mShop.android","Text":"Kate Spade 凯特丝蓓 女式 纽约卡梅隆街头Ca... ￥2,459.72 "},{"Bounds":{"bottom":1279,"left":6,"right":344,"top":1277},"Classname":"android.view.View","Packagename":"cn.amazon.mShop.android","Text":"GRACE Karin 船领无袖复古茶裙带腰带 Flo... ￥206.06 "},{"Bounds":{"bottom":1279,"left":354,"right":694,"top":1277},"Classname":"android.view.View","Packagename":"cn.amazon.mShop.android","Text":"Vince camuto Doyle 斜挎包 桑巴蓝 单... ￥827.10 "},{"Bounds":{"bottom":1279,"left":6,"right":344,"top":1277},"Classname":"android.view.View","Packagename":"cn.amazon.mShop.android","Text":"Clarks 其乐Chartli Daisy系列女士高跟... ￥412.96 "},{"Bounds":{"bottom":1279,"left":354,"right":694,"top":1277},"Classname":"android.view.View","Packagename":"cn.amazon.mShop.android","Text":"Olay 玉兰油 Regenerist Luminous... ￥145.00 "},{"Bounds":{"bottom":1279,"left":6,"right":344,"top":1277},"Classname":"android.view.View","Packagename":"cn.amazon.mShop.android","Text":"Dr.Ci:Labo 净白净斑精华 377VC 18g ￥255.28 "},{"Bounds":{"bottom":1279,"left":354,"right":694,"top":1277},"Classname":"android.view.View","Packagename":"cn.amazon.mShop.android","Text":"Armitron 女式 75/5465WTSV Swar... ￥211.06 "},{"Bounds":{"bottom":1279,"left":6,"right":344,"top":1277},"Classname":"android.view.View","Packagename":"cn.amazon.mShop.android","Text":"CASIO 卡西欧 石英女士手表 LTP-1253SG-... ￥275.03 "},{"Bounds":{"bottom":1279,"left":354,"right":694,"top":1277},"Classname":"android.view.View","Packagename":"cn.amazon.mShop.android","Text":"Sterling Silver Initial Y Di... ￥191.75 "},{"Bounds":{"bottom":1279,"left":6,"right":344,"top":1277},"Classname":"android.view.View","Packagename":"cn.amazon.mShop.android","Text":"Amazon Collection 10K金 施华洛世奇... ￥312.88 "},{"Bounds":{"bottom":1279,"left":354,"right":694,"top":1277},"Classname":"android.view.View","Packagename":"cn.amazon.mShop.android","Text":"Karresly 复古水桶包 女式 皮革 宽肩带背包 手... ￥182.69 "},{"Bounds":{"bottom":1279,"left":6,"right":344,"top":1277},"Classname":"android.view.View","Packagename":"cn.amazon.mShop.android","Text":"JIARUO Designer 女士皮革水桶包，宽肩带包... ￥191.93 "},{"Bounds":{"bottom":1279,"left":354,"right":694,"top":1277},"Classname":"android.view.View","Packagename":"cn.amazon.mShop.android","Text":"pahajim 女式真皮上衣手柄手提包挎包钱包单肩包手提... ￥168.32 "},{"Bounds":{"bottom":1279,"left":6,"right":344,"top":1277},"Classname":"android.view.View","Packagename":"cn.amazon.mShop.android","Text":"Kipling 凯浦林 Kalipe 女士斜跨包 Pin... ￥223.42 "},{"Bounds":{"bottom":1279,"left":354,"right":694,"top":1277},"Classname":"android.view.View","Packagename":"cn.amazon.mShop.android","Text":"女式真皮上衣手提包2合1手提钱包套装小号可拆卸女式休闲斜... ￥329.74 "},{"Bounds":{"bottom":1279,"left":6,"right":344,"top":1277},"Classname":"android.view.View","Packagename":"cn.amazon.mShop.android","Text":"皮革小号斜挎包手提包斜挎包黑色红色晚礼服派对婚礼 clu... ￥123.62 "},{"Bounds":{"bottom":1279,"left":354,"right":694,"top":1277},"Classname":"android.view.View","Packagename":"cn.amazon.mShop.android","Text":"KIPLING 凯浦林 女式 CAYLEEN 背提包 K... ￥427.96 "},{"Bounds":{"bottom":1279,"left":6,"right":344,"top":1277},"Classname":"android.view.View","Packagename":"cn.amazon.mShop.android","Text":"凯浦林 Kipling Superwork S, Bri... ￥456.86 "},{"Bounds":{"bottom":1279,"left":354,"right":694,"top":1277},"Classname":"android.view.View","Packagename":"cn.amazon.mShop.android","Text":"Kipling 女式城市装 S 背包 Blue (Daz... ￥517.95 "},{"Bounds":{"bottom":1279,"left":6,"right":344,"top":1277},"Classname":"android.view.View","Packagename":"cn.amazon.mShop.android","Text":"Kipling 凯浦林 女式 iaka 钱包 Purpl... ￥147.27 "},{"Bounds":{"bottom":1279,"left":354,"right":694,"top":1277},"Classname":"android.view.View","Packagename":"cn.amazon.mShop.android","Text":"Kipling 凯浦林 Hip Hurray 5 女式手... ￥189.30 "},{"Bounds":{"bottom":1279,"left":6,"right":344,"top":1277},"Classname":"android.view.View","Packagename":"cn.amazon.mShop.android","Text":"Kipling 凯浦林 女式体验 S 背包 Blue (... ￥408.90 "},{"Bounds":{"bottom":1279,"left":354,"right":694,"top":1277},"Classname":"android.view.View","Packagename":"cn.amazon.mShop.android","Text":"Kipling 凯浦林 女式 amiel 手提包 Pur... ￥300.62 "},{"Bounds":{"bottom":1279,"left":6,"right":344,"top":1277},"Classname":"android.view.View","Packagename":"cn.amazon.mShop.android","Text":"日本ANELLO 流行帆布背包金属拉链 小 AT-B01... ￥238.05 "},{"Bounds":{"bottom":1279,"left":354,"right":694,"top":1277},"Classname":"android.view.View","Packagename":"cn.amazon.mShop.android","Text":"[Anello] 双肩背包 尼龙帆布金属拉链背包 R A... ￥248.63 "},{"Bounds":{"bottom":1279,"left":6,"right":344,"top":1277},"Classname":"android.view.View","Packagename":"cn.amazon.mShop.android","Text":"Philips 飞利浦Sonicare DiamondC... ￥685.33 "},{"Bounds":{"bottom":1279,"left":354,"right":694,"top":1277},"Classname":"android.view.View","Packagename":"cn.amazon.mShop.android","Text":"Lumene 优姿婷 Valo维他命C透明质酸焕容精华液 ￥280.00 "},{"Bounds":{"bottom":1279,"left":6,"right":344,"top":1277},"Classname":"android.view.View","Packagename":"cn.amazon.mShop.android","Text":"Clarins 娇韵诗 新生紧肤眼部提升精华 0.5盎司... ￥236.58 "},{"Bounds":{"bottom":1279,"left":354,"right":694,"top":1277},"Classname":"android.view.View","Packagename":"cn.amazon.mShop.android","Text":"Schaebens 雪本诗 豪华黄金鱼子酱面膜, 15包... ￥80.37 "},{"Bounds":{"bottom":1279,"left":6,"right":344,"top":1277},"Classname":"android.view.View","Packagename":"cn.amazon.mShop.android","Text":"L\u0027Oreal Age 完美金黄面霜 - 50毫升 ￥72.50 "},{"Bounds":{"bottom":1279,"left":354,"right":694,"top":1277},"Classname":"android.view.View","Packagename":"cn.amazon.mShop.android","Text":"Olay 玉兰油 Regenerist Anti Age... ￥132.38 "},{"Bounds":{"bottom":1279,"left":6,"right":344,"top":1277},"Classname":"android.view.View","Packagename":"cn.amazon.mShop.android","Text":"CeraVe A醇抗皱唤肤精华，1盎司（28g） ￥95.97 "},{"Bounds":{"bottom":1279,"left":354,"right":694,"top":1277},"Classname":"android.view.View","Packagename":"cn.amazon.mShop.android","Text":"Dermaroller 玻尿酸精华原液 每支1,5ml含... ￥546.16 "},{"Bounds":{"bottom":1279,"left":6,"right":344,"top":1277},"Classname":"android.view.View","Packagename":"cn.amazon.mShop.android","Text":"Shiseido Extra Smooth Sun Pr... ￥271.93 "},{"Bounds":{"bottom":1279,"left":354,"right":694,"top":1277},"Classname":"android.view.View","Packagename":"cn.amazon.mShop.android","Text":"Kracie 肌美精 超浸透3D面膜 补水保湿 ￥84.30 "},{"Bounds":{"bottom":1279,"left":6,"right":344,"top":1277},"Classname":"android.view.View","Packagename":"cn.amazon.mShop.android","Text":"UTENA佑天兰 大容量 PREMIUM PUReSA ... ￥72.34 "},{"Bounds":{"bottom":1279,"left":354,"right":694,"top":1277},"Classname":"android.view.View","Packagename":"cn.amazon.mShop.android","Text":"Burt\u0027s Bees 伯特的小蜜蜂 *红色嘴唇礼品套装 ￥137.26 "},{"Bounds":{"bottom":1279,"left":6,"right":344,"top":1277},"Classname":"android.view.View","Packagename":"cn.amazon.mShop.android","Text":"waterpik 洁碧 无线高级水牙线 玫瑰金 ￥510.77 "},{"Bounds":{"bottom":1279,"left":354,"right":694,"top":1277},"Classname":"android.view.View","Packagename":"cn.amazon.mShop.android","Text":"Coach 寇驰 Coach 麦迪逊14502855女... ￥1,600.25 "},{"Bounds":{"bottom":1279,"left":6,"right":344,"top":1277},"Classname":"android.view.View","Packagename":"cn.amazon.mShop.android","Text":"ARMANI 阿玛尼 女式手表 AR1926 ￥1,806.01 "},{"Bounds":{"bottom":1279,"left":354,"right":694,"top":1277},"Classname":"android.view.View","Packagename":"cn.amazon.mShop.android","Text":"Suunto 颂拓 Spartan Ultra 斯巴达极... ￥3,659.98 "},{"Bounds":{"bottom":1279,"left":6,"right":344,"top":1277},"Classname":"android.view.View","Packagename":"cn.amazon.mShop.android","Text":"Amazon Collection 铂金镀白金和施华洛世... ￥191.56 "},{"Bounds":{"bottom":1279,"left":354,"right":694,"top":1277},"Classname":"android.view.View","Packagename":"cn.amazon.mShop.android","Text":"铂金或镀金纯银施华洛世奇氧化锆圆形切割耳钉（2克拉） ￥95.78 "},{"Bounds":{"bottom":1279,"left":6,"right":344,"top":1277},"Classname":"android.view.View","Packagename":"cn.amazon.mShop.android","Text":"10 K 黄金水洗纯银钻石鸢尾花形吊坠项链（1/4 ct... ￥811.28 "},{"Bounds":{"bottom":1279,"left":354,"right":694,"top":1277},"Classname":"android.view.View","Packagename":"cn.amazon.mShop.android","Text":"10k White Gold Rose Gold Key... ￥2,135.58 "},{"Bounds":{"bottom":1279,"left":6,"right":344,"top":1277},"Classname":"android.view.View","Packagename":"cn.amazon.mShop.android","Text":"纯银施华洛世奇元素仿水晶海豚吊坠项链 Pendant N... ￥191.56 "},{"Bounds":{"bottom":1279,"left":354,"right":694,"top":1277},"Classname":"android.view.View","Packagename":"cn.amazon.mShop.android","Text":"标准纯银 lab-created 猫眼石戒指带钻石戒指，... ￥286.68 "},{"Bounds":{"bottom":1279,"left":6,"right":428,"top":1277},"Classname":"android.view.View","Packagename":"cn.amazon.mShop.android","Text":"亚马逊海外购 中的热门搜索结果"},{"Bounds":{"bottom":1279,"left":6,"right":330,"top":1277},"Classname":"android.view.View","Packagename":"cn.amazon.mShop.android","Text":"城野医生（Dr.ciLaboLabo） 控油收敛化妆水 去老化角质 200ml 城野医生（Dr.ciLaboLabo） 控油收敛化妆水 去老化角质 200ml 城野医生 ￥112.71 ￥112.71 2 种购买选项 平均 4.7 星 (183)"},{"Bounds":{"bottom":1279,"left":350,"right":674,"top":1277},"Classname":"android.view.View","Packagename":"cn.amazon.mShop.android","Text":"任天堂 Nintendo Labo 五合一娱乐套组 无亚马逊限定配件 任天堂 Nintendo Labo 五合一娱乐套组 无亚马逊限定配件 (Nintendo Switch) 任天堂 ￥439.98 平均 4.8 星 (44)"},{"Bounds":{"bottom":1279,"left":6,"right":330,"top":1277},"Classname":"android.view.View","Packagename":"cn.amazon.mShop.android","Text":"瑞典 BABYBJORN 婴儿 软胶防碎屑 围嘴(黄色+绿色 2只装 4个月以上) (产地 瑞典) 瑞典 BABYBJORN 婴儿 软胶防碎屑 围嘴(黄色+绿色 2只装 4个月以上) (产地 瑞典) Baby Bjorn 秒杀价：￥89.00 售价：￥138.30 此商品仅剩 3 件 - 欲购从速。 ￥124.90 2 种购买选项 平均 4.5 星 (355)"},{"Bounds":{"bottom":1279,"left":350,"right":674,"top":1277},"Classname":"android.view.View","Packagename":"cn.amazon.mShop.android","Text":"Brita 碧然德 Maxtra+滤芯12包装 白色 Brita 碧然德 Maxtra+滤芯12包装 白色 BRITA 碧然德 ￥353.22 平均 3.7 星 (39)"}],"packagename":"com.example.a10628.myapplication","width":1080}