{"events":[{"eventname":"TYPE_VIEW_SCROLLED","source":{"Bounds":{"bottom":1280,"left":0,"right":720,"top":0},"Classname":"android.support.v7.widget.RecyclerView","Packagename":"com.douban.frodo","Text":""}},{"eventname":"TYPE_VIEW_CLICKED","source":{"Bounds":{"bottom":898,"left":32,"right":688,"top":759},"Classname":"android.widget.RelativeLayout","Packagename":"com.douban.frodo","Text":""}},{"eventname":"TYPE_WINDOW_STATE_CHANGED","source":{"Bounds":{"bottom":1280,"left":0,"right":720,"top":0},"Classname":"android.widget.FrameLayout","Packagename":"com.douban.frodo","Text":""}}],"height":1920,"hovertime":2651,"nodes":[{"Bounds":{"bottom":0,"left":273,"right":447,"top":0},"Classname":"android.widget.TextView","Packagename":"com.douban.frodo","Text":"下拉有惊喜"},{"Bounds":{"bottom":-68,"left":32,"right":688,"top":0},"Classname":"android.widget.TextView","Packagename":"com.douban.frodo","Text":"电影《霸王别姬》与原著小说有哪些不同？"},{"Bounds":{"bottom":-25,"left":32,"right":316,"top":0},"Classname":"android.widget.TextView","Packagename":"com.douban.frodo","Text":"21734人浏览 · 7篇文章 · "},{"Bounds":{"bottom":-25,"left":316,"right":470,"top":0},"Classname":"android.widget.TextView","Packagename":"com.douban.frodo","Text":"写影评参与"},{"Bounds":{"bottom":27,"left":98,"right":292,"top":0},"Classname":"android.widget.TextView","Packagename":"com.douban.frodo","Text":"星际特工一点红"},{"Bounds":{"bottom":110,"left":56,"right":688,"top":27},"Classname":"android.widget.TextView","Packagename":"com.douban.frodo","Text":"早就想读李碧华，但她的书在大陆很难找，就更想读。 就像程蝶衣想得到师哥段小楼的爱，越得不到，越想要。 真得谢谢新星，出了一套文集。封面艳俗带三分诡气，倒也合李碧华的行文和为人——据说她在香港也深居简出，寻常难得见到，又有一支狐魅的笔。 当然是先读《霸王别姬》，为的是陈凯歌的电影的缘故。 由书改编成电影，所在多有，就像藤绕上了树，两者都分不开了。必然有个问题，书好，还是电影好？ 大多数情形是书好。文学更细腻，有余裕，有影像所传达不出的婉曲丰富。也有例..."},{"Bounds":{"bottom":160,"left":32,"right":160,"top":120},"Classname":"android.widget.TextView","Packagename":"com.douban.frodo","Text":"更多影评"},{"Bounds":{"bottom":320,"left":32,"right":688,"top":222},"Classname":"android.widget.TextView","Packagename":"com.douban.frodo","Text":"《霸王别姬》最后程蝶衣为什么选择自刎？"},{"Bounds":{"bottom":363,"left":32,"right":331,"top":327},"Classname":"android.widget.TextView","Packagename":"com.douban.frodo","Text":"42640人浏览 · 17篇文章 · "},{"Bounds":{"bottom":363,"left":331,"right":485,"top":327},"Classname":"android.widget.TextView","Packagename":"com.douban.frodo","Text":"写影评参与"},{"Bounds":{"bottom":416,"left":98,"right":136,"top":380},"Classname":"android.widget.TextView","Packagename":"com.douban.frodo","Text":"思"},{"Bounds":{"bottom":499,"left":56,"right":688,"top":416},"Classname":"android.widget.TextView","Packagename":"com.douban.frodo","Text":"两个终生遁着霸王去的女人，最终是姬别霸王。只因虞姬是真虞姬，霸王是假霸王。 三个小时漆黑黑地在家读完了电影，还没看完原著。但想来李碧华是赢不过陈凯歌的。从《青蛇》到《霸王别姬》，李碧华写男女情爱到妖冶极致，写男女欢愉到眉间尽头，却写不赢爱情之外。陈凯歌与徐克，便是在里面加了一丝人性，便在极致之外有了厚度。于是从水面泛起了滔天巨浪，艳绝凄迷的泪，发酵成暗流汹涌。 “婊子无情,戏子无义。 婊子合该在床上有情,戏子只能在台上有义。”此为《霸王别姬》原著开..."},{"Bounds":{"bottom":549,"left":32,"right":160,"top":509},"Classname":"android.widget.TextView","Packagename":"com.douban.frodo","Text":"更多影评"},{"Bounds":{"bottom":709,"left":32,"right":688,"top":611},"Classname":"android.widget.TextView","Packagename":"com.douban.frodo","Text":"《霸王别姬》中张国荣的表演达到了一种什么样的境界？"},{"Bounds":{"bottom":752,"left":32,"right":301,"top":716},"Classname":"android.widget.TextView","Packagename":"com.douban.frodo","Text":"5398人浏览 · 4篇文章 · "},{"Bounds":{"bottom":752,"left":301,"right":455,"top":716},"Classname":"android.widget.TextView","Packagename":"com.douban.frodo","Text":"写影评参与"},{"Bounds":{"bottom":805,"left":98,"right":162,"top":769},"Classname":"android.widget.TextView","Packagename":"com.douban.frodo","Text":"哈哈"},{"Bounds":{"bottom":888,"left":56,"right":688,"top":805},"Classname":"android.widget.TextView","Packagename":"com.douban.frodo","Text":"人生如戏，戏如人生。可惜入戏太深，魔怔了结。。。。。。。。。。。。。。。。。。。。。。。。。。！？！？！？！？！？！？！？！？！？！？！？！？！？！？！？。？。？。？。？。？。？。？。？。？，？，？！？！？！？！。？！？！？！？！？！？！？！？！？！？！？！？！？！？！？！？！？！？！？！？！？！？！？！？！？！？！？！？！可惜可惜啊！！！！！！！！"},{"Bounds":{"bottom":938,"left":32,"right":160,"top":898},"Classname":"android.widget.TextView","Packagename":"com.douban.frodo","Text":"更多影评"},{"Bounds":{"bottom":972,"left":0,"right":720,"top":970},"Classname":"android.widget.LinearLayout","Packagename":"com.douban.frodo","Text":""},{"Bounds":{"bottom":1053,"left":32,"right":100,"top":1007},"Classname":"android.widget.TextView","Packagename":"com.douban.frodo","Text":"影评"},{"Bounds":{"bottom":1056,"left":576,"right":688,"top":1004},"Classname":"android.widget.TextView","Packagename":"com.douban.frodo","Text":"写影评"},{"Bounds":{"bottom":1130,"left":32,"right":124,"top":1086},"Classname":"android.widget.TextView","Packagename":"com.douban.frodo","Text":"热门"},{"Bounds":{"bottom":1130,"left":126,"right":218,"top":1086},"Classname":"android.widget.TextView","Packagename":"com.douban.frodo","Text":"最新"},{"Bounds":{"bottom":1130,"left":220,"right":312,"top":1086},"Classname":"android.widget.TextView","Packagename":"com.douban.frodo","Text":"好友"},{"Bounds":{"bottom":1193,"left":32,"right":144,"top":1157},"Classname":"android.widget.TextView","Packagename":"com.douban.frodo","Text":"共5388条"},{"Bounds":{"bottom":1279,"left":82,"right":160,"top":1243},"Classname":"android.widget.TextView","Packagename":"com.douban.frodo","Text":"陈野犁"},{"Bounds":{"bottom":1280,"left":190,"right":226,"top":1241},"Classname":"android.widget.TextView","Packagename":"com.douban.frodo","Text":"看过"},{"Bounds":{"bottom":1273,"left":232,"right":352,"top":1249},"Classname":"android.widget.RatingBar","Packagename":"com.douban.frodo","Text":""},{"Bounds":{"bottom":1280,"left":32,"right":688,"top":1281},"Classname":"android.widget.TextView","Packagename":"com.douban.frodo","Text":"最懂蝶衣袁四爷"},{"Bounds":{"bottom":1280,"left":32,"right":688,"top":1353},"Classname":"android.widget.TextView","Packagename":"com.douban.frodo","Text":"李碧华名作《霸王别姬》，我没看过原著，只看了电影。之前东鳞西爪地听人讲过这故事，略有了解。又在电视里瞥到几眼片段。一直耿耿于怀。为了表示对这部向往已久的好片子的尊重，破天荒地买了正版影碟。然后在一个冬夜裹着棉被捧着红茶看完。 如一切李氏作品，于沧桑倒转岁月轮回的幻丽之外，片中爱恨刻骨，人物鲜明，似欲乍生生活在眼前。张丰毅的小楼自是力拔山兮气盖世的刚了，张国荣的蝶衣却是令人心髓俱碎的柔。红氍毹上，霸王别姬，刚柔相济，侠骨柔情，怕不迷得多少女子，..."},{"Bounds":{"bottom":1280,"left":32,"right":251,"top":1469},"Classname":"android.widget.TextView","Packagename":"com.douban.frodo","Text":"13002/14139 有用"},{"Bounds":{"bottom":1280,"left":281,"right":369,"top":1469},"Classname":"android.widget.TextView","Packagename":"com.douban.frodo","Text":"1.4k"},{"Bounds":{"bottom":144,"left":0,"right":112,"top":48},"Classname":"android.widget.ImageButton","Packagename":"com.douban.frodo","Text":""},{"Bounds":{"bottom":119,"left":144,"right":152,"top":73},"Classname":"android.widget.TextView","Packagename":"com.douban.frodo","Text":" "},{"Bounds":{"bottom":119,"left":292,"right":428,"top":73},"Classname":"android.widget.TextView","Packagename":"com.douban.frodo","Text":"霸王别姬"},{"Bounds":{"bottom":144,"left":624,"right":720,"top":48},"Classname":"android.widget.TextView","Packagename":"com.douban.frodo","Text":""},{"Bounds":{"bottom":214,"left":150,"right":210,"top":173},"Classname":"android.widget.TextView","Packagename":"com.douban.frodo","Text":"评论"},{"Bounds":{"bottom":214,"left":495,"right":585,"top":173},"Classname":"android.widget.TextView","Packagename":"com.douban.frodo","Text":"讨论区"},{"Bounds":{"bottom":640,"left":360,"right":360,"top":640},"Classname":"android.widget.FrameLayout","Packagename":"com.douban.frodo","Text":""}],"packagename":"com.example.a10628.myapplication","width":1080}