{"events":[{"eventname":"TYPE_VIEW_TEXT_CHANGED","source":{"Bounds":{"bottom":119,"left":88,"right":620,"top":63},"Classname":"android.widget.EditText","Packagename":"com.sina.weibo","Text":"王刚"}},{"eventname":"TYPE_VIEW_TEXT_SELECTION_CHANGED","source":{"Bounds":{"bottom":119,"left":88,"right":620,"top":63},"Classname":"android.widget.EditText","Packagename":"com.sina.weibo","Text":"王刚"}},{"eventname":"TYPE_VIEW_SCROLLED","source":{"Bounds":{"bottom":1280,"left":0,"right":720,"top":139},"Classname":"android.widget.ListView","Packagename":"com.sina.weibo","Text":""}}],"height":1920,"hovertime":3074,"nodes":[{"Bounds":{"bottom":119,"left":28,"right":84,"top":63},"Classname":"android.widget.ImageView","Packagename":"com.sina.weibo","Text":""},{"Bounds":{"bottom":119,"left":88,"right":620,"top":63},"Classname":"android.widget.EditText","Packagename":"com.sina.weibo","Text":"王刚"},{"Bounds":{"bottom":110,"left":557,"right":596,"top":71},"Classname":"android.widget.ImageView","Packagename":"com.sina.weibo","Text":""},{"Bounds":{"bottom":123,"left":636,"right":704,"top":59},"Classname":"android.widget.TextView","Packagename":"com.sina.weibo","Text":"取消"},{"Bounds":{"bottom":139,"left":0,"right":720,"top":139},"Classname":"android.widget.LinearLayout","Packagename":"com.sina.weibo","Text":""},{"Bounds":{"bottom":1280,"left":0,"right":720,"top":139},"Classname":"android.widget.ListView","Packagename":"com.sina.weibo","Text":""}],"packagename":"com.example.a10628.myapplication","width":1080}