{"events":[{"eventname":"TYPE_VIEW_SCROLLED","source":{"Bounds":{"bottom":1179,"left":0,"right":720,"top":2375},"Classname":"android.support.v7.widget.RecyclerView","Packagename":"com.netease.pris","Text":""}},{"eventname":"TYPE_VIEW_SELECTED","source":{"Bounds":{"bottom":1179,"left":128,"right":278,"top":1860},"Classname":"android.widget.RatingBar","Packagename":"com.netease.pris","Text":""}}],"height":1920,"hovertime":2424,"nodes":[{"Bounds":{"bottom":136,"left":0,"right":108,"top":48},"Classname":"android.widget.ImageView","Packagename":"com.netease.pris","Text":""},{"Bounds":{"bottom":114,"left":360,"right":360,"top":69},"Classname":"android.widget.TextView","Packagename":"com.netease.pris","Text":""},{"Bounds":{"bottom":112,"left":378,"right":542,"top":72},"Classname":"android.widget.Button","Packagename":"com.netease.pris","Text":"加入购物车"},{"Bounds":{"bottom":114,"left":572,"right":612,"top":70},"Classname":"android.widget.RelativeLayout","Packagename":"com.netease.pris","Text":""},{"Bounds":{"bottom":114,"left":644,"right":688,"top":70},"Classname":"android.widget.Button","Packagename":"com.netease.pris","Text":""},{"Bounds":{"bottom":436,"left":12,"right":228,"top":136},"Classname":"android.widget.ImageView","Packagename":"com.netease.pris","Text":""},{"Bounds":{"bottom":188,"left":238,"right":408,"top":146},"Classname":"android.widget.TextView","Packagename":"com.netease.pris","Text":"此身，此心"},{"Bounds":{"bottom":234,"left":238,"right":286,"top":204},"Classname":"android.widget.TextView","Packagename":"com.netease.pris","Text":"文学"},{"Bounds":{"bottom":234,"left":320,"right":392,"top":204},"Classname":"android.widget.TextView","Packagename":"com.netease.pris","Text":"陈冬芹"},{"Bounds":{"bottom":270,"left":234,"right":384,"top":244},"Classname":"android.widget.RatingBar","Packagename":"com.netease.pris","Text":""},{"Bounds":{"bottom":314,"left":238,"right":365,"top":284},"Classname":"android.widget.TextView","Packagename":"com.netease.pris","Text":"大小：419K"},{"Bounds":{"bottom":314,"left":399,"right":504,"top":284},"Classname":"android.widget.TextView","Packagename":"com.netease.pris","Text":"5.4万点击"},{"Bounds":{"bottom":367,"left":238,"right":310,"top":328},"Classname":"android.widget.TextView","Packagename":"com.netease.pris","Text":"3000"},{"Bounds":{"bottom":365,"left":310,"right":358,"top":335},"Classname":"android.widget.TextView","Packagename":"com.netease.pris","Text":"阅点"},{"Bounds":{"bottom":555,"left":0,"right":720,"top":436},"Classname":"android.widget.TextView","Packagename":"com.netease.pris","Text":"《此身，此心》是一本抗病日记和生命行脚，一次病房内外的旅行。八个兄弟姐妹中的活泼小妹，曾经做过电视台记者、出版社编辑；热爱人在路上的..."},{"Bounds":{"bottom":555,"left":653,"right":720,"top":524},"Classname":"android.widget.ImageView","Packagename":"com.netease.pris","Text":""},{"Bounds":{"bottom":640,"left":94,"right":666,"top":612},"Classname":"android.widget.TextView","Packagename":"com.netease.pris","Text":"共79章"},{"Bounds":{"bottom":762,"left":47,"right":552,"top":717},"Classname":"android.widget.TextView","Packagename":"com.netease.pris","Text":"最新评论"},{"Bounds":{"bottom":768,"left":552,"right":690,"top":712},"Classname":"android.widget.TextView","Packagename":"com.netease.pris","Text":"写评论"},{"Bounds":{"bottom":912,"left":25,"right":99,"top":838},"Classname":"android.widget.ImageView","Packagename":"com.netease.pris","Text":""},{"Bounds":{"bottom":870,"left":128,"right":293,"top":838},"Classname":"android.widget.TextView","Packagename":"com.netease.pris","Text":"书斋sanctum"},{"Bounds":{"bottom":865,"left":305,"right":354,"top":843},"Classname":"android.widget.TextView","Packagename":"com.netease.pris","Text":"LV.22"},{"Bounds":{"bottom":912,"left":128,"right":278,"top":886},"Classname":"android.widget.RatingBar","Packagename":"com.netease.pris","Text":""},{"Bounds":{"bottom":914,"left":298,"right":474,"top":886},"Classname":"android.widget.TextView","Packagename":"com.netease.pris","Text":"2017年11月19日"},{"Bounds":{"bottom":891,"left":642,"right":720,"top":838},"Classname":"android.widget.LinearLayout","Packagename":"com.netease.pris","Text":""},{"Bounds":{"bottom":964,"left":130,"right":634,"top":932},"Classname":"android.widget.TextView","Packagename":"com.netease.pris","Text":"用疾病去践行生命的行者，愿归者安息！"},{"Bounds":{"bottom":1094,"left":25,"right":99,"top":1020},"Classname":"android.widget.ImageView","Packagename":"com.netease.pris","Text":""},{"Bounds":{"bottom":1052,"left":128,"right":293,"top":1020},"Classname":"android.widget.TextView","Packagename":"com.netease.pris","Text":"书斋sanctum"},{"Bounds":{"bottom":1047,"left":305,"right":354,"top":1025},"Classname":"android.widget.TextView","Packagename":"com.netease.pris","Text":"LV.22"},{"Bounds":{"bottom":1094,"left":128,"right":278,"top":1068},"Classname":"android.widget.RatingBar","Packagename":"com.netease.pris","Text":""},{"Bounds":{"bottom":1096,"left":298,"right":474,"top":1068},"Classname":"android.widget.TextView","Packagename":"com.netease.pris","Text":"2017年11月19日"},{"Bounds":{"bottom":1073,"left":642,"right":720,"top":1020},"Classname":"android.widget.LinearLayout","Packagename":"com.netease.pris","Text":""},{"Bounds":{"bottom":1146,"left":130,"right":526,"top":1114},"Classname":"android.widget.TextView","Packagename":"com.netease.pris","Text":"还是走了，手足也只支持了10年"},{"Bounds":{"bottom":1179,"left":130,"right":688,"top":1162},"Classname":"android.widget.TextView","Packagename":"com.netease.pris","Text":"　　　　　2013年8月"},{"Bounds":{"bottom":1179,"left":130,"right":250,"top":1162},"Classname":"android.widget.TextView","Packagename":"com.netease.pris","Text":"精彩书摘"},{"Bounds":{"bottom":1179,"left":25,"right":99,"top":1270},"Classname":"android.widget.ImageView","Packagename":"com.netease.pris","Text":""},{"Bounds":{"bottom":1179,"left":128,"right":293,"top":1270},"Classname":"android.widget.TextView","Packagename":"com.netease.pris","Text":"书斋sanctum"},{"Bounds":{"bottom":1179,"left":305,"right":354,"top":1275},"Classname":"android.widget.TextView","Packagename":"com.netease.pris","Text":"LV.22"},{"Bounds":{"bottom":1179,"left":128,"right":278,"top":1318},"Classname":"android.widget.RatingBar","Packagename":"com.netease.pris","Text":""},{"Bounds":{"bottom":1179,"left":298,"right":474,"top":1318},"Classname":"android.widget.TextView","Packagename":"com.netease.pris","Text":"2017年11月19日"},{"Bounds":{"bottom":1179,"left":642,"right":720,"top":1270},"Classname":"android.widget.LinearLayout","Packagename":"com.netease.pris","Text":""},{"Bounds":{"bottom":1179,"left":130,"right":242,"top":1364},"Classname":"android.widget.TextView","Packagename":"com.netease.pris","Text":"阿弥陀佛"},{"Bounds":{"bottom":1179,"left":130,"right":688,"top":1412},"Classname":"android.widget.TextView","Packagename":"com.netease.pris","Text":"　　　　　冬芹就是得到上天眷顾的珍品。"},{"Bounds":{"bottom":1179,"left":130,"right":250,"top":1412},"Classname":"android.widget.TextView","Packagename":"com.netease.pris","Text":"精彩书摘"},{"Bounds":{"bottom":1179,"left":25,"right":99,"top":1520},"Classname":"android.widget.ImageView","Packagename":"com.netease.pris","Text":""},{"Bounds":{"bottom":1179,"left":128,"right":293,"top":1520},"Classname":"android.widget.TextView","Packagename":"com.netease.pris","Text":"书斋sanctum"},{"Bounds":{"bottom":1179,"left":305,"right":354,"top":1525},"Classname":"android.widget.TextView","Packagename":"com.netease.pris","Text":"LV.22"},{"Bounds":{"bottom":1179,"left":128,"right":278,"top":1568},"Classname":"android.widget.RatingBar","Packagename":"com.netease.pris","Text":""},{"Bounds":{"bottom":1179,"left":298,"right":474,"top":1568},"Classname":"android.widget.TextView","Packagename":"com.netease.pris","Text":"2017年11月19日"},{"Bounds":{"bottom":1179,"left":642,"right":720,"top":1520},"Classname":"android.widget.LinearLayout","Packagename":"com.netease.pris","Text":""},{"Bounds":{"bottom":1179,"left":130,"right":668,"top":1614},"Classname":"android.widget.TextView","Packagename":"com.netease.pris","Text":"上天安排你与病魔同行一程必有其因。你应得了人间幸福。"},{"Bounds":{"bottom":1179,"left":130,"right":688,"top":1704},"Classname":"android.widget.TextView","Packagename":"com.netease.pris","Text":"　　　　　我是何等地幸福啊！"},{"Bounds":{"bottom":1179,"left":130,"right":250,"top":1704},"Classname":"android.widget.TextView","Packagename":"com.netease.pris","Text":"精彩书摘"},{"Bounds":{"bottom":1179,"left":25,"right":99,"top":1812},"Classname":"android.widget.ImageView","Packagename":"com.netease.pris","Text":""},{"Bounds":{"bottom":1179,"left":128,"right":293,"top":1812},"Classname":"android.widget.TextView","Packagename":"com.netease.pris","Text":"书斋sanctum"},{"Bounds":{"bottom":1179,"left":305,"right":354,"top":1817},"Classname":"android.widget.TextView","Packagename":"com.netease.pris","Text":"LV.22"},{"Bounds":{"bottom":1179,"left":128,"right":278,"top":1860},"Classname":"android.widget.RatingBar","Packagename":"com.netease.pris","Text":""},{"Bounds":{"bottom":1179,"left":298,"right":474,"top":1860},"Classname":"android.widget.TextView","Packagename":"com.netease.pris","Text":"2017年11月19日"},{"Bounds":{"bottom":1179,"left":642,"right":720,"top":1812},"Classname":"android.widget.LinearLayout","Packagename":"com.netease.pris","Text":""},{"Bounds":{"bottom":1179,"left":130,"right":522,"top":1906},"Classname":"android.widget.TextView","Packagename":"com.netease.pris","Text":"怎么可能晚？简直是太及时啦！"},{"Bounds":{"bottom":1179,"left":130,"right":688,"top":1954},"Classname":"android.widget.TextView","Packagename":"com.netease.pris","Text":"　　　　　到18岁才开始明白事理，是不是太晚了？"},{"Bounds":{"bottom":1179,"left":130,"right":250,"top":1954},"Classname":"android.widget.TextView","Packagename":"com.netease.pris","Text":"精彩书摘"},{"Bounds":{"bottom":1179,"left":218,"right":502,"top":2134},"Classname":"android.widget.Button","Packagename":"com.netease.pris","Text":"查看全部评论"},{"Bounds":{"bottom":1179,"left":47,"right":227,"top":2305},"Classname":"android.widget.TextView","Packagename":"com.netease.pris","Text":"用户还喜欢"},{"Bounds":{"bottom":1179,"left":50,"right":210,"top":2635},"Classname":"android.widget.TextView","Packagename":"com.netease.pris","Text":"致亲爱的自己"},{"Bounds":{"bottom":1179,"left":50,"right":210,"top":2725},"Classname":"android.widget.TextView","Packagename":"com.netease.pris","Text":"安澜"},{"Bounds":{"bottom":1179,"left":250,"right":410,"top":2635},"Classname":"android.widget.TextView","Packagename":"com.netease.pris","Text":"眼光"},{"Bounds":{"bottom":1179,"left":250,"right":410,"top":2690},"Classname":"android.widget.TextView","Packagename":"com.netease.pris","Text":"陶洪仁"},{"Bounds":{"bottom":1179,"left":450,"right":610,"top":2635},"Classname":"android.widget.TextView","Packagename":"com.netease.pris","Text":"厌诈不厌你"},{"Bounds":{"bottom":1179,"left":450,"right":610,"top":2690},"Classname":"android.widget.TextView","Packagename":"com.netease.pris","Text":"雨沫子"},{"Bounds":{"bottom":1179,"left":650,"right":720,"top":2635},"Classname":"android.widget.TextView","Packagename":"com.netease.pris","Text":"青青河边草"},{"Bounds":{"bottom":1179,"left":650,"right":720,"top":2690},"Classname":"android.widget.TextView","Packagename":"com.netease.pris","Text":"琼瑶"},{"Bounds":{"bottom":1280,"left":0,"right":239,"top":1180},"Classname":"android.widget.Button","Packagename":"com.netease.pris","Text":"加入书架"},{"Bounds":{"bottom":1280,"left":241,"right":480,"top":1180},"Classname":"android.widget.Button","Packagename":"com.netease.pris","Text":"购买"},{"Bounds":{"bottom":1280,"left":480,"right":720,"top":1180},"Classname":"android.widget.Button","Packagename":"com.netease.pris","Text":"立即阅读"}],"packagename":"com.example.a10628.myapplication","width":1080}