{"events":[{"eventname":"TYPE_VIEW_SCROLLED","source":{"Bounds":{"bottom":1280,"left":0,"right":720,"top":160},"Classname":"android.webkit.WebView","Packagename":"com.zhihu.android","Text":""}}],"height":1920,"hovertime":6179,"nodes":[{"Bounds":{"bottom":160,"left":0,"right":112,"top":48},"Classname":"android.widget.ImageButton","Packagename":"com.zhihu.android","Text":""},{"Bounds":{"bottom":131,"left":128,"right":536,"top":77},"Classname":"android.widget.TextView","Packagename":"com.zhihu.android","Text":"勇士四巨头会因为薪水原因分开吗，如果分开管理层会选择放走谁？"},{"Bounds":{"bottom":152,"left":544,"right":640,"top":56},"Classname":"android.widget.TextView","Packagename":"com.zhihu.android","Text":""},{"Bounds":{"bottom":152,"left":640,"right":720,"top":56},"Classname":"android.widget.ImageView","Packagename":"com.zhihu.android","Text":""},{"Bounds":{"bottom":1280,"left":0,"right":0,"top":160},"Classname":"android.webkit.WebView","Packagename":"com.zhihu.android","Text":""},{"Bounds":{"bottom":164,"left":32,"right":692,"top":162},"Classname":"android.view.View","Packagename":"com.zhihu.android","Text":""},{"Bounds":{"bottom":164,"left":0,"right":720,"top":162},"Classname":"android.widget.Image","Packagename":"com.zhihu.android","Text":"v2-075221caee43527ec0ec01ed0e5602c0_hd"},{"Bounds":{"bottom":164,"left":32,"right":692,"top":162},"Classname":"android.view.View","Packagename":"com.zhihu.android","Text":"\n"},{"Bounds":{"bottom":164,"left":32,"right":692,"top":162},"Classname":"android.view.View","Packagename":"com.zhihu.android","Text":"四巨头是否分开，关键就是格林。"},{"Bounds":{"bottom":164,"left":32,"right":692,"top":162},"Classname":"android.view.View","Packagename":"com.zhihu.android","Text":"格林看着年轻，已经28了，目前的合同签到30岁。所以关键就是续约合同想拿多少。"},{"Bounds":{"bottom":164,"left":32,"right":692,"top":162},"Classname":"android.view.View","Packagename":"com.zhihu.android","Text":"想拿多少，就得看能打出什么水平。"},{"Bounds":{"bottom":164,"left":32,"right":692,"top":162},"Classname":"android.view.View","Packagename":"com.zhihu.android","Text":"\n"},{"Bounds":{"bottom":164,"left":32,"right":692,"top":162},"Classname":"android.view.View","Packagename":"com.zhihu.android","Text":"先说结论：四巨头格林，是最强格林。"},{"Bounds":{"bottom":164,"left":32,"right":692,"top":162},"Classname":"android.view.View","Packagename":"com.zhihu.android","Text":"\n"},{"Bounds":{"bottom":164,"left":32,"right":692,"top":162},"Classname":"android.view.View","Packagename":"com.zhihu.android","Text":"这个几乎是大家的共识了吧？格林投射能力只能说还行，三分有，但不靠谱，更远远比不上三巨头，比杨少侠这样的投手都差不少。但至于库杜在场上，汤普森/杨牵制着防守压力，格林就经常有空位三分机会。而现代NBA球员，空位三分都不会太挫。"},{"Bounds":{"bottom":164,"left":32,"right":692,"top":162},"Classname":"android.view.View","Packagename":"com.zhihu.android","Text":"\n"},{"Bounds":{"bottom":164,"left":32,"right":692,"top":162},"Classname":"android.view.View","Packagename":"com.zhihu.android","Text":"但如果格林去别的队呢？几乎不可能有这么多机会，进攻能力不那么强的短板就会无限放大。"},{"Bounds":{"bottom":164,"left":32,"right":692,"top":162},"Classname":"android.view.View","Packagename":"com.zhihu.android","Text":"\n"},{"Bounds":{"bottom":164,"left":32,"right":692,"top":162},"Classname":"android.view.View","Packagename":"com.zhihu.android","Text":"再说防守，格林引以为傲的杀手锏就是1-5号位，全都能防，还防的很不错！但，这是巅峰格林啊！30岁往上的老兵格林还可以吗？想想曾经的铁血狼王加内特老了之后防守掉的多厉害？"},{"Bounds":{"bottom":164,"left":32,"right":692,"top":162},"Classname":"android.view.View","Packagename":"com.zhihu.android","Text":"\n"},{"Bounds":{"bottom":164,"left":32,"right":692,"top":162},"Classname":"android.view.View","Packagename":"com.zhihu.android","Text":"还有一个点，就是格林反复强调，全联盟他最喜欢，最服气的，就是库里。这点场内外的表现都可以看得出来，KD、克莱只是格林的好队友好朋友，只有库里是格林的兄弟、大哥。"},{"Bounds":{"bottom":278,"left":0,"right":720,"top":162},"Classname":"android.widget.Image","Packagename":"com.zhihu.android","Text":"v2-4dd3883b807ece22681bcd7d0c71a8c0_hd"},{"Bounds":{"bottom":380,"left":32,"right":692,"top":324},"Classname":"android.view.View","Packagename":"com.zhihu.android","Text":"\n"},{"Bounds":{"bottom":670,"left":32,"right":692,"top":398},"Classname":"android.view.View","Packagename":"com.zhihu.android","Text":"所以，签接下来这一份合同时，格林的未来潜力肯定是往下走的，即使作为绝对核心再拿两个冠军，要拿高薪也不容易。所以如果格林愿意快乐篮球和兄弟们继续玩，少拿点，四巨头有大概率可以保留。"},{"Bounds":{"bottom":744,"left":32,"right":692,"top":688},"Classname":"android.view.View","Packagename":"com.zhihu.android","Text":"\n"},{"Bounds":{"bottom":810,"left":122,"right":602,"top":806},"Classname":"android.view.View","Packagename":"com.zhihu.android","Text":""},{"Bounds":{"bottom":928,"left":32,"right":692,"top":872},"Classname":"android.view.View","Packagename":"com.zhihu.android","Text":"\n"},{"Bounds":{"bottom":1280,"left":0,"right":720,"top":974},"Classname":"android.widget.Image","Packagename":"com.zhihu.android","Text":"v2-da0308794dcb9bfb2b73944af2d887e1_hd"},{"Bounds":{"bottom":1280,"left":32,"right":692,"top":1280},"Classname":"android.view.View","Packagename":"com.zhihu.android","Text":"再说第二关键的：克莱。"},{"Bounds":{"bottom":1280,"left":32,"right":692,"top":1280},"Classname":"android.view.View","Packagename":"com.zhihu.android","Text":"多次表示，希望和库里搭档一辈子。不贪功，不贪数据，爆发力强（可以说没有上限）。但克莱不同于哈登、科比、乔老爷子这些传统SG超巨，他的强是无球强，自己持球打，不如KD是肯定的，其实还不如库里（运球三分命中率差距很大）。所以，克莱虽然没格林那么依赖勇士体系，却也挺适合目前的四巨头模式。"},{"Bounds":{"bottom":1280,"left":0,"right":720,"top":1280},"Classname":"android.widget.Image","Packagename":"com.zhihu.android","Text":"v2-50a570b36e59aa33342c6c09f4708c03_hd"},{"Bounds":{"bottom":1280,"left":32,"right":692,"top":1280},"Classname":"android.view.View","Packagename":"com.zhihu.android","Text":"所以克莱也需要适当降薪，但考虑到他去别的强队当二当家也很不错，不太会大降。"},{"Bounds":{"bottom":1280,"left":32,"right":692,"top":1280},"Classname":"android.view.View","Packagename":"com.zhihu.android","Text":"\n"},{"Bounds":{"bottom":1280,"left":122,"right":602,"top":1280},"Classname":"android.view.View","Packagename":"com.zhihu.android","Text":""},{"Bounds":{"bottom":1280,"left":32,"right":692,"top":1280},"Classname":"android.view.View","Packagename":"com.zhihu.android","Text":"\n"},{"Bounds":{"bottom":1280,"left":0,"right":720,"top":1280},"Classname":"android.view.View","Packagename":"com.zhihu.android","Text":""},{"Bounds":{"bottom":1280,"left":32,"right":692,"top":1280},"Classname":"android.view.View","Packagename":"com.zhihu.android","Text":"再说库里，勇士队魂，三节打卡的保障，全队拉空间的绝对因素，又刚用鸟权签了顶薪长约，自然会一直留下。"},{"Bounds":{"bottom":1280,"left":32,"right":692,"top":1280},"Classname":"android.view.View","Packagename":"com.zhihu.android","Text":"\n"},{"Bounds":{"bottom":1280,"left":122,"right":602,"top":1280},"Classname":"android.view.View","Packagename":"com.zhihu.android","Text":""},{"Bounds":{"bottom":1280,"left":32,"right":692,"top":1280},"Classname":"android.view.View","Packagename":"com.zhihu.android","Text":"\n"},{"Bounds":{"bottom":1280,"left":0,"right":720,"top":1280},"Classname":"android.view.View","Packagename":"com.zhihu.android","Text":""},{"Bounds":{"bottom":1280,"left":32,"right":692,"top":1280},"Classname":"android.view.View","Packagename":"com.zhihu.android","Text":"最后就是KD，去年礼貌的降薪保住核心阵容，想必今年或明年会想签一个大合同长留勇士了。他在这儿打的很开心，是第一选择没错，但KD的心气很高，不会如老司机、邓肯那样常年降薪。同时他也明白库里对球队的重要性，现在库里已经顶薪留住，他再来要重新签约拿高薪也合情合理。"},{"Bounds":{"bottom":1280,"left":32,"right":692,"top":1280},"Classname":"android.view.View","Packagename":"com.zhihu.android","Text":"\n"},{"Bounds":{"bottom":1280,"left":122,"right":602,"top":1280},"Classname":"android.view.View","Packagename":"com.zhihu.android","Text":""},{"Bounds":{"bottom":1280,"left":32,"right":692,"top":1280},"Classname":"android.view.View","Packagename":"com.zhihu.android","Text":"\n"},{"Bounds":{"bottom":1280,"left":32,"right":692,"top":1280},"Classname":"android.view.View","Packagename":"com.zhihu.android","Text":"\n"},{"Bounds":{"bottom":1280,"left":0,"right":720,"top":1280},"Classname":"android.view.View","Packagename":"com.zhihu.android","Text":""},{"Bounds":{"bottom":1280,"left":32,"right":692,"top":1280},"Classname":"android.view.View","Packagename":"com.zhihu.android","Text":"所以最后四巨头能否一直保留，就看：格林是否愿意拿一个不高的薪水/勇士老板是否愿意多交点奢侈税了。"},{"Bounds":{"bottom":1280,"left":32,"right":692,"top":1280},"Classname":"android.view.View","Packagename":"com.zhihu.android","Text":"\n"},{"Bounds":{"bottom":1280,"left":32,"right":692,"top":1280},"Classname":"android.view.View","Packagename":"com.zhihu.android","Text":"Neo我个人认为：商业层面会分开；但是勇士球队文化下，队魂库里的谦虚性格下，很有可能这四个家伙会一起一直打很多年到大家都慢慢老去。"},{"Bounds":{"bottom":1280,"left":426,"right":692,"top":1280},"Classname":"android.view.View","Packagename":"com.zhihu.android","Text":"编辑于 2018-03-05"},{"Bounds":{"bottom":1280,"left":32,"right":692,"top":1280},"Classname":"android.view.View","Packagename":"com.zhihu.android","Text":"著作权归作者所有"},{"Bounds":{"bottom":1280,"left":0,"right":720,"top":1280},"Classname":"android.view.View","Packagename":"com.zhihu.android","Text":"推荐阅读"},{"Bounds":{"bottom":1280,"left":32,"right":414,"top":1280},"Classname":"android.view.View","Packagename":"com.zhihu.android","Text":"WIFI信号差？教你5招速度提高60%，点击下载查看"},{"Bounds":{"bottom":1280,"left":462,"right":688,"top":1280},"Classname":"android.widget.Image","Packagename":"com.zhihu.android","Text":"推荐阅读"},{"Bounds":{"bottom":1280,"left":32,"right":72,"top":1280},"Classname":"android.widget.Image","Packagename":"com.zhihu.android","Text":"Tencent"},{"Bounds":{"bottom":1280,"left":84,"right":262,"top":1280},"Classname":"android.view.View","Packagename":"com.zhihu.android","Text":"Tencent 的广告"},{"Bounds":{"bottom":1280,"left":542,"right":688,"top":1280},"Classname":"android.widget.Button","Packagename":"com.zhihu.android","Text":"APP下载"},{"Bounds":{"bottom":1280,"left":32,"right":688,"top":1280},"Classname":"android.view.View","Packagename":"com.zhihu.android","Text":"如何看待EDG的管理层？ 来波自问自答吧，问题是我提的，自己也本来都不想再多说什么了，可是现在看到这种话，我是真的气。 首先看图，这是我今晚在掌盟上看到的 [图片] 通读EDG的老板的一番言论之后，说真的给我最大的感觉就是两个字——恶心。 1.什么叫怪我们第一周版本理解没别人好？ 你要是说我们不应该小组赛前两天才到武汉导致没有参加很多训练赛，不应该比赛前还打表演赛，然后再说这个原因我都感受到你的道歉诚意，可是你不反思为什么版本理解没人好，… 念忘夏 的回答 · 83 赞同 "},{"Bounds":{"bottom":1280,"left":32,"right":688,"top":1280},"Classname":"android.view.View","Packagename":"com.zhihu.android","Text":"为什么总是讨论勇士未来的薪资问题，却没人提及骑士的未来的薪资？ 骑士薪资比勇士更糟糕更没有操作空间。或者不应该拿勇士比，他们可以说是全联盟最没操作空间的球队了。 不过这他们团队没什么影响，因为骑士核心阵容的合同都比较稳定。他们是典型的巨星篮球，不存在打出来之后要加薪的年轻球员，比如勇士的麦基，麦考，克拉克。也不存在需要高薪续约的到期角色球员，比如伊戈达拉，利文斯顿等等。（他们的此类球员JR+TT都是才续约，比较稳定，香波特也还有2年）。他们的主力阵容中合同最早到期… Mr.zhang 的回答 · 25 赞同 "},{"Bounds":{"bottom":600,"left":752,"right":1412,"top":600},"Classname":"android.view.View","Packagename":"com.zhihu.android","Text":""},{"Bounds":{"bottom":1280,"left":752,"right":1412,"top":628},"Classname":"android.view.View","Packagename":"com.zhihu.android","Text":"库里不用说了，八成以上概率会终老勇士。\n杜兰特才29，更不可能放走。\n汤不占杜库球权，外线大闸，无球能力优秀，完美适配体系。\n追防守全面，能支配球，摘篮板推反击一流，挡拆之后轻松应对4打3。\n\n我想从性格上说说，汤是中产家庭，对钱什么的看的并不重，而且除了合同外，他有安踏，巧克力奶和运动饮料（我知道的）的代言，就冲他天天穿安踏也不脱大概就能看出来。之前汤汤也公开表示过想和库里打一辈子球。\n追梦就是普通家庭出身，从底层一路打拼上来的，追梦是个“记仇”的人，他能背出在他选秀顺位前所有人的名字，然后有机会就嘲讽詹姆斯一波。追梦公开说过自己的梦想是成为一名亿万富翁。\n所以从性格能看出来，汤属于那种无欲无求，快乐就好，追梦就很想成为人上人，可能当勇士的报价和其他球队报价低很多的话，追梦就走人了。"},{"Bounds":{"bottom":1280,"left":1146,"right":1412,"top":1278},"Classname":"android.view.View","Packagename":"com.zhihu.android","Text":"发布于 2018-01-10"},{"Bounds":{"bottom":1280,"left":752,"right":1412,"top":1278},"Classname":"android.view.View","Packagename":"com.zhihu.android","Text":"著作权归作者所有"},{"Bounds":{"bottom":289,"left":0,"right":720,"top":161},"Classname":"android.widget.TextView","Packagename":"com.zhihu.android","Text":"勇士四巨头会因为薪水原因分开吗，如果分开管理层会选择放走谁？"},{"Bounds":{"bottom":378,"left":32,"right":184,"top":314},"Classname":"android.widget.TextView","Packagename":"com.zhihu.android","Text":"写回答"},{"Bounds":{"bottom":402,"left":398,"right":688,"top":290},"Classname":"android.widget.TextView","Packagename":"com.zhihu.android","Text":"查看全部 120 个回答"},{"Bounds":{"bottom":488,"left":128,"right":243,"top":450},"Classname":"android.widget.TextView","Packagename":"com.zhihu.android","Text":"沈少Neo"},{"Bounds":{"bottom":469,"left":243,"right":243,"top":469},"Classname":"android.view.View","Packagename":"com.zhihu.android","Text":""},{"Bounds":{"bottom":529,"left":128,"right":528,"top":496},"Classname":"android.widget.TextView","Packagename":"com.zhihu.android","Text":"芯片工程师 知乎专栏作者 什么值得买首席生活家"},{"Bounds":{"bottom":529,"left":128,"right":128,"top":496},"Classname":"android.widget.TextView","Packagename":"com.zhihu.android","Text":""},{"Bounds":{"bottom":522,"left":544,"right":688,"top":458},"Classname":"android.widget.TextView","Packagename":"com.zhihu.android","Text":"关注"},{"Bounds":{"bottom":1256,"left":34,"right":249,"top":1192},"Classname":"android.widget.TextView","Packagename":"com.zhihu.android","Text":"赞同 353"},{"Bounds":{"bottom":1256,"left":261,"right":353,"top":1192},"Classname":"android.widget.TextView","Packagename":"com.zhihu.android","Text":""},{"Bounds":{"bottom":1280,"left":412,"right":452,"top":1346},"Classname":"android.widget.TextView","Packagename":"com.zhihu.android","Text":"感谢"},{"Bounds":{"bottom":1262,"left":524,"right":564,"top":1234},"Classname":"android.widget.TextView","Packagename":"com.zhihu.android","Text":"收藏"},{"Bounds":{"bottom":1262,"left":639,"right":672,"top":1234},"Classname":"android.widget.TextView","Packagename":"com.zhihu.android","Text":"181"}],"packagename":"com.example.a10628.myapplication","width":1080}