{"events":[{"eventname":"TYPE_VIEW_SCROLLED","source":{"Bounds":{"bottom":1183,"left":0,"right":720,"top":48},"Classname":"android.widget.ListView","Packagename":"com.tmall.wireless","Text":""}}],"height":1920,"hovertime":3185,"nodes":[{"Bounds":{"bottom":56,"left":0,"right":720,"top":48},"Classname":"android.widget.TextView","Packagename":"com.tmall.wireless","Text":"商品评价(98624)"},{"Bounds":{"bottom":69,"left":24,"right":189,"top":48},"Classname":"android.widget.TextView","Packagename":"com.tmall.wireless","Text":"物流快(615)"},{"Bounds":{"bottom":51,"left":201,"right":364,"top":48},"Classname":"android.widget.TextView","Packagename":"com.tmall.wireless","Text":"很划算(411)"},{"Bounds":{"bottom":34,"left":376,"right":567,"top":48},"Classname":"android.widget.TextView","Packagename":"com.tmall.wireless","Text":"口感不错(396)"},{"Bounds":{"bottom":99,"left":24,"right":213,"top":48},"Classname":"android.widget.TextView","Packagename":"com.tmall.wireless","Text":"质量很好(301)"},{"Bounds":{"bottom":88,"left":225,"right":440,"top":48},"Classname":"android.widget.TextView","Packagename":"com.tmall.wireless","Text":"养生功效好(249)"},{"Bounds":{"bottom":81,"left":452,"right":641,"top":48},"Classname":"android.widget.TextView","Packagename":"com.tmall.wireless","Text":"口感一般(130)"},{"Bounds":{"bottom":270,"left":100,"right":158,"top":238},"Classname":"android.widget.TextView","Packagename":"com.tmall.wireless","Text":"小**6"},{"Bounds":{"bottom":366,"left":24,"right":696,"top":294},"Classname":"android.widget.TextView","Packagename":"com.tmall.wireless","Text":"天猫超市实在是太方便实惠了，不用出去买东西，重的东西不用自己拎回家，省了很多人力物力和不少银子。天猫超市实在给力，平时忙，没时间上商场购物，上天猫超市购物，实在是太方便了，爽。只要平时把自己家里需要的生活用品都放在购物车里，等到那天有促销活动时就买，把生活用品凑到包邮的价格一起买实在是太划算了，既方便，又快捷，东西又有保障，不怕买假货，次品货，还可以退换，非常喜欢，服务也非常好。"},{"Bounds":{"bottom":414,"left":24,"right":156,"top":382},"Classname":"android.widget.TextView","Packagename":"com.tmall.wireless","Text":"2018-05-08"},{"Bounds":{"bottom":414,"left":180,"right":696,"top":382},"Classname":"android.widget.TextView","Packagename":"com.tmall.wireless","Text":"口味:向往的生活定制装"},{"Bounds":{"bottom":399,"left":260,"right":460,"top":351},"Classname":"android.widget.TextView","Packagename":"com.tmall.wireless","Text":"查看全部评价"},{"Bounds":{"bottom":590,"left":0,"right":720,"top":572},"Classname":"android.widget.LinearLayout","Packagename":"com.tmall.wireless","Text":""},{"Bounds":{"bottom":667,"left":144,"right":256,"top":630},"Classname":"android.widget.TextView","Packagename":"com.tmall.wireless","Text":"天猫超市"},{"Bounds":{"bottom":712,"left":46,"right":142,"top":634},"Classname":"android.widget.TextView","Packagename":"com.tmall.wireless","Text":"5.5万\n全部宝贝"},{"Bounds":{"bottom":712,"left":190,"right":286,"top":634},"Classname":"android.widget.TextView","Packagename":"com.tmall.wireless","Text":"997\n上新宝贝"},{"Bounds":{"bottom":712,"left":321,"right":442,"top":634},"Classname":"android.widget.TextView","Packagename":"com.tmall.wireless","Text":"663.2万\n关注人数"},{"Bounds":{"bottom":645,"left":501,"right":672,"top":610},"Classname":"android.widget.TextView","Packagename":"com.tmall.wireless","Text":"宝贝描述 4.9 高"},{"Bounds":{"bottom":680,"left":501,"right":672,"top":645},"Classname":"android.widget.TextView","Packagename":"com.tmall.wireless","Text":"卖家服务 4.8 高"},{"Bounds":{"bottom":715,"left":501,"right":672,"top":680},"Classname":"android.widget.TextView","Packagename":"com.tmall.wireless","Text":"物流服务 4.8 高"},{"Bounds":{"bottom":911,"left":180,"right":332,"top":863},"Classname":"android.widget.TextView","Packagename":"com.tmall.wireless","Text":"查看分类"},{"Bounds":{"bottom":911,"left":388,"right":540,"top":863},"Classname":"android.widget.TextView","Packagename":"com.tmall.wireless","Text":"进店逛逛"},{"Bounds":{"bottom":1022,"left":24,"right":152,"top":978},"Classname":"android.widget.TextView","Packagename":"com.tmall.wireless","Text":"看了又看"},{"Bounds":{"bottom":1183,"left":18,"right":252,"top":1204},"Classname":"android.widget.TextView","Packagename":"com.tmall.wireless","Text":"QUAKER/桂格即食燕麦片1478g/袋早餐冲饮即食新老包装随机发货"},{"Bounds":{"bottom":1183,"left":18,"right":32,"top":1282},"Classname":"android.widget.TextView","Packagename":"com.tmall.wireless","Text":"¥"},{"Bounds":{"bottom":1183,"left":32,"right":198,"top":1282},"Classname":"android.widget.TextView","Packagename":"com.tmall.wireless","Text":"45.8"},{"Bounds":{"bottom":1183,"left":198,"right":252,"top":1282},"Classname":"android.widget.ImageView","Packagename":"com.tmall.wireless","Text":""},{"Bounds":{"bottom":1183,"left":294,"right":528,"top":1201},"Classname":"android.widget.TextView","Packagename":"com.tmall.wireless","Text":"瑞典进口ICA麦片50%水果坚果燕麦片750g冲饮美味早餐"},{"Bounds":{"bottom":1183,"left":294,"right":308,"top":1279},"Classname":"android.widget.TextView","Packagename":"com.tmall.wireless","Text":"¥"},{"Bounds":{"bottom":1183,"left":308,"right":474,"top":1279},"Classname":"android.widget.TextView","Packagename":"com.tmall.wireless","Text":"99.0"},{"Bounds":{"bottom":1183,"left":474,"right":528,"top":1279},"Classname":"android.widget.ImageView","Packagename":"com.tmall.wireless","Text":""},{"Bounds":{"bottom":1183,"left":570,"right":720,"top":1201},"Classname":"android.widget.TextView","Packagename":"com.tmall.wireless","Text":"家乐氏谷兰诺拉草莓水果燕麦片即食谷物早餐杨幂挚爱早餐490g"},{"Bounds":{"bottom":1183,"left":570,"right":584,"top":1279},"Classname":"android.widget.TextView","Packagename":"com.tmall.wireless","Text":"¥"},{"Bounds":{"bottom":1183,"left":584,"right":720,"top":1279},"Classname":"android.widget.TextView","Packagename":"com.tmall.wireless","Text":"129.0"},{"Bounds":{"bottom":1183,"left":750,"right":720,"top":1279},"Classname":"android.widget.ImageView","Packagename":"com.tmall.wireless","Text":""},{"Bounds":{"bottom":1183,"left":24,"right":152,"top":1514},"Classname":"android.widget.TextView","Packagename":"com.tmall.wireless","Text":"买了又买"},{"Bounds":{"bottom":1183,"left":18,"right":252,"top":1737},"Classname":"android.widget.TextView","Packagename":"com.tmall.wireless","Text":"江中猴姑饼干20天装960g 猴头菇酥性饼干整箱早餐零食 代餐曲奇"},{"Bounds":{"bottom":1183,"left":18,"right":32,"top":1815},"Classname":"android.widget.TextView","Packagename":"com.tmall.wireless","Text":"¥"},{"Bounds":{"bottom":1183,"left":32,"right":198,"top":1813},"Classname":"android.widget.TextView","Packagename":"com.tmall.wireless","Text":"169.0"},{"Bounds":{"bottom":1183,"left":198,"right":252,"top":1813},"Classname":"android.widget.ImageView","Packagename":"com.tmall.wireless","Text":""},{"Bounds":{"bottom":1183,"left":294,"right":528,"top":1860},"Classname":"android.widget.TextView","Packagename":"com.tmall.wireless","Text":"江中猴姑饼干猴头菇酥性饼干96g早餐酥性曲奇饼干"},{"Bounds":{"bottom":1183,"left":294,"right":308,"top":1938},"Classname":"android.widget.TextView","Packagename":"com.tmall.wireless","Text":"¥"},{"Bounds":{"bottom":1183,"left":308,"right":474,"top":1938},"Classname":"android.widget.TextView","Packagename":"com.tmall.wireless","Text":"26.0"},{"Bounds":{"bottom":1183,"left":474,"right":528,"top":1938},"Classname":"android.widget.ImageView","Packagename":"com.tmall.wireless","Text":""},{"Bounds":{"bottom":1183,"left":570,"right":720,"top":1860},"Classname":"android.widget.TextView","Packagename":"com.tmall.wireless","Text":"江中猴姑苏打饼干15天装 猴头菇咸味整箱酥性饼干礼盒小包装袋"},{"Bounds":{"bottom":1183,"left":570,"right":584,"top":1938},"Classname":"android.widget.TextView","Packagename":"com.tmall.wireless","Text":"¥"},{"Bounds":{"bottom":1183,"left":584,"right":720,"top":1938},"Classname":"android.widget.TextView","Packagename":"com.tmall.wireless","Text":"110.0"},{"Bounds":{"bottom":1183,"left":750,"right":720,"top":1813},"Classname":"android.widget.ImageView","Packagename":"com.tmall.wireless","Text":""},{"Bounds":{"bottom":126,"left":22,"right":82,"top":66},"Classname":"android.widget.TextView","Packagename":"com.tmall.wireless","Text":""},{"Bounds":{"bottom":126,"left":560,"right":620,"top":66},"Classname":"android.widget.TextView","Packagename":"com.tmall.wireless","Text":""},{"Bounds":{"bottom":126,"left":640,"right":700,"top":66},"Classname":"android.widget.TextView","Packagename":"com.tmall.wireless","Text":""},{"Bounds":{"bottom":144,"left":1,"right":105,"top":48},"Classname":"android.widget.TextView","Packagename":"com.tmall.wireless","Text":""},{"Bounds":{"bottom":118,"left":171,"right":265,"top":74},"Classname":"android.widget.TextView","Packagename":"com.tmall.wireless","Text":"商品"},{"Bounds":{"bottom":118,"left":313,"right":407,"top":74},"Classname":"android.widget.TextView","Packagename":"com.tmall.wireless","Text":"详情"},{"Bounds":{"bottom":118,"left":455,"right":549,"top":74},"Classname":"android.widget.TextView","Packagename":"com.tmall.wireless","Text":"评价"},{"Bounds":{"bottom":144,"left":296,"right":424,"top":144},"Classname":"android.widget.TextView","Packagename":"com.tmall.wireless","Text":"图文详情"},{"Bounds":{"bottom":144,"left":539,"right":619,"top":48},"Classname":"android.widget.TextView","Packagename":"com.tmall.wireless","Text":""},{"Bounds":{"bottom":144,"left":620,"right":720,"top":48},"Classname":"android.widget.TextView","Packagename":"com.tmall.wireless","Text":""},{"Bounds":{"bottom":1235,"left":89,"right":129,"top":1195},"Classname":"android.widget.TextView","Packagename":"com.tmall.wireless","Text":""},{"Bounds":{"bottom":1268,"left":49,"right":169,"top":1241},"Classname":"android.widget.TextView","Packagename":"com.tmall.wireless","Text":"进入天猫超市"},{"Bounds":{"bottom":1235,"left":243,"right":283,"top":1195},"Classname":"android.widget.TextView","Packagename":"com.tmall.wireless","Text":""},{"Bounds":{"bottom":1268,"left":243,"right":283,"top":1241},"Classname":"android.widget.TextView","Packagename":"com.tmall.wireless","Text":"收藏"},{"Bounds":{"bottom":1280,"left":308,"right":719,"top":1184},"Classname":"android.widget.TextView","Packagename":"com.tmall.wireless","Text":"加入购物车"}],"packagename":"com.example.a10628.myapplication","width":1080}