{"events":[{"eventname":"TYPE_VIEW_SCROLLED","source":{"Bounds":{"bottom":1280,"left":0,"right":720,"top":143},"Classname":"android.webkit.WebView","Packagename":"cn.amazon.mShop.android","Text":""}}],"height":1920,"hovertime":2119,"nodes":[{"Bounds":{"bottom":140,"left":0,"right":92,"top":48},"Classname":"android.widget.LinearLayout","Packagename":"cn.amazon.mShop.android","Text":""},{"Bounds":{"bottom":120,"left":300,"right":420,"top":68},"Classname":"android.widget.ImageView","Packagename":"cn.amazon.mShop.android","Text":""},{"Bounds":{"bottom":140,"left":532,"right":624,"top":48},"Classname":"android.widget.ImageButton","Packagename":"cn.amazon.mShop.android","Text":""},{"Bounds":{"bottom":140,"left":624,"right":716,"top":48},"Classname":"android.widget.ImageView","Packagename":"cn.amazon.mShop.android","Text":""},{"Bounds":{"bottom":140,"left":656,"right":684,"top":62},"Classname":"android.widget.TextView","Packagename":"cn.amazon.mShop.android","Text":"0"},{"Bounds":{"bottom":147,"left":28,"right":692,"top":145},"Classname":"android.view.View","Packagename":"cn.amazon.mShop.android","Text":""},{"Bounds":{"bottom":147,"left":28,"right":692,"top":145},"Classname":"android.view.View","Packagename":"cn.amazon.mShop.android","Text":""},{"Bounds":{"bottom":147,"left":28,"right":692,"top":145},"Classname":"android.view.View","Packagename":"cn.amazon.mShop.android","Text":""},{"Bounds":{"bottom":147,"left":28,"right":692,"top":145},"Classname":"android.view.View","Packagename":"cn.amazon.mShop.android","Text":""},{"Bounds":{"bottom":147,"left":28,"right":692,"top":145},"Classname":"android.view.View","Packagename":"cn.amazon.mShop.android","Text":""},{"Bounds":{"bottom":147,"left":28,"right":692,"top":145},"Classname":"android.view.View","Packagename":"cn.amazon.mShop.android","Text":""},{"Bounds":{"bottom":147,"left":28,"right":692,"top":145},"Classname":"android.view.View","Packagename":"cn.amazon.mShop.android","Text":""},{"Bounds":{"bottom":147,"left":28,"right":692,"top":145},"Classname":"android.view.View","Packagename":"cn.amazon.mShop.android","Text":""},{"Bounds":{"bottom":147,"left":28,"right":692,"top":145},"Classname":"android.view.View","Packagename":"cn.amazon.mShop.android","Text":""},{"Bounds":{"bottom":147,"left":28,"right":692,"top":145},"Classname":"android.view.View","Packagename":"cn.amazon.mShop.android","Text":""},{"Bounds":{"bottom":147,"left":28,"right":286,"top":145},"Classname":"android.view.View","Packagename":"cn.amazon.mShop.android","Text":"john masters organics"},{"Bounds":{"bottom":147,"left":-19504,"right":692,"top":145},"Classname":"android.view.View","Packagename":"cn.amazon.mShop.android","Text":"平均 4.6 星 3 评论"},{"Bounds":{"bottom":147,"left":28,"right":668,"top":145},"Classname":"android.view.View","Packagename":"cn.amazon.mShop.android","Text":"JOHN MASTERS Organics Essential 体验装适用于*和身体120 ml "},{"Bounds":{"bottom":147,"left":56,"right":696,"top":145},"Classname":"android.view.View","Packagename":"cn.amazon.mShop.android","Text":"\n"},{"Bounds":{"bottom":147,"left":28,"right":92,"top":145},"Classname":"android.view.View","Packagename":"cn.amazon.mShop.android","Text":"原文"},{"Bounds":{"bottom":147,"left":98,"right":606,"top":145},"Classname":"android.view.View","Packagename":"cn.amazon.mShop.android","Text":"页面含机器翻译，中文仅供参考，以原文为准"},{"Bounds":{"bottom":147,"left":140,"right":164,"top":145},"Classname":"android.view.View","Packagename":"cn.amazon.mShop.android","Text":""},{"Bounds":{"bottom":147,"left":40,"right":144,"top":145},"Classname":"android.view.View","Packagename":"cn.amazon.mShop.android","Text":"海外自营"},{"Bounds":{"bottom":147,"left":140,"right":164,"top":145},"Classname":"android.view.View","Packagename":"cn.amazon.mShop.android","Text":""},{"Bounds":{"bottom":147,"left":28,"right":692,"top":145},"Classname":"android.view.View","Packagename":"cn.amazon.mShop.android","Text":"ref%3Ddiscover_brd_asn_clk_brand_gl_beauty?tag\u003dmshop-android-baiduf581509-cn-23#"},{"Bounds":{"bottom":147,"left":28,"right":692,"top":145},"Classname":"android.view.View","Packagename":"cn.amazon.mShop.android","Text":""},{"Bounds":{"bottom":147,"left":332,"right":352,"top":145},"Classname":"android.view.View","Packagename":"cn.amazon.mShop.android","Text":""},{"Bounds":{"bottom":147,"left":368,"right":388,"top":145},"Classname":"android.view.View","Packagename":"cn.amazon.mShop.android","Text":""},{"Bounds":{"bottom":147,"left":28,"right":692,"top":145},"Classname":"android.view.View","Packagename":"cn.amazon.mShop.android","Text":""},{"Bounds":{"bottom":147,"left":28,"right":692,"top":145},"Classname":"android.view.View","Packagename":"cn.amazon.mShop.android","Text":""},{"Bounds":{"bottom":147,"left":28,"right":692,"top":145},"Classname":"android.view.View","Packagename":"cn.amazon.mShop.android","Text":""},{"Bounds":{"bottom":147,"left":28,"right":692,"top":145},"Classname":"android.view.View","Packagename":"cn.amazon.mShop.android","Text":""},{"Bounds":{"bottom":147,"left":28,"right":164,"top":145},"Classname":"android.view.View","Packagename":"cn.amazon.mShop.android","Text":"价格:"},{"Bounds":{"bottom":147,"left":172,"right":308,"top":145},"Classname":"android.view.View","Packagename":"cn.amazon.mShop.android","Text":"￥97.66 "},{"Bounds":{"bottom":843,"left":328,"right":720,"top":795},"Classname":"android.view.View","Packagename":"cn.amazon.mShop.android","Text":""},{"Bounds":{"bottom":183,"left":28,"right":164,"top":145},"Classname":"android.view.View","Packagename":"cn.amazon.mShop.android","Text":""},{"Bounds":{"bottom":183,"left":164,"right":692,"top":145},"Classname":"android.view.View","Packagename":"cn.amazon.mShop.android","Text":"+ ￥61.06 预估运费及进口税费"},{"Bounds":{"bottom":251,"left":28,"right":164,"top":183},"Classname":"android.view.View","Packagename":"cn.amazon.mShop.android","Text":""},{"Bounds":{"bottom":231,"left":172,"right":334,"top":197},"Classname":"android.widget.Image","Packagename":"cn.amazon.mShop.android","Text":"亚马逊海外购"},{"Bounds":{"bottom":335,"left":28,"right":164,"top":251},"Classname":"android.view.View","Packagename":"cn.amazon.mShop.android","Text":"支付方式:"},{"Bounds":{"bottom":335,"left":164,"right":692,"top":251},"Classname":"android.view.View","Packagename":"cn.amazon.mShop.android","Text":"目前支持信用卡、借记卡、支付宝和微信支付。暂不支持礼品卡付款。"},{"Bounds":{"bottom":335,"left":28,"right":692,"top":145},"Classname":"android.view.View","Packagename":"cn.amazon.mShop.android","Text":""},{"Bounds":{"bottom":335,"left":28,"right":692,"top":145},"Classname":"android.view.View","Packagename":"cn.amazon.mShop.android","Text":""},{"Bounds":{"bottom":335,"left":28,"right":692,"top":145},"Classname":"android.view.View","Packagename":"cn.amazon.mShop.android","Text":""},{"Bounds":{"bottom":369,"left":28,"right":692,"top":369},"Classname":"android.view.View","Packagename":"cn.amazon.mShop.android","Text":""},{"Bounds":{"bottom":369,"left":28,"right":692,"top":369},"Classname":"android.view.View","Packagename":"cn.amazon.mShop.android","Text":""},{"Bounds":{"bottom":369,"left":28,"right":692,"top":369},"Classname":"android.view.View","Packagename":"cn.amazon.mShop.android","Text":""},{"Bounds":{"bottom":369,"left":28,"right":692,"top":369},"Classname":"android.view.View","Packagename":"cn.amazon.mShop.android","Text":""},{"Bounds":{"bottom":369,"left":28,"right":692,"top":369},"Classname":"android.view.View","Packagename":"cn.amazon.mShop.android","Text":""},{"Bounds":{"bottom":369,"left":28,"right":692,"top":369},"Classname":"android.view.View","Packagename":"cn.amazon.mShop.android","Text":""},{"Bounds":{"bottom":369,"left":28,"right":692,"top":369},"Classname":"android.view.View","Packagename":"cn.amazon.mShop.android","Text":""},{"Bounds":{"bottom":369,"left":28,"right":692,"top":369},"Classname":"android.view.View","Packagename":"cn.amazon.mShop.android","Text":""},{"Bounds":{"bottom":369,"left":28,"right":692,"top":369},"Classname":"android.view.View","Packagename":"cn.amazon.mShop.android","Text":""},{"Bounds":{"bottom":369,"left":28,"right":692,"top":369},"Classname":"android.view.View","Packagename":"cn.amazon.mShop.android","Text":""},{"Bounds":{"bottom":513,"left":28,"right":692,"top":379},"Classname":"android.view.View","Packagename":"cn.amazon.mShop.android","Text":"配送至: 北京 朝阳区"},{"Bounds":{"bottom":579,"left":64,"right":208,"top":543},"Classname":"android.view.View","Packagename":"cn.amazon.mShop.android","Text":"现在有货"},{"Bounds":{"bottom":881,"left":64,"right":720,"top":539},"Classname":"android.view.View","Packagename":"cn.amazon.mShop.android","Text":""},{"Bounds":{"bottom":881,"left":64,"right":720,"top":539},"Classname":"android.view.View","Packagename":"cn.amazon.mShop.android","Text":"\n"},{"Bounds":{"bottom":621,"left":64,"right":94,"top":585},"Classname":"android.view.View","Packagename":"cn.amazon.mShop.android","Text":"由"},{"Bounds":{"bottom":621,"left":94,"right":244,"top":585},"Classname":"android.view.View","Packagename":"cn.amazon.mShop.android","Text":"亚马逊英国"},{"Bounds":{"bottom":661,"left":64,"right":648,"top":585},"Classname":"android.view.View","Packagename":"cn.amazon.mShop.android","Text":"从境外直接销售并发货, 受亚马逊海外购使用条件及卢森堡法律约束。"},{"Bounds":{"bottom":701,"left":64,"right":628,"top":625},"Classname":"android.view.View","Packagename":"cn.amazon.mShop.android","Text":"了解更多。"},{"Bounds":{"bottom":741,"left":64,"right":192,"top":705},"Classname":"android.view.View","Packagename":"cn.amazon.mShop.android","Text":"送达日期:"},{"Bounds":{"bottom":821,"left":64,"right":648,"top":705},"Classname":"android.view.View","Packagename":"cn.amazon.mShop.android","Text":"海外购标准配送预计7-12个工作日送达；海外购加速配送预计5-9个工作日送达。"},{"Bounds":{"bottom":823,"left":64,"right":656,"top":823},"Classname":"android.view.View","Packagename":"cn.amazon.mShop.android","Text":""},{"Bounds":{"bottom":867,"left":28,"right":692,"top":867},"Classname":"android.view.View","Packagename":"cn.amazon.mShop.android","Text":""},{"Bounds":{"bottom":867,"left":28,"right":692,"top":867},"Classname":"android.view.View","Packagename":"cn.amazon.mShop.android","Text":""},{"Bounds":{"bottom":867,"left":28,"right":692,"top":867},"Classname":"android.view.View","Packagename":"cn.amazon.mShop.android","Text":""},{"Bounds":{"bottom":867,"left":28,"right":692,"top":867},"Classname":"android.view.View","Packagename":"cn.amazon.mShop.android","Text":""},{"Bounds":{"bottom":919,"left":28,"right":92,"top":875},"Classname":"android.widget.Image","Packagename":"cn.amazon.mShop.android","Text":""},{"Bounds":{"bottom":1005,"left":112,"right":682,"top":881},"Classname":"android.view.View","Packagename":"cn.amazon.mShop.android","Text":"购买海外购商品需要提供身份证信息用于清关（清关时间延长有可能影响部分订单的实际送达日期）。"},{"Bounds":{"bottom":1005,"left":306,"right":428,"top":969},"Classname":"android.view.View","Packagename":"cn.amazon.mShop.android","Text":"了解更多"},{"Bounds":{"bottom":1005,"left":426,"right":450,"top":969},"Classname":"android.view.View","Packagename":"cn.amazon.mShop.android","Text":"。"},{"Bounds":{"bottom":1009,"left":112,"right":692,"top":877},"Classname":"android.view.View","Packagename":"cn.amazon.mShop.android","Text":""},{"Bounds":{"bottom":1009,"left":112,"right":692,"top":877},"Classname":"android.view.View","Packagename":"cn.amazon.mShop.android","Text":""},{"Bounds":{"bottom":1051,"left":32,"right":60,"top":1025},"Classname":"android.view.View","Packagename":"cn.amazon.mShop.android","Text":""},{"Bounds":{"bottom":1057,"left":60,"right":270,"top":1021},"Classname":"android.view.View","Packagename":"cn.amazon.mShop.android","Text":"查看亚马逊英国"},{"Bounds":{"bottom":1057,"left":270,"right":420,"top":1021},"Classname":"android.view.View","Packagename":"cn.amazon.mShop.android","Text":"退换货政策"},{"Bounds":{"bottom":1177,"left":60,"right":684,"top":1021},"Classname":"android.view.View","Packagename":"cn.amazon.mShop.android","Text":"。海外购所有商品由亚马逊中国外官方站销售并发货，因此所有退换货必须寄送到中国以外的亚马逊配送中心。具体操作方法请参考"},{"Bounds":{"bottom":1177,"left":270,"right":450,"top":1141},"Classname":"android.view.View","Packagename":"cn.amazon.mShop.android","Text":"退货退款流程"},{"Bounds":{"bottom":1177,"left":450,"right":474,"top":1141},"Classname":"android.view.View","Packagename":"cn.amazon.mShop.android","Text":"。"},{"Bounds":{"bottom":1213,"left":28,"right":692,"top":1213},"Classname":"android.view.View","Packagename":"cn.amazon.mShop.android","Text":""},{"Bounds":{"bottom":1213,"left":28,"right":692,"top":1213},"Classname":"android.view.View","Packagename":"cn.amazon.mShop.android","Text":""},{"Bounds":{"bottom":1213,"left":28,"right":692,"top":1213},"Classname":"android.view.View","Packagename":"cn.amazon.mShop.android","Text":""},{"Bounds":{"bottom":1213,"left":28,"right":692,"top":1213},"Classname":"android.view.View","Packagename":"cn.amazon.mShop.android","Text":""},{"Bounds":{"bottom":1263,"left":28,"right":108,"top":1213},"Classname":"android.view.View","Packagename":"cn.amazon.mShop.android","Text":"数量:"},{"Bounds":{"bottom":1280,"left":28,"right":90,"top":1213},"Classname":"android.widget.Spinner","Packagename":"cn.amazon.mShop.android","Text":"1"},{"Bounds":{"bottom":1259,"left":172,"right":188,"top":1235},"Classname":"android.view.View","Packagename":"cn.amazon.mShop.android","Text":""},{"Bounds":{"bottom":1280,"left":28,"right":692,"top":1281},"Classname":"android.view.View","Packagename":"cn.amazon.mShop.android","Text":""},{"Bounds":{"bottom":1280,"left":28,"right":692,"top":1281},"Classname":"android.view.View","Packagename":"cn.amazon.mShop.android","Text":""},{"Bounds":{"bottom":1280,"left":40,"right":110,"top":1281},"Classname":"android.widget.Image","Packagename":"cn.amazon.mShop.android","Text":""},{"Bounds":{"bottom":1280,"left":28,"right":692,"top":1281},"Classname":"android.view.View","Packagename":"cn.amazon.mShop.android","Text":""},{"Bounds":{"bottom":1280,"left":388,"right":1052,"top":1281},"Classname":"android.view.View","Packagename":"cn.amazon.mShop.android","Text":""},{"Bounds":{"bottom":1280,"left":40,"right":110,"top":1281},"Classname":"android.view.View","Packagename":"cn.amazon.mShop.android","Text":""},{"Bounds":{"bottom":1280,"left":30,"right":690,"top":1281},"Classname":"android.widget.Button","Packagename":"cn.amazon.mShop.android","Text":"加入购物车"},{"Bounds":{"bottom":1280,"left":30,"right":690,"top":1281},"Classname":"android.widget.Button","Packagename":"cn.amazon.mShop.android","Text":"加入心愿单"},{"Bounds":{"bottom":1280,"left":28,"right":692,"top":1281},"Classname":"android.view.View","Packagename":"cn.amazon.mShop.android","Text":""},{"Bounds":{"bottom":1280,"left":28,"right":692,"top":1281},"Classname":"android.view.View","Packagename":"cn.amazon.mShop.android","Text":""},{"Bounds":{"bottom":1280,"left":28,"right":692,"top":1281},"Classname":"android.view.View","Packagename":"cn.amazon.mShop.android","Text":""},{"Bounds":{"bottom":1280,"left":28,"right":692,"top":1281},"Classname":"android.view.View","Packagename":"cn.amazon.mShop.android","Text":""},{"Bounds":{"bottom":1280,"left":28,"right":692,"top":1281},"Classname":"android.view.View","Packagename":"cn.amazon.mShop.android","Text":""},{"Bounds":{"bottom":1280,"left":28,"right":692,"top":1281},"Classname":"android.view.View","Packagename":"cn.amazon.mShop.android","Text":""},{"Bounds":{"bottom":1280,"left":28,"right":692,"top":1281},"Classname":"android.view.View","Packagename":"cn.amazon.mShop.android","Text":""},{"Bounds":{"bottom":1280,"left":56,"right":720,"top":1281},"Classname":"android.view.View","Packagename":"cn.amazon.mShop.android","Text":""},{"Bounds":{"bottom":1280,"left":56,"right":720,"top":1281},"Classname":"android.view.View","Packagename":"cn.amazon.mShop.android","Text":""},{"Bounds":{"bottom":1280,"left":28,"right":692,"top":1281},"Classname":"android.view.View","Packagename":"cn.amazon.mShop.android","Text":""},{"Bounds":{"bottom":1280,"left":28,"right":692,"top":1281},"Classname":"android.view.View","Packagename":"cn.amazon.mShop.android","Text":"新品 (1) 售价从 ￥97.66起"},{"Bounds":{"bottom":1280,"left":28,"right":692,"top":1281},"Classname":"android.view.View","Packagename":"cn.amazon.mShop.android","Text":""},{"Bounds":{"bottom":1280,"left":30,"right":690,"top":1281},"Classname":"android.widget.Button","Packagename":"cn.amazon.mShop.android","Text":"Share 分享"},{"Bounds":{"bottom":1280,"left":28,"right":692,"top":1281},"Classname":"android.view.View","Packagename":"cn.amazon.mShop.android","Text":""},{"Bounds":{"bottom":1280,"left":28,"right":62,"top":1281},"Classname":"android.widget.Image","Packagename":"cn.amazon.mShop.android","Text":""},{"Bounds":{"bottom":1280,"left":68,"right":318,"top":1281},"Classname":"android.view.View","Packagename":"cn.amazon.mShop.android","Text":"天天低价·正品质优"},{"Bounds":{"bottom":1280,"left":28,"right":692,"top":1281},"Classname":"android.view.View","Packagename":"cn.amazon.mShop.android","Text":""},{"Bounds":{"bottom":1280,"left":28,"right":1328,"top":1281},"Classname":"android.view.View","Packagename":"cn.amazon.mShop.android","Text":"3.31DOTD"},{"Bounds":{"bottom":1280,"left":28,"right":692,"top":1281},"Classname":"android.view.View","Packagename":"cn.amazon.mShop.android","Text":""},{"Bounds":{"bottom":1280,"left":28,"right":692,"top":1281},"Classname":"android.view.View","Packagename":"cn.amazon.mShop.android","Text":""},{"Bounds":{"bottom":1280,"left":56,"right":720,"top":1281},"Classname":"android.view.View","Packagename":"cn.amazon.mShop.android","Text":"\n"},{"Bounds":{"bottom":1280,"left":28,"right":692,"top":1281},"Classname":"android.view.View","Packagename":"cn.amazon.mShop.android","Text":""},{"Bounds":{"bottom":1280,"left":28,"right":692,"top":1281},"Classname":"android.view.View","Packagename":"cn.amazon.mShop.android","Text":""},{"Bounds":{"bottom":1280,"left":28,"right":692,"top":1281},"Classname":"android.view.View","Packagename":"cn.amazon.mShop.android","Text":"与该商品相关的广告"},{"Bounds":{"bottom":1280,"left":32,"right":276,"top":1281},"Classname":"android.view.View","Packagename":"cn.amazon.mShop.android","Text":"ジョンマスターオーガニック シトラス\u0026amp;ネロリデタングラースリムビッグ 473ml ジョンマスターオーガニック シトラス\u0026ネロリ... ￥1035.00 "},{"Bounds":{"bottom":1280,"left":308,"right":552,"top":1281},"Classname":"android.view.View","Packagename":"cn.amazon.mShop.android","Text":"John Masters Organics 约翰大师有机物 草本苹果醋增色净化洗发露 236ml/8oz John Masters Organics ... ￥179.00 "},{"Bounds":{"bottom":1280,"left":584,"right":720,"top":1281},"Classname":"android.view.View","Packagename":"cn.amazon.mShop.android","Text":"John Masters Organics 约翰大师有机物 Evening Primrose Shampoo (For Dry Hair) 473ml/16oz John Masters Organics ... ￥296.50 "},{"Bounds":{"bottom":1280,"left":718,"right":720,"top":1281},"Classname":"android.view.View","Packagename":"cn.amazon.mShop.android","Text":"John Masters Organics 约翰大师有机物 John Masters Organics 蜂蜜芙蓉花重建修护乳 118ml/4oz John Masters Organics ... ￥295.00 "},{"Bounds":{"bottom":1280,"left":718,"right":720,"top":1281},"Classname":"android.view.View","Packagename":"cn.amazon.mShop.android","Text":"ジョンマスターオーガニック スカルプティングクレイミディアムホールド 60g ジョンマスターオーガニック スカルプティング... ￥719.60 "},{"Bounds":{"bottom":1280,"left":718,"right":720,"top":1281},"Classname":"android.view.View","Packagename":"cn.amazon.mShop.android","Text":"ジョンマスターオーガニック ラベンダー\u0026amp;アボカドインテンシブコンディショナー 207ml ジョンマスターオーガニック ラベンダー\u0026アボ... ￥810.00 "},{"Bounds":{"bottom":1280,"left":718,"right":720,"top":1281},"Classname":"android.view.View","Packagename":"cn.amazon.mShop.android","Text":"John Masters ORGANIC Oil 59ml John Masters ORGANIC O... ￥620.00 "},{"Bounds":{"bottom":1280,"left":718,"right":720,"top":1281},"Classname":"android.view.View","Packagename":"cn.amazon.mShop.android","Text":""},{"Bounds":{"bottom":1280,"left":28,"right":692,"top":1281},"Classname":"android.view.View","Packagename":"cn.amazon.mShop.android","Text":"有问题吗？"},{"Bounds":{"bottom":1280,"left":28,"right":692,"top":1281},"Classname":"android.view.View","Packagename":"cn.amazon.mShop.android","Text":"搜索商品信息、问答、评论 ..."},{"Bounds":{"bottom":519,"left":0,"right":380,"top":479},"Classname":"android.view.View","Packagename":"cn.amazon.mShop.android","Text":"搜索商品信息、问答、评论 ..."},{"Bounds":{"bottom":1280,"left":60,"right":86,"top":1281},"Classname":"android.view.View","Packagename":"cn.amazon.mShop.android","Text":""},{"Bounds":{"bottom":1280,"left":40,"right":690,"top":1281},"Classname":"android.widget.EditText","Packagename":"cn.amazon.mShop.android","Text":"搜索商品信息、问答、评论 ... "},{"Bounds":{"bottom":1280,"left":38,"right":226,"top":1281},"Classname":"android.view.View","Packagename":"cn.amazon.mShop.android","Text":"商品信息 "},{"Bounds":{"bottom":1280,"left":224,"right":290,"top":1281},"Classname":"android.view.View","Packagename":"cn.amazon.mShop.android","Text":"原文"},{"Bounds":{"bottom":1280,"left":64,"right":656,"top":1281},"Classname":"android.view.View","Packagename":"cn.amazon.mShop.android","Text":"商品特点 \u0026 基本信息 N/A 生产商提供的保修和其它售后服务可能不覆盖中国 查看全部 "},{"Bounds":{"bottom":1280,"left":28,"right":692,"top":1281},"Classname":"android.view.View","Packagename":"cn.amazon.mShop.android","Text":"海外购小贴士"},{"Bounds":{"bottom":1280,"left":64,"right":656,"top":1281},"Classname":"android.view.View","Packagename":"cn.amazon.mShop.android","Text":"服务介绍"},{"Bounds":{"bottom":1280,"left":64,"right":656,"top":1281},"Classname":"android.view.View","Packagename":"cn.amazon.mShop.android","Text":"购买提示"},{"Bounds":{"bottom":1280,"left":28,"right":692,"top":1281},"Classname":"android.view.View","Packagename":"cn.amazon.mShop.android","Text":"浏览此商品的顾客也同时浏览"},{"Bounds":{"bottom":1280,"left":28,"right":228,"top":1281},"Classname":"android.view.View","Packagename":"cn.amazon.mShop.android","Text":"John Masters Organics Spearmint \u0026 Meadowsweet Scalp Stimulating Shampoo, 8 Ounce"},{"Bounds":{"bottom":1280,"left":252,"right":692,"top":1281},"Classname":"android.view.View","Packagename":"cn.amazon.mShop.android","Text":"￥131.30 "},{"Bounds":{"bottom":1280,"left":28,"right":228,"top":1281},"Classname":"android.view.View","Packagename":"cn.amazon.mShop.android","Text":"JOHN MASTERS Organics 唇 CALM balm ，薄荷4 G"},{"Bounds":{"bottom":1280,"left":252,"right":692,"top":1281},"Classname":"android.view.View","Packagename":"cn.amazon.mShop.android","Text":"￥61.80 Prime "},{"Bounds":{"bottom":1280,"left":28,"right":228,"top":1281},"Classname":"android.view.View","Packagename":"cn.amazon.mShop.android","Text":"JOHN MASTERS Organics 唇 CALM balm ，紫红色4 G"},{"Bounds":{"bottom":1280,"left":-19746,"right":692,"top":1281},"Classname":"android.view.View","Packagename":"cn.amazon.mShop.android","Text":"平均 3.1 星 2 个评论 ￥62.58 Prime "},{"Bounds":{"bottom":1280,"left":28,"right":692,"top":1281},"Classname":"android.view.View","Packagename":"cn.amazon.mShop.android","Text":"也同时购买的最畅销商品"},{"Bounds":{"bottom":1280,"left":-19970,"right":330,"top":1281},"Classname":"android.view.View","Packagename":"cn.amazon.mShop.android","Text":"1 Calvin Klein 女童 CK 徽标 T 恤 Hem White 2T Reviews 7 ￥53.19 "},{"Bounds":{"bottom":1280,"left":-19610,"right":692,"top":1281},"Classname":"android.view.View","Packagename":"cn.amazon.mShop.android","Text":"2 Carter \u0027 s 婴儿幼儿男孩2件装全拉链连帽衫 Black/Black Camo 4T Reviews 1 ￥101.21 "},{"Bounds":{"bottom":1280,"left":28,"right":330,"top":1281},"Classname":"android.view.View","Packagename":"cn.amazon.mShop.android","Text":"3 Calvin Klein 大男孩 Twist 纯色短袖衬衫 Fireside 5   ￥94.18 "},{"Bounds":{"bottom":1280,"left":-19610,"right":692,"top":1281},"Classname":"android.view.View","Packagename":"cn.amazon.mShop.android","Text":"4 Tommy Hilfiger SHIRT Regal Red 4 Regular Reviews 7 ￥72.28 "},{"Bounds":{"bottom":1280,"left":-19970,"right":330,"top":1281},"Classname":"android.view.View","Packagename":"cn.amazon.mShop.android","Text":"5 Juicy Couture 橘滋 女童时尚上衣和紧身裤套装 Light Pink/Vanilla 3T Reviews 4 ￥125.15 "},{"Bounds":{"bottom":1280,"left":-19610,"right":692,"top":1281},"Classname":"android.view.View","Packagename":"cn.amazon.mShop.android","Text":"6 Kindle电子书阅读器 (入门版)— 升级外观设计，电子墨水显示屏，专注阅读，舒适护眼，内置WIFI Reviews 6039 ￥558.00 "},{"Bounds":{"bottom":1280,"left":546,"right":692,"top":1281},"Classname":"android.view.View","Packagename":"cn.amazon.mShop.android","Text":"查看更多"},{"Bounds":{"bottom":1280,"left":0,"right":720,"top":1281},"Classname":"android.view.View","Packagename":"cn.amazon.mShop.android","Text":"广告"},{"Bounds":{"bottom":1280,"left":28,"right":692,"top":1281},"Classname":"android.view.View","Packagename":"cn.amazon.mShop.android","Text":""},{"Bounds":{"bottom":1280,"left":28,"right":692,"top":1281},"Classname":"android.view.View","Packagename":"cn.amazon.mShop.android","Text":"买家问题"},{"Bounds":{"bottom":1280,"left":0,"right":2,"top":1281},"Classname":"android.view.View","Packagename":"cn.amazon.mShop.android","Text":"买家问题 有问题吗？搜索答案"},{"Bounds":{"bottom":1280,"left":60,"right":86,"top":1281},"Classname":"android.view.View","Packagename":"cn.amazon.mShop.android","Text":""},{"Bounds":{"bottom":1280,"left":40,"right":690,"top":1281},"Classname":"android.widget.EditText","Packagename":"cn.amazon.mShop.android","Text":"买家问题 有问题吗？搜索答案 "},{"Bounds":{"bottom":1280,"left":28,"right":692,"top":1281},"Classname":"android.view.View","Packagename":"cn.amazon.mShop.android","Text":""},{"Bounds":{"bottom":1280,"left":28,"right":692,"top":1281},"Classname":"android.view.View","Packagename":"cn.amazon.mShop.android","Text":""},{"Bounds":{"bottom":1280,"left":28,"right":692,"top":1281},"Classname":"android.view.View","Packagename":"cn.amazon.mShop.android","Text":""},{"Bounds":{"bottom":1280,"left":28,"right":692,"top":1281},"Classname":"android.view.View","Packagename":"cn.amazon.mShop.android","Text":"买家评论"},{"Bounds":{"bottom":1280,"left":634,"right":656,"top":1281},"Classname":"android.view.View","Packagename":"cn.amazon.mShop.android","Text":""},{"Bounds":{"bottom":1280,"left":30,"right":690,"top":1281},"Classname":"android.widget.Button","Packagename":"cn.amazon.mShop.android","Text":"第一个发表评论"},{"Bounds":{"bottom":1280,"left":0,"right":720,"top":1281},"Classname":"android.view.View","Packagename":"cn.amazon.mShop.android","Text":""},{"Bounds":{"bottom":1280,"left":28,"right":604,"top":1281},"Classname":"android.view.View","Packagename":"cn.amazon.mShop.android","Text":"亚马逊美国网站顾客对此商品的评论"},{"Bounds":{"bottom":1280,"left":0,"right":2,"top":1281},"Classname":"android.view.View","Packagename":"cn.amazon.mShop.android","Text":"4.6颗星，共3条评论"},{"Bounds":{"bottom":1280,"left":220,"right":494,"top":1281},"Classname":"android.view.View","Packagename":"cn.amazon.mShop.android","Text":"4.6颗星，共3条评论"},{"Bounds":{"bottom":1280,"left":64,"right":656,"top":1281},"Classname":"android.view.View","Packagename":"cn.amazon.mShop.android","Text":"热门评论"},{"Bounds":{"bottom":1280,"left":150,"right":194,"top":1281},"Classname":"android.view.View","Packagename":"cn.amazon.mShop.android","Text":"M5"},{"Bounds":{"bottom":1280,"left":64,"right":656,"top":1281},"Classname":"android.view.View","Packagename":"cn.amazon.mShop.android","Text":"4.0 颗星，最多 5 颗星4 stars for the size, yes they are the size described in the order, but when using the products if you have a lot of hair... you need a lot more product. I currently go..."},{"Bounds":{"bottom":1280,"left":150,"right":366,"top":1281},"Classname":"android.view.View","Packagename":"cn.amazon.mShop.android","Text":"Sandie Johnson"},{"Bounds":{"bottom":1280,"left":64,"right":656,"top":1281},"Classname":"android.view.View","Packagename":"cn.amazon.mShop.android","Text":"5.0 颗星，最多 5 颗星Bought it for traveling, but I use all the products and just love them!"},{"Bounds":{"bottom":1280,"left":150,"right":340,"top":1281},"Classname":"android.view.View","Packagename":"cn.amazon.mShop.android","Text":"charo webster"},{"Bounds":{"bottom":1280,"left":64,"right":656,"top":1281},"Classname":"android.view.View","Packagename":"cn.amazon.mShop.android","Text":"5.0 颗星，最多 5 颗星This product smells good. The shampoo gives a deep clean and the detangler doesn\u0027t leave a heavy residue on my fine hair. I plan on purchasing more product from this company."},{"Bounds":{"bottom":1280,"left":28,"right":692,"top":1281},"Classname":"android.view.View","Packagename":"cn.amazon.mShop.android","Text":"与该商品相关的广告"},{"Bounds":{"bottom":1280,"left":32,"right":276,"top":1281},"Classname":"android.view.View","Packagename":"cn.amazon.mShop.android","Text":"John Masters Organics 约翰大师有机物 John Masters Organics 无味顺发洗发露 236ml/8oz John Masters Organics ... ￥140.50 "},{"Bounds":{"bottom":1280,"left":308,"right":552,"top":1281},"Classname":"android.view.View","Packagename":"cn.amazon.mShop.android","Text":"John Masters Organics 约翰大师有机物 John Masters Organics 护唇膏 4g/0.15oz John Masters Organics ... ￥60.00 "},{"Bounds":{"bottom":1280,"left":584,"right":720,"top":1281},"Classname":"android.view.View","Packagename":"cn.amazon.mShop.android","Text":"John Masters Organics 约翰大师有机物 John Masters Organics 月见草洗发露 236ml/8oz John Masters Organics ... ￥154.50 "},{"Bounds":{"bottom":1280,"left":718,"right":720,"top":1281},"Classname":"android.view.View","Packagename":"cn.amazon.mShop.android","Text":""},{"Bounds":{"bottom":1280,"left":28,"right":692,"top":1281},"Classname":"android.view.View","Packagename":"cn.amazon.mShop.android","Text":""},{"Bounds":{"bottom":1280,"left":28,"right":692,"top":1281},"Classname":"android.view.View","Packagename":"cn.amazon.mShop.android","Text":""},{"Bounds":{"bottom":1280,"left":28,"right":692,"top":1281},"Classname":"android.view.View","Packagename":"cn.amazon.mShop.android","Text":""},{"Bounds":{"bottom":1280,"left":28,"right":692,"top":1281},"Classname":"android.view.View","Packagename":"cn.amazon.mShop.android","Text":""},{"Bounds":{"bottom":1280,"left":0,"right":720,"top":1281},"Classname":"android.view.View","Packagename":"cn.amazon.mShop.android","Text":""}],"packagename":"com.example.a10628.myapplication","width":1080}