{"events":[{"eventname":"TYPE_VIEW_SCROLLED","source":{"Bounds":{"bottom":1280,"left":208,"right":706,"top":151},"Classname":"android.widget.ListView","Packagename":"com.tmall.wireless","Text":""}},{"eventname":"TYPE_VIEW_SCROLLED","source":{"Bounds":{"bottom":1280,"left":208,"right":706,"top":151},"Classname":"android.widget.ListView","Packagename":"com.tmall.wireless","Text":""}}],"height":1920,"hovertime":2402,"nodes":[{"Bounds":{"bottom":144,"left":1,"right":105,"top":48},"Classname":"android.widget.TextView","Packagename":"com.tmall.wireless","Text":""},{"Bounds":{"bottom":128,"left":113,"right":603,"top":64},"Classname":"android.widget.EditText","Packagename":"com.tmall.wireless","Text":"宝宝出行必备"},{"Bounds":{"bottom":114,"left":125,"right":159,"top":77},"Classname":"android.widget.TextView","Packagename":"com.tmall.wireless","Text":""},{"Bounds":{"bottom":144,"left":616,"right":720,"top":48},"Classname":"android.widget.TextView","Packagename":"com.tmall.wireless","Text":""},{"Bounds":{"bottom":225,"left":0,"right":192,"top":145},"Classname":"android.widget.CheckedTextView","Packagename":"com.tmall.wireless","Text":"手机"},{"Bounds":{"bottom":337,"left":0,"right":192,"top":227},"Classname":"android.widget.CheckedTextView","Packagename":"com.tmall.wireless","Text":"数码"},{"Bounds":{"bottom":449,"left":0,"right":192,"top":339},"Classname":"android.widget.CheckedTextView","Packagename":"com.tmall.wireless","Text":"家电"},{"Bounds":{"bottom":561,"left":0,"right":192,"top":451},"Classname":"android.widget.CheckedTextView","Packagename":"com.tmall.wireless","Text":"美妆"},{"Bounds":{"bottom":673,"left":0,"right":192,"top":563},"Classname":"android.widget.CheckedTextView","Packagename":"com.tmall.wireless","Text":"箱包"},{"Bounds":{"bottom":785,"left":0,"right":192,"top":675},"Classname":"android.widget.CheckedTextView","Packagename":"com.tmall.wireless","Text":"运动"},{"Bounds":{"bottom":897,"left":0,"right":192,"top":787},"Classname":"android.widget.CheckedTextView","Packagename":"com.tmall.wireless","Text":"户外"},{"Bounds":{"bottom":1009,"left":0,"right":192,"top":899},"Classname":"android.widget.CheckedTextView","Packagename":"com.tmall.wireless","Text":"家装"},{"Bounds":{"bottom":1121,"left":0,"right":192,"top":1011},"Classname":"android.widget.CheckedTextView","Packagename":"com.tmall.wireless","Text":"家纺"},{"Bounds":{"bottom":1233,"left":0,"right":192,"top":1123},"Classname":"android.widget.CheckedTextView","Packagename":"com.tmall.wireless","Text":"居家"},{"Bounds":{"bottom":1280,"left":0,"right":192,"top":1235},"Classname":"android.widget.CheckedTextView","Packagename":"com.tmall.wireless","Text":"鲜花园艺"},{"Bounds":{"bottom":254,"left":225,"right":345,"top":221},"Classname":"android.widget.TextView","Packagename":"com.tmall.wireless","Text":"男子篮球鞋"},{"Bounds":{"bottom":254,"left":397,"right":517,"top":221},"Classname":"android.widget.TextView","Packagename":"com.tmall.wireless","Text":"女子篮球鞋"},{"Bounds":{"bottom":254,"left":560,"right":698,"top":221},"Classname":"android.widget.TextView","Packagename":"com.tmall.wireless","Text":"青少年篮球鞋"},{"Bounds":{"bottom":336,"left":401,"right":513,"top":297},"Classname":"android.widget.TextView","Packagename":"com.tmall.wireless","Text":"休闲板鞋"},{"Bounds":{"bottom":560,"left":216,"right":354,"top":527},"Classname":"android.widget.TextView","Packagename":"com.tmall.wireless","Text":"男子休闲板鞋"},{"Bounds":{"bottom":560,"left":388,"right":526,"top":527},"Classname":"android.widget.TextView","Packagename":"com.tmall.wireless","Text":"女子休闲板鞋"},{"Bounds":{"bottom":560,"left":569,"right":689,"top":527},"Classname":"android.widget.TextView","Packagename":"com.tmall.wireless","Text":"青少年板鞋"},{"Bounds":{"bottom":642,"left":401,"right":513,"top":603},"Classname":"android.widget.TextView","Packagename":"com.tmall.wireless","Text":"运动用品"},{"Bounds":{"bottom":866,"left":249,"right":321,"top":833},"Classname":"android.widget.TextView","Packagename":"com.tmall.wireless","Text":"跑步机"},{"Bounds":{"bottom":866,"left":421,"right":493,"top":833},"Classname":"android.widget.TextView","Packagename":"com.tmall.wireless","Text":"踏步机"},{"Bounds":{"bottom":866,"left":593,"right":665,"top":833},"Classname":"android.widget.TextView","Packagename":"com.tmall.wireless","Text":"自行车"},{"Bounds":{"bottom":1102,"left":249,"right":321,"top":1069},"Classname":"android.widget.TextView","Packagename":"com.tmall.wireless","Text":"运动包"},{"Bounds":{"bottom":1102,"left":409,"right":505,"top":1069},"Classname":"android.widget.TextView","Packagename":"com.tmall.wireless","Text":"游泳运动"},{"Bounds":{"bottom":1102,"left":581,"right":677,"top":1069},"Classname":"android.widget.TextView","Packagename":"com.tmall.wireless","Text":"轮滑运动"},{"Bounds":{"bottom":1280,"left":237,"right":333,"top":1305},"Classname":"android.widget.TextView","Packagename":"com.tmall.wireless","Text":"瑜伽舞蹈"},{"Bounds":{"bottom":1280,"left":409,"right":505,"top":1305},"Classname":"android.widget.TextView","Packagename":"com.tmall.wireless","Text":"运动护具"},{"Bounds":{"bottom":1280,"left":593,"right":665,"top":1305},"Classname":"android.widget.TextView","Packagename":"com.tmall.wireless","Text":"羽毛球"}],"packagename":"com.example.a10628.myapplication","width":1080}